                                   MODFLOW 6
                U.S. GEOLOGICAL SURVEY MODULAR HYDROLOGIC MODEL
                            VERSION 6.6.0 12/20/2024

   MODFLOW 6 compiled Dec 31 2024 17:10:16 with Intel(R) Fortran Intel(R) 64
   Compiler Classic for applications running on Intel(R) 64, Version 2021.7.0
                             Build 20220726_000000

This software has been approved for release by the U.S. Geological 
Survey (USGS). Although the software has been subjected to rigorous 
review, the USGS reserves the right to update the software as needed 
pursuant to further analysis and review. No warranty, expressed or 
implied, is made by the USGS or the U.S. Government as to the 
functionality of the software and related material nor shall the 
fact of release constitute any such warranty. Furthermore, the 
software is released on condition that neither the USGS nor the U.S. 
Government shall be held liable for any damages resulting from its 
authorized or unauthorized use. Also refer to the USGS Water 
Resources Software User Rights Notice for complete use, copyright, 
and distribution information.


As a work of the United States Government, this USGS product is 
in the public domain within the United States. You can copy, 
modify, distribute, and perform the work, even for commercial 
purposes, all without asking permission. Additionally, USGS 
waives copyright and related rights in the work worldwide 
through CC0 1.0 Universal Public Domain Dedication 
(https://creativecommons.org/publicdomain/zero/1.0/).

The following GNU Lesser General Public License (LGPL) libraries
are used in this USGS product:

    SPARSKIT version 2.0
      ilut, luson, and qsplit 
      (https://www-users.cse.umn.edu/~saad/software/SPARSKIT/)

    RCM - Reverse Cuthill McKee Ordering
      (https://people.math.sc.edu/Burkardt/f_src/rcm/rcm.html)

    BLAS - Basic Linear Algebra Subprograms Level 1
      (https://people.math.sc.edu/Burkardt/f_src/blas1_d/blas1_d.html)

    SPARSEKIT - Sparse Matrix Utility Package
      amux, dperm, dvperm, rperm, and cperm
      (https://people.sc.fsu.edu/~jburkardt/f77_src/sparsekit/sparsekit.html)

The following BSD-3 License libraries are used in this USGS product:

    Modern Fortran DAG Library
      Copyright (c) 2018, Jacob Williams
      All rights reserved.
      (https://github.com/jacobwilliams/daglib)

MODFLOW 6 compiler options: /O2 /heap-arrays:0 /fpe:0 /traceback /nologo /fpp
/c /module:win64\mod_mf6\ /object:win64\obj_mf6\

System command used to initiate simulation:
C:\Users\bbayrakt\AppData\Local\flopy\bin\mf6.exe

MODFLOW was compiled using uniform precision.

Real Variables
  KIND: 8
  TINY (smallest non-zero value):    2.225074-308
  HUGE (largest value):    1.797693+308
  PRECISION: 15
  SIZE IN BITS: 64

Integer Variables
  KIND: 4
  HUGE (largest value): 2147483647
  SIZE IN BITS: 32

Long Integer Variables
  KIND: 8
  HUGE (largest value): 9223372036854775807
  SIZE IN BITS: 64

Logical Variables
  KIND: 4
  SIZE IN BITS: 32
 

 OPENED mfsim.nam
 FILE TYPE:NAM6               UNIT 1001   STATUS:OLD                 
 FORMAT:FORMATTED              ACCESS:SEQUENTIAL          
 ACTION:READ                

 # File generated by Flopy version 3.10.0.dev3 on 06/18/2026 at 14:44:25.

 OPENED sim.tdis
 FILE TYPE:TDIS6              UNIT 1002   STATUS:OLD                 
 FORMAT:FORMATTED              ACCESS:SEQUENTIAL          
 ACTION:READ                

 # File generated by Flopy version 3.10.0.dev3 on 06/18/2026 at 14:44:25.

 OPENED gwf.nam
 FILE TYPE:GWF6               UNIT 1003   STATUS:OLD                 
 FORMAT:FORMATTED              ACCESS:SEQUENTIAL          
 ACTION:READ                

 # File generated by Flopy version 3.10.0.dev3 on 06/18/2026 at 14:44:25.

 OPENED gwf.dis
 FILE TYPE:DIS6               UNIT 1004   STATUS:OLD                 
 FORMAT:FORMATTED              ACCESS:SEQUENTIAL          
 ACTION:READ                

 # File generated by Flopy version 3.10.0.dev3 on 06/18/2026 at 14:44:25.

 OPENED gwf.npf
 FILE TYPE:NPF6               UNIT 1046   STATUS:OLD                 
 FORMAT:FORMATTED              ACCESS:SEQUENTIAL          
 ACTION:READ                

 # File generated by Flopy version 3.10.0.dev3 on 06/18/2026 at 14:44:54.

 OPENED gwf.buy
 FILE TYPE:BUY6      UNIT 1087   STATUS:OLD                 
 FORMAT:FORMATTED              ACCESS:SEQUENTIAL          
 ACTION:READ                


 OPENED gwf.sto
 FILE TYPE:STO6               UNIT 1088   STATUS:OLD                 
 FORMAT:FORMATTED              ACCESS:SEQUENTIAL          
 ACTION:READ                

 # File generated by Flopy version 3.10.0.dev3 on 06/18/2026 at 14:44:54.

 OPENED gwf.ic
 FILE TYPE:IC6                UNIT 1129   STATUS:OLD                 
 FORMAT:FORMATTED              ACCESS:SEQUENTIAL          
 ACTION:READ                

 # File generated by Flopy version 3.10.0.dev3 on 06/18/2026 at 14:44:54.

 OPENED gwf.oc
 FILE TYPE:OC6       UNIT 1150   STATUS:OLD                 
 FORMAT:FORMATTED              ACCESS:SEQUENTIAL          
 ACTION:READ                


 OPENED gwf.obs
 FILE TYPE:OBS6      UNIT 1151   STATUS:OLD                 
 FORMAT:FORMATTED              ACCESS:SEQUENTIAL          
 ACTION:READ                


 OPENED gwf.wel
 FILE TYPE:WEL6               UNIT 1152   STATUS:OLD                 
 FORMAT:FORMATTED              ACCESS:SEQUENTIAL          
 ACTION:READ                

 # File generated by Flopy version 3.10.0.dev3 on 06/18/2026 at 14:44:55.

 OPENED gwf.drn
 FILE TYPE:DRN6               UNIT 1153   STATUS:OLD                 
 FORMAT:FORMATTED              ACCESS:SEQUENTIAL          
 ACTION:READ                

 # File generated by Flopy version 3.10.0.dev3 on 06/18/2026 at 14:44:25.
    AUXILIARY  VARIABLE: SALINITY        

 OPENED gwf.ghb
 FILE TYPE:GHB6               UNIT 1154   STATUS:OLD                 
 FORMAT:FORMATTED              ACCESS:SEQUENTIAL          
 ACTION:READ                

 # File generated by Flopy version 3.10.0.dev3 on 06/18/2026 at 14:44:25.
    AUXILIARY  VARIABLE: SALINITY        

 OPENED gwf.rcha
 FILE TYPE:RCH6               UNIT 1156   STATUS:OLD                 
 FORMAT:FORMATTED              ACCESS:SEQUENTIAL          
 ACTION:READ                

 # File generated by Flopy version 3.10.0.dev3 on 06/18/2026 at 14:44:54.

 OPENED gwf_0.chd
 FILE TYPE:CHD6               UNIT 1157   STATUS:OLD                 
 FORMAT:FORMATTED              ACCESS:SEQUENTIAL          
 ACTION:READ                

 # File generated by Flopy version 3.10.0.dev3 on 06/18/2026 at 14:44:25.
    AUXILIARY  VARIABLE: SALINITY        

 OPENED gwf.chd
 FILE TYPE:CHD6               UNIT 1158   STATUS:OLD                 
 FORMAT:FORMATTED              ACCESS:SEQUENTIAL          
 ACTION:READ                

 # File generated by Flopy version 3.10.0.dev3 on 06/18/2026 at 14:44:53.
    AUXILIARY  VARIABLE: SALINITY        

 OPENED gwt.nam
 FILE TYPE:GWT6               UNIT 1159   STATUS:OLD                 
 FORMAT:FORMATTED              ACCESS:SEQUENTIAL          
 ACTION:READ                

 # File generated by Flopy version 3.10.0.dev3 on 06/18/2026 at 14:44:55.

 OPENED gwt.dis
 FILE TYPE:DIS6               UNIT 1160   STATUS:OLD                 
 FORMAT:FORMATTED              ACCESS:SEQUENTIAL          
 ACTION:READ                

 # File generated by Flopy version 3.10.0.dev3 on 06/18/2026 at 14:44:55.

 OPENED gwt.ic
 FILE TYPE:IC6                UNIT 1202   STATUS:OLD                 
 FORMAT:FORMATTED              ACCESS:SEQUENTIAL          
 ACTION:READ                

 # File generated by Flopy version 3.10.0.dev3 on 06/18/2026 at 14:44:55.

 OPENED gwt.fmi
 FILE TYPE:FMI6      UNIT 1223   STATUS:OLD                 
 FORMAT:FORMATTED              ACCESS:SEQUENTIAL          
 ACTION:READ                


 OPENED gwt.mst
 FILE TYPE:MST6      UNIT 1224   STATUS:OLD                 
 FORMAT:FORMATTED              ACCESS:SEQUENTIAL          
 ACTION:READ                


 OPENED gwt.adv
 FILE TYPE:ADV6      UNIT 1225   STATUS:OLD                 
 FORMAT:FORMATTED              ACCESS:SEQUENTIAL          
 ACTION:READ                


 OPENED gwt.ssm
 FILE TYPE:SSM6      UNIT 1226   STATUS:OLD                 
 FORMAT:FORMATTED              ACCESS:SEQUENTIAL          
 ACTION:READ                


 OPENED gwt.oc
 FILE TYPE:OC6       UNIT 1227   STATUS:OLD                 
 FORMAT:FORMATTED              ACCESS:SEQUENTIAL          
 ACTION:READ                


 OPENED gwf_gwt.gwfgwt
 FILE TYPE:GWF6-GWT6          UNIT 1228   STATUS:OLD                 
 FORMAT:FORMATTED              ACCESS:SEQUENTIAL          
 ACTION:READ                

 # File generated by Flopy version 3.10.0.dev3 on 06/18/2026 at 14:44:25.

 READING SIMULATION OPTIONS
    MAXIMUM NUMBER OF ERRORS THAT WILL BE STORED IS 1000
 END OF SIMULATION OPTIONS

 READING SIMULATION TIMING

 TDIS -- TEMPORAL DISCRETIZATION PACKAGE,
 VERSION 1 : 11/13/2014 - INPUT READ FROM MEMPATH: __INPUT__/SIM/TDIS                                
 PROCESSING TDIS OPTIONS
    SIMULATION TIME UNIT IS DAYS
    SIMULATION STARTING DATE AND TIME IS 2017-01-01                    
 END OF TDIS OPTIONS
 PROCESSING TDIS DIMENSIONS
  366 STRESS PERIOD(S) IN SIMULATION
 END OF TDIS DIMENSIONS
 PROCESSING TDIS PERIODDATA


 STRESS PERIOD     LENGTH       TIME STEPS     MULTIPLIER FOR DELT
 ----------------------------------------------------------------------------
        1         365.0000          3                    1.300
        2         1.000000          1                    1.000
        3         1.000000          1                    1.000
        4         1.000000          1                    1.000
        5         1.000000          1                    1.000
        6         1.000000          1                    1.000
        7         1.000000          1                    1.000
        8         1.000000          1                    1.000
        9         1.000000          1                    1.000
       10         1.000000          1                    1.000
       11         1.000000          1                    1.000
       12         1.000000          1                    1.000
       13         1.000000          1                    1.000
       14         1.000000          1                    1.000
       15         1.000000          1                    1.000
       16         1.000000          1                    1.000
       17         1.000000          1                    1.000
       18         1.000000          1                    1.000
       19         1.000000          1                    1.000
       20         1.000000          1                    1.000
       21         1.000000          1                    1.000
       22         1.000000          1                    1.000
       23         1.000000          1                    1.000
       24         1.000000          1                    1.000
       25         1.000000          1                    1.000
       26         1.000000          1                    1.000
       27         1.000000          1                    1.000
       28         1.000000          1                    1.000
       29         1.000000          1                    1.000
       30         1.000000          1                    1.000
       31         1.000000          1                    1.000
       32         1.000000          1                    1.000
       33         1.000000          1                    1.000
       34         1.000000          1                    1.000
       35         1.000000          1                    1.000
       36         1.000000          1                    1.000
       37         1.000000          1                    1.000
       38         1.000000          1                    1.000
       39         1.000000          1                    1.000
       40         1.000000          1                    1.000
       41         1.000000          1                    1.000
       42         1.000000          1                    1.000
       43         1.000000          1                    1.000
       44         1.000000          1                    1.000
       45         1.000000          1                    1.000
       46         1.000000          1                    1.000
       47         1.000000          1                    1.000
       48         1.000000          1                    1.000
       49         1.000000          1                    1.000
       50         1.000000          1                    1.000
       51         1.000000          1                    1.000
       52         1.000000          1                    1.000
       53         1.000000          1                    1.000
       54         1.000000          1                    1.000
       55         1.000000          1                    1.000
       56         1.000000          1                    1.000
       57         1.000000          1                    1.000
       58         1.000000          1                    1.000
       59         1.000000          1                    1.000
       60         1.000000          1                    1.000
       61         1.000000          1                    1.000
       62         1.000000          1                    1.000
       63         1.000000          1                    1.000
       64         1.000000          1                    1.000
       65         1.000000          1                    1.000
       66         1.000000          1                    1.000
       67         1.000000          1                    1.000
       68         1.000000          1                    1.000
       69         1.000000          1                    1.000
       70         1.000000          1                    1.000
       71         1.000000          1                    1.000
       72         1.000000          1                    1.000
       73         1.000000          1                    1.000
       74         1.000000          1                    1.000
       75         1.000000          1                    1.000
       76         1.000000          1                    1.000
       77         1.000000          1                    1.000
       78         1.000000          1                    1.000
       79         1.000000          1                    1.000
       80         1.000000          1                    1.000
       81         1.000000          1                    1.000
       82         1.000000          1                    1.000
       83         1.000000          1                    1.000
       84         1.000000          1                    1.000
       85         1.000000          1                    1.000
       86         1.000000          1                    1.000
       87         1.000000          1                    1.000
       88         1.000000          1                    1.000
       89         1.000000          1                    1.000
       90         1.000000          1                    1.000
       91         1.000000          1                    1.000
       92         1.000000          1                    1.000
       93         1.000000          1                    1.000
       94         1.000000          1                    1.000
       95         1.000000          1                    1.000
       96         1.000000          1                    1.000
       97         1.000000          1                    1.000
       98         1.000000          1                    1.000
       99         1.000000          1                    1.000
      100         1.000000          1                    1.000
      101         1.000000          1                    1.000
      102         1.000000          1                    1.000
      103         1.000000          1                    1.000
      104         1.000000          1                    1.000
      105         1.000000          1                    1.000
      106         1.000000          1                    1.000
      107         1.000000          1                    1.000
      108         1.000000          1                    1.000
      109         1.000000          1                    1.000
      110         1.000000          1                    1.000
      111         1.000000          1                    1.000
      112         1.000000          1                    1.000
      113         1.000000          1                    1.000
      114         1.000000          1                    1.000
      115         1.000000          1                    1.000
      116         1.000000          1                    1.000
      117         1.000000          1                    1.000
      118         1.000000          1                    1.000
      119         1.000000          1                    1.000
      120         1.000000          1                    1.000
      121         1.000000          1                    1.000
      122         1.000000          1                    1.000
      123         1.000000          1                    1.000
      124         1.000000          1                    1.000
      125         1.000000          1                    1.000
      126         1.000000          1                    1.000
      127         1.000000          1                    1.000
      128         1.000000          1                    1.000
      129         1.000000          1                    1.000
      130         1.000000          1                    1.000
      131         1.000000          1                    1.000
      132         1.000000          1                    1.000
      133         1.000000          1                    1.000
      134         1.000000          1                    1.000
      135         1.000000          1                    1.000
      136         1.000000          1                    1.000
      137         1.000000          1                    1.000
      138         1.000000          1                    1.000
      139         1.000000          1                    1.000
      140         1.000000          1                    1.000
      141         1.000000          1                    1.000
      142         1.000000          1                    1.000
      143         1.000000          1                    1.000
      144         1.000000          1                    1.000
      145         1.000000          1                    1.000
      146         1.000000          1                    1.000
      147         1.000000          1                    1.000
      148         1.000000          1                    1.000
      149         1.000000          1                    1.000
      150         1.000000          1                    1.000
      151         1.000000          1                    1.000
      152         1.000000          1                    1.000
      153         1.000000          1                    1.000
      154         1.000000          1                    1.000
      155         1.000000          1                    1.000
      156         1.000000          1                    1.000
      157         1.000000          1                    1.000
      158         1.000000          1                    1.000
      159         1.000000          1                    1.000
      160         1.000000          1                    1.000
      161         1.000000          1                    1.000
      162         1.000000          1                    1.000
      163         1.000000          1                    1.000
      164         1.000000          1                    1.000
      165         1.000000          1                    1.000
      166         1.000000          1                    1.000
      167         1.000000          1                    1.000
      168         1.000000          1                    1.000
      169         1.000000          1                    1.000
      170         1.000000          1                    1.000
      171         1.000000          1                    1.000
      172         1.000000          1                    1.000
      173         1.000000          1                    1.000
      174         1.000000          1                    1.000
      175         1.000000          1                    1.000
      176         1.000000          1                    1.000
      177         1.000000          1                    1.000
      178         1.000000          1                    1.000
      179         1.000000          1                    1.000
      180         1.000000          1                    1.000
      181         1.000000          1                    1.000
      182         1.000000          1                    1.000
      183         1.000000          1                    1.000
      184         1.000000          1                    1.000
      185         1.000000          1                    1.000
      186         1.000000          1                    1.000
      187         1.000000          1                    1.000
      188         1.000000          1                    1.000
      189         1.000000          1                    1.000
      190         1.000000          1                    1.000
      191         1.000000          1                    1.000
      192         1.000000          1                    1.000
      193         1.000000          1                    1.000
      194         1.000000          1                    1.000
      195         1.000000          1                    1.000
      196         1.000000          1                    1.000
      197         1.000000          1                    1.000
      198         1.000000          1                    1.000
      199         1.000000          1                    1.000
      200         1.000000          1                    1.000
      201         1.000000          1                    1.000
      202         1.000000          1                    1.000
      203         1.000000          1                    1.000
      204         1.000000          1                    1.000
      205         1.000000          1                    1.000
      206         1.000000          1                    1.000
      207         1.000000          1                    1.000
      208         1.000000          1                    1.000
      209         1.000000          1                    1.000
      210         1.000000          1                    1.000
      211         1.000000          1                    1.000
      212         1.000000          1                    1.000
      213         1.000000          1                    1.000
      214         1.000000          1                    1.000
      215         1.000000          1                    1.000
      216         1.000000          1                    1.000
      217         1.000000          1                    1.000
      218         1.000000          1                    1.000
      219         1.000000          1                    1.000
      220         1.000000          1                    1.000
      221         1.000000          1                    1.000
      222         1.000000          1                    1.000
      223         1.000000          1                    1.000
      224         1.000000          1                    1.000
      225         1.000000          1                    1.000
      226         1.000000          1                    1.000
      227         1.000000          1                    1.000
      228         1.000000          1                    1.000
      229         1.000000          1                    1.000
      230         1.000000          1                    1.000
      231         1.000000          1                    1.000
      232         1.000000          1                    1.000
      233         1.000000          1                    1.000
      234         1.000000          1                    1.000
      235         1.000000          1                    1.000
      236         1.000000          1                    1.000
      237         1.000000          1                    1.000
      238         1.000000          1                    1.000
      239         1.000000          1                    1.000
      240         1.000000          1                    1.000
      241         1.000000          1                    1.000
      242         1.000000          1                    1.000
      243         1.000000          1                    1.000
      244         1.000000          1                    1.000
      245         1.000000          1                    1.000
      246         1.000000          1                    1.000
      247         1.000000          1                    1.000
      248         1.000000          1                    1.000
      249         1.000000          1                    1.000
      250         1.000000          1                    1.000
      251         1.000000          1                    1.000
      252         1.000000          1                    1.000
      253         1.000000          1                    1.000
      254         1.000000          1                    1.000
      255         1.000000          1                    1.000
      256         1.000000          1                    1.000
      257         1.000000          1                    1.000
      258         1.000000          1                    1.000
      259         1.000000          1                    1.000
      260         1.000000          1                    1.000
      261         1.000000          1                    1.000
      262         1.000000          1                    1.000
      263         1.000000          1                    1.000
      264         1.000000          1                    1.000
      265         1.000000          1                    1.000
      266         1.000000          1                    1.000
      267         1.000000          1                    1.000
      268         1.000000          1                    1.000
      269         1.000000          1                    1.000
      270         1.000000          1                    1.000
      271         1.000000          1                    1.000
      272         1.000000          1                    1.000
      273         1.000000          1                    1.000
      274         1.000000          1                    1.000
      275         1.000000          1                    1.000
      276         1.000000          1                    1.000
      277         1.000000          1                    1.000
      278         1.000000          1                    1.000
      279         1.000000          1                    1.000
      280         1.000000          1                    1.000
      281         1.000000          1                    1.000
      282         1.000000          1                    1.000
      283         1.000000          1                    1.000
      284         1.000000          1                    1.000
      285         1.000000          1                    1.000
      286         1.000000          1                    1.000
      287         1.000000          1                    1.000
      288         1.000000          1                    1.000
      289         1.000000          1                    1.000
      290         1.000000          1                    1.000
      291         1.000000          1                    1.000
      292         1.000000          1                    1.000
      293         1.000000          1                    1.000
      294         1.000000          1                    1.000
      295         1.000000          1                    1.000
      296         1.000000          1                    1.000
      297         1.000000          1                    1.000
      298         1.000000          1                    1.000
      299         1.000000          1                    1.000
      300         1.000000          1                    1.000
      301         1.000000          1                    1.000
      302         1.000000          1                    1.000
      303         1.000000          1                    1.000
      304         1.000000          1                    1.000
      305         1.000000          1                    1.000
      306         1.000000          1                    1.000
      307         1.000000          1                    1.000
      308         1.000000          1                    1.000
      309         1.000000          1                    1.000
      310         1.000000          1                    1.000
      311         1.000000          1                    1.000
      312         1.000000          1                    1.000
      313         1.000000          1                    1.000
      314         1.000000          1                    1.000
      315         1.000000          1                    1.000
      316         1.000000          1                    1.000
      317         1.000000          1                    1.000
      318         1.000000          1                    1.000
      319         1.000000          1                    1.000
      320         1.000000          1                    1.000
      321         1.000000          1                    1.000
      322         1.000000          1                    1.000
      323         1.000000          1                    1.000
      324         1.000000          1                    1.000
      325         1.000000          1                    1.000
      326         1.000000          1                    1.000
      327         1.000000          1                    1.000
      328         1.000000          1                    1.000
      329         1.000000          1                    1.000
      330         1.000000          1                    1.000
      331         1.000000          1                    1.000
      332         1.000000          1                    1.000
      333         1.000000          1                    1.000
      334         1.000000          1                    1.000
      335         1.000000          1                    1.000
      336         1.000000          1                    1.000
      337         1.000000          1                    1.000
      338         1.000000          1                    1.000
      339         1.000000          1                    1.000
      340         1.000000          1                    1.000
      341         1.000000          1                    1.000
      342         1.000000          1                    1.000
      343         1.000000          1                    1.000
      344         1.000000          1                    1.000
      345         1.000000          1                    1.000
      346         1.000000          1                    1.000
      347         1.000000          1                    1.000
      348         1.000000          1                    1.000
      349         1.000000          1                    1.000
      350         1.000000          1                    1.000
      351         1.000000          1                    1.000
      352         1.000000          1                    1.000
      353         1.000000          1                    1.000
      354         1.000000          1                    1.000
      355         1.000000          1                    1.000
      356         1.000000          1                    1.000
      357         1.000000          1                    1.000
      358         1.000000          1                    1.000
      359         1.000000          1                    1.000
      360         1.000000          1                    1.000
      361         1.000000          1                    1.000
      362         1.000000          1                    1.000
      363         1.000000          1                    1.000
      364         1.000000          1                    1.000
      365         1.000000          1                    1.000
      366         1.000000          1                    1.000
 END OF TDIS PERIODDATA
 END OF SIMULATION TIMING

 READING SIMULATION MODELS
    GWF6 model 1 will be created
    GWT6 model 2 will be created
 END OF SIMULATION MODELS

 READING SIMULATION EXCHANGES
    GWF6-GWT6 exchange 1 will be created to connect model 1 with model 2
 END OF SIMULATION EXCHANGES

 READING SOLUTIONGROUP

 Creating solution: SLN_1           

 OPENED gwf.ims
 FILE TYPE:IMS   UNIT 1231   STATUS:OLD                 
 FORMAT:FORMATTED              ACCESS:SEQUENTIAL          
 ACTION:READ                


 Creating solution: SLN_2           

 OPENED modflowsim.ims
 FILE TYPE:IMS   UNIT 1232   STATUS:OLD                 
 FORMAT:FORMATTED              ACCESS:SEQUENTIAL          
 ACTION:READ                

 END OF SOLUTIONGROUP

PROCESSING MODEL CONNECTIONS
END OF MODEL CONNECTIONS

 OPENED .\external\wel_000.dat
 FILE TYPE:OPEN/CLOSE   UNIT 1237   STATUS:OLD                 
 FORMAT:FORMATTED              ACCESS:SEQUENTIAL          
 ACTION:READ                


 OPENED external/drn.dat
 FILE TYPE:OPEN/CLOSE   UNIT 1238   STATUS:OLD                 
 FORMAT:FORMATTED              ACCESS:SEQUENTIAL          
 ACTION:READ                


 OPENED external/ghb.dat
 FILE TYPE:OPEN/CLOSE   UNIT 1239   STATUS:OLD                 
 FORMAT:FORMATTED              ACCESS:SEQUENTIAL          
 ACTION:READ                


 OPENED ./external/chd_coastal.dat
 FILE TYPE:OPEN/CLOSE   UNIT 1240   STATUS:OLD                 
 FORMAT:FORMATTED              ACCESS:SEQUENTIAL          
 ACTION:READ                


 OPENED ./external/chd_000.dat
 FILE TYPE:OPEN/CLOSE   UNIT 1241   STATUS:OLD                 
 FORMAT:FORMATTED              ACCESS:SEQUENTIAL          
 ACTION:READ                


 IMS -- ITERATIVE MODEL SOLUTION PACKAGE, VERSION 6, 4/28/2017
         INPUT READ FROM UNIT 1231
 # File generated by Flopy version 3.10.0.dev3 on 06/18/2026 at 14:44:25.

 PROCESSING IMS OPTIONS
 MODERATE OPTION:
 DEFAULT SOLVER INPUT VALUES REFLECT MODERATELY NONLINEAR MODEL
 END OF IMS OPTIONS
 **UNDER-RELAXATION WILL BE USED***
 
 ***IMS LINEAR SOLVER WILL BE USED***

 IMSLINEAR -- UNSTRUCTURED LINEAR SOLUTION PACKAGE, VERSION 8, 04/28/2017
 An asymmetric matrix will be solved

 OUTER ITERATION CONVERGENCE CRITERION    (DVCLOSE) =    0.100000E-01
 MAXIMUM NUMBER OF OUTER ITERATIONS        (MXITER) = 50
 SOLVER PRINTOUT INDEX                     (IPRIMS) = 1
 NONLINEAR ITERATION METHOD            (NONLINMETH) = 3
 LINEAR SOLUTION METHOD                   (LINMETH) = 1
 UNDER-RELAXATION WEIGHT REDUCTION FACTOR   (THETA) =    0.900000E+00
 UNDER-RELAXATION WEIGHT INCREASE INCREMENT (KAPPA) =    0.100000E-03
 UNDER-RELAXATION PREVIOUS HISTORY FACTOR   (GAMMA) =    0.000000E+00
 UNDER-RELAXATION MOMENTUM TERM         (AMOMENTUM) =    0.000000E+00

       SOLUTION BY THE BICONJUGATE-GRADIENT STABILIZED METHOD
 ------------------------------------------------------------------
 MAXIMUM OF 50 CALLS OF SOLUTION ROUTINE
 MAXIMUM OF 100 INTERNAL ITERATIONS PER CALL TO SOLUTION ROUTINE
 LINEAR ACCELERATION METHOD            = BCGS      
 MATRIX PRECONDITIONING TYPE           = MOD. INCOMPLETE LU  
 MATRIX SCALING APPROACH               = NO SCALING          
 MATRIX REORDERING APPROACH            = ORIGINAL ORDERING        
 NUMBER OF ORTHOGONALIZATIONS          = 0
 HEAD CHANGE CRITERION FOR CLOSURE     =    0.10000E-01
 RESIDUAL CHANGE CRITERION FOR CLOSURE =    0.10000E+00
 RESIDUAL CONVERGENCE OPTION           = 0
 RESIDUAL CONVERGENCE NORM             = INFINITY NORM   
 RELAXATION FACTOR                     =    0.97000E+00




 IMS -- ITERATIVE MODEL SOLUTION PACKAGE, VERSION 6, 4/28/2017
         INPUT READ FROM UNIT 1232
 # File generated by Flopy version 3.10.0.dev3 on 06/18/2026 at 14:44:25.

 PROCESSING IMS OPTIONS
 MODERATE OPTION:
 DEFAULT SOLVER INPUT VALUES REFLECT MODERATELY NONLINEAR MODEL
 END OF IMS OPTIONS
 **UNDER-RELAXATION WILL BE USED***
 
 ***IMS LINEAR SOLVER WILL BE USED***

 IMSLINEAR -- UNSTRUCTURED LINEAR SOLUTION PACKAGE, VERSION 8, 04/28/2017
 An asymmetric matrix will be solved

 OUTER ITERATION CONVERGENCE CRITERION    (DVCLOSE) =    0.100000E-01
 MAXIMUM NUMBER OF OUTER ITERATIONS        (MXITER) = 50
 SOLVER PRINTOUT INDEX                     (IPRIMS) = 1
 NONLINEAR ITERATION METHOD            (NONLINMETH) = 3
 LINEAR SOLUTION METHOD                   (LINMETH) = 1
 UNDER-RELAXATION WEIGHT REDUCTION FACTOR   (THETA) =    0.900000E+00
 UNDER-RELAXATION WEIGHT INCREASE INCREMENT (KAPPA) =    0.100000E-03
 UNDER-RELAXATION PREVIOUS HISTORY FACTOR   (GAMMA) =    0.000000E+00
 UNDER-RELAXATION MOMENTUM TERM         (AMOMENTUM) =    0.000000E+00

       SOLUTION BY THE BICONJUGATE-GRADIENT STABILIZED METHOD
 ------------------------------------------------------------------
 MAXIMUM OF 50 CALLS OF SOLUTION ROUTINE
 MAXIMUM OF 100 INTERNAL ITERATIONS PER CALL TO SOLUTION ROUTINE
 LINEAR ACCELERATION METHOD            = BCGS      
 MATRIX PRECONDITIONING TYPE           = MOD. INCOMPLETE LU  
 MATRIX SCALING APPROACH               = NO SCALING          
 MATRIX REORDERING APPROACH            = ORIGINAL ORDERING        
 NUMBER OF ORTHOGONALIZATIONS          = 0
 HEAD CHANGE CRITERION FOR CLOSURE     =    0.10000E-01
 RESIDUAL CHANGE CRITERION FOR CLOSURE =    0.10000E+00
 RESIDUAL CONVERGENCE OPTION           = 0
 RESIDUAL CONVERGENCE NORM             = INFINITY NORM   
 RELAXATION FACTOR                     =    0.97000E+00



 
    Solving:  Stress period:     1    Time step:     1
 
1
 STRESS PERIOD NO. 1, LENGTH =   365.0000    
 ------------------------------------------
 NUMBER OF TIME STEPS = 3
 MULTIPLIER FOR DELT =     1.300
 #k i j q boundname

 OPENED .\external\wel_001.dat
 FILE TYPE:OPEN/CLOSE   UNIT 1271   STATUS:OLD                 
 FORMAT:FORMATTED              ACCESS:SEQUENTIAL          
 ACTION:READ                


 OPENED ./external/chd_001.dat
 FILE TYPE:OPEN/CLOSE   UNIT 1274   STATUS:OLD                 
 FORMAT:FORMATTED              ACCESS:SEQUENTIAL          
 ACTION:READ                

 INITIAL TIME STEP SIZE =   91.47870    

 SLN_1 OUTER ITERATION SUMMARY
 ----------------------------------------------------------------------------------------------------------
                                OUTER      INNER                    STEP   MAXIMUM CHANGE MODEL-(CELLID) OR
 OUTER ITERATION STEP       ITERATION  ITERATION  MAXIMUM CHANGE SUCCESS             MODEL-PACKAGE-(NUMBER)
 ----------------------------------------------------------------------------------------------------------
 Model                              1         36      -12.634780                            1_GWF-(1,71,60)
 Model                              2         17       1.2303966                            1_GWF-(1,72,60)
 Model                              3         10  9.82517922E-02                            1_GWF-(1,72,57)
 Model                              4          6  9.54988513E-03       *                    1_GWF-(1,72,57)
 ----------------------------------------------------------------------------------------------------------


 4 CALLS TO NUMERICAL SOLUTION IN TIME STEP 1 STRESS PERIOD 1
 69 TOTAL ITERATIONS

 SLN_2 OUTER ITERATION SUMMARY
 ----------------------------------------------------------------------------------------------------------
                                OUTER      INNER                    STEP   MAXIMUM CHANGE MODEL-(CELLID) OR
 OUTER ITERATION STEP       ITERATION  ITERATION  MAXIMUM CHANGE SUCCESS             MODEL-PACKAGE-(NUMBER)
 ----------------------------------------------------------------------------------------------------------
 Model                              1          2      -12.446481                            2_GWT-(15,42,1)
 Model                              2          1  2.25222876E-06       *                   2_GWT-(16,17,54)
 ----------------------------------------------------------------------------------------------------------


 2 CALLS TO NUMERICAL SOLUTION IN TIME STEP 1 STRESS PERIOD 1
 3 TOTAL ITERATIONS
 
    Solving:  Stress period:     1    Time step:     2
 

 SLN_1 OUTER ITERATION SUMMARY
 ----------------------------------------------------------------------------------------------------------
                                OUTER      INNER                    STEP   MAXIMUM CHANGE MODEL-(CELLID) OR
 OUTER ITERATION STEP       ITERATION  ITERATION  MAXIMUM CHANGE SUCCESS             MODEL-PACKAGE-(NUMBER)
 ----------------------------------------------------------------------------------------------------------
 Model                              1         24     -0.71664174                            1_GWF-(1,78,52)
 Model                              2          7 -3.03447659E-02                           1_GWF-(1,110,31)
 Model                              3          3  1.04028233E-03       *                   1_GWF-(2,107,51)
 ----------------------------------------------------------------------------------------------------------


 3 CALLS TO NUMERICAL SOLUTION IN TIME STEP 2 STRESS PERIOD 1
 34 TOTAL ITERATIONS

 SLN_2 OUTER ITERATION SUMMARY
 ----------------------------------------------------------------------------------------------------------
                                OUTER      INNER                    STEP   MAXIMUM CHANGE MODEL-(CELLID) OR
 OUTER ITERATION STEP       ITERATION  ITERATION  MAXIMUM CHANGE SUCCESS             MODEL-PACKAGE-(NUMBER)
 ----------------------------------------------------------------------------------------------------------
 Model                              1          3      -15.812752                            2_GWT-(14,39,1)
 Model                              2          1 -5.94298211E-08       *                    2_GWT-(15,43,2)
 ----------------------------------------------------------------------------------------------------------


 2 CALLS TO NUMERICAL SOLUTION IN TIME STEP 2 STRESS PERIOD 1
 4 TOTAL ITERATIONS
 
    Solving:  Stress period:     1    Time step:     3
 

 SLN_1 OUTER ITERATION SUMMARY
 ----------------------------------------------------------------------------------------------------------
                                OUTER      INNER                    STEP   MAXIMUM CHANGE MODEL-(CELLID) OR
 OUTER ITERATION STEP       ITERATION  ITERATION  MAXIMUM CHANGE SUCCESS             MODEL-PACKAGE-(NUMBER)
 ----------------------------------------------------------------------------------------------------------
 Model                              1         26       2.1139230                            1_GWF-(15,42,2)
 Model                              2          6 -1.63163625E-02                           1_GWF-(1,109,43)
 Model                              3          3  5.70213065E-04       *                   1_GWF-(1,108,43)
 ----------------------------------------------------------------------------------------------------------


 3 CALLS TO NUMERICAL SOLUTION IN TIME STEP 3 STRESS PERIOD 1
 35 TOTAL ITERATIONS

 SLN_2 OUTER ITERATION SUMMARY
 ----------------------------------------------------------------------------------------------------------
                                OUTER      INNER                    STEP   MAXIMUM CHANGE MODEL-(CELLID) OR
 OUTER ITERATION STEP       ITERATION  ITERATION  MAXIMUM CHANGE SUCCESS             MODEL-PACKAGE-(NUMBER)
 ----------------------------------------------------------------------------------------------------------
 Model                              1          4      -14.058314                            2_GWT-(14,38,2)
 Model                              2          1 -1.80428291E-07       *                   2_GWT-(12,43,70)
 ----------------------------------------------------------------------------------------------------------


 2 CALLS TO NUMERICAL SOLUTION IN TIME STEP 3 STRESS PERIOD 1
 5 TOTAL ITERATIONS
 
    Solving:  Stress period:     2    Time step:     1
 
1
 STRESS PERIOD NO. 2, LENGTH =   1.000000    
 ------------------------------------------
 NUMBER OF TIME STEPS = 1
 MULTIPLIER FOR DELT =     1.000
 #k i j q boundname

 OPENED .\external\wel_032.dat
 FILE TYPE:OPEN/CLOSE   UNIT 1275   STATUS:OLD                 
 FORMAT:FORMATTED              ACCESS:SEQUENTIAL          
 ACTION:READ                


 OPENED ./external/chd_002.dat
 FILE TYPE:OPEN/CLOSE   UNIT 1277   STATUS:OLD                 
 FORMAT:FORMATTED              ACCESS:SEQUENTIAL          
 ACTION:READ                

 INITIAL TIME STEP SIZE =   1.000000    

 SLN_1 OUTER ITERATION SUMMARY
 ----------------------------------------------------------------------------------------------------------
                                OUTER      INNER                    STEP   MAXIMUM CHANGE MODEL-(CELLID) OR
 OUTER ITERATION STEP       ITERATION  ITERATION  MAXIMUM CHANGE SUCCESS             MODEL-PACKAGE-(NUMBER)
 ----------------------------------------------------------------------------------------------------------
 Model                              1         22       8.4376297                          1_GWF-(14,147,59)
 Model                              2          8     -0.10853525                           1_GWF-(1,107,51)
 Model                              3          4  1.25619833E-02                           1_GWF-(1,107,51)
 Model                              4          2  1.25878751E-03       *                   1_GWF-(1,107,51)
 ----------------------------------------------------------------------------------------------------------


 4 CALLS TO NUMERICAL SOLUTION IN TIME STEP 1 STRESS PERIOD 2
 36 TOTAL ITERATIONS

 SLN_2 OUTER ITERATION SUMMARY
 ----------------------------------------------------------------------------------------------------------
                                OUTER      INNER                    STEP   MAXIMUM CHANGE MODEL-(CELLID) OR
 OUTER ITERATION STEP       ITERATION  ITERATION  MAXIMUM CHANGE SUCCESS             MODEL-PACKAGE-(NUMBER)
 ----------------------------------------------------------------------------------------------------------
 Model                              1          2       3.6408783                            2_GWT-(1,38,66)
 Model                              2          1  1.44932955E-11       *                    2_GWT-(15,41,1)
 ----------------------------------------------------------------------------------------------------------


 2 CALLS TO NUMERICAL SOLUTION IN TIME STEP 1 STRESS PERIOD 2
 3 TOTAL ITERATIONS
 
    Solving:  Stress period:     3    Time step:     1
 
1
 STRESS PERIOD NO. 3, LENGTH =   1.000000    
 ------------------------------------------
 NUMBER OF TIME STEPS = 1
 MULTIPLIER FOR DELT =     1.000

 OPENED ./external/chd_003.dat
 FILE TYPE:OPEN/CLOSE   UNIT 1279   STATUS:OLD                 
 FORMAT:FORMATTED              ACCESS:SEQUENTIAL          
 ACTION:READ                

 INITIAL TIME STEP SIZE =   1.000000    

 SLN_1 OUTER ITERATION SUMMARY
 ----------------------------------------------------------------------------------------------------------
                                OUTER      INNER                    STEP   MAXIMUM CHANGE MODEL-(CELLID) OR
 OUTER ITERATION STEP       ITERATION  ITERATION  MAXIMUM CHANGE SUCCESS             MODEL-PACKAGE-(NUMBER)
 ----------------------------------------------------------------------------------------------------------
 Model                              1         15  8.98100688E-02                          1_GWF-(16,121,14)
 Model                              2          6 -4.49687451E-02                            1_GWF-(1,82,76)
 Model                              3          4  7.77009481E-04       *                    1_GWF-(4,51,71)
 ----------------------------------------------------------------------------------------------------------


 3 CALLS TO NUMERICAL SOLUTION IN TIME STEP 1 STRESS PERIOD 3
 25 TOTAL ITERATIONS

 SLN_2 OUTER ITERATION SUMMARY
 ----------------------------------------------------------------------------------------------------------
                                OUTER      INNER                    STEP   MAXIMUM CHANGE MODEL-(CELLID) OR
 OUTER ITERATION STEP       ITERATION  ITERATION  MAXIMUM CHANGE SUCCESS             MODEL-PACKAGE-(NUMBER)
 ----------------------------------------------------------------------------------------------------------
 Model                              1          2       1.2276416                            2_GWT-(14,39,1)
 Model                              2          1  5.95967720E-12       *                    2_GWT-(15,41,1)
 ----------------------------------------------------------------------------------------------------------


 2 CALLS TO NUMERICAL SOLUTION IN TIME STEP 1 STRESS PERIOD 3
 3 TOTAL ITERATIONS
 
    Solving:  Stress period:     4    Time step:     1
 
1
 STRESS PERIOD NO. 4, LENGTH =   1.000000    
 ------------------------------------------
 NUMBER OF TIME STEPS = 1
 MULTIPLIER FOR DELT =     1.000

 OPENED ./external/chd_004.dat
 FILE TYPE:OPEN/CLOSE   UNIT 1281   STATUS:OLD                 
 FORMAT:FORMATTED              ACCESS:SEQUENTIAL          
 ACTION:READ                

 INITIAL TIME STEP SIZE =   1.000000    

 SLN_1 OUTER ITERATION SUMMARY
 ----------------------------------------------------------------------------------------------------------
                                OUTER      INNER                    STEP   MAXIMUM CHANGE MODEL-(CELLID) OR
 OUTER ITERATION STEP       ITERATION  ITERATION  MAXIMUM CHANGE SUCCESS             MODEL-PACKAGE-(NUMBER)
 ----------------------------------------------------------------------------------------------------------
 Model                              1         16  4.75824077E-02                           1_GWF-(1,103,39)
 Model                              2          5 -1.18041126E-02                            1_GWF-(3,50,72)
 Model                              3          2  7.70762221E-04       *                    1_GWF-(5,84,47)
 ----------------------------------------------------------------------------------------------------------


 3 CALLS TO NUMERICAL SOLUTION IN TIME STEP 1 STRESS PERIOD 4
 23 TOTAL ITERATIONS

 SLN_2 OUTER ITERATION SUMMARY
 ----------------------------------------------------------------------------------------------------------
                                OUTER      INNER                    STEP   MAXIMUM CHANGE MODEL-(CELLID) OR
 OUTER ITERATION STEP       ITERATION  ITERATION  MAXIMUM CHANGE SUCCESS             MODEL-PACKAGE-(NUMBER)
 ----------------------------------------------------------------------------------------------------------
 Model                              1          2       1.0438513                            2_GWT-(14,38,1)
 Model                              2          1 -2.58992827E-12       *                    2_GWT-(11,33,3)
 ----------------------------------------------------------------------------------------------------------


 2 CALLS TO NUMERICAL SOLUTION IN TIME STEP 1 STRESS PERIOD 4
 3 TOTAL ITERATIONS
 
    Solving:  Stress period:     5    Time step:     1
 
1
 STRESS PERIOD NO. 5, LENGTH =   1.000000    
 ------------------------------------------
 NUMBER OF TIME STEPS = 1
 MULTIPLIER FOR DELT =     1.000

 OPENED ./external/chd_005.dat
 FILE TYPE:OPEN/CLOSE   UNIT 1283   STATUS:OLD                 
 FORMAT:FORMATTED              ACCESS:SEQUENTIAL          
 ACTION:READ                

 INITIAL TIME STEP SIZE =   1.000000    

 SLN_1 OUTER ITERATION SUMMARY
 ----------------------------------------------------------------------------------------------------------
                                OUTER      INNER                    STEP   MAXIMUM CHANGE MODEL-(CELLID) OR
 OUTER ITERATION STEP       ITERATION  ITERATION  MAXIMUM CHANGE SUCCESS             MODEL-PACKAGE-(NUMBER)
 ----------------------------------------------------------------------------------------------------------
 Model                              1         16 -4.29168688E-02                            1_GWF-(1,50,72)
 Model                              2          4 -1.64946261E-02                            1_GWF-(1,74,79)
 Model                              3          2  5.67973604E-04       *                    1_GWF-(5,73,40)
 ----------------------------------------------------------------------------------------------------------


 3 CALLS TO NUMERICAL SOLUTION IN TIME STEP 1 STRESS PERIOD 5
 22 TOTAL ITERATIONS

 SLN_2 OUTER ITERATION SUMMARY
 ----------------------------------------------------------------------------------------------------------
                                OUTER      INNER                    STEP   MAXIMUM CHANGE MODEL-(CELLID) OR
 OUTER ITERATION STEP       ITERATION  ITERATION  MAXIMUM CHANGE SUCCESS             MODEL-PACKAGE-(NUMBER)
 ----------------------------------------------------------------------------------------------------------
 Model                              1          2       1.0186505                            2_GWT-(14,38,1)
 Model                              2          1 -1.85096383E-12       *                    2_GWT-(11,31,3)
 ----------------------------------------------------------------------------------------------------------


 2 CALLS TO NUMERICAL SOLUTION IN TIME STEP 1 STRESS PERIOD 5
 3 TOTAL ITERATIONS
 
    Solving:  Stress period:     6    Time step:     1
 
1
 STRESS PERIOD NO. 6, LENGTH =   1.000000    
 ------------------------------------------
 NUMBER OF TIME STEPS = 1
 MULTIPLIER FOR DELT =     1.000

 OPENED ./external/chd_006.dat
 FILE TYPE:OPEN/CLOSE   UNIT 1285   STATUS:OLD                 
 FORMAT:FORMATTED              ACCESS:SEQUENTIAL          
 ACTION:READ                

 INITIAL TIME STEP SIZE =   1.000000    

 SLN_1 OUTER ITERATION SUMMARY
 ----------------------------------------------------------------------------------------------------------
                                OUTER      INNER                    STEP   MAXIMUM CHANGE MODEL-(CELLID) OR
 OUTER ITERATION STEP       ITERATION  ITERATION  MAXIMUM CHANGE SUCCESS             MODEL-PACKAGE-(NUMBER)
 ----------------------------------------------------------------------------------------------------------
 Model                              1         17 -8.01293130E-02                            1_GWF-(1,74,79)
 Model                              2          5 -4.51136310E-02                            1_GWF-(2,76,80)
 Model                              3          3  6.96885967E-04       *                    1_GWF-(4,81,21)
 ----------------------------------------------------------------------------------------------------------


 3 CALLS TO NUMERICAL SOLUTION IN TIME STEP 1 STRESS PERIOD 6
 25 TOTAL ITERATIONS

 SLN_2 OUTER ITERATION SUMMARY
 ----------------------------------------------------------------------------------------------------------
                                OUTER      INNER                    STEP   MAXIMUM CHANGE MODEL-(CELLID) OR
 OUTER ITERATION STEP       ITERATION  ITERATION  MAXIMUM CHANGE SUCCESS             MODEL-PACKAGE-(NUMBER)
 ----------------------------------------------------------------------------------------------------------
 Model                              1          2       1.0812912                            2_GWT-(14,38,1)
 Model                              2          1 -1.87228011E-12       *                    2_GWT-(11,31,3)
 ----------------------------------------------------------------------------------------------------------


 2 CALLS TO NUMERICAL SOLUTION IN TIME STEP 1 STRESS PERIOD 6
 3 TOTAL ITERATIONS
 
    Solving:  Stress period:     7    Time step:     1
 
1
 STRESS PERIOD NO. 7, LENGTH =   1.000000    
 ------------------------------------------
 NUMBER OF TIME STEPS = 1
 MULTIPLIER FOR DELT =     1.000

 OPENED ./external/chd_007.dat
 FILE TYPE:OPEN/CLOSE   UNIT 1287   STATUS:OLD                 
 FORMAT:FORMATTED              ACCESS:SEQUENTIAL          
 ACTION:READ                

 INITIAL TIME STEP SIZE =   1.000000    

 SLN_1 OUTER ITERATION SUMMARY
 ----------------------------------------------------------------------------------------------------------
                                OUTER      INNER                    STEP   MAXIMUM CHANGE MODEL-(CELLID) OR
 OUTER ITERATION STEP       ITERATION  ITERATION  MAXIMUM CHANGE SUCCESS             MODEL-PACKAGE-(NUMBER)
 ----------------------------------------------------------------------------------------------------------
 Model                              1         17 -5.89635273E-02                            1_GWF-(1,68,72)
 Model                              2          5  6.95557155E-03       *                    1_GWF-(3,77,68)
 ----------------------------------------------------------------------------------------------------------


 2 CALLS TO NUMERICAL SOLUTION IN TIME STEP 1 STRESS PERIOD 7
 22 TOTAL ITERATIONS

 SLN_2 OUTER ITERATION SUMMARY
 ----------------------------------------------------------------------------------------------------------
                                OUTER      INNER                    STEP   MAXIMUM CHANGE MODEL-(CELLID) OR
 OUTER ITERATION STEP       ITERATION  ITERATION  MAXIMUM CHANGE SUCCESS             MODEL-PACKAGE-(NUMBER)
 ----------------------------------------------------------------------------------------------------------
 Model                              1          2       1.0222574                            2_GWT-(14,38,1)
 Model                              2          1  2.46203058E-12       *                    2_GWT-(15,41,1)
 ----------------------------------------------------------------------------------------------------------


 2 CALLS TO NUMERICAL SOLUTION IN TIME STEP 1 STRESS PERIOD 7
 3 TOTAL ITERATIONS
 
    Solving:  Stress period:     8    Time step:     1
 
1
 STRESS PERIOD NO. 8, LENGTH =   1.000000    
 ------------------------------------------
 NUMBER OF TIME STEPS = 1
 MULTIPLIER FOR DELT =     1.000

 OPENED ./external/chd_008.dat
 FILE TYPE:OPEN/CLOSE   UNIT 1289   STATUS:OLD                 
 FORMAT:FORMATTED              ACCESS:SEQUENTIAL          
 ACTION:READ                

 INITIAL TIME STEP SIZE =   1.000000    

 SLN_1 OUTER ITERATION SUMMARY
 ----------------------------------------------------------------------------------------------------------
                                OUTER      INNER                    STEP   MAXIMUM CHANGE MODEL-(CELLID) OR
 OUTER ITERATION STEP       ITERATION  ITERATION  MAXIMUM CHANGE SUCCESS             MODEL-PACKAGE-(NUMBER)
 ----------------------------------------------------------------------------------------------------------
 Model                              1         16 -3.66613709E-02                            1_GWF-(13,36,2)
 Model                              2          5 -5.37558588E-02                            1_GWF-(1,70,75)
 Model                              3          3  5.34443327E-04       *                    1_GWF-(4,94,65)
 ----------------------------------------------------------------------------------------------------------


 3 CALLS TO NUMERICAL SOLUTION IN TIME STEP 1 STRESS PERIOD 8
 24 TOTAL ITERATIONS

 SLN_2 OUTER ITERATION SUMMARY
 ----------------------------------------------------------------------------------------------------------
                                OUTER      INNER                    STEP   MAXIMUM CHANGE MODEL-(CELLID) OR
 OUTER ITERATION STEP       ITERATION  ITERATION  MAXIMUM CHANGE SUCCESS             MODEL-PACKAGE-(NUMBER)
 ----------------------------------------------------------------------------------------------------------
 Model                              1          2      0.79593952                            2_GWT-(14,38,1)
 Model                              2          1  2.14406271E-12       *                    2_GWT-(15,41,1)
 ----------------------------------------------------------------------------------------------------------


 2 CALLS TO NUMERICAL SOLUTION IN TIME STEP 1 STRESS PERIOD 8
 3 TOTAL ITERATIONS
 
    Solving:  Stress period:     9    Time step:     1
 
1
 STRESS PERIOD NO. 9, LENGTH =   1.000000    
 ------------------------------------------
 NUMBER OF TIME STEPS = 1
 MULTIPLIER FOR DELT =     1.000

 OPENED ./external/chd_009.dat
 FILE TYPE:OPEN/CLOSE   UNIT 1291   STATUS:OLD                 
 FORMAT:FORMATTED              ACCESS:SEQUENTIAL          
 ACTION:READ                

 INITIAL TIME STEP SIZE =   1.000000    

 SLN_1 OUTER ITERATION SUMMARY
 ----------------------------------------------------------------------------------------------------------
                                OUTER      INNER                    STEP   MAXIMUM CHANGE MODEL-(CELLID) OR
 OUTER ITERATION STEP       ITERATION  ITERATION  MAXIMUM CHANGE SUCCESS             MODEL-PACKAGE-(NUMBER)
 ----------------------------------------------------------------------------------------------------------
 Model                              1         17 -6.58104294E-02                           1_GWF-(1,108,47)
 Model                              2          5 -4.16878528E-02                            1_GWF-(1,68,75)
 Model                              3          3  5.87789326E-04       *                    1_GWF-(5,74,54)
 ----------------------------------------------------------------------------------------------------------


 3 CALLS TO NUMERICAL SOLUTION IN TIME STEP 1 STRESS PERIOD 9
 25 TOTAL ITERATIONS

 SLN_2 OUTER ITERATION SUMMARY
 ----------------------------------------------------------------------------------------------------------
                                OUTER      INNER                    STEP   MAXIMUM CHANGE MODEL-(CELLID) OR
 OUTER ITERATION STEP       ITERATION  ITERATION  MAXIMUM CHANGE SUCCESS             MODEL-PACKAGE-(NUMBER)
 ----------------------------------------------------------------------------------------------------------
 Model                              1          2      0.63883986                            2_GWT-(14,38,1)
 Model                              2          1  1.80655491E-12       *                    2_GWT-(15,41,1)
 ----------------------------------------------------------------------------------------------------------


 2 CALLS TO NUMERICAL SOLUTION IN TIME STEP 1 STRESS PERIOD 9
 3 TOTAL ITERATIONS
 
    Solving:  Stress period:    10    Time step:     1
 
1
 STRESS PERIOD NO. 10, LENGTH =   1.000000    
 ------------------------------------------
 NUMBER OF TIME STEPS = 1
 MULTIPLIER FOR DELT =     1.000

 OPENED ./external/chd_010.dat
 FILE TYPE:OPEN/CLOSE   UNIT 1293   STATUS:OLD                 
 FORMAT:FORMATTED              ACCESS:SEQUENTIAL          
 ACTION:READ                

 INITIAL TIME STEP SIZE =   1.000000    

 SLN_1 OUTER ITERATION SUMMARY
 ----------------------------------------------------------------------------------------------------------
                                OUTER      INNER                    STEP   MAXIMUM CHANGE MODEL-(CELLID) OR
 OUTER ITERATION STEP       ITERATION  ITERATION  MAXIMUM CHANGE SUCCESS             MODEL-PACKAGE-(NUMBER)
 ----------------------------------------------------------------------------------------------------------
 Model                              1         20       1.2211725                            1_GWF-(1,92,79)
 Model                              2          9      0.14872671                            1_GWF-(1,92,80)
 Model                              3          4 -7.39073282E-03       *                    1_GWF-(1,68,75)
 ----------------------------------------------------------------------------------------------------------


 3 CALLS TO NUMERICAL SOLUTION IN TIME STEP 1 STRESS PERIOD 10
 33 TOTAL ITERATIONS

 SLN_2 OUTER ITERATION SUMMARY
 ----------------------------------------------------------------------------------------------------------
                                OUTER      INNER                    STEP   MAXIMUM CHANGE MODEL-(CELLID) OR
 OUTER ITERATION STEP       ITERATION  ITERATION  MAXIMUM CHANGE SUCCESS             MODEL-PACKAGE-(NUMBER)
 ----------------------------------------------------------------------------------------------------------
 Model                              1          2      -3.6264512                            2_GWT-(1,38,66)
 Model                              2          1 -3.22589052E-12       *                    2_GWT-(1,38,66)
 ----------------------------------------------------------------------------------------------------------


 2 CALLS TO NUMERICAL SOLUTION IN TIME STEP 1 STRESS PERIOD 10
 3 TOTAL ITERATIONS
 
    Solving:  Stress period:    11    Time step:     1
 
1
 STRESS PERIOD NO. 11, LENGTH =   1.000000    
 ------------------------------------------
 NUMBER OF TIME STEPS = 1
 MULTIPLIER FOR DELT =     1.000

 OPENED ./external/chd_011.dat
 FILE TYPE:OPEN/CLOSE   UNIT 1295   STATUS:OLD                 
 FORMAT:FORMATTED              ACCESS:SEQUENTIAL          
 ACTION:READ                

 INITIAL TIME STEP SIZE =   1.000000    

 SLN_1 OUTER ITERATION SUMMARY
 ----------------------------------------------------------------------------------------------------------
                                OUTER      INNER                    STEP   MAXIMUM CHANGE MODEL-(CELLID) OR
 OUTER ITERATION STEP       ITERATION  ITERATION  MAXIMUM CHANGE SUCCESS             MODEL-PACKAGE-(NUMBER)
 ----------------------------------------------------------------------------------------------------------
 Model                              1         19      -1.4795139                            1_GWF-(1,91,82)
 Model                              2          6      0.52898541                            1_GWF-(1,91,82)
 Model                              3          4  5.28659312E-02                            1_GWF-(1,91,82)
 Model                              4          2  5.20302615E-03       *                    1_GWF-(1,91,82)
 ----------------------------------------------------------------------------------------------------------


 4 CALLS TO NUMERICAL SOLUTION IN TIME STEP 1 STRESS PERIOD 11
 31 TOTAL ITERATIONS

 SLN_2 OUTER ITERATION SUMMARY
 ----------------------------------------------------------------------------------------------------------
                                OUTER      INNER                    STEP   MAXIMUM CHANGE MODEL-(CELLID) OR
 OUTER ITERATION STEP       ITERATION  ITERATION  MAXIMUM CHANGE SUCCESS             MODEL-PACKAGE-(NUMBER)
 ----------------------------------------------------------------------------------------------------------
 Model                              1          2       3.6163546                            2_GWT-(1,38,66)
 Model                              2          1  2.98738811E-12       *                    2_GWT-(1,38,66)
 ----------------------------------------------------------------------------------------------------------


 2 CALLS TO NUMERICAL SOLUTION IN TIME STEP 1 STRESS PERIOD 11
 3 TOTAL ITERATIONS
 
    Solving:  Stress period:    12    Time step:     1
 
1
 STRESS PERIOD NO. 12, LENGTH =   1.000000    
 ------------------------------------------
 NUMBER OF TIME STEPS = 1
 MULTIPLIER FOR DELT =     1.000

 OPENED ./external/chd_012.dat
 FILE TYPE:OPEN/CLOSE   UNIT 1297   STATUS:OLD                 
 FORMAT:FORMATTED              ACCESS:SEQUENTIAL          
 ACTION:READ                

 INITIAL TIME STEP SIZE =   1.000000    

 SLN_1 OUTER ITERATION SUMMARY
 ----------------------------------------------------------------------------------------------------------
                                OUTER      INNER                    STEP   MAXIMUM CHANGE MODEL-(CELLID) OR
 OUTER ITERATION STEP       ITERATION  ITERATION  MAXIMUM CHANGE SUCCESS             MODEL-PACKAGE-(NUMBER)
 ----------------------------------------------------------------------------------------------------------
 Model                              1         19       5.4465635                            1_GWF-(1,92,79)
 Model                              2         10      -2.0707691                            1_GWF-(1,93,78)
 Model                              3          6     -0.33731417                            1_GWF-(1,93,78)
 Model                              4          5  5.16785823E-02                            1_GWF-(1,92,78)
 Model                              5          4  1.00399750E-02                            1_GWF-(1,92,78)
 Model                              6          3  1.90722788E-03       *                    1_GWF-(1,92,78)
 ----------------------------------------------------------------------------------------------------------


 6 CALLS TO NUMERICAL SOLUTION IN TIME STEP 1 STRESS PERIOD 12
 47 TOTAL ITERATIONS

 SLN_2 OUTER ITERATION SUMMARY
 ----------------------------------------------------------------------------------------------------------
                                OUTER      INNER                    STEP   MAXIMUM CHANGE MODEL-(CELLID) OR
 OUTER ITERATION STEP       ITERATION  ITERATION  MAXIMUM CHANGE SUCCESS             MODEL-PACKAGE-(NUMBER)
 ----------------------------------------------------------------------------------------------------------
 Model                              1          2      -3.6163546                            2_GWT-(1,38,66)
 Model                              2          1 -2.48732154E-12       *                    2_GWT-(1,38,66)
 ----------------------------------------------------------------------------------------------------------


 2 CALLS TO NUMERICAL SOLUTION IN TIME STEP 1 STRESS PERIOD 12
 3 TOTAL ITERATIONS
 
    Solving:  Stress period:    13    Time step:     1
 
1
 STRESS PERIOD NO. 13, LENGTH =   1.000000    
 ------------------------------------------
 NUMBER OF TIME STEPS = 1
 MULTIPLIER FOR DELT =     1.000

 OPENED ./external/chd_013.dat
 FILE TYPE:OPEN/CLOSE   UNIT 1299   STATUS:OLD                 
 FORMAT:FORMATTED              ACCESS:SEQUENTIAL          
 ACTION:READ                

 INITIAL TIME STEP SIZE =   1.000000    

 SLN_1 OUTER ITERATION SUMMARY
 ----------------------------------------------------------------------------------------------------------
                                OUTER      INNER                    STEP   MAXIMUM CHANGE MODEL-(CELLID) OR
 OUTER ITERATION STEP       ITERATION  ITERATION  MAXIMUM CHANGE SUCCESS             MODEL-PACKAGE-(NUMBER)
 ----------------------------------------------------------------------------------------------------------
 Model                              1         19      0.91077743                            1_GWF-(1,94,77)
 Model                              2          8     -0.56199595                            1_GWF-(1,97,73)
 Model                              3          6 -5.46269350E-02                            1_GWF-(1,94,77)
 Model                              4          5 -5.56071067E-03       *                    1_GWF-(1,94,77)
 ----------------------------------------------------------------------------------------------------------


 4 CALLS TO NUMERICAL SOLUTION IN TIME STEP 1 STRESS PERIOD 13
 38 TOTAL ITERATIONS

 SLN_2 OUTER ITERATION SUMMARY
 ----------------------------------------------------------------------------------------------------------
                                OUTER      INNER                    STEP   MAXIMUM CHANGE MODEL-(CELLID) OR
 OUTER ITERATION STEP       ITERATION  ITERATION  MAXIMUM CHANGE SUCCESS             MODEL-PACKAGE-(NUMBER)
 ----------------------------------------------------------------------------------------------------------
 Model                              1          2     -0.34853738                           2_GWT-(13,45,72)
 Model                              2          1  7.14095449E-13       *                    2_GWT-(15,41,1)
 ----------------------------------------------------------------------------------------------------------


 2 CALLS TO NUMERICAL SOLUTION IN TIME STEP 1 STRESS PERIOD 13
 3 TOTAL ITERATIONS
 
    Solving:  Stress period:    14    Time step:     1
 
1
 STRESS PERIOD NO. 14, LENGTH =   1.000000    
 ------------------------------------------
 NUMBER OF TIME STEPS = 1
 MULTIPLIER FOR DELT =     1.000

 OPENED ./external/chd_014.dat
 FILE TYPE:OPEN/CLOSE   UNIT 1301   STATUS:OLD                 
 FORMAT:FORMATTED              ACCESS:SEQUENTIAL          
 ACTION:READ                

 INITIAL TIME STEP SIZE =   1.000000    

 SLN_1 OUTER ITERATION SUMMARY
 ----------------------------------------------------------------------------------------------------------
                                OUTER      INNER                    STEP   MAXIMUM CHANGE MODEL-(CELLID) OR
 OUTER ITERATION STEP       ITERATION  ITERATION  MAXIMUM CHANGE SUCCESS             MODEL-PACKAGE-(NUMBER)
 ----------------------------------------------------------------------------------------------------------
 Model                              1         20      -2.0112473                           1_GWF-(1,107,50)
 Model                              2          9      -1.1263336                            1_GWF-(1,94,77)
 Model                              3          6      0.25491175                            1_GWF-(1,94,77)
 Model                              4          4  2.58756827E-02                            1_GWF-(1,94,77)
 Model                              5          3  2.59506223E-03       *                    1_GWF-(1,94,77)
 ----------------------------------------------------------------------------------------------------------


 5 CALLS TO NUMERICAL SOLUTION IN TIME STEP 1 STRESS PERIOD 14
 42 TOTAL ITERATIONS

 SLN_2 OUTER ITERATION SUMMARY
 ----------------------------------------------------------------------------------------------------------
                                OUTER      INNER                    STEP   MAXIMUM CHANGE MODEL-(CELLID) OR
 OUTER ITERATION STEP       ITERATION  ITERATION  MAXIMUM CHANGE SUCCESS             MODEL-PACKAGE-(NUMBER)
 ----------------------------------------------------------------------------------------------------------
 Model                              1          2       1.4518267                            2_GWT-(1,45,64)
 Model                              2          1  9.77440351E-13       *                    2_GWT-(1,45,64)
 ----------------------------------------------------------------------------------------------------------


 2 CALLS TO NUMERICAL SOLUTION IN TIME STEP 1 STRESS PERIOD 14
 3 TOTAL ITERATIONS
 
    Solving:  Stress period:    15    Time step:     1
 
1
 STRESS PERIOD NO. 15, LENGTH =   1.000000    
 ------------------------------------------
 NUMBER OF TIME STEPS = 1
 MULTIPLIER FOR DELT =     1.000

 OPENED ./external/chd_015.dat
 FILE TYPE:OPEN/CLOSE   UNIT 1303   STATUS:OLD                 
 FORMAT:FORMATTED              ACCESS:SEQUENTIAL          
 ACTION:READ                

 INITIAL TIME STEP SIZE =   1.000000    

 SLN_1 OUTER ITERATION SUMMARY
 ----------------------------------------------------------------------------------------------------------
                                OUTER      INNER                    STEP   MAXIMUM CHANGE MODEL-(CELLID) OR
 OUTER ITERATION STEP       ITERATION  ITERATION  MAXIMUM CHANGE SUCCESS             MODEL-PACKAGE-(NUMBER)
 ----------------------------------------------------------------------------------------------------------
 Model                              1         16     -0.63346946                           1_GWF-(1,101,66)
 Model                              2          6      -2.2340003                            1_GWF-(1,92,79)
 Model                              3          4  4.52621848E-02                            1_GWF-(1,92,79)
 Model                              4          3  4.53269940E-03       *                    1_GWF-(1,92,79)
 ----------------------------------------------------------------------------------------------------------


 4 CALLS TO NUMERICAL SOLUTION IN TIME STEP 1 STRESS PERIOD 15
 29 TOTAL ITERATIONS

 SLN_2 OUTER ITERATION SUMMARY
 ----------------------------------------------------------------------------------------------------------
                                OUTER      INNER                    STEP   MAXIMUM CHANGE MODEL-(CELLID) OR
 OUTER ITERATION STEP       ITERATION  ITERATION  MAXIMUM CHANGE SUCCESS             MODEL-PACKAGE-(NUMBER)
 ----------------------------------------------------------------------------------------------------------
 Model                              1          2       3.5691784                            2_GWT-(1,38,66)
 Model                              2          1  2.22577512E-12       *                    2_GWT-(1,38,66)
 ----------------------------------------------------------------------------------------------------------


 2 CALLS TO NUMERICAL SOLUTION IN TIME STEP 1 STRESS PERIOD 15
 3 TOTAL ITERATIONS
 
    Solving:  Stress period:    16    Time step:     1
 
1
 STRESS PERIOD NO. 16, LENGTH =   1.000000    
 ------------------------------------------
 NUMBER OF TIME STEPS = 1
 MULTIPLIER FOR DELT =     1.000

 OPENED ./external/chd_016.dat
 FILE TYPE:OPEN/CLOSE   UNIT 1305   STATUS:OLD                 
 FORMAT:FORMATTED              ACCESS:SEQUENTIAL          
 ACTION:READ                

 INITIAL TIME STEP SIZE =   1.000000    

 SLN_1 OUTER ITERATION SUMMARY
 ----------------------------------------------------------------------------------------------------------
                                OUTER      INNER                    STEP   MAXIMUM CHANGE MODEL-(CELLID) OR
 OUTER ITERATION STEP       ITERATION  ITERATION  MAXIMUM CHANGE SUCCESS             MODEL-PACKAGE-(NUMBER)
 ----------------------------------------------------------------------------------------------------------
 Model                              1         13      -1.2941281                            1_GWF-(1,92,79)
 Model                              2          8 -9.95211163E-02                            1_GWF-(2,40,66)
 Model                              3          2  7.56699775E-04       *                    1_GWF-(5,79,52)
 ----------------------------------------------------------------------------------------------------------


 3 CALLS TO NUMERICAL SOLUTION IN TIME STEP 1 STRESS PERIOD 16
 23 TOTAL ITERATIONS

 SLN_2 OUTER ITERATION SUMMARY
 ----------------------------------------------------------------------------------------------------------
                                OUTER      INNER                    STEP   MAXIMUM CHANGE MODEL-(CELLID) OR
 OUTER ITERATION STEP       ITERATION  ITERATION  MAXIMUM CHANGE SUCCESS             MODEL-PACKAGE-(NUMBER)
 ----------------------------------------------------------------------------------------------------------
 Model                              1          2      0.36763375                            2_GWT-(12,32,3)
 Model                              2          1 -3.58824082E-13       *                    2_GWT-(12,32,3)
 ----------------------------------------------------------------------------------------------------------


 2 CALLS TO NUMERICAL SOLUTION IN TIME STEP 1 STRESS PERIOD 16
 3 TOTAL ITERATIONS
 
    Solving:  Stress period:    17    Time step:     1
 
1
 STRESS PERIOD NO. 17, LENGTH =   1.000000    
 ------------------------------------------
 NUMBER OF TIME STEPS = 1
 MULTIPLIER FOR DELT =     1.000

 OPENED ./external/chd_017.dat
 FILE TYPE:OPEN/CLOSE   UNIT 1307   STATUS:OLD                 
 FORMAT:FORMATTED              ACCESS:SEQUENTIAL          
 ACTION:READ                

 INITIAL TIME STEP SIZE =   1.000000    

 SLN_1 OUTER ITERATION SUMMARY
 ----------------------------------------------------------------------------------------------------------
                                OUTER      INNER                    STEP   MAXIMUM CHANGE MODEL-(CELLID) OR
 OUTER ITERATION STEP       ITERATION  ITERATION  MAXIMUM CHANGE SUCCESS             MODEL-PACKAGE-(NUMBER)
 ----------------------------------------------------------------------------------------------------------
 Model                              1         16     -0.10969227                            1_GWF-(1,91,82)
 Model                              2          5     -0.12169866                            1_GWF-(3,70,72)
 Model                              3          4  6.73030393E-04       *                    1_GWF-(2,25,19)
 ----------------------------------------------------------------------------------------------------------


 3 CALLS TO NUMERICAL SOLUTION IN TIME STEP 1 STRESS PERIOD 17
 25 TOTAL ITERATIONS

 SLN_2 OUTER ITERATION SUMMARY
 ----------------------------------------------------------------------------------------------------------
                                OUTER      INNER                    STEP   MAXIMUM CHANGE MODEL-(CELLID) OR
 OUTER ITERATION STEP       ITERATION  ITERATION  MAXIMUM CHANGE SUCCESS             MODEL-PACKAGE-(NUMBER)
 ----------------------------------------------------------------------------------------------------------
 Model                              1          2      0.41229657                            2_GWT-(12,32,3)
 Model                              2          1 -3.48165941E-13       *                    2_GWT-(12,32,3)
 ----------------------------------------------------------------------------------------------------------


 2 CALLS TO NUMERICAL SOLUTION IN TIME STEP 1 STRESS PERIOD 17
 3 TOTAL ITERATIONS
 
    Solving:  Stress period:    18    Time step:     1
 
1
 STRESS PERIOD NO. 18, LENGTH =   1.000000    
 ------------------------------------------
 NUMBER OF TIME STEPS = 1
 MULTIPLIER FOR DELT =     1.000

 OPENED ./external/chd_018.dat
 FILE TYPE:OPEN/CLOSE   UNIT 1309   STATUS:OLD                 
 FORMAT:FORMATTED              ACCESS:SEQUENTIAL          
 ACTION:READ                

 INITIAL TIME STEP SIZE =   1.000000    

 SLN_1 OUTER ITERATION SUMMARY
 ----------------------------------------------------------------------------------------------------------
                                OUTER      INNER                    STEP   MAXIMUM CHANGE MODEL-(CELLID) OR
 OUTER ITERATION STEP       ITERATION  ITERATION  MAXIMUM CHANGE SUCCESS             MODEL-PACKAGE-(NUMBER)
 ----------------------------------------------------------------------------------------------------------
 Model                              1         13 -9.95789281E-02                            1_GWF-(1,91,82)
 Model                              2          7 -1.69126051E-02                            1_GWF-(1,92,80)
 Model                              3          3  4.29232687E-04       *                    1_GWF-(3,61,20)
 ----------------------------------------------------------------------------------------------------------


 3 CALLS TO NUMERICAL SOLUTION IN TIME STEP 1 STRESS PERIOD 18
 23 TOTAL ITERATIONS

 SLN_2 OUTER ITERATION SUMMARY
 ----------------------------------------------------------------------------------------------------------
                                OUTER      INNER                    STEP   MAXIMUM CHANGE MODEL-(CELLID) OR
 OUTER ITERATION STEP       ITERATION  ITERATION  MAXIMUM CHANGE SUCCESS             MODEL-PACKAGE-(NUMBER)
 ----------------------------------------------------------------------------------------------------------
 Model                              1          2      0.47709915                            2_GWT-(12,32,3)
 Model                              2          1 -4.01456646E-13       *                    2_GWT-(12,32,3)
 ----------------------------------------------------------------------------------------------------------


 2 CALLS TO NUMERICAL SOLUTION IN TIME STEP 1 STRESS PERIOD 18
 3 TOTAL ITERATIONS
 
    Solving:  Stress period:    19    Time step:     1
 
1
 STRESS PERIOD NO. 19, LENGTH =   1.000000    
 ------------------------------------------
 NUMBER OF TIME STEPS = 1
 MULTIPLIER FOR DELT =     1.000

 OPENED ./external/chd_019.dat
 FILE TYPE:OPEN/CLOSE   UNIT 1311   STATUS:OLD                 
 FORMAT:FORMATTED              ACCESS:SEQUENTIAL          
 ACTION:READ                

 INITIAL TIME STEP SIZE =   1.000000    

 SLN_1 OUTER ITERATION SUMMARY
 ----------------------------------------------------------------------------------------------------------
                                OUTER      INNER                    STEP   MAXIMUM CHANGE MODEL-(CELLID) OR
 OUTER ITERATION STEP       ITERATION  ITERATION  MAXIMUM CHANGE SUCCESS             MODEL-PACKAGE-(NUMBER)
 ----------------------------------------------------------------------------------------------------------
 Model                              1         17      -1.8536012                            1_GWF-(1,92,80)
 Model                              2          5      0.88826392                            1_GWF-(1,92,80)
 Model                              3          4  9.12311196E-02                            1_GWF-(1,92,80)
 Model                              4          3  2.09235163E-02                            1_GWF-(1,92,80)
 Model                              5          1  2.07818155E-03       *                    1_GWF-(1,92,80)
 ----------------------------------------------------------------------------------------------------------


 5 CALLS TO NUMERICAL SOLUTION IN TIME STEP 1 STRESS PERIOD 19
 30 TOTAL ITERATIONS

 SLN_2 OUTER ITERATION SUMMARY
 ----------------------------------------------------------------------------------------------------------
                                OUTER      INNER                    STEP   MAXIMUM CHANGE MODEL-(CELLID) OR
 OUTER ITERATION STEP       ITERATION  ITERATION  MAXIMUM CHANGE SUCCESS             MODEL-PACKAGE-(NUMBER)
 ----------------------------------------------------------------------------------------------------------
 Model                              1          2      0.56752354                            2_GWT-(12,32,3)
 Model                              2          1 -4.19220214E-13       *                    2_GWT-(12,32,3)
 ----------------------------------------------------------------------------------------------------------


 2 CALLS TO NUMERICAL SOLUTION IN TIME STEP 1 STRESS PERIOD 19
 3 TOTAL ITERATIONS
 
    Solving:  Stress period:    20    Time step:     1
 
1
 STRESS PERIOD NO. 20, LENGTH =   1.000000    
 ------------------------------------------
 NUMBER OF TIME STEPS = 1
 MULTIPLIER FOR DELT =     1.000

 OPENED ./external/chd_020.dat
 FILE TYPE:OPEN/CLOSE   UNIT 1313   STATUS:OLD                 
 FORMAT:FORMATTED              ACCESS:SEQUENTIAL          
 ACTION:READ                

 INITIAL TIME STEP SIZE =   1.000000    

 SLN_1 OUTER ITERATION SUMMARY
 ----------------------------------------------------------------------------------------------------------
                                OUTER      INNER                    STEP   MAXIMUM CHANGE MODEL-(CELLID) OR
 OUTER ITERATION STEP       ITERATION  ITERATION  MAXIMUM CHANGE SUCCESS             MODEL-PACKAGE-(NUMBER)
 ----------------------------------------------------------------------------------------------------------
 Model                              1         17     -0.66144004                            1_GWF-(1,93,78)
 Model                              2          5 -9.85445778E-02                           1_GWF-(1,109,43)
 Model                              3          3  6.50545837E-03       *                    1_GWF-(1,93,78)
 ----------------------------------------------------------------------------------------------------------


 3 CALLS TO NUMERICAL SOLUTION IN TIME STEP 1 STRESS PERIOD 20
 25 TOTAL ITERATIONS

 SLN_2 OUTER ITERATION SUMMARY
 ----------------------------------------------------------------------------------------------------------
                                OUTER      INNER                    STEP   MAXIMUM CHANGE MODEL-(CELLID) OR
 OUTER ITERATION STEP       ITERATION  ITERATION  MAXIMUM CHANGE SUCCESS             MODEL-PACKAGE-(NUMBER)
 ----------------------------------------------------------------------------------------------------------
 Model                              1          2      0.46146876                            2_GWT-(12,32,3)
 Model                              2          1  4.08562073E-13       *                    2_GWT-(15,41,1)
 ----------------------------------------------------------------------------------------------------------


 2 CALLS TO NUMERICAL SOLUTION IN TIME STEP 1 STRESS PERIOD 20
 3 TOTAL ITERATIONS
 
    Solving:  Stress period:    21    Time step:     1
 
1
 STRESS PERIOD NO. 21, LENGTH =   1.000000    
 ------------------------------------------
 NUMBER OF TIME STEPS = 1
 MULTIPLIER FOR DELT =     1.000

 OPENED ./external/chd_021.dat
 FILE TYPE:OPEN/CLOSE   UNIT 1315   STATUS:OLD                 
 FORMAT:FORMATTED              ACCESS:SEQUENTIAL          
 ACTION:READ                

 INITIAL TIME STEP SIZE =   1.000000    

 SLN_1 OUTER ITERATION SUMMARY
 ----------------------------------------------------------------------------------------------------------
                                OUTER      INNER                    STEP   MAXIMUM CHANGE MODEL-(CELLID) OR
 OUTER ITERATION STEP       ITERATION  ITERATION  MAXIMUM CHANGE SUCCESS             MODEL-PACKAGE-(NUMBER)
 ----------------------------------------------------------------------------------------------------------
 Model                              1         15      0.38950224                            1_GWF-(1,92,79)
 Model                              2          7 -7.17172845E-03       *                    1_GWF-(1,70,40)
 ----------------------------------------------------------------------------------------------------------


 2 CALLS TO NUMERICAL SOLUTION IN TIME STEP 1 STRESS PERIOD 21
 22 TOTAL ITERATIONS

 SLN_2 OUTER ITERATION SUMMARY
 ----------------------------------------------------------------------------------------------------------
                                OUTER      INNER                    STEP   MAXIMUM CHANGE MODEL-(CELLID) OR
 OUTER ITERATION STEP       ITERATION  ITERATION  MAXIMUM CHANGE SUCCESS             MODEL-PACKAGE-(NUMBER)
 ----------------------------------------------------------------------------------------------------------
 Model                              1          2      -3.5620736                            2_GWT-(1,38,66)
 Model                              2          1 -1.82179425E-12       *                    2_GWT-(1,38,66)
 ----------------------------------------------------------------------------------------------------------


 2 CALLS TO NUMERICAL SOLUTION IN TIME STEP 1 STRESS PERIOD 21
 3 TOTAL ITERATIONS
 
    Solving:  Stress period:    22    Time step:     1
 
1
 STRESS PERIOD NO. 22, LENGTH =   1.000000    
 ------------------------------------------
 NUMBER OF TIME STEPS = 1
 MULTIPLIER FOR DELT =     1.000

 OPENED ./external/chd_022.dat
 FILE TYPE:OPEN/CLOSE   UNIT 1317   STATUS:OLD                 
 FORMAT:FORMATTED              ACCESS:SEQUENTIAL          
 ACTION:READ                

 INITIAL TIME STEP SIZE =   1.000000    

 SLN_1 OUTER ITERATION SUMMARY
 ----------------------------------------------------------------------------------------------------------
                                OUTER      INNER                    STEP   MAXIMUM CHANGE MODEL-(CELLID) OR
 OUTER ITERATION STEP       ITERATION  ITERATION  MAXIMUM CHANGE SUCCESS             MODEL-PACKAGE-(NUMBER)
 ----------------------------------------------------------------------------------------------------------
 Model                              1         15     -0.18867380                            1_GWF-(1,92,79)
 Model                              2          8 -7.44595961E-02                           1_GWF-(1,109,22)
 Model                              3          3 -7.56622045E-04       *                    1_GWF-(1,72,20)
 ----------------------------------------------------------------------------------------------------------


 3 CALLS TO NUMERICAL SOLUTION IN TIME STEP 1 STRESS PERIOD 22
 26 TOTAL ITERATIONS

 SLN_2 OUTER ITERATION SUMMARY
 ----------------------------------------------------------------------------------------------------------
                                OUTER      INNER                    STEP   MAXIMUM CHANGE MODEL-(CELLID) OR
 OUTER ITERATION STEP       ITERATION  ITERATION  MAXIMUM CHANGE SUCCESS             MODEL-PACKAGE-(NUMBER)
 ----------------------------------------------------------------------------------------------------------
 Model                              1          2      0.30306809                            2_GWT-(12,32,3)
 Model                              2          1  3.71258579E-13       *                    2_GWT-(15,41,1)
 ----------------------------------------------------------------------------------------------------------


 2 CALLS TO NUMERICAL SOLUTION IN TIME STEP 1 STRESS PERIOD 22
 3 TOTAL ITERATIONS
 
    Solving:  Stress period:    23    Time step:     1
 
1
 STRESS PERIOD NO. 23, LENGTH =   1.000000    
 ------------------------------------------
 NUMBER OF TIME STEPS = 1
 MULTIPLIER FOR DELT =     1.000

 OPENED ./external/chd_023.dat
 FILE TYPE:OPEN/CLOSE   UNIT 1319   STATUS:OLD                 
 FORMAT:FORMATTED              ACCESS:SEQUENTIAL          
 ACTION:READ                

 INITIAL TIME STEP SIZE =   1.000000    

 SLN_1 OUTER ITERATION SUMMARY
 ----------------------------------------------------------------------------------------------------------
                                OUTER      INNER                    STEP   MAXIMUM CHANGE MODEL-(CELLID) OR
 OUTER ITERATION STEP       ITERATION  ITERATION  MAXIMUM CHANGE SUCCESS             MODEL-PACKAGE-(NUMBER)
 ----------------------------------------------------------------------------------------------------------
 Model                              1         15      0.46702570                            1_GWF-(1,92,79)
 Model                              2          3  1.22033975E-02                            1_GWF-(1,93,78)
 Model                              3          2  2.87899716E-04       *                    1_GWF-(4,51,71)
 ----------------------------------------------------------------------------------------------------------


 3 CALLS TO NUMERICAL SOLUTION IN TIME STEP 1 STRESS PERIOD 23
 20 TOTAL ITERATIONS

 SLN_2 OUTER ITERATION SUMMARY
 ----------------------------------------------------------------------------------------------------------
                                OUTER      INNER                    STEP   MAXIMUM CHANGE MODEL-(CELLID) OR
 OUTER ITERATION STEP       ITERATION  ITERATION  MAXIMUM CHANGE SUCCESS             MODEL-PACKAGE-(NUMBER)
 ----------------------------------------------------------------------------------------------------------
 Model                              1          2      0.26661632                           2_GWT-(15,48,72)
 Model                              2          1  3.28626015E-13       *                    2_GWT-(15,41,1)
 ----------------------------------------------------------------------------------------------------------


 2 CALLS TO NUMERICAL SOLUTION IN TIME STEP 1 STRESS PERIOD 23
 3 TOTAL ITERATIONS
 
    Solving:  Stress period:    24    Time step:     1
 
1
 STRESS PERIOD NO. 24, LENGTH =   1.000000    
 ------------------------------------------
 NUMBER OF TIME STEPS = 1
 MULTIPLIER FOR DELT =     1.000

 OPENED ./external/chd_024.dat
 FILE TYPE:OPEN/CLOSE   UNIT 1321   STATUS:OLD                 
 FORMAT:FORMATTED              ACCESS:SEQUENTIAL          
 ACTION:READ                

 INITIAL TIME STEP SIZE =   1.000000    

 SLN_1 OUTER ITERATION SUMMARY
 ----------------------------------------------------------------------------------------------------------
                                OUTER      INNER                    STEP   MAXIMUM CHANGE MODEL-(CELLID) OR
 OUTER ITERATION STEP       ITERATION  ITERATION  MAXIMUM CHANGE SUCCESS             MODEL-PACKAGE-(NUMBER)
 ----------------------------------------------------------------------------------------------------------
 Model                              1         22       7.3278540                            1_GWF-(1,92,79)
 Model                              2         12      -4.2948339                            1_GWF-(1,93,78)
 Model                              3          7     -0.91656382                            1_GWF-(1,93,78)
 Model                              4          5      0.29255614                            1_GWF-(1,92,78)
 Model                              5          4  5.98877065E-02                            1_GWF-(1,92,78)
 Model                              6          4  1.14760028E-02                            1_GWF-(1,92,78)
 Model                              7          3  2.17861702E-03       *                    1_GWF-(1,92,78)
 ----------------------------------------------------------------------------------------------------------


 7 CALLS TO NUMERICAL SOLUTION IN TIME STEP 1 STRESS PERIOD 24
 57 TOTAL ITERATIONS

 SLN_2 OUTER ITERATION SUMMARY
 ----------------------------------------------------------------------------------------------------------
                                OUTER      INNER                    STEP   MAXIMUM CHANGE MODEL-(CELLID) OR
 OUTER ITERATION STEP       ITERATION  ITERATION  MAXIMUM CHANGE SUCCESS             MODEL-PACKAGE-(NUMBER)
 ----------------------------------------------------------------------------------------------------------
 Model                              1          2     -0.47528536                            2_GWT-(1,42,35)
 Model                              2          1  2.32702746E-13       *                    2_GWT-(15,41,1)
 ----------------------------------------------------------------------------------------------------------


 2 CALLS TO NUMERICAL SOLUTION IN TIME STEP 1 STRESS PERIOD 24
 3 TOTAL ITERATIONS
 
    Solving:  Stress period:    25    Time step:     1
 
1
 STRESS PERIOD NO. 25, LENGTH =   1.000000    
 ------------------------------------------
 NUMBER OF TIME STEPS = 1
 MULTIPLIER FOR DELT =     1.000

 OPENED ./external/chd_025.dat
 FILE TYPE:OPEN/CLOSE   UNIT 1323   STATUS:OLD                 
 FORMAT:FORMATTED              ACCESS:SEQUENTIAL          
 ACTION:READ                

 INITIAL TIME STEP SIZE =   1.000000    

 SLN_1 OUTER ITERATION SUMMARY
 ----------------------------------------------------------------------------------------------------------
                                OUTER      INNER                    STEP   MAXIMUM CHANGE MODEL-(CELLID) OR
 OUTER ITERATION STEP       ITERATION  ITERATION  MAXIMUM CHANGE SUCCESS             MODEL-PACKAGE-(NUMBER)
 ----------------------------------------------------------------------------------------------------------
 Model                              1         18      -2.4187277                            1_GWF-(1,76,77)
 Model                              2         11     -0.90287411                            1_GWF-(1,80,80)
 Model                              3          6      0.19024810                            1_GWF-(1,94,77)
 Model                              4          4  1.92383748E-02                            1_GWF-(1,94,77)
 Model                              5          2  1.91115867E-03       *                    1_GWF-(1,94,77)
 ----------------------------------------------------------------------------------------------------------


 5 CALLS TO NUMERICAL SOLUTION IN TIME STEP 1 STRESS PERIOD 25
 41 TOTAL ITERATIONS

 SLN_2 OUTER ITERATION SUMMARY
 ----------------------------------------------------------------------------------------------------------
                                OUTER      INNER                    STEP   MAXIMUM CHANGE MODEL-(CELLID) OR
 OUTER ITERATION STEP       ITERATION  ITERATION  MAXIMUM CHANGE SUCCESS             MODEL-PACKAGE-(NUMBER)
 ----------------------------------------------------------------------------------------------------------
 Model                              1          2       1.4367920                            2_GWT-(1,45,64)
 Model                              2          1  6.33937347E-13       *                    2_GWT-(1,45,64)
 ----------------------------------------------------------------------------------------------------------


 2 CALLS TO NUMERICAL SOLUTION IN TIME STEP 1 STRESS PERIOD 25
 3 TOTAL ITERATIONS
 
    Solving:  Stress period:    26    Time step:     1
 
1
 STRESS PERIOD NO. 26, LENGTH =   1.000000    
 ------------------------------------------
 NUMBER OF TIME STEPS = 1
 MULTIPLIER FOR DELT =     1.000

 OPENED ./external/chd_026.dat
 FILE TYPE:OPEN/CLOSE   UNIT 1325   STATUS:OLD                 
 FORMAT:FORMATTED              ACCESS:SEQUENTIAL          
 ACTION:READ                

 INITIAL TIME STEP SIZE =   1.000000    

 SLN_1 OUTER ITERATION SUMMARY
 ----------------------------------------------------------------------------------------------------------
                                OUTER      INNER                    STEP   MAXIMUM CHANGE MODEL-(CELLID) OR
 OUTER ITERATION STEP       ITERATION  ITERATION  MAXIMUM CHANGE SUCCESS             MODEL-PACKAGE-(NUMBER)
 ----------------------------------------------------------------------------------------------------------
 Model                              1         15     -0.54923662                            1_GWF-(1,94,77)
 Model                              2          9      -2.6454089                            1_GWF-(1,92,79)
 Model                              3          4      0.20285302                            1_GWF-(1,92,79)
 Model                              4          3  2.05041276E-02                            1_GWF-(1,92,79)
 Model                              5          3  2.06501962E-03       *                    1_GWF-(1,92,79)
 ----------------------------------------------------------------------------------------------------------


 5 CALLS TO NUMERICAL SOLUTION IN TIME STEP 1 STRESS PERIOD 26
 34 TOTAL ITERATIONS

 SLN_2 OUTER ITERATION SUMMARY
 ----------------------------------------------------------------------------------------------------------
                                OUTER      INNER                    STEP   MAXIMUM CHANGE MODEL-(CELLID) OR
 OUTER ITERATION STEP       ITERATION  ITERATION  MAXIMUM CHANGE SUCCESS             MODEL-PACKAGE-(NUMBER)
 ----------------------------------------------------------------------------------------------------------
 Model                              1          2       3.5124736                            2_GWT-(1,38,66)
 Model                              2          1  1.50812696E-12       *                    2_GWT-(1,38,66)
 ----------------------------------------------------------------------------------------------------------


 2 CALLS TO NUMERICAL SOLUTION IN TIME STEP 1 STRESS PERIOD 26
 3 TOTAL ITERATIONS
 
    Solving:  Stress period:    27    Time step:     1
 
1
 STRESS PERIOD NO. 27, LENGTH =   1.000000    
 ------------------------------------------
 NUMBER OF TIME STEPS = 1
 MULTIPLIER FOR DELT =     1.000

 OPENED ./external/chd_027.dat
 FILE TYPE:OPEN/CLOSE   UNIT 1327   STATUS:OLD                 
 FORMAT:FORMATTED              ACCESS:SEQUENTIAL          
 ACTION:READ                

 INITIAL TIME STEP SIZE =   1.000000    

 SLN_1 OUTER ITERATION SUMMARY
 ----------------------------------------------------------------------------------------------------------
                                OUTER      INNER                    STEP   MAXIMUM CHANGE MODEL-(CELLID) OR
 OUTER ITERATION STEP       ITERATION  ITERATION  MAXIMUM CHANGE SUCCESS             MODEL-PACKAGE-(NUMBER)
 ----------------------------------------------------------------------------------------------------------
 Model                              1         18     -0.90225031                            1_GWF-(1,92,79)
 Model                              2          5 -8.74077118E-02                            1_GWF-(1,96,74)
 Model                              3          3  1.12974238E-03       *                    1_GWF-(3,72,77)
 ----------------------------------------------------------------------------------------------------------


 3 CALLS TO NUMERICAL SOLUTION IN TIME STEP 1 STRESS PERIOD 27
 26 TOTAL ITERATIONS

 SLN_2 OUTER ITERATION SUMMARY
 ----------------------------------------------------------------------------------------------------------
                                OUTER      INNER                    STEP   MAXIMUM CHANGE MODEL-(CELLID) OR
 OUTER ITERATION STEP       ITERATION  ITERATION  MAXIMUM CHANGE SUCCESS             MODEL-PACKAGE-(NUMBER)
 ----------------------------------------------------------------------------------------------------------
 Model                              1          2     -0.34649402                           2_GWT-(11,40,70)
 Model                              2          1 -1.91846539E-13       *                   2_GWT-(14,48,72)
 ----------------------------------------------------------------------------------------------------------


 2 CALLS TO NUMERICAL SOLUTION IN TIME STEP 1 STRESS PERIOD 27
 3 TOTAL ITERATIONS
 
    Solving:  Stress period:    28    Time step:     1
 
1
 STRESS PERIOD NO. 28, LENGTH =   1.000000    
 ------------------------------------------
 NUMBER OF TIME STEPS = 1
 MULTIPLIER FOR DELT =     1.000

 OPENED ./external/chd_028.dat
 FILE TYPE:OPEN/CLOSE   UNIT 1329   STATUS:OLD                 
 FORMAT:FORMATTED              ACCESS:SEQUENTIAL          
 ACTION:READ                

 INITIAL TIME STEP SIZE =   1.000000    

 SLN_1 OUTER ITERATION SUMMARY
 ----------------------------------------------------------------------------------------------------------
                                OUTER      INNER                    STEP   MAXIMUM CHANGE MODEL-(CELLID) OR
 OUTER ITERATION STEP       ITERATION  ITERATION  MAXIMUM CHANGE SUCCESS             MODEL-PACKAGE-(NUMBER)
 ----------------------------------------------------------------------------------------------------------
 Model                              1         16      0.56643140                            1_GWF-(1,92,79)
 Model                              2          4  5.49427576E-02                            1_GWF-(2,93,79)
 Model                              3          3 -1.50593235E-04       *                    1_GWF-(1,56,38)
 ----------------------------------------------------------------------------------------------------------


 3 CALLS TO NUMERICAL SOLUTION IN TIME STEP 1 STRESS PERIOD 28
 23 TOTAL ITERATIONS

 SLN_2 OUTER ITERATION SUMMARY
 ----------------------------------------------------------------------------------------------------------
                                OUTER      INNER                    STEP   MAXIMUM CHANGE MODEL-(CELLID) OR
 OUTER ITERATION STEP       ITERATION  ITERATION  MAXIMUM CHANGE SUCCESS             MODEL-PACKAGE-(NUMBER)
 ----------------------------------------------------------------------------------------------------------
 Model                              1          2      -3.5124736                            2_GWT-(1,38,66)
 Model                              2          1 -1.45025570E-12       *                    2_GWT-(1,38,66)
 ----------------------------------------------------------------------------------------------------------


 2 CALLS TO NUMERICAL SOLUTION IN TIME STEP 1 STRESS PERIOD 28
 3 TOTAL ITERATIONS
 
    Solving:  Stress period:    29    Time step:     1
 
1
 STRESS PERIOD NO. 29, LENGTH =   1.000000    
 ------------------------------------------
 NUMBER OF TIME STEPS = 1
 MULTIPLIER FOR DELT =     1.000

 OPENED ./external/chd_029.dat
 FILE TYPE:OPEN/CLOSE   UNIT 1331   STATUS:OLD                 
 FORMAT:FORMATTED              ACCESS:SEQUENTIAL          
 ACTION:READ                

 INITIAL TIME STEP SIZE =   1.000000    

 SLN_1 OUTER ITERATION SUMMARY
 ----------------------------------------------------------------------------------------------------------
                                OUTER      INNER                    STEP   MAXIMUM CHANGE MODEL-(CELLID) OR
 OUTER ITERATION STEP       ITERATION  ITERATION  MAXIMUM CHANGE SUCCESS             MODEL-PACKAGE-(NUMBER)
 ----------------------------------------------------------------------------------------------------------
 Model                              1         16       1.1413895                            1_GWF-(1,92,79)
 Model                              2          6      0.11415305                            1_GWF-(1,92,79)
 Model                              3          4 -7.74434239E-03       *                    1_GWF-(1,81,74)
 ----------------------------------------------------------------------------------------------------------


 3 CALLS TO NUMERICAL SOLUTION IN TIME STEP 1 STRESS PERIOD 29
 26 TOTAL ITERATIONS

 SLN_2 OUTER ITERATION SUMMARY
 ----------------------------------------------------------------------------------------------------------
                                OUTER      INNER                    STEP   MAXIMUM CHANGE MODEL-(CELLID) OR
 OUTER ITERATION STEP       ITERATION  ITERATION  MAXIMUM CHANGE SUCCESS             MODEL-PACKAGE-(NUMBER)
 ----------------------------------------------------------------------------------------------------------
 Model                              1          2     -0.34874801                           2_GWT-(11,40,70)
 Model                              2          1 -1.42108547E-13       *                   2_GWT-(14,48,72)
 ----------------------------------------------------------------------------------------------------------


 2 CALLS TO NUMERICAL SOLUTION IN TIME STEP 1 STRESS PERIOD 29
 3 TOTAL ITERATIONS
 
    Solving:  Stress period:    30    Time step:     1
 
1
 STRESS PERIOD NO. 30, LENGTH =   1.000000    
 ------------------------------------------
 NUMBER OF TIME STEPS = 1
 MULTIPLIER FOR DELT =     1.000

 OPENED ./external/chd_030.dat
 FILE TYPE:OPEN/CLOSE   UNIT 1333   STATUS:OLD                 
 FORMAT:FORMATTED              ACCESS:SEQUENTIAL          
 ACTION:READ                

 INITIAL TIME STEP SIZE =   1.000000    

 SLN_1 OUTER ITERATION SUMMARY
 ----------------------------------------------------------------------------------------------------------
                                OUTER      INNER                    STEP   MAXIMUM CHANGE MODEL-(CELLID) OR
 OUTER ITERATION STEP       ITERATION  ITERATION  MAXIMUM CHANGE SUCCESS             MODEL-PACKAGE-(NUMBER)
 ----------------------------------------------------------------------------------------------------------
 Model                              1         21       2.5279964                            1_GWF-(1,92,79)
 Model                              2         10     -0.88141443                            1_GWF-(1,92,79)
 Model                              3          6     -0.11271288                            1_GWF-(1,92,79)
 Model                              4          5 -1.17327794E-02                            1_GWF-(1,92,79)
 Model                              5          3  1.29487790E-03       *                    1_GWF-(1,92,78)
 ----------------------------------------------------------------------------------------------------------


 5 CALLS TO NUMERICAL SOLUTION IN TIME STEP 1 STRESS PERIOD 30
 45 TOTAL ITERATIONS

 SLN_2 OUTER ITERATION SUMMARY
 ----------------------------------------------------------------------------------------------------------
                                OUTER      INNER                    STEP   MAXIMUM CHANGE MODEL-(CELLID) OR
 OUTER ITERATION STEP       ITERATION  ITERATION  MAXIMUM CHANGE SUCCESS             MODEL-PACKAGE-(NUMBER)
 ----------------------------------------------------------------------------------------------------------
 Model                              1          2     -0.34394334                           2_GWT-(11,40,70)
 Model                              2          1 -1.06581410E-13       *                   2_GWT-(14,48,72)
 ----------------------------------------------------------------------------------------------------------


 2 CALLS TO NUMERICAL SOLUTION IN TIME STEP 1 STRESS PERIOD 30
 3 TOTAL ITERATIONS
 
    Solving:  Stress period:    31    Time step:     1
 
1
 STRESS PERIOD NO. 31, LENGTH =   1.000000    
 ------------------------------------------
 NUMBER OF TIME STEPS = 1
 MULTIPLIER FOR DELT =     1.000

 OPENED ./external/chd_031.dat
 FILE TYPE:OPEN/CLOSE   UNIT 1335   STATUS:OLD                 
 FORMAT:FORMATTED              ACCESS:SEQUENTIAL          
 ACTION:READ                

 INITIAL TIME STEP SIZE =   1.000000    

 SLN_1 OUTER ITERATION SUMMARY
 ----------------------------------------------------------------------------------------------------------
                                OUTER      INNER                    STEP   MAXIMUM CHANGE MODEL-(CELLID) OR
 OUTER ITERATION STEP       ITERATION  ITERATION  MAXIMUM CHANGE SUCCESS             MODEL-PACKAGE-(NUMBER)
 ----------------------------------------------------------------------------------------------------------
 Model                              1         17      -1.1809371                            1_GWF-(1,76,77)
 Model                              2          8      -2.9785124                            1_GWF-(1,92,79)
 Model                              3          5      0.37075122                            1_GWF-(1,92,79)
 Model                              4          4  3.78964764E-02                            1_GWF-(1,92,79)
 Model                              5          2  3.78488535E-03       *                    1_GWF-(1,92,79)
 ----------------------------------------------------------------------------------------------------------


 5 CALLS TO NUMERICAL SOLUTION IN TIME STEP 1 STRESS PERIOD 31
 36 TOTAL ITERATIONS

 SLN_2 OUTER ITERATION SUMMARY
 ----------------------------------------------------------------------------------------------------------
                                OUTER      INNER                    STEP   MAXIMUM CHANGE MODEL-(CELLID) OR
 OUTER ITERATION STEP       ITERATION  ITERATION  MAXIMUM CHANGE SUCCESS             MODEL-PACKAGE-(NUMBER)
 ----------------------------------------------------------------------------------------------------------
 Model                              1          2       1.4247186                            2_GWT-(1,45,64)
 Model                              2          1  3.97681887E-13       *                    2_GWT-(1,45,64)
 ----------------------------------------------------------------------------------------------------------


 2 CALLS TO NUMERICAL SOLUTION IN TIME STEP 1 STRESS PERIOD 31
 3 TOTAL ITERATIONS
 
    Solving:  Stress period:    32    Time step:     1
 
1
 STRESS PERIOD NO. 32, LENGTH =   1.000000    
 ------------------------------------------
 NUMBER OF TIME STEPS = 1
 MULTIPLIER FOR DELT =     1.000

 OPENED ./external/chd_032.dat
 FILE TYPE:OPEN/CLOSE   UNIT 1337   STATUS:OLD                 
 FORMAT:FORMATTED              ACCESS:SEQUENTIAL          
 ACTION:READ                

 INITIAL TIME STEP SIZE =   1.000000    

 SLN_1 OUTER ITERATION SUMMARY
 ----------------------------------------------------------------------------------------------------------
                                OUTER      INNER                    STEP   MAXIMUM CHANGE MODEL-(CELLID) OR
 OUTER ITERATION STEP       ITERATION  ITERATION  MAXIMUM CHANGE SUCCESS             MODEL-PACKAGE-(NUMBER)
 ----------------------------------------------------------------------------------------------------------
 Model                              1         16     -0.56257065                            1_GWF-(1,92,79)
 Model                              2          6     -0.20344324                            1_GWF-(2,72,77)
 Model                              3          3  1.07733614E-02                            1_GWF-(2,72,77)
 Model                              4          3  1.08842380E-03       *                    1_GWF-(3,72,77)
 ----------------------------------------------------------------------------------------------------------


 4 CALLS TO NUMERICAL SOLUTION IN TIME STEP 1 STRESS PERIOD 32
 28 TOTAL ITERATIONS

 SLN_2 OUTER ITERATION SUMMARY
 ----------------------------------------------------------------------------------------------------------
                                OUTER      INNER                    STEP   MAXIMUM CHANGE MODEL-(CELLID) OR
 OUTER ITERATION STEP       ITERATION  ITERATION  MAXIMUM CHANGE SUCCESS             MODEL-PACKAGE-(NUMBER)
 ----------------------------------------------------------------------------------------------------------
 Model                              1          2       3.4702804                            2_GWT-(1,38,66)
 Model                              2          1  8.38884517E-13       *                    2_GWT-(1,38,66)
 ----------------------------------------------------------------------------------------------------------


 2 CALLS TO NUMERICAL SOLUTION IN TIME STEP 1 STRESS PERIOD 32
 3 TOTAL ITERATIONS
 
    Solving:  Stress period:    33    Time step:     1
 
1
 STRESS PERIOD NO. 33, LENGTH =   1.000000    
 ------------------------------------------
 NUMBER OF TIME STEPS = 1
 MULTIPLIER FOR DELT =     1.000
 #k i j q boundname

 OPENED .\external\wel_060.dat
 FILE TYPE:OPEN/CLOSE   UNIT 1338   STATUS:OLD                 
 FORMAT:FORMATTED              ACCESS:SEQUENTIAL          
 ACTION:READ                


 OPENED ./external/chd_033.dat
 FILE TYPE:OPEN/CLOSE   UNIT 1340   STATUS:OLD                 
 FORMAT:FORMATTED              ACCESS:SEQUENTIAL          
 ACTION:READ                

 INITIAL TIME STEP SIZE =   1.000000    

 SLN_1 OUTER ITERATION SUMMARY
 ----------------------------------------------------------------------------------------------------------
                                OUTER      INNER                    STEP   MAXIMUM CHANGE MODEL-(CELLID) OR
 OUTER ITERATION STEP       ITERATION  ITERATION  MAXIMUM CHANGE SUCCESS             MODEL-PACKAGE-(NUMBER)
 ----------------------------------------------------------------------------------------------------------
 Model                              1         17       1.9366914                          1_GWF-(14,147,59)
 Model                              2          8 -3.10511931E-02                           1_GWF-(1,102,27)
 Model                              3          4 -3.11911183E-03       *                   1_GWF-(1,102,27)
 ----------------------------------------------------------------------------------------------------------


 3 CALLS TO NUMERICAL SOLUTION IN TIME STEP 1 STRESS PERIOD 33
 29 TOTAL ITERATIONS

 SLN_2 OUTER ITERATION SUMMARY
 ----------------------------------------------------------------------------------------------------------
                                OUTER      INNER                    STEP   MAXIMUM CHANGE MODEL-(CELLID) OR
 OUTER ITERATION STEP       ITERATION  ITERATION  MAXIMUM CHANGE SUCCESS             MODEL-PACKAGE-(NUMBER)
 ----------------------------------------------------------------------------------------------------------
 Model                              1          2      -3.4702804                            2_GWT-(1,38,66)
 Model                              2          1 -6.21628418E-13       *                    2_GWT-(1,38,66)
 ----------------------------------------------------------------------------------------------------------


 2 CALLS TO NUMERICAL SOLUTION IN TIME STEP 1 STRESS PERIOD 33
 3 TOTAL ITERATIONS
 
    Solving:  Stress period:    34    Time step:     1
 
1
 STRESS PERIOD NO. 34, LENGTH =   1.000000    
 ------------------------------------------
 NUMBER OF TIME STEPS = 1
 MULTIPLIER FOR DELT =     1.000

 OPENED ./external/chd_034.dat
 FILE TYPE:OPEN/CLOSE   UNIT 1342   STATUS:OLD                 
 FORMAT:FORMATTED              ACCESS:SEQUENTIAL          
 ACTION:READ                

 INITIAL TIME STEP SIZE =   1.000000    

 SLN_1 OUTER ITERATION SUMMARY
 ----------------------------------------------------------------------------------------------------------
                                OUTER      INNER                    STEP   MAXIMUM CHANGE MODEL-(CELLID) OR
 OUTER ITERATION STEP       ITERATION  ITERATION  MAXIMUM CHANGE SUCCESS             MODEL-PACKAGE-(NUMBER)
 ----------------------------------------------------------------------------------------------------------
 Model                              1         16      -1.9559258                            1_GWF-(1,92,79)
 Model                              2          6      0.61130468                            1_GWF-(1,92,79)
 Model                              3          4  6.33501334E-02                            1_GWF-(1,92,79)
 Model                              4          3  6.37610607E-03       *                    1_GWF-(1,92,79)
 ----------------------------------------------------------------------------------------------------------


 4 CALLS TO NUMERICAL SOLUTION IN TIME STEP 1 STRESS PERIOD 34
 29 TOTAL ITERATIONS

 SLN_2 OUTER ITERATION SUMMARY
 ----------------------------------------------------------------------------------------------------------
                                OUTER      INNER                    STEP   MAXIMUM CHANGE MODEL-(CELLID) OR
 OUTER ITERATION STEP       ITERATION  ITERATION  MAXIMUM CHANGE SUCCESS             MODEL-PACKAGE-(NUMBER)
 ----------------------------------------------------------------------------------------------------------
 Model                              1          2       3.4584620                            2_GWT-(1,38,66)
 Model                              2          1  5.81756865E-13       *                    2_GWT-(1,38,66)
 ----------------------------------------------------------------------------------------------------------


 2 CALLS TO NUMERICAL SOLUTION IN TIME STEP 1 STRESS PERIOD 34
 3 TOTAL ITERATIONS
 
    Solving:  Stress period:    35    Time step:     1
 
1
 STRESS PERIOD NO. 35, LENGTH =   1.000000    
 ------------------------------------------
 NUMBER OF TIME STEPS = 1
 MULTIPLIER FOR DELT =     1.000

 OPENED ./external/chd_035.dat
 FILE TYPE:OPEN/CLOSE   UNIT 1344   STATUS:OLD                 
 FORMAT:FORMATTED              ACCESS:SEQUENTIAL          
 ACTION:READ                

 INITIAL TIME STEP SIZE =   1.000000    

 SLN_1 OUTER ITERATION SUMMARY
 ----------------------------------------------------------------------------------------------------------
                                OUTER      INNER                    STEP   MAXIMUM CHANGE MODEL-(CELLID) OR
 OUTER ITERATION STEP       ITERATION  ITERATION  MAXIMUM CHANGE SUCCESS             MODEL-PACKAGE-(NUMBER)
 ----------------------------------------------------------------------------------------------------------
 Model                              1         15 -5.52603520E-02                            1_GWF-(1,91,82)
 Model                              2          5     -0.23748428                            1_GWF-(1,92,80)
 Model                              3          3 -6.47597641E-04       *                    1_GWF-(2,92,80)
 ----------------------------------------------------------------------------------------------------------


 3 CALLS TO NUMERICAL SOLUTION IN TIME STEP 1 STRESS PERIOD 35
 23 TOTAL ITERATIONS

 SLN_2 OUTER ITERATION SUMMARY
 ----------------------------------------------------------------------------------------------------------
                                OUTER      INNER                    STEP   MAXIMUM CHANGE MODEL-(CELLID) OR
 OUTER ITERATION STEP       ITERATION  ITERATION  MAXIMUM CHANGE SUCCESS             MODEL-PACKAGE-(NUMBER)
 ----------------------------------------------------------------------------------------------------------
 Model                              1          2      0.33289080                            2_GWT-(14,40,1)
 Model                              2          1  4.24105195E-14       *                    2_GWT-(1,42,35)
 ----------------------------------------------------------------------------------------------------------


 2 CALLS TO NUMERICAL SOLUTION IN TIME STEP 1 STRESS PERIOD 35
 3 TOTAL ITERATIONS
 
    Solving:  Stress period:    36    Time step:     1
 
1
 STRESS PERIOD NO. 36, LENGTH =   1.000000    
 ------------------------------------------
 NUMBER OF TIME STEPS = 1
 MULTIPLIER FOR DELT =     1.000

 OPENED ./external/chd_036.dat
 FILE TYPE:OPEN/CLOSE   UNIT 1346   STATUS:OLD                 
 FORMAT:FORMATTED              ACCESS:SEQUENTIAL          
 ACTION:READ                

 INITIAL TIME STEP SIZE =   1.000000    

 SLN_1 OUTER ITERATION SUMMARY
 ----------------------------------------------------------------------------------------------------------
                                OUTER      INNER                    STEP   MAXIMUM CHANGE MODEL-(CELLID) OR
 OUTER ITERATION STEP       ITERATION  ITERATION  MAXIMUM CHANGE SUCCESS             MODEL-PACKAGE-(NUMBER)
 ----------------------------------------------------------------------------------------------------------
 Model                              1         23       3.3723951                            1_GWF-(1,92,79)
 Model                              2         12      -1.5390673                            1_GWF-(1,92,80)
 Model                              3          7     -0.20811783                            1_GWF-(1,92,80)
 Model                              4          5 -2.17066824E-02                            1_GWF-(1,92,80)
 Model                              5          3  3.76504164E-03       *                    1_GWF-(1,91,80)
 ----------------------------------------------------------------------------------------------------------


 5 CALLS TO NUMERICAL SOLUTION IN TIME STEP 1 STRESS PERIOD 36
 50 TOTAL ITERATIONS

 SLN_2 OUTER ITERATION SUMMARY
 ----------------------------------------------------------------------------------------------------------
                                OUTER      INNER                    STEP   MAXIMUM CHANGE MODEL-(CELLID) OR
 OUTER ITERATION STEP       ITERATION  ITERATION  MAXIMUM CHANGE SUCCESS             MODEL-PACKAGE-(NUMBER)
 ----------------------------------------------------------------------------------------------------------
 Model                              1          2      -3.4207423                            2_GWT-(1,38,66)
 Model                              2          1 -5.54015167E-13       *                    2_GWT-(1,38,66)
 ----------------------------------------------------------------------------------------------------------


 2 CALLS TO NUMERICAL SOLUTION IN TIME STEP 1 STRESS PERIOD 36
 3 TOTAL ITERATIONS
 
    Solving:  Stress period:    37    Time step:     1
 
1
 STRESS PERIOD NO. 37, LENGTH =   1.000000    
 ------------------------------------------
 NUMBER OF TIME STEPS = 1
 MULTIPLIER FOR DELT =     1.000

 OPENED ./external/chd_037.dat
 FILE TYPE:OPEN/CLOSE   UNIT 1348   STATUS:OLD                 
 FORMAT:FORMATTED              ACCESS:SEQUENTIAL          
 ACTION:READ                

 INITIAL TIME STEP SIZE =   1.000000    

 SLN_1 OUTER ITERATION SUMMARY
 ----------------------------------------------------------------------------------------------------------
                                OUTER      INNER                    STEP   MAXIMUM CHANGE MODEL-(CELLID) OR
 OUTER ITERATION STEP       ITERATION  ITERATION  MAXIMUM CHANGE SUCCESS             MODEL-PACKAGE-(NUMBER)
 ----------------------------------------------------------------------------------------------------------
 Model                              1         22      0.28089778                            1_GWF-(1,49,15)
 Model                              2          9      0.15221260                            1_GWF-(1,60,29)
 Model                              3          4 -4.82867134E-03       *                    1_GWF-(4,85,45)
 ----------------------------------------------------------------------------------------------------------


 3 CALLS TO NUMERICAL SOLUTION IN TIME STEP 1 STRESS PERIOD 37
 35 TOTAL ITERATIONS

 SLN_2 OUTER ITERATION SUMMARY
 ----------------------------------------------------------------------------------------------------------
                                OUTER      INNER                    STEP   MAXIMUM CHANGE MODEL-(CELLID) OR
 OUTER ITERATION STEP       ITERATION  ITERATION  MAXIMUM CHANGE SUCCESS             MODEL-PACKAGE-(NUMBER)
 ----------------------------------------------------------------------------------------------------------
 Model                              1          2      0.48143751                            2_GWT-(14,40,1)
 Model                              2          1 -1.63424829E-13       *                    2_GWT-(14,40,1)
 ----------------------------------------------------------------------------------------------------------


 2 CALLS TO NUMERICAL SOLUTION IN TIME STEP 1 STRESS PERIOD 37
 3 TOTAL ITERATIONS
 
    Solving:  Stress period:    38    Time step:     1
 
1
 STRESS PERIOD NO. 38, LENGTH =   1.000000    
 ------------------------------------------
 NUMBER OF TIME STEPS = 1
 MULTIPLIER FOR DELT =     1.000

 OPENED ./external/chd_038.dat
 FILE TYPE:OPEN/CLOSE   UNIT 1350   STATUS:OLD                 
 FORMAT:FORMATTED              ACCESS:SEQUENTIAL          
 ACTION:READ                

 INITIAL TIME STEP SIZE =   1.000000    

 SLN_1 OUTER ITERATION SUMMARY
 ----------------------------------------------------------------------------------------------------------
                                OUTER      INNER                    STEP   MAXIMUM CHANGE MODEL-(CELLID) OR
 OUTER ITERATION STEP       ITERATION  ITERATION  MAXIMUM CHANGE SUCCESS             MODEL-PACKAGE-(NUMBER)
 ----------------------------------------------------------------------------------------------------------
 Model                              1         17      -1.0167361                            1_GWF-(1,76,77)
 Model                              2          8      -2.2821562                            1_GWF-(1,92,79)
 Model                              3          5      0.21309178                            1_GWF-(1,92,79)
 Model                              4          3  2.15303866E-02                            1_GWF-(1,92,79)
 Model                              5          2  2.22160243E-03       *                    1_GWF-(1,92,79)
 ----------------------------------------------------------------------------------------------------------


 5 CALLS TO NUMERICAL SOLUTION IN TIME STEP 1 STRESS PERIOD 38
 35 TOTAL ITERATIONS

 SLN_2 OUTER ITERATION SUMMARY
 ----------------------------------------------------------------------------------------------------------
                                OUTER      INNER                    STEP   MAXIMUM CHANGE MODEL-(CELLID) OR
 OUTER ITERATION STEP       ITERATION  ITERATION  MAXIMUM CHANGE SUCCESS             MODEL-PACKAGE-(NUMBER)
 ----------------------------------------------------------------------------------------------------------
 Model                              1          2       1.4094036                            2_GWT-(1,45,64)
 Model                              2          1  7.99360578E-13       *                    2_GWT-(1,45,64)
 ----------------------------------------------------------------------------------------------------------


 2 CALLS TO NUMERICAL SOLUTION IN TIME STEP 1 STRESS PERIOD 38
 3 TOTAL ITERATIONS
 
    Solving:  Stress period:    39    Time step:     1
 
1
 STRESS PERIOD NO. 39, LENGTH =   1.000000    
 ------------------------------------------
 NUMBER OF TIME STEPS = 1
 MULTIPLIER FOR DELT =     1.000

 OPENED ./external/chd_039.dat
 FILE TYPE:OPEN/CLOSE   UNIT 1352   STATUS:OLD                 
 FORMAT:FORMATTED              ACCESS:SEQUENTIAL          
 ACTION:READ                

 INITIAL TIME STEP SIZE =   1.000000    

 SLN_1 OUTER ITERATION SUMMARY
 ----------------------------------------------------------------------------------------------------------
                                OUTER      INNER                    STEP   MAXIMUM CHANGE MODEL-(CELLID) OR
 OUTER ITERATION STEP       ITERATION  ITERATION  MAXIMUM CHANGE SUCCESS             MODEL-PACKAGE-(NUMBER)
 ----------------------------------------------------------------------------------------------------------
 Model                              1         20       2.1647959                            1_GWF-(1,92,79)
 Model                              2         10      0.23944138                            1_GWF-(1,60,29)
 Model                              3          6 -2.42632971E-02                           1_GWF-(1,101,66)
 Model                              4          4 -2.43576402E-03       *                   1_GWF-(1,101,66)
 ----------------------------------------------------------------------------------------------------------


 4 CALLS TO NUMERICAL SOLUTION IN TIME STEP 1 STRESS PERIOD 39
 40 TOTAL ITERATIONS

 SLN_2 OUTER ITERATION SUMMARY
 ----------------------------------------------------------------------------------------------------------
                                OUTER      INNER                    STEP   MAXIMUM CHANGE MODEL-(CELLID) OR
 OUTER ITERATION STEP       ITERATION  ITERATION  MAXIMUM CHANGE SUCCESS             MODEL-PACKAGE-(NUMBER)
 ----------------------------------------------------------------------------------------------------------
 Model                              1          2      -1.4094036                            2_GWT-(1,45,64)
 Model                              2          1 -2.98243175E-13       *                    2_GWT-(1,45,64)
 ----------------------------------------------------------------------------------------------------------


 2 CALLS TO NUMERICAL SOLUTION IN TIME STEP 1 STRESS PERIOD 39
 3 TOTAL ITERATIONS
 
    Solving:  Stress period:    40    Time step:     1
 
1
 STRESS PERIOD NO. 40, LENGTH =   1.000000    
 ------------------------------------------
 NUMBER OF TIME STEPS = 1
 MULTIPLIER FOR DELT =     1.000

 OPENED ./external/chd_040.dat
 FILE TYPE:OPEN/CLOSE   UNIT 1354   STATUS:OLD                 
 FORMAT:FORMATTED              ACCESS:SEQUENTIAL          
 ACTION:READ                

 INITIAL TIME STEP SIZE =   1.000000    

 SLN_1 OUTER ITERATION SUMMARY
 ----------------------------------------------------------------------------------------------------------
                                OUTER      INNER                    STEP   MAXIMUM CHANGE MODEL-(CELLID) OR
 OUTER ITERATION STEP       ITERATION  ITERATION  MAXIMUM CHANGE SUCCESS             MODEL-PACKAGE-(NUMBER)
 ----------------------------------------------------------------------------------------------------------
 Model                              1         19      -1.0431600                            1_GWF-(1,76,77)
 Model                              2          9      -2.6690724                            1_GWF-(1,92,79)
 Model                              3          6      0.40858804                            1_GWF-(1,92,79)
 Model                              4          4  4.16335171E-02                            1_GWF-(1,92,79)
 Model                              5          3  4.19785689E-03       *                    1_GWF-(1,92,79)
 ----------------------------------------------------------------------------------------------------------


 5 CALLS TO NUMERICAL SOLUTION IN TIME STEP 1 STRESS PERIOD 40
 41 TOTAL ITERATIONS

 SLN_2 OUTER ITERATION SUMMARY
 ----------------------------------------------------------------------------------------------------------
                                OUTER      INNER                    STEP   MAXIMUM CHANGE MODEL-(CELLID) OR
 OUTER ITERATION STEP       ITERATION  ITERATION  MAXIMUM CHANGE SUCCESS             MODEL-PACKAGE-(NUMBER)
 ----------------------------------------------------------------------------------------------------------
 Model                              1          2       1.4034847                            2_GWT-(1,45,64)
 Model                              2          1  4.78284079E-13       *                    2_GWT-(1,45,64)
 ----------------------------------------------------------------------------------------------------------


 2 CALLS TO NUMERICAL SOLUTION IN TIME STEP 1 STRESS PERIOD 40
 3 TOTAL ITERATIONS
 
    Solving:  Stress period:    41    Time step:     1
 
1
 STRESS PERIOD NO. 41, LENGTH =   1.000000    
 ------------------------------------------
 NUMBER OF TIME STEPS = 1
 MULTIPLIER FOR DELT =     1.000

 OPENED ./external/chd_041.dat
 FILE TYPE:OPEN/CLOSE   UNIT 1356   STATUS:OLD                 
 FORMAT:FORMATTED              ACCESS:SEQUENTIAL          
 ACTION:READ                

 INITIAL TIME STEP SIZE =   1.000000    

 SLN_1 OUTER ITERATION SUMMARY
 ----------------------------------------------------------------------------------------------------------
                                OUTER      INNER                    STEP   MAXIMUM CHANGE MODEL-(CELLID) OR
 OUTER ITERATION STEP       ITERATION  ITERATION  MAXIMUM CHANGE SUCCESS             MODEL-PACKAGE-(NUMBER)
 ----------------------------------------------------------------------------------------------------------
 Model                              1         18     -0.54420138                            1_GWF-(1,92,79)
 Model                              2          6 -9.81364144E-02                            1_GWF-(1,97,73)
 Model                              3          4  1.62427664E-03       *                    1_GWF-(1,58,25)
 ----------------------------------------------------------------------------------------------------------


 3 CALLS TO NUMERICAL SOLUTION IN TIME STEP 1 STRESS PERIOD 41
 28 TOTAL ITERATIONS

 SLN_2 OUTER ITERATION SUMMARY
 ----------------------------------------------------------------------------------------------------------
                                OUTER      INNER                    STEP   MAXIMUM CHANGE MODEL-(CELLID) OR
 OUTER ITERATION STEP       ITERATION  ITERATION  MAXIMUM CHANGE SUCCESS             MODEL-PACKAGE-(NUMBER)
 ----------------------------------------------------------------------------------------------------------
 Model                              1          2       3.3966570                            2_GWT-(1,38,66)
 Model                              2          1  1.43440815E-12       *                    2_GWT-(1,38,66)
 ----------------------------------------------------------------------------------------------------------


 2 CALLS TO NUMERICAL SOLUTION IN TIME STEP 1 STRESS PERIOD 41
 3 TOTAL ITERATIONS
 
    Solving:  Stress period:    42    Time step:     1
 
1
 STRESS PERIOD NO. 42, LENGTH =   1.000000    
 ------------------------------------------
 NUMBER OF TIME STEPS = 1
 MULTIPLIER FOR DELT =     1.000

 OPENED ./external/chd_042.dat
 FILE TYPE:OPEN/CLOSE   UNIT 1358   STATUS:OLD                 
 FORMAT:FORMATTED              ACCESS:SEQUENTIAL          
 ACTION:READ                

 INITIAL TIME STEP SIZE =   1.000000    

 SLN_1 OUTER ITERATION SUMMARY
 ----------------------------------------------------------------------------------------------------------
                                OUTER      INNER                    STEP   MAXIMUM CHANGE MODEL-(CELLID) OR
 OUTER ITERATION STEP       ITERATION  ITERATION  MAXIMUM CHANGE SUCCESS             MODEL-PACKAGE-(NUMBER)
 ----------------------------------------------------------------------------------------------------------
 Model                              1         21       8.2667010                            1_GWF-(1,92,79)
 Model                              2         13      -4.5542578                            1_GWF-(1,92,79)
 Model                              3          7      -1.0145356                            1_GWF-(1,92,79)
 Model                              4          6      0.19805392                            1_GWF-(1,92,78)
 Model                              5          5  4.00643042E-02                            1_GWF-(1,92,78)
 Model                              6          4  7.64759599E-03       *                    1_GWF-(1,92,78)
 ----------------------------------------------------------------------------------------------------------


 6 CALLS TO NUMERICAL SOLUTION IN TIME STEP 1 STRESS PERIOD 42
 56 TOTAL ITERATIONS

 SLN_2 OUTER ITERATION SUMMARY
 ----------------------------------------------------------------------------------------------------------
                                OUTER      INNER                    STEP   MAXIMUM CHANGE MODEL-(CELLID) OR
 OUTER ITERATION STEP       ITERATION  ITERATION  MAXIMUM CHANGE SUCCESS             MODEL-PACKAGE-(NUMBER)
 ----------------------------------------------------------------------------------------------------------
 Model                              1          2      -3.1455735                            2_GWT-(1,38,66)
 Model                              2          1 -1.04388720E-12       *                    2_GWT-(1,38,66)
 ----------------------------------------------------------------------------------------------------------


 2 CALLS TO NUMERICAL SOLUTION IN TIME STEP 1 STRESS PERIOD 42
 3 TOTAL ITERATIONS
 
    Solving:  Stress period:    43    Time step:     1
 
1
 STRESS PERIOD NO. 43, LENGTH =   1.000000    
 ------------------------------------------
 NUMBER OF TIME STEPS = 1
 MULTIPLIER FOR DELT =     1.000

 OPENED ./external/chd_043.dat
 FILE TYPE:OPEN/CLOSE   UNIT 1360   STATUS:OLD                 
 FORMAT:FORMATTED              ACCESS:SEQUENTIAL          
 ACTION:READ                

 INITIAL TIME STEP SIZE =   1.000000    

 SLN_1 OUTER ITERATION SUMMARY
 ----------------------------------------------------------------------------------------------------------
                                OUTER      INNER                    STEP   MAXIMUM CHANGE MODEL-(CELLID) OR
 OUTER ITERATION STEP       ITERATION  ITERATION  MAXIMUM CHANGE SUCCESS             MODEL-PACKAGE-(NUMBER)
 ----------------------------------------------------------------------------------------------------------
 Model                              1         19       2.8161874                            1_GWF-(1,64,75)
 Model                              2         15     -0.99713411                            1_GWF-(1,61,73)
 Model                              3          6     -0.11419080                            1_GWF-(1,61,73)
 Model                              4          4 -1.16113642E-02                            1_GWF-(1,61,73)
 Model                              5          3 -1.16115344E-03       *                    1_GWF-(1,61,73)
 ----------------------------------------------------------------------------------------------------------


 5 CALLS TO NUMERICAL SOLUTION IN TIME STEP 1 STRESS PERIOD 43
 47 TOTAL ITERATIONS

 SLN_2 OUTER ITERATION SUMMARY
 ----------------------------------------------------------------------------------------------------------
                                OUTER      INNER                    STEP   MAXIMUM CHANGE MODEL-(CELLID) OR
 OUTER ITERATION STEP       ITERATION  ITERATION  MAXIMUM CHANGE SUCCESS             MODEL-PACKAGE-(NUMBER)
 ----------------------------------------------------------------------------------------------------------
 Model                              1          2     -0.44062543                            2_GWT-(1,29,41)
 Model                              2          1 -2.06057393E-13       *                    2_GWT-(13,40,1)
 ----------------------------------------------------------------------------------------------------------


 2 CALLS TO NUMERICAL SOLUTION IN TIME STEP 1 STRESS PERIOD 43
 3 TOTAL ITERATIONS
 
    Solving:  Stress period:    44    Time step:     1
 
1
 STRESS PERIOD NO. 44, LENGTH =   1.000000    
 ------------------------------------------
 NUMBER OF TIME STEPS = 1
 MULTIPLIER FOR DELT =     1.000

 OPENED ./external/chd_044.dat
 FILE TYPE:OPEN/CLOSE   UNIT 1362   STATUS:OLD                 
 FORMAT:FORMATTED              ACCESS:SEQUENTIAL          
 ACTION:READ                

 INITIAL TIME STEP SIZE =   1.000000    

 SLN_1 OUTER ITERATION SUMMARY
 ----------------------------------------------------------------------------------------------------------
                                OUTER      INNER                    STEP   MAXIMUM CHANGE MODEL-(CELLID) OR
 OUTER ITERATION STEP       ITERATION  ITERATION  MAXIMUM CHANGE SUCCESS             MODEL-PACKAGE-(NUMBER)
 ----------------------------------------------------------------------------------------------------------
 Model                              1         20      -3.5964096                            1_GWF-(1,62,74)
 Model                              2         12      -2.3918640                            1_GWF-(1,97,72)
 Model                              3          7      0.52195994                            1_GWF-(1,97,72)
 Model                              4          6  5.35569002E-02                            1_GWF-(1,97,72)
 Model                              5          4  5.36017665E-03       *                    1_GWF-(1,97,72)
 ----------------------------------------------------------------------------------------------------------


 5 CALLS TO NUMERICAL SOLUTION IN TIME STEP 1 STRESS PERIOD 44
 49 TOTAL ITERATIONS

 SLN_2 OUTER ITERATION SUMMARY
 ----------------------------------------------------------------------------------------------------------
                                OUTER      INNER                    STEP   MAXIMUM CHANGE MODEL-(CELLID) OR
 OUTER ITERATION STEP       ITERATION  ITERATION  MAXIMUM CHANGE SUCCESS             MODEL-PACKAGE-(NUMBER)
 ----------------------------------------------------------------------------------------------------------
 Model                              1          2       1.2439428                            2_GWT-(1,44,64)
 Model                              2          1  6.84785562E-13       *                    2_GWT-(1,44,64)
 ----------------------------------------------------------------------------------------------------------


 2 CALLS TO NUMERICAL SOLUTION IN TIME STEP 1 STRESS PERIOD 44
 3 TOTAL ITERATIONS
 
    Solving:  Stress period:    45    Time step:     1
 
1
 STRESS PERIOD NO. 45, LENGTH =   1.000000    
 ------------------------------------------
 NUMBER OF TIME STEPS = 1
 MULTIPLIER FOR DELT =     1.000

 OPENED ./external/chd_045.dat
 FILE TYPE:OPEN/CLOSE   UNIT 1364   STATUS:OLD                 
 FORMAT:FORMATTED              ACCESS:SEQUENTIAL          
 ACTION:READ                

 INITIAL TIME STEP SIZE =   1.000000    

 SLN_1 OUTER ITERATION SUMMARY
 ----------------------------------------------------------------------------------------------------------
                                OUTER      INNER                    STEP   MAXIMUM CHANGE MODEL-(CELLID) OR
 OUTER ITERATION STEP       ITERATION  ITERATION  MAXIMUM CHANGE SUCCESS             MODEL-PACKAGE-(NUMBER)
 ----------------------------------------------------------------------------------------------------------
 Model                              1         17     -0.82949057                            1_GWF-(3,63,75)
 Model                              2          6     -0.56410036                            1_GWF-(1,69,73)
 Model                              3          4 -5.94906318E-03       *                    1_GWF-(4,69,73)
 ----------------------------------------------------------------------------------------------------------


 3 CALLS TO NUMERICAL SOLUTION IN TIME STEP 1 STRESS PERIOD 45
 27 TOTAL ITERATIONS

 SLN_2 OUTER ITERATION SUMMARY
 ----------------------------------------------------------------------------------------------------------
                                OUTER      INNER                    STEP   MAXIMUM CHANGE MODEL-(CELLID) OR
 OUTER ITERATION STEP       ITERATION  ITERATION  MAXIMUM CHANGE SUCCESS             MODEL-PACKAGE-(NUMBER)
 ----------------------------------------------------------------------------------------------------------
 Model                              1          2       1.3753941                            2_GWT-(1,45,64)
 Model                              2          1  8.71969164E-13       *                    2_GWT-(1,45,64)
 ----------------------------------------------------------------------------------------------------------


 2 CALLS TO NUMERICAL SOLUTION IN TIME STEP 1 STRESS PERIOD 45
 3 TOTAL ITERATIONS
 
    Solving:  Stress period:    46    Time step:     1
 
1
 STRESS PERIOD NO. 46, LENGTH =   1.000000    
 ------------------------------------------
 NUMBER OF TIME STEPS = 1
 MULTIPLIER FOR DELT =     1.000

 OPENED ./external/chd_046.dat
 FILE TYPE:OPEN/CLOSE   UNIT 1366   STATUS:OLD                 
 FORMAT:FORMATTED              ACCESS:SEQUENTIAL          
 ACTION:READ                

 INITIAL TIME STEP SIZE =   1.000000    

 SLN_1 OUTER ITERATION SUMMARY
 ----------------------------------------------------------------------------------------------------------
                                OUTER      INNER                    STEP   MAXIMUM CHANGE MODEL-(CELLID) OR
 OUTER ITERATION STEP       ITERATION  ITERATION  MAXIMUM CHANGE SUCCESS             MODEL-PACKAGE-(NUMBER)
 ----------------------------------------------------------------------------------------------------------
 Model                              1         21      0.67597849                           1_GWF-(1,103,42)
 Model                              2          8 -7.40560637E-02                            1_GWF-(3,50,71)
 Model                              3          4 -7.41029818E-03       *                    1_GWF-(2,50,71)
 ----------------------------------------------------------------------------------------------------------


 3 CALLS TO NUMERICAL SOLUTION IN TIME STEP 1 STRESS PERIOD 46
 33 TOTAL ITERATIONS

 SLN_2 OUTER ITERATION SUMMARY
 ----------------------------------------------------------------------------------------------------------
                                OUTER      INNER                    STEP   MAXIMUM CHANGE MODEL-(CELLID) OR
 OUTER ITERATION STEP       ITERATION  ITERATION  MAXIMUM CHANGE SUCCESS             MODEL-PACKAGE-(NUMBER)
 ----------------------------------------------------------------------------------------------------------
 Model                              1          2      -1.3753941                            2_GWT-(1,45,64)
 Model                              2          1 -9.60004709E-13       *                    2_GWT-(1,45,64)
 ----------------------------------------------------------------------------------------------------------


 2 CALLS TO NUMERICAL SOLUTION IN TIME STEP 1 STRESS PERIOD 46
 3 TOTAL ITERATIONS
 
    Solving:  Stress period:    47    Time step:     1
 
1
 STRESS PERIOD NO. 47, LENGTH =   1.000000    
 ------------------------------------------
 NUMBER OF TIME STEPS = 1
 MULTIPLIER FOR DELT =     1.000

 OPENED ./external/chd_047.dat
 FILE TYPE:OPEN/CLOSE   UNIT 1368   STATUS:OLD                 
 FORMAT:FORMATTED              ACCESS:SEQUENTIAL          
 ACTION:READ                

 INITIAL TIME STEP SIZE =   1.000000    

 SLN_1 OUTER ITERATION SUMMARY
 ----------------------------------------------------------------------------------------------------------
                                OUTER      INNER                    STEP   MAXIMUM CHANGE MODEL-(CELLID) OR
 OUTER ITERATION STEP       ITERATION  ITERATION  MAXIMUM CHANGE SUCCESS             MODEL-PACKAGE-(NUMBER)
 ----------------------------------------------------------------------------------------------------------
 Model                              1         16     -0.33960648                           1_GWF-(1,103,42)
 Model                              2          5 -3.04479285E-02                            1_GWF-(4,85,44)
 Model                              3          3  1.19511200E-03       *                   1_GWF-(1,105,57)
 ----------------------------------------------------------------------------------------------------------


 3 CALLS TO NUMERICAL SOLUTION IN TIME STEP 1 STRESS PERIOD 47
 24 TOTAL ITERATIONS

 SLN_2 OUTER ITERATION SUMMARY
 ----------------------------------------------------------------------------------------------------------
                                OUTER      INNER                    STEP   MAXIMUM CHANGE MODEL-(CELLID) OR
 OUTER ITERATION STEP       ITERATION  ITERATION  MAXIMUM CHANGE SUCCESS             MODEL-PACKAGE-(NUMBER)
 ----------------------------------------------------------------------------------------------------------
 Model                              1          2      0.40051128                           2_GWT-(12,41,70)
 Model                              2          1  3.41060513E-13       *                    2_GWT-(15,41,1)
 ----------------------------------------------------------------------------------------------------------


 2 CALLS TO NUMERICAL SOLUTION IN TIME STEP 1 STRESS PERIOD 47
 3 TOTAL ITERATIONS
 
    Solving:  Stress period:    48    Time step:     1
 
1
 STRESS PERIOD NO. 48, LENGTH =   1.000000    
 ------------------------------------------
 NUMBER OF TIME STEPS = 1
 MULTIPLIER FOR DELT =     1.000

 OPENED ./external/chd_048.dat
 FILE TYPE:OPEN/CLOSE   UNIT 1370   STATUS:OLD                 
 FORMAT:FORMATTED              ACCESS:SEQUENTIAL          
 ACTION:READ                

 INITIAL TIME STEP SIZE =   1.000000    

 SLN_1 OUTER ITERATION SUMMARY
 ----------------------------------------------------------------------------------------------------------
                                OUTER      INNER                    STEP   MAXIMUM CHANGE MODEL-(CELLID) OR
 OUTER ITERATION STEP       ITERATION  ITERATION  MAXIMUM CHANGE SUCCESS             MODEL-PACKAGE-(NUMBER)
 ----------------------------------------------------------------------------------------------------------
 Model                              1         18     -0.23017591                            1_GWF-(1,65,71)
 Model                              2          5     -0.20955043                            1_GWF-(1,77,80)
 Model                              3          3 -1.61369274E-03       *                   1_GWF-(2,110,34)
 ----------------------------------------------------------------------------------------------------------


 3 CALLS TO NUMERICAL SOLUTION IN TIME STEP 1 STRESS PERIOD 48
 26 TOTAL ITERATIONS

 SLN_2 OUTER ITERATION SUMMARY
 ----------------------------------------------------------------------------------------------------------
                                OUTER      INNER                    STEP   MAXIMUM CHANGE MODEL-(CELLID) OR
 OUTER ITERATION STEP       ITERATION  ITERATION  MAXIMUM CHANGE SUCCESS             MODEL-PACKAGE-(NUMBER)
 ----------------------------------------------------------------------------------------------------------
 Model                              1          2      0.43697229                           2_GWT-(12,41,70)
 Model                              2          1  3.39284156E-13       *                    2_GWT-(15,41,1)
 ----------------------------------------------------------------------------------------------------------


 2 CALLS TO NUMERICAL SOLUTION IN TIME STEP 1 STRESS PERIOD 48
 3 TOTAL ITERATIONS
 
    Solving:  Stress period:    49    Time step:     1
 
1
 STRESS PERIOD NO. 49, LENGTH =   1.000000    
 ------------------------------------------
 NUMBER OF TIME STEPS = 1
 MULTIPLIER FOR DELT =     1.000

 OPENED ./external/chd_049.dat
 FILE TYPE:OPEN/CLOSE   UNIT 1372   STATUS:OLD                 
 FORMAT:FORMATTED              ACCESS:SEQUENTIAL          
 ACTION:READ                

 INITIAL TIME STEP SIZE =   1.000000    

 SLN_1 OUTER ITERATION SUMMARY
 ----------------------------------------------------------------------------------------------------------
                                OUTER      INNER                    STEP   MAXIMUM CHANGE MODEL-(CELLID) OR
 OUTER ITERATION STEP       ITERATION  ITERATION  MAXIMUM CHANGE SUCCESS             MODEL-PACKAGE-(NUMBER)
 ----------------------------------------------------------------------------------------------------------
 Model                              1         19      0.68757802                            1_GWF-(1,68,73)
 Model                              2          7 -9.94237196E-02                            1_GWF-(1,65,71)
 Model                              3          5 -1.00610544E-02                            1_GWF-(1,65,71)
 Model                              4          3  1.27365117E-03       *                    1_GWF-(3,59,39)
 ----------------------------------------------------------------------------------------------------------


 4 CALLS TO NUMERICAL SOLUTION IN TIME STEP 1 STRESS PERIOD 49
 34 TOTAL ITERATIONS

 SLN_2 OUTER ITERATION SUMMARY
 ----------------------------------------------------------------------------------------------------------
                                OUTER      INNER                    STEP   MAXIMUM CHANGE MODEL-(CELLID) OR
 OUTER ITERATION STEP       ITERATION  ITERATION  MAXIMUM CHANGE SUCCESS             MODEL-PACKAGE-(NUMBER)
 ----------------------------------------------------------------------------------------------------------
 Model                              1          2      0.37293093                           2_GWT-(12,41,70)
 Model                              2          1  2.62900812E-13       *                    2_GWT-(15,41,1)
 ----------------------------------------------------------------------------------------------------------


 2 CALLS TO NUMERICAL SOLUTION IN TIME STEP 1 STRESS PERIOD 49
 3 TOTAL ITERATIONS
 
    Solving:  Stress period:    50    Time step:     1
 
1
 STRESS PERIOD NO. 50, LENGTH =   1.000000    
 ------------------------------------------
 NUMBER OF TIME STEPS = 1
 MULTIPLIER FOR DELT =     1.000

 OPENED ./external/chd_050.dat
 FILE TYPE:OPEN/CLOSE   UNIT 1374   STATUS:OLD                 
 FORMAT:FORMATTED              ACCESS:SEQUENTIAL          
 ACTION:READ                

 INITIAL TIME STEP SIZE =   1.000000    

 SLN_1 OUTER ITERATION SUMMARY
 ----------------------------------------------------------------------------------------------------------
                                OUTER      INNER                    STEP   MAXIMUM CHANGE MODEL-(CELLID) OR
 OUTER ITERATION STEP       ITERATION  ITERATION  MAXIMUM CHANGE SUCCESS             MODEL-PACKAGE-(NUMBER)
 ----------------------------------------------------------------------------------------------------------
 Model                              1         18     -0.18760726                            1_GWF-(1,68,73)
 Model                              2          6  2.53258299E-02                            1_GWF-(4,92,18)
 Model                              3          3  8.42298216E-04       *                    1_GWF-(1,92,18)
 ----------------------------------------------------------------------------------------------------------


 3 CALLS TO NUMERICAL SOLUTION IN TIME STEP 1 STRESS PERIOD 50
 27 TOTAL ITERATIONS

 SLN_2 OUTER ITERATION SUMMARY
 ----------------------------------------------------------------------------------------------------------
                                OUTER      INNER                    STEP   MAXIMUM CHANGE MODEL-(CELLID) OR
 OUTER ITERATION STEP       ITERATION  ITERATION  MAXIMUM CHANGE SUCCESS             MODEL-PACKAGE-(NUMBER)
 ----------------------------------------------------------------------------------------------------------
 Model                              1          2      0.32146809                           2_GWT-(12,41,70)
 Model                              2          1  2.71782596E-13       *                    2_GWT-(15,41,1)
 ----------------------------------------------------------------------------------------------------------


 2 CALLS TO NUMERICAL SOLUTION IN TIME STEP 1 STRESS PERIOD 50
 3 TOTAL ITERATIONS
 
    Solving:  Stress period:    51    Time step:     1
 
1
 STRESS PERIOD NO. 51, LENGTH =   1.000000    
 ------------------------------------------
 NUMBER OF TIME STEPS = 1
 MULTIPLIER FOR DELT =     1.000

 OPENED ./external/chd_051.dat
 FILE TYPE:OPEN/CLOSE   UNIT 1376   STATUS:OLD                 
 FORMAT:FORMATTED              ACCESS:SEQUENTIAL          
 ACTION:READ                

 INITIAL TIME STEP SIZE =   1.000000    

 SLN_1 OUTER ITERATION SUMMARY
 ----------------------------------------------------------------------------------------------------------
                                OUTER      INNER                    STEP   MAXIMUM CHANGE MODEL-(CELLID) OR
 OUTER ITERATION STEP       ITERATION  ITERATION  MAXIMUM CHANGE SUCCESS             MODEL-PACKAGE-(NUMBER)
 ----------------------------------------------------------------------------------------------------------
 Model                              1         17     -0.36292479                            1_GWF-(1,76,77)
 Model                              2          6      -1.7887131                            1_GWF-(1,92,79)
 Model                              3          5      0.44507339                            1_GWF-(1,92,79)
 Model                              4          3  5.16250433E-02                            1_GWF-(1,92,79)
 Model                              5          2  5.15964776E-03       *                    1_GWF-(1,92,79)
 ----------------------------------------------------------------------------------------------------------


 5 CALLS TO NUMERICAL SOLUTION IN TIME STEP 1 STRESS PERIOD 51
 33 TOTAL ITERATIONS

 SLN_2 OUTER ITERATION SUMMARY
 ----------------------------------------------------------------------------------------------------------
                                OUTER      INNER                    STEP   MAXIMUM CHANGE MODEL-(CELLID) OR
 OUTER ITERATION STEP       ITERATION  ITERATION  MAXIMUM CHANGE SUCCESS             MODEL-PACKAGE-(NUMBER)
 ----------------------------------------------------------------------------------------------------------
 Model                              1          2      0.28024894                           2_GWT-(12,41,70)
 Model                              2          1  2.84217094E-13       *                    2_GWT-(15,41,1)
 ----------------------------------------------------------------------------------------------------------


 2 CALLS TO NUMERICAL SOLUTION IN TIME STEP 1 STRESS PERIOD 51
 3 TOTAL ITERATIONS
 
    Solving:  Stress period:    52    Time step:     1
 
1
 STRESS PERIOD NO. 52, LENGTH =   1.000000    
 ------------------------------------------
 NUMBER OF TIME STEPS = 1
 MULTIPLIER FOR DELT =     1.000

 OPENED ./external/chd_052.dat
 FILE TYPE:OPEN/CLOSE   UNIT 1378   STATUS:OLD                 
 FORMAT:FORMATTED              ACCESS:SEQUENTIAL          
 ACTION:READ                

 INITIAL TIME STEP SIZE =   1.000000    

 SLN_1 OUTER ITERATION SUMMARY
 ----------------------------------------------------------------------------------------------------------
                                OUTER      INNER                    STEP   MAXIMUM CHANGE MODEL-(CELLID) OR
 OUTER ITERATION STEP       ITERATION  ITERATION  MAXIMUM CHANGE SUCCESS             MODEL-PACKAGE-(NUMBER)
 ----------------------------------------------------------------------------------------------------------
 Model                              1         18     -0.57000659                            1_GWF-(1,92,79)
 Model                              2          6 -9.77977157E-02                            1_GWF-(1,65,71)
 Model                              3          3  5.23385731E-03       *                    1_GWF-(1,92,79)
 ----------------------------------------------------------------------------------------------------------


 3 CALLS TO NUMERICAL SOLUTION IN TIME STEP 1 STRESS PERIOD 52
 27 TOTAL ITERATIONS

 SLN_2 OUTER ITERATION SUMMARY
 ----------------------------------------------------------------------------------------------------------
                                OUTER      INNER                    STEP   MAXIMUM CHANGE MODEL-(CELLID) OR
 OUTER ITERATION STEP       ITERATION  ITERATION  MAXIMUM CHANGE SUCCESS             MODEL-PACKAGE-(NUMBER)
 ----------------------------------------------------------------------------------------------------------
 Model                              1          2       1.3622040                            2_GWT-(1,45,64)
 Model                              2          1  3.95239397E-13       *                    2_GWT-(1,45,64)
 ----------------------------------------------------------------------------------------------------------


 2 CALLS TO NUMERICAL SOLUTION IN TIME STEP 1 STRESS PERIOD 52
 3 TOTAL ITERATIONS
 
    Solving:  Stress period:    53    Time step:     1
 
1
 STRESS PERIOD NO. 53, LENGTH =   1.000000    
 ------------------------------------------
 NUMBER OF TIME STEPS = 1
 MULTIPLIER FOR DELT =     1.000

 OPENED ./external/chd_053.dat
 FILE TYPE:OPEN/CLOSE   UNIT 1380   STATUS:OLD                 
 FORMAT:FORMATTED              ACCESS:SEQUENTIAL          
 ACTION:READ                

 INITIAL TIME STEP SIZE =   1.000000    

 SLN_1 OUTER ITERATION SUMMARY
 ----------------------------------------------------------------------------------------------------------
                                OUTER      INNER                    STEP   MAXIMUM CHANGE MODEL-(CELLID) OR
 OUTER ITERATION STEP       ITERATION  ITERATION  MAXIMUM CHANGE SUCCESS             MODEL-PACKAGE-(NUMBER)
 ----------------------------------------------------------------------------------------------------------
 Model                              1         20     -0.13180663                            1_GWF-(1,51,70)
 Model                              2          5 -3.85622944E-02                            1_GWF-(1,85,44)
 Model                              3          3  5.49252567E-04       *                   1_GWF-(3,103,13)
 ----------------------------------------------------------------------------------------------------------


 3 CALLS TO NUMERICAL SOLUTION IN TIME STEP 1 STRESS PERIOD 53
 28 TOTAL ITERATIONS

 SLN_2 OUTER ITERATION SUMMARY
 ----------------------------------------------------------------------------------------------------------
                                OUTER      INNER                    STEP   MAXIMUM CHANGE MODEL-(CELLID) OR
 OUTER ITERATION STEP       ITERATION  ITERATION  MAXIMUM CHANGE SUCCESS             MODEL-PACKAGE-(NUMBER)
 ----------------------------------------------------------------------------------------------------------
 Model                              1          2      0.21872847                           2_GWT-(12,41,70)
 Model                              2          1  2.61124455E-13       *                    2_GWT-(15,41,1)
 ----------------------------------------------------------------------------------------------------------


 2 CALLS TO NUMERICAL SOLUTION IN TIME STEP 1 STRESS PERIOD 53
 3 TOTAL ITERATIONS
 
    Solving:  Stress period:    54    Time step:     1
 
1
 STRESS PERIOD NO. 54, LENGTH =   1.000000    
 ------------------------------------------
 NUMBER OF TIME STEPS = 1
 MULTIPLIER FOR DELT =     1.000

 OPENED ./external/chd_054.dat
 FILE TYPE:OPEN/CLOSE   UNIT 1382   STATUS:OLD                 
 FORMAT:FORMATTED              ACCESS:SEQUENTIAL          
 ACTION:READ                

 INITIAL TIME STEP SIZE =   1.000000    

 SLN_1 OUTER ITERATION SUMMARY
 ----------------------------------------------------------------------------------------------------------
                                OUTER      INNER                    STEP   MAXIMUM CHANGE MODEL-(CELLID) OR
 OUTER ITERATION STEP       ITERATION  ITERATION  MAXIMUM CHANGE SUCCESS             MODEL-PACKAGE-(NUMBER)
 ----------------------------------------------------------------------------------------------------------
 Model                              1         18     -0.11713384                            1_GWF-(1,51,66)
 Model                              2          6 -5.01827559E-02                            1_GWF-(1,45,65)
 Model                              3          4  1.50719328E-03       *                    1_GWF-(2,43,29)
 ----------------------------------------------------------------------------------------------------------


 3 CALLS TO NUMERICAL SOLUTION IN TIME STEP 1 STRESS PERIOD 54
 28 TOTAL ITERATIONS

 SLN_2 OUTER ITERATION SUMMARY
 ----------------------------------------------------------------------------------------------------------
                                OUTER      INNER                    STEP   MAXIMUM CHANGE MODEL-(CELLID) OR
 OUTER ITERATION STEP       ITERATION  ITERATION  MAXIMUM CHANGE SUCCESS             MODEL-PACKAGE-(NUMBER)
 ----------------------------------------------------------------------------------------------------------
 Model                              1          2      0.24494558                            2_GWT-(6,19,22)
 Model                              2          1  2.48689958E-13       *                    2_GWT-(15,41,1)
 ----------------------------------------------------------------------------------------------------------


 2 CALLS TO NUMERICAL SOLUTION IN TIME STEP 1 STRESS PERIOD 54
 3 TOTAL ITERATIONS
 
    Solving:  Stress period:    55    Time step:     1
 
1
 STRESS PERIOD NO. 55, LENGTH =   1.000000    
 ------------------------------------------
 NUMBER OF TIME STEPS = 1
 MULTIPLIER FOR DELT =     1.000

 OPENED ./external/chd_055.dat
 FILE TYPE:OPEN/CLOSE   UNIT 1384   STATUS:OLD                 
 FORMAT:FORMATTED              ACCESS:SEQUENTIAL          
 ACTION:READ                

 INITIAL TIME STEP SIZE =   1.000000    

 SLN_1 OUTER ITERATION SUMMARY
 ----------------------------------------------------------------------------------------------------------
                                OUTER      INNER                    STEP   MAXIMUM CHANGE MODEL-(CELLID) OR
 OUTER ITERATION STEP       ITERATION  ITERATION  MAXIMUM CHANGE SUCCESS             MODEL-PACKAGE-(NUMBER)
 ----------------------------------------------------------------------------------------------------------
 Model                              1         18      0.97704476                            1_GWF-(1,92,79)
 Model                              2          8 -5.60995916E-02                           1_GWF-(1,110,35)
 Model                              3          4 -5.66364567E-03       *                   1_GWF-(1,110,35)
 ----------------------------------------------------------------------------------------------------------


 3 CALLS TO NUMERICAL SOLUTION IN TIME STEP 1 STRESS PERIOD 55
 30 TOTAL ITERATIONS

 SLN_2 OUTER ITERATION SUMMARY
 ----------------------------------------------------------------------------------------------------------
                                OUTER      INNER                    STEP   MAXIMUM CHANGE MODEL-(CELLID) OR
 OUTER ITERATION STEP       ITERATION  ITERATION  MAXIMUM CHANGE SUCCESS             MODEL-PACKAGE-(NUMBER)
 ----------------------------------------------------------------------------------------------------------
 Model                              1          2      -1.3622040                            2_GWT-(1,45,64)
 Model                              2          1 -2.89022029E-13       *                    2_GWT-(1,45,64)
 ----------------------------------------------------------------------------------------------------------


 2 CALLS TO NUMERICAL SOLUTION IN TIME STEP 1 STRESS PERIOD 55
 3 TOTAL ITERATIONS
 
    Solving:  Stress period:    56    Time step:     1
 
1
 STRESS PERIOD NO. 56, LENGTH =   1.000000    
 ------------------------------------------
 NUMBER OF TIME STEPS = 1
 MULTIPLIER FOR DELT =     1.000

 OPENED ./external/chd_056.dat
 FILE TYPE:OPEN/CLOSE   UNIT 1386   STATUS:OLD                 
 FORMAT:FORMATTED              ACCESS:SEQUENTIAL          
 ACTION:READ                

 INITIAL TIME STEP SIZE =   1.000000    

 SLN_1 OUTER ITERATION SUMMARY
 ----------------------------------------------------------------------------------------------------------
                                OUTER      INNER                    STEP   MAXIMUM CHANGE MODEL-(CELLID) OR
 OUTER ITERATION STEP       ITERATION  ITERATION  MAXIMUM CHANGE SUCCESS             MODEL-PACKAGE-(NUMBER)
 ----------------------------------------------------------------------------------------------------------
 Model                              1         23       2.2238642                            1_GWF-(1,92,79)
 Model                              2          8      -1.1747788                            1_GWF-(1,92,79)
 Model                              3          6     -0.16162743                            1_GWF-(1,92,79)
 Model                              4          5 -1.71735270E-02                            1_GWF-(1,92,79)
 Model                              5          3  2.33495042E-03       *                    1_GWF-(1,92,78)
 ----------------------------------------------------------------------------------------------------------


 5 CALLS TO NUMERICAL SOLUTION IN TIME STEP 1 STRESS PERIOD 56
 45 TOTAL ITERATIONS

 SLN_2 OUTER ITERATION SUMMARY
 ----------------------------------------------------------------------------------------------------------
                                OUTER      INNER                    STEP   MAXIMUM CHANGE MODEL-(CELLID) OR
 OUTER ITERATION STEP       ITERATION  ITERATION  MAXIMUM CHANGE SUCCESS             MODEL-PACKAGE-(NUMBER)
 ----------------------------------------------------------------------------------------------------------
 Model                              1          2      0.20287025                            2_GWT-(6,19,22)
 Model                              2          1  2.23820962E-13       *                    2_GWT-(15,41,1)
 ----------------------------------------------------------------------------------------------------------


 2 CALLS TO NUMERICAL SOLUTION IN TIME STEP 1 STRESS PERIOD 56
 3 TOTAL ITERATIONS
 
    Solving:  Stress period:    57    Time step:     1
 
1
 STRESS PERIOD NO. 57, LENGTH =   1.000000    
 ------------------------------------------
 NUMBER OF TIME STEPS = 1
 MULTIPLIER FOR DELT =     1.000

 OPENED ./external/chd_057.dat
 FILE TYPE:OPEN/CLOSE   UNIT 1388   STATUS:OLD                 
 FORMAT:FORMATTED              ACCESS:SEQUENTIAL          
 ACTION:READ                

 INITIAL TIME STEP SIZE =   1.000000    

 SLN_1 OUTER ITERATION SUMMARY
 ----------------------------------------------------------------------------------------------------------
                                OUTER      INNER                    STEP   MAXIMUM CHANGE MODEL-(CELLID) OR
 OUTER ITERATION STEP       ITERATION  ITERATION  MAXIMUM CHANGE SUCCESS             MODEL-PACKAGE-(NUMBER)
 ----------------------------------------------------------------------------------------------------------
 Model                              1         21      0.67002996                            1_GWF-(1,67,73)
 Model                              2          6     -0.27308351                            1_GWF-(3,63,75)
 Model                              3          6 -2.87971312E-02                            1_GWF-(3,63,75)
 Model                              4          4  3.47179997E-03       *                    1_GWF-(3,69,58)
 ----------------------------------------------------------------------------------------------------------


 4 CALLS TO NUMERICAL SOLUTION IN TIME STEP 1 STRESS PERIOD 57
 37 TOTAL ITERATIONS

 SLN_2 OUTER ITERATION SUMMARY
 ----------------------------------------------------------------------------------------------------------
                                OUTER      INNER                    STEP   MAXIMUM CHANGE MODEL-(CELLID) OR
 OUTER ITERATION STEP       ITERATION  ITERATION  MAXIMUM CHANGE SUCCESS             MODEL-PACKAGE-(NUMBER)
 ----------------------------------------------------------------------------------------------------------
 Model                              1          2      0.20456689                           2_GWT-(13,45,72)
 Model                              2          1  2.06057393E-13       *                    2_GWT-(15,41,1)
 ----------------------------------------------------------------------------------------------------------


 2 CALLS TO NUMERICAL SOLUTION IN TIME STEP 1 STRESS PERIOD 57
 3 TOTAL ITERATIONS
 
    Solving:  Stress period:    58    Time step:     1
 
1
 STRESS PERIOD NO. 58, LENGTH =   1.000000    
 ------------------------------------------
 NUMBER OF TIME STEPS = 1
 MULTIPLIER FOR DELT =     1.000

 OPENED ./external/chd_058.dat
 FILE TYPE:OPEN/CLOSE   UNIT 1390   STATUS:OLD                 
 FORMAT:FORMATTED              ACCESS:SEQUENTIAL          
 ACTION:READ                

 INITIAL TIME STEP SIZE =   1.000000    

 SLN_1 OUTER ITERATION SUMMARY
 ----------------------------------------------------------------------------------------------------------
                                OUTER      INNER                    STEP   MAXIMUM CHANGE MODEL-(CELLID) OR
 OUTER ITERATION STEP       ITERATION  ITERATION  MAXIMUM CHANGE SUCCESS             MODEL-PACKAGE-(NUMBER)
 ----------------------------------------------------------------------------------------------------------
 Model                              1         19      -1.7901383                            1_GWF-(1,76,77)
 Model                              2          8     -0.89274090                           1_GWF-(1,107,50)
 Model                              3          4  1.51096954E-02                            1_GWF-(1,95,75)
 Model                              4          3  1.51445873E-03       *                    1_GWF-(1,95,75)
 ----------------------------------------------------------------------------------------------------------


 4 CALLS TO NUMERICAL SOLUTION IN TIME STEP 1 STRESS PERIOD 58
 34 TOTAL ITERATIONS

 SLN_2 OUTER ITERATION SUMMARY
 ----------------------------------------------------------------------------------------------------------
                                OUTER      INNER                    STEP   MAXIMUM CHANGE MODEL-(CELLID) OR
 OUTER ITERATION STEP       ITERATION  ITERATION  MAXIMUM CHANGE SUCCESS             MODEL-PACKAGE-(NUMBER)
 ----------------------------------------------------------------------------------------------------------
 Model                              1          2       1.2084596                            2_GWT-(1,44,64)
 Model                              2          1  1.79412041E-13       *                    2_GWT-(15,41,1)
 ----------------------------------------------------------------------------------------------------------


 2 CALLS TO NUMERICAL SOLUTION IN TIME STEP 1 STRESS PERIOD 58
 3 TOTAL ITERATIONS
 
    Solving:  Stress period:    59    Time step:     1
 
1
 STRESS PERIOD NO. 59, LENGTH =   1.000000    
 ------------------------------------------
 NUMBER OF TIME STEPS = 1
 MULTIPLIER FOR DELT =     1.000

 OPENED ./external/chd_059.dat
 FILE TYPE:OPEN/CLOSE   UNIT 1392   STATUS:OLD                 
 FORMAT:FORMATTED              ACCESS:SEQUENTIAL          
 ACTION:READ                

 INITIAL TIME STEP SIZE =   1.000000    

 SLN_1 OUTER ITERATION SUMMARY
 ----------------------------------------------------------------------------------------------------------
                                OUTER      INNER                    STEP   MAXIMUM CHANGE MODEL-(CELLID) OR
 OUTER ITERATION STEP       ITERATION  ITERATION  MAXIMUM CHANGE SUCCESS             MODEL-PACKAGE-(NUMBER)
 ----------------------------------------------------------------------------------------------------------
 Model                              1         19     -0.26223906                            1_GWF-(1,63,75)
 Model                              2          5     -0.29217544                            1_GWF-(2,69,73)
 Model                              3          3  1.24022224E-03       *                    1_GWF-(3,56,44)
 ----------------------------------------------------------------------------------------------------------


 3 CALLS TO NUMERICAL SOLUTION IN TIME STEP 1 STRESS PERIOD 59
 27 TOTAL ITERATIONS

 SLN_2 OUTER ITERATION SUMMARY
 ----------------------------------------------------------------------------------------------------------
                                OUTER      INNER                    STEP   MAXIMUM CHANGE MODEL-(CELLID) OR
 OUTER ITERATION STEP       ITERATION  ITERATION  MAXIMUM CHANGE SUCCESS             MODEL-PACKAGE-(NUMBER)
 ----------------------------------------------------------------------------------------------------------
 Model                              1          2       1.3458418                            2_GWT-(1,45,64)
 Model                              2          1  1.63424829E-13       *                    2_GWT-(15,41,1)
 ----------------------------------------------------------------------------------------------------------


 2 CALLS TO NUMERICAL SOLUTION IN TIME STEP 1 STRESS PERIOD 59
 3 TOTAL ITERATIONS
 
    Solving:  Stress period:    60    Time step:     1
 
1
 STRESS PERIOD NO. 60, LENGTH =   1.000000    
 ------------------------------------------
 NUMBER OF TIME STEPS = 1
 MULTIPLIER FOR DELT =     1.000

 OPENED ./external/chd_060.dat
 FILE TYPE:OPEN/CLOSE   UNIT 1394   STATUS:OLD                 
 FORMAT:FORMATTED              ACCESS:SEQUENTIAL          
 ACTION:READ                

 INITIAL TIME STEP SIZE =   1.000000    

 SLN_1 OUTER ITERATION SUMMARY
 ----------------------------------------------------------------------------------------------------------
                                OUTER      INNER                    STEP   MAXIMUM CHANGE MODEL-(CELLID) OR
 OUTER ITERATION STEP       ITERATION  ITERATION  MAXIMUM CHANGE SUCCESS             MODEL-PACKAGE-(NUMBER)
 ----------------------------------------------------------------------------------------------------------
 Model                              1         16     -0.21267021                            1_GWF-(3,61,73)
 Model                              2          8      -1.5036831                            1_GWF-(1,92,79)
 Model                              3          4      0.40529607                            1_GWF-(1,92,79)
 Model                              4          3  6.59244165E-02                            1_GWF-(1,92,79)
 Model                              5          3  6.60778048E-03       *                    1_GWF-(1,92,79)
 ----------------------------------------------------------------------------------------------------------


 5 CALLS TO NUMERICAL SOLUTION IN TIME STEP 1 STRESS PERIOD 60
 34 TOTAL ITERATIONS

 SLN_2 OUTER ITERATION SUMMARY
 ----------------------------------------------------------------------------------------------------------
                                OUTER      INNER                    STEP   MAXIMUM CHANGE MODEL-(CELLID) OR
 OUTER ITERATION STEP       ITERATION  ITERATION  MAXIMUM CHANGE SUCCESS             MODEL-PACKAGE-(NUMBER)
 ----------------------------------------------------------------------------------------------------------
 Model                              1          2     -0.17563424                            2_GWT-(6,22,20)
 Model                              2          1  1.59872116E-13       *                    2_GWT-(15,41,1)
 ----------------------------------------------------------------------------------------------------------


 2 CALLS TO NUMERICAL SOLUTION IN TIME STEP 1 STRESS PERIOD 60
 3 TOTAL ITERATIONS
 
    Solving:  Stress period:    61    Time step:     1
 
1
 STRESS PERIOD NO. 61, LENGTH =   1.000000    
 ------------------------------------------
 NUMBER OF TIME STEPS = 1
 MULTIPLIER FOR DELT =     1.000
 #k i j q boundname

 OPENED .\external\wel_091.dat
 FILE TYPE:OPEN/CLOSE   UNIT 1395   STATUS:OLD                 
 FORMAT:FORMATTED              ACCESS:SEQUENTIAL          
 ACTION:READ                


 OPENED ./external/chd_061.dat
 FILE TYPE:OPEN/CLOSE   UNIT 1397   STATUS:OLD                 
 FORMAT:FORMATTED              ACCESS:SEQUENTIAL          
 ACTION:READ                

 INITIAL TIME STEP SIZE =   1.000000    

 SLN_1 OUTER ITERATION SUMMARY
 ----------------------------------------------------------------------------------------------------------
                                OUTER      INNER                    STEP   MAXIMUM CHANGE MODEL-(CELLID) OR
 OUTER ITERATION STEP       ITERATION  ITERATION  MAXIMUM CHANGE SUCCESS             MODEL-PACKAGE-(NUMBER)
 ----------------------------------------------------------------------------------------------------------
 Model                              1         26       10.894553                            1_GWF-(1,92,79)
 Model                              2         13      -7.7055088                            1_GWF-(1,92,79)
 Model                              3          7      -2.1527683                            1_GWF-(1,92,79)
 Model                              4          6      0.65001595                            1_GWF-(1,92,78)
 Model                              5          5      0.14645562                            1_GWF-(1,92,78)
 Model                              6          4  2.83355166E-02                            1_GWF-(1,92,78)
 Model                              7          3  5.38508252E-03       *                    1_GWF-(1,92,78)
 ----------------------------------------------------------------------------------------------------------


 7 CALLS TO NUMERICAL SOLUTION IN TIME STEP 1 STRESS PERIOD 61
 64 TOTAL ITERATIONS

 SLN_2 OUTER ITERATION SUMMARY
 ----------------------------------------------------------------------------------------------------------
                                OUTER      INNER                    STEP   MAXIMUM CHANGE MODEL-(CELLID) OR
 OUTER ITERATION STEP       ITERATION  ITERATION  MAXIMUM CHANGE SUCCESS             MODEL-PACKAGE-(NUMBER)
 ----------------------------------------------------------------------------------------------------------
 Model                              1          2      -1.3458418                            2_GWT-(1,45,64)
 Model                              2          1  1.70530257E-13       *                    2_GWT-(15,41,1)
 ----------------------------------------------------------------------------------------------------------


 2 CALLS TO NUMERICAL SOLUTION IN TIME STEP 1 STRESS PERIOD 61
 3 TOTAL ITERATIONS
 
    Solving:  Stress period:    62    Time step:     1
 
1
 STRESS PERIOD NO. 62, LENGTH =   1.000000    
 ------------------------------------------
 NUMBER OF TIME STEPS = 1
 MULTIPLIER FOR DELT =     1.000

 OPENED ./external/chd_062.dat
 FILE TYPE:OPEN/CLOSE   UNIT 1399   STATUS:OLD                 
 FORMAT:FORMATTED              ACCESS:SEQUENTIAL          
 ACTION:READ                

 INITIAL TIME STEP SIZE =   1.000000    

 SLN_1 OUTER ITERATION SUMMARY
 ----------------------------------------------------------------------------------------------------------
                                OUTER      INNER                    STEP   MAXIMUM CHANGE MODEL-(CELLID) OR
 OUTER ITERATION STEP       ITERATION  ITERATION  MAXIMUM CHANGE SUCCESS             MODEL-PACKAGE-(NUMBER)
 ----------------------------------------------------------------------------------------------------------
 Model                              1         21       1.4944841                            1_GWF-(1,58,30)
 Model                              2         15      0.51664469                            1_GWF-(1,44,19)
 Model                              3          7 -2.62986984E-02                            1_GWF-(1,65,14)
 Model                              4          5  3.82541224E-03       *                     1_GWF-(2,49,5)
 ----------------------------------------------------------------------------------------------------------


 4 CALLS TO NUMERICAL SOLUTION IN TIME STEP 1 STRESS PERIOD 62
 48 TOTAL ITERATIONS

 SLN_2 OUTER ITERATION SUMMARY
 ----------------------------------------------------------------------------------------------------------
                                OUTER      INNER                    STEP   MAXIMUM CHANGE MODEL-(CELLID) OR
 OUTER ITERATION STEP       ITERATION  ITERATION  MAXIMUM CHANGE SUCCESS             MODEL-PACKAGE-(NUMBER)
 ----------------------------------------------------------------------------------------------------------
 Model                              1          2     -0.51565619                            2_GWT-(1,29,41)
 Model                              2          1  1.31450406E-13       *                    2_GWT-(15,41,1)
 ----------------------------------------------------------------------------------------------------------


 2 CALLS TO NUMERICAL SOLUTION IN TIME STEP 1 STRESS PERIOD 62
 3 TOTAL ITERATIONS
 
    Solving:  Stress period:    63    Time step:     1
 
1
 STRESS PERIOD NO. 63, LENGTH =   1.000000    
 ------------------------------------------
 NUMBER OF TIME STEPS = 1
 MULTIPLIER FOR DELT =     1.000

 OPENED ./external/chd_063.dat
 FILE TYPE:OPEN/CLOSE   UNIT 1401   STATUS:OLD                 
 FORMAT:FORMATTED              ACCESS:SEQUENTIAL          
 ACTION:READ                

 INITIAL TIME STEP SIZE =   1.000000    

 SLN_1 OUTER ITERATION SUMMARY
 ----------------------------------------------------------------------------------------------------------
                                OUTER      INNER                    STEP   MAXIMUM CHANGE MODEL-(CELLID) OR
 OUTER ITERATION STEP       ITERATION  ITERATION  MAXIMUM CHANGE SUCCESS             MODEL-PACKAGE-(NUMBER)
 ----------------------------------------------------------------------------------------------------------
 Model                              1         22      -4.5577811                            1_GWF-(1,77,77)
 Model                              2         10      -1.8802927                            1_GWF-(1,73,77)
 Model                              3          9      0.17866067                           1_GWF-(1,108,19)
 Model                              4          6  1.80288000E-02                           1_GWF-(1,108,19)
 Model                              5          4  1.79725104E-03       *                   1_GWF-(1,108,19)
 ----------------------------------------------------------------------------------------------------------


 5 CALLS TO NUMERICAL SOLUTION IN TIME STEP 1 STRESS PERIOD 63
 51 TOTAL ITERATIONS

 SLN_2 OUTER ITERATION SUMMARY
 ----------------------------------------------------------------------------------------------------------
                                OUTER      INNER                    STEP   MAXIMUM CHANGE MODEL-(CELLID) OR
 OUTER ITERATION STEP       ITERATION  ITERATION  MAXIMUM CHANGE SUCCESS             MODEL-PACKAGE-(NUMBER)
 ----------------------------------------------------------------------------------------------------------
 Model                              1          2       1.1326658                            2_GWT-(1,44,64)
 Model                              2          1  1.34114941E-13       *                    2_GWT-(1,44,64)
 ----------------------------------------------------------------------------------------------------------


 2 CALLS TO NUMERICAL SOLUTION IN TIME STEP 1 STRESS PERIOD 63
 3 TOTAL ITERATIONS
 
    Solving:  Stress period:    64    Time step:     1
 
1
 STRESS PERIOD NO. 64, LENGTH =   1.000000    
 ------------------------------------------
 NUMBER OF TIME STEPS = 1
 MULTIPLIER FOR DELT =     1.000

 OPENED ./external/chd_064.dat
 FILE TYPE:OPEN/CLOSE   UNIT 1403   STATUS:OLD                 
 FORMAT:FORMATTED              ACCESS:SEQUENTIAL          
 ACTION:READ                

 INITIAL TIME STEP SIZE =   1.000000    

 SLN_1 OUTER ITERATION SUMMARY
 ----------------------------------------------------------------------------------------------------------
                                OUTER      INNER                    STEP   MAXIMUM CHANGE MODEL-(CELLID) OR
 OUTER ITERATION STEP       ITERATION  ITERATION  MAXIMUM CHANGE SUCCESS             MODEL-PACKAGE-(NUMBER)
 ----------------------------------------------------------------------------------------------------------
 Model                              1         19     -0.68264736                            1_GWF-(3,74,78)
 Model                              2          7     -0.80526191                           1_GWF-(1,109,25)
 Model                              3          5  8.39563961E-02                           1_GWF-(1,109,25)
 Model                              4          4  8.42621684E-03       *                   1_GWF-(1,109,25)
 ----------------------------------------------------------------------------------------------------------


 4 CALLS TO NUMERICAL SOLUTION IN TIME STEP 1 STRESS PERIOD 64
 35 TOTAL ITERATIONS

 SLN_2 OUTER ITERATION SUMMARY
 ----------------------------------------------------------------------------------------------------------
                                OUTER      INNER                    STEP   MAXIMUM CHANGE MODEL-(CELLID) OR
 OUTER ITERATION STEP       ITERATION  ITERATION  MAXIMUM CHANGE SUCCESS             MODEL-PACKAGE-(NUMBER)
 ----------------------------------------------------------------------------------------------------------
 Model                              1          2       1.2923910                            2_GWT-(1,45,64)
 Model                              2          1  1.74082970E-13       *                    2_GWT-(1,45,64)
 ----------------------------------------------------------------------------------------------------------


 2 CALLS TO NUMERICAL SOLUTION IN TIME STEP 1 STRESS PERIOD 64
 3 TOTAL ITERATIONS
 
    Solving:  Stress period:    65    Time step:     1
 
1
 STRESS PERIOD NO. 65, LENGTH =   1.000000    
 ------------------------------------------
 NUMBER OF TIME STEPS = 1
 MULTIPLIER FOR DELT =     1.000

 OPENED ./external/chd_065.dat
 FILE TYPE:OPEN/CLOSE   UNIT 1405   STATUS:OLD                 
 FORMAT:FORMATTED              ACCESS:SEQUENTIAL          
 ACTION:READ                

 INITIAL TIME STEP SIZE =   1.000000    

 SLN_1 OUTER ITERATION SUMMARY
 ----------------------------------------------------------------------------------------------------------
                                OUTER      INNER                    STEP   MAXIMUM CHANGE MODEL-(CELLID) OR
 OUTER ITERATION STEP       ITERATION  ITERATION  MAXIMUM CHANGE SUCCESS             MODEL-PACKAGE-(NUMBER)
 ----------------------------------------------------------------------------------------------------------
 Model                              1         17     -0.72593722                            1_GWF-(2,76,79)
 Model                              2          7     -0.23547854                            1_GWF-(1,97,72)
 Model                              3          4  3.89633789E-03       *                    1_GWF-(1,58,30)
 ----------------------------------------------------------------------------------------------------------


 3 CALLS TO NUMERICAL SOLUTION IN TIME STEP 1 STRESS PERIOD 65
 28 TOTAL ITERATIONS

 SLN_2 OUTER ITERATION SUMMARY
 ----------------------------------------------------------------------------------------------------------
                                OUTER      INNER                    STEP   MAXIMUM CHANGE MODEL-(CELLID) OR
 OUTER ITERATION STEP       ITERATION  ITERATION  MAXIMUM CHANGE SUCCESS             MODEL-PACKAGE-(NUMBER)
 ----------------------------------------------------------------------------------------------------------
 Model                              1          2     -0.30280857                            2_GWT-(6,22,20)
 Model                              2          1 -5.15143483E-14       *                   2_GWT-(12,45,72)
 ----------------------------------------------------------------------------------------------------------


 2 CALLS TO NUMERICAL SOLUTION IN TIME STEP 1 STRESS PERIOD 65
 3 TOTAL ITERATIONS
 
    Solving:  Stress period:    66    Time step:     1
 
1
 STRESS PERIOD NO. 66, LENGTH =   1.000000    
 ------------------------------------------
 NUMBER OF TIME STEPS = 1
 MULTIPLIER FOR DELT =     1.000

 OPENED ./external/chd_066.dat
 FILE TYPE:OPEN/CLOSE   UNIT 1407   STATUS:OLD                 
 FORMAT:FORMATTED              ACCESS:SEQUENTIAL          
 ACTION:READ                

 INITIAL TIME STEP SIZE =   1.000000    

 SLN_1 OUTER ITERATION SUMMARY
 ----------------------------------------------------------------------------------------------------------
                                OUTER      INNER                    STEP   MAXIMUM CHANGE MODEL-(CELLID) OR
 OUTER ITERATION STEP       ITERATION  ITERATION  MAXIMUM CHANGE SUCCESS             MODEL-PACKAGE-(NUMBER)
 ----------------------------------------------------------------------------------------------------------
 Model                              1         18     -0.52971601                            1_GWF-(1,97,72)
 Model                              2          6      0.32071465                            1_GWF-(2,92,80)
 Model                              3          5  2.26464320E-02                            1_GWF-(1,65,75)
 Model                              4          3  2.26080802E-03       *                    1_GWF-(1,65,75)
 ----------------------------------------------------------------------------------------------------------


 4 CALLS TO NUMERICAL SOLUTION IN TIME STEP 1 STRESS PERIOD 66
 32 TOTAL ITERATIONS

 SLN_2 OUTER ITERATION SUMMARY
 ----------------------------------------------------------------------------------------------------------
                                OUTER      INNER                    STEP   MAXIMUM CHANGE MODEL-(CELLID) OR
 OUTER ITERATION STEP       ITERATION  ITERATION  MAXIMUM CHANGE SUCCESS             MODEL-PACKAGE-(NUMBER)
 ----------------------------------------------------------------------------------------------------------
 Model                              1          2     -0.27757657                            2_GWT-(6,22,20)
 Model                              2          1 -4.61852778E-14       *                   2_GWT-(12,45,72)
 ----------------------------------------------------------------------------------------------------------


 2 CALLS TO NUMERICAL SOLUTION IN TIME STEP 1 STRESS PERIOD 66
 3 TOTAL ITERATIONS
 
    Solving:  Stress period:    67    Time step:     1
 
1
 STRESS PERIOD NO. 67, LENGTH =   1.000000    
 ------------------------------------------
 NUMBER OF TIME STEPS = 1
 MULTIPLIER FOR DELT =     1.000

 OPENED ./external/chd_067.dat
 FILE TYPE:OPEN/CLOSE   UNIT 1409   STATUS:OLD                 
 FORMAT:FORMATTED              ACCESS:SEQUENTIAL          
 ACTION:READ                

 INITIAL TIME STEP SIZE =   1.000000    

 SLN_1 OUTER ITERATION SUMMARY
 ----------------------------------------------------------------------------------------------------------
                                OUTER      INNER                    STEP   MAXIMUM CHANGE MODEL-(CELLID) OR
 OUTER ITERATION STEP       ITERATION  ITERATION  MAXIMUM CHANGE SUCCESS             MODEL-PACKAGE-(NUMBER)
 ----------------------------------------------------------------------------------------------------------
 Model                              1         24       3.6013753                            1_GWF-(1,66,73)
 Model                              2         13      -1.0570893                            1_GWF-(1,68,73)
 Model                              3          7     -0.12691557                            1_GWF-(1,68,73)
 Model                              4          5 -1.97704587E-02                            1_GWF-(1,67,74)
 Model                              5          4 -5.36385703E-03       *                    1_GWF-(1,67,74)
 ----------------------------------------------------------------------------------------------------------


 5 CALLS TO NUMERICAL SOLUTION IN TIME STEP 1 STRESS PERIOD 67
 53 TOTAL ITERATIONS

 SLN_2 OUTER ITERATION SUMMARY
 ----------------------------------------------------------------------------------------------------------
                                OUTER      INNER                    STEP   MAXIMUM CHANGE MODEL-(CELLID) OR
 OUTER ITERATION STEP       ITERATION  ITERATION  MAXIMUM CHANGE SUCCESS             MODEL-PACKAGE-(NUMBER)
 ----------------------------------------------------------------------------------------------------------
 Model                              1          2      -1.2920416                            2_GWT-(1,45,64)
 Model                              2          1 -3.19744231E-14       *                   2_GWT-(11,41,70)
 ----------------------------------------------------------------------------------------------------------


 2 CALLS TO NUMERICAL SOLUTION IN TIME STEP 1 STRESS PERIOD 67
 3 TOTAL ITERATIONS
 
    Solving:  Stress period:    68    Time step:     1
 
1
 STRESS PERIOD NO. 68, LENGTH =   1.000000    
 ------------------------------------------
 NUMBER OF TIME STEPS = 1
 MULTIPLIER FOR DELT =     1.000

 OPENED ./external/chd_068.dat
 FILE TYPE:OPEN/CLOSE   UNIT 1411   STATUS:OLD                 
 FORMAT:FORMATTED              ACCESS:SEQUENTIAL          
 ACTION:READ                

 INITIAL TIME STEP SIZE =   1.000000    

 SLN_1 OUTER ITERATION SUMMARY
 ----------------------------------------------------------------------------------------------------------
                                OUTER      INNER                    STEP   MAXIMUM CHANGE MODEL-(CELLID) OR
 OUTER ITERATION STEP       ITERATION  ITERATION  MAXIMUM CHANGE SUCCESS             MODEL-PACKAGE-(NUMBER)
 ----------------------------------------------------------------------------------------------------------
 Model                              1         20      -3.2604264                            1_GWF-(1,66,73)
 Model                              2          9      -1.5812590                           1_GWF-(1,109,26)
 Model                              3          7      0.11623763                           1_GWF-(1,108,19)
 Model                              4          6  1.35742527E-02                           1_GWF-(1,108,19)
 Model                              5          3  1.34522171E-03       *                   1_GWF-(1,108,19)
 ----------------------------------------------------------------------------------------------------------


 5 CALLS TO NUMERICAL SOLUTION IN TIME STEP 1 STRESS PERIOD 68
 45 TOTAL ITERATIONS

 SLN_2 OUTER ITERATION SUMMARY
 ----------------------------------------------------------------------------------------------------------
                                OUTER      INNER                    STEP   MAXIMUM CHANGE MODEL-(CELLID) OR
 OUTER ITERATION STEP       ITERATION  ITERATION  MAXIMUM CHANGE SUCCESS             MODEL-PACKAGE-(NUMBER)
 ----------------------------------------------------------------------------------------------------------
 Model                              1          2       1.2742982                            2_GWT-(1,45,64)
 Model                              2          1  2.13162821E-14       *                    2_GWT-(4,14,49)
 ----------------------------------------------------------------------------------------------------------


 2 CALLS TO NUMERICAL SOLUTION IN TIME STEP 1 STRESS PERIOD 68
 3 TOTAL ITERATIONS
 
    Solving:  Stress period:    69    Time step:     1
 
1
 STRESS PERIOD NO. 69, LENGTH =   1.000000    
 ------------------------------------------
 NUMBER OF TIME STEPS = 1
 MULTIPLIER FOR DELT =     1.000

 OPENED ./external/chd_069.dat
 FILE TYPE:OPEN/CLOSE   UNIT 1413   STATUS:OLD                 
 FORMAT:FORMATTED              ACCESS:SEQUENTIAL          
 ACTION:READ                

 INITIAL TIME STEP SIZE =   1.000000    

 SLN_1 OUTER ITERATION SUMMARY
 ----------------------------------------------------------------------------------------------------------
                                OUTER      INNER                    STEP   MAXIMUM CHANGE MODEL-(CELLID) OR
 OUTER ITERATION STEP       ITERATION  ITERATION  MAXIMUM CHANGE SUCCESS             MODEL-PACKAGE-(NUMBER)
 ----------------------------------------------------------------------------------------------------------
 Model                              1         16     -0.39961329                            1_GWF-(1,98,17)
 Model                              2          6     -0.38834968                           1_GWF-(1,109,25)
 Model                              3          5  6.43072119E-02                           1_GWF-(1,109,25)
 Model                              4          4  6.44414447E-03       *                   1_GWF-(1,109,25)
 ----------------------------------------------------------------------------------------------------------


 4 CALLS TO NUMERICAL SOLUTION IN TIME STEP 1 STRESS PERIOD 69
 31 TOTAL ITERATIONS

 SLN_2 OUTER ITERATION SUMMARY
 ----------------------------------------------------------------------------------------------------------
                                OUTER      INNER                    STEP   MAXIMUM CHANGE MODEL-(CELLID) OR
 OUTER ITERATION STEP       ITERATION  ITERATION  MAXIMUM CHANGE SUCCESS             MODEL-PACKAGE-(NUMBER)
 ----------------------------------------------------------------------------------------------------------
 Model                              1          2     -0.28208256                            2_GWT-(6,22,20)
 Model                              2          1  3.55271368E-14       *                   2_GWT-(12,45,72)
 ----------------------------------------------------------------------------------------------------------


 2 CALLS TO NUMERICAL SOLUTION IN TIME STEP 1 STRESS PERIOD 69
 3 TOTAL ITERATIONS
 
    Solving:  Stress period:    70    Time step:     1
 
1
 STRESS PERIOD NO. 70, LENGTH =   1.000000    
 ------------------------------------------
 NUMBER OF TIME STEPS = 1
 MULTIPLIER FOR DELT =     1.000

 OPENED ./external/chd_070.dat
 FILE TYPE:OPEN/CLOSE   UNIT 1415   STATUS:OLD                 
 FORMAT:FORMATTED              ACCESS:SEQUENTIAL          
 ACTION:READ                

 INITIAL TIME STEP SIZE =   1.000000    

 SLN_1 OUTER ITERATION SUMMARY
 ----------------------------------------------------------------------------------------------------------
                                OUTER      INNER                    STEP   MAXIMUM CHANGE MODEL-(CELLID) OR
 OUTER ITERATION STEP       ITERATION  ITERATION  MAXIMUM CHANGE SUCCESS             MODEL-PACKAGE-(NUMBER)
 ----------------------------------------------------------------------------------------------------------
 Model                              1         17     -0.23265619                           1_GWF-(1,102,31)
 Model                              2          7     -0.19398800                            1_GWF-(3,68,73)
 Model                              3          5 -4.97333310E-03       *                    1_GWF-(1,57,23)
 ----------------------------------------------------------------------------------------------------------


 3 CALLS TO NUMERICAL SOLUTION IN TIME STEP 1 STRESS PERIOD 70
 29 TOTAL ITERATIONS

 SLN_2 OUTER ITERATION SUMMARY
 ----------------------------------------------------------------------------------------------------------
                                OUTER      INNER                    STEP   MAXIMUM CHANGE MODEL-(CELLID) OR
 OUTER ITERATION STEP       ITERATION  ITERATION  MAXIMUM CHANGE SUCCESS             MODEL-PACKAGE-(NUMBER)
 ----------------------------------------------------------------------------------------------------------
 Model                              1          2     -0.25753897                            2_GWT-(6,22,20)
 Model                              2          1  5.15143483E-14       *                   2_GWT-(12,45,72)
 ----------------------------------------------------------------------------------------------------------


 2 CALLS TO NUMERICAL SOLUTION IN TIME STEP 1 STRESS PERIOD 70
 3 TOTAL ITERATIONS
 
    Solving:  Stress period:    71    Time step:     1
 
1
 STRESS PERIOD NO. 71, LENGTH =   1.000000    
 ------------------------------------------
 NUMBER OF TIME STEPS = 1
 MULTIPLIER FOR DELT =     1.000

 OPENED ./external/chd_071.dat
 FILE TYPE:OPEN/CLOSE   UNIT 1417   STATUS:OLD                 
 FORMAT:FORMATTED              ACCESS:SEQUENTIAL          
 ACTION:READ                

 INITIAL TIME STEP SIZE =   1.000000    

 SLN_1 OUTER ITERATION SUMMARY
 ----------------------------------------------------------------------------------------------------------
                                OUTER      INNER                    STEP   MAXIMUM CHANGE MODEL-(CELLID) OR
 OUTER ITERATION STEP       ITERATION  ITERATION  MAXIMUM CHANGE SUCCESS             MODEL-PACKAGE-(NUMBER)
 ----------------------------------------------------------------------------------------------------------
 Model                              1         16      0.39489501                            1_GWF-(1,77,77)
 Model                              2          6     -0.15157321                            1_GWF-(1,71,75)
 Model                              3          5 -1.46598456E-02                            1_GWF-(1,71,75)
 Model                              4          3 -1.46663182E-03       *                    1_GWF-(1,71,75)
 ----------------------------------------------------------------------------------------------------------


 4 CALLS TO NUMERICAL SOLUTION IN TIME STEP 1 STRESS PERIOD 71
 30 TOTAL ITERATIONS

 SLN_2 OUTER ITERATION SUMMARY
 ----------------------------------------------------------------------------------------------------------
                                OUTER      INNER                    STEP   MAXIMUM CHANGE MODEL-(CELLID) OR
 OUTER ITERATION STEP       ITERATION  ITERATION  MAXIMUM CHANGE SUCCESS             MODEL-PACKAGE-(NUMBER)
 ----------------------------------------------------------------------------------------------------------
 Model                              1          2     -0.23500734                            2_GWT-(6,22,20)
 Model                              2          1  8.34887715E-14       *                   2_GWT-(12,45,72)
 ----------------------------------------------------------------------------------------------------------


 2 CALLS TO NUMERICAL SOLUTION IN TIME STEP 1 STRESS PERIOD 71
 3 TOTAL ITERATIONS
 
    Solving:  Stress period:    72    Time step:     1
 
1
 STRESS PERIOD NO. 72, LENGTH =   1.000000    
 ------------------------------------------
 NUMBER OF TIME STEPS = 1
 MULTIPLIER FOR DELT =     1.000

 OPENED ./external/chd_072.dat
 FILE TYPE:OPEN/CLOSE   UNIT 1419   STATUS:OLD                 
 FORMAT:FORMATTED              ACCESS:SEQUENTIAL          
 ACTION:READ                

 INITIAL TIME STEP SIZE =   1.000000    

 SLN_1 OUTER ITERATION SUMMARY
 ----------------------------------------------------------------------------------------------------------
                                OUTER      INNER                    STEP   MAXIMUM CHANGE MODEL-(CELLID) OR
 OUTER ITERATION STEP       ITERATION  ITERATION  MAXIMUM CHANGE SUCCESS             MODEL-PACKAGE-(NUMBER)
 ----------------------------------------------------------------------------------------------------------
 Model                              1         17      0.30122094                            1_GWF-(1,65,74)
 Model                              2          7  5.20646413E-02                           1_GWF-(2,106,54)
 Model                              3          3  2.35976506E-04       *                    1_GWF-(2,58,31)
 ----------------------------------------------------------------------------------------------------------


 3 CALLS TO NUMERICAL SOLUTION IN TIME STEP 1 STRESS PERIOD 72
 27 TOTAL ITERATIONS

 SLN_2 OUTER ITERATION SUMMARY
 ----------------------------------------------------------------------------------------------------------
                                OUTER      INNER                    STEP   MAXIMUM CHANGE MODEL-(CELLID) OR
 OUTER ITERATION STEP       ITERATION  ITERATION  MAXIMUM CHANGE SUCCESS             MODEL-PACKAGE-(NUMBER)
 ----------------------------------------------------------------------------------------------------------
 Model                              1          2      -1.2742982                            2_GWT-(1,45,64)
 Model                              2          1  1.81575729E-13       *                    2_GWT-(1,45,64)
 ----------------------------------------------------------------------------------------------------------


 2 CALLS TO NUMERICAL SOLUTION IN TIME STEP 1 STRESS PERIOD 72
 3 TOTAL ITERATIONS
 
    Solving:  Stress period:    73    Time step:     1
 
1
 STRESS PERIOD NO. 73, LENGTH =   1.000000    
 ------------------------------------------
 NUMBER OF TIME STEPS = 1
 MULTIPLIER FOR DELT =     1.000

 OPENED ./external/chd_073.dat
 FILE TYPE:OPEN/CLOSE   UNIT 1421   STATUS:OLD                 
 FORMAT:FORMATTED              ACCESS:SEQUENTIAL          
 ACTION:READ                

 INITIAL TIME STEP SIZE =   1.000000    

 SLN_1 OUTER ITERATION SUMMARY
 ----------------------------------------------------------------------------------------------------------
                                OUTER      INNER                    STEP   MAXIMUM CHANGE MODEL-(CELLID) OR
 OUTER ITERATION STEP       ITERATION  ITERATION  MAXIMUM CHANGE SUCCESS             MODEL-PACKAGE-(NUMBER)
 ----------------------------------------------------------------------------------------------------------
 Model                              1         18      0.66151862                            1_GWF-(1,66,73)
 Model                              2          7     -0.17085879                            1_GWF-(1,65,75)
 Model                              3          5 -1.74548317E-02                            1_GWF-(1,65,75)
 Model                              4          3  1.94067255E-03       *                    1_GWF-(3,69,27)
 ----------------------------------------------------------------------------------------------------------


 4 CALLS TO NUMERICAL SOLUTION IN TIME STEP 1 STRESS PERIOD 73
 33 TOTAL ITERATIONS

 SLN_2 OUTER ITERATION SUMMARY
 ----------------------------------------------------------------------------------------------------------
                                OUTER      INNER                    STEP   MAXIMUM CHANGE MODEL-(CELLID) OR
 OUTER ITERATION STEP       ITERATION  ITERATION  MAXIMUM CHANGE SUCCESS             MODEL-PACKAGE-(NUMBER)
 ----------------------------------------------------------------------------------------------------------
 Model                              1          2     -0.22446152                           2_GWT-(13,44,72)
 Model                              2          1  1.17239551E-13       *                   2_GWT-(12,45,72)
 ----------------------------------------------------------------------------------------------------------


 2 CALLS TO NUMERICAL SOLUTION IN TIME STEP 1 STRESS PERIOD 73
 3 TOTAL ITERATIONS
 
    Solving:  Stress period:    74    Time step:     1
 
1
 STRESS PERIOD NO. 74, LENGTH =   1.000000    
 ------------------------------------------
 NUMBER OF TIME STEPS = 1
 MULTIPLIER FOR DELT =     1.000

 OPENED ./external/chd_074.dat
 FILE TYPE:OPEN/CLOSE   UNIT 1423   STATUS:OLD                 
 FORMAT:FORMATTED              ACCESS:SEQUENTIAL          
 ACTION:READ                

 INITIAL TIME STEP SIZE =   1.000000    

 SLN_1 OUTER ITERATION SUMMARY
 ----------------------------------------------------------------------------------------------------------
                                OUTER      INNER                    STEP   MAXIMUM CHANGE MODEL-(CELLID) OR
 OUTER ITERATION STEP       ITERATION  ITERATION  MAXIMUM CHANGE SUCCESS             MODEL-PACKAGE-(NUMBER)
 ----------------------------------------------------------------------------------------------------------
 Model                              1         21     -0.89350866                            1_GWF-(1,66,73)
 Model                              2          8     -0.21899657                            1_GWF-(1,68,73)
 Model                              3          5  6.13073531E-03       *                    1_GWF-(1,44,23)
 ----------------------------------------------------------------------------------------------------------


 3 CALLS TO NUMERICAL SOLUTION IN TIME STEP 1 STRESS PERIOD 74
 34 TOTAL ITERATIONS

 SLN_2 OUTER ITERATION SUMMARY
 ----------------------------------------------------------------------------------------------------------
                                OUTER      INNER                    STEP   MAXIMUM CHANGE MODEL-(CELLID) OR
 OUTER ITERATION STEP       ITERATION  ITERATION  MAXIMUM CHANGE SUCCESS             MODEL-PACKAGE-(NUMBER)
 ----------------------------------------------------------------------------------------------------------
 Model                              1          2       1.2668785                            2_GWT-(1,45,64)
 Model                              2          1 -3.20632410E-13       *                    2_GWT-(1,45,64)
 ----------------------------------------------------------------------------------------------------------


 2 CALLS TO NUMERICAL SOLUTION IN TIME STEP 1 STRESS PERIOD 74
 3 TOTAL ITERATIONS
 
    Solving:  Stress period:    75    Time step:     1
 
1
 STRESS PERIOD NO. 75, LENGTH =   1.000000    
 ------------------------------------------
 NUMBER OF TIME STEPS = 1
 MULTIPLIER FOR DELT =     1.000

 OPENED ./external/chd_075.dat
 FILE TYPE:OPEN/CLOSE   UNIT 1425   STATUS:OLD                 
 FORMAT:FORMATTED              ACCESS:SEQUENTIAL          
 ACTION:READ                

 INITIAL TIME STEP SIZE =   1.000000    

 SLN_1 OUTER ITERATION SUMMARY
 ----------------------------------------------------------------------------------------------------------
                                OUTER      INNER                    STEP   MAXIMUM CHANGE MODEL-(CELLID) OR
 OUTER ITERATION STEP       ITERATION  ITERATION  MAXIMUM CHANGE SUCCESS             MODEL-PACKAGE-(NUMBER)
 ----------------------------------------------------------------------------------------------------------
 Model                              1         18     -0.57647596                            1_GWF-(1,76,77)
 Model                              2          6     -0.14158419                           1_GWF-(1,108,46)
 Model                              3          4  4.99527526E-03       *                   1_GWF-(1,108,46)
 ----------------------------------------------------------------------------------------------------------


 3 CALLS TO NUMERICAL SOLUTION IN TIME STEP 1 STRESS PERIOD 75
 28 TOTAL ITERATIONS

 SLN_2 OUTER ITERATION SUMMARY
 ----------------------------------------------------------------------------------------------------------
                                OUTER      INNER                    STEP   MAXIMUM CHANGE MODEL-(CELLID) OR
 OUTER ITERATION STEP       ITERATION  ITERATION  MAXIMUM CHANGE SUCCESS             MODEL-PACKAGE-(NUMBER)
 ----------------------------------------------------------------------------------------------------------
 Model                              1          2     -0.27425578                           2_GWT-(13,44,72)
 Model                              2          1  2.29150032E-13       *                    2_GWT-(15,41,1)
 ----------------------------------------------------------------------------------------------------------


 2 CALLS TO NUMERICAL SOLUTION IN TIME STEP 1 STRESS PERIOD 75
 3 TOTAL ITERATIONS
 
    Solving:  Stress period:    76    Time step:     1
 
1
 STRESS PERIOD NO. 76, LENGTH =   1.000000    
 ------------------------------------------
 NUMBER OF TIME STEPS = 1
 MULTIPLIER FOR DELT =     1.000

 OPENED ./external/chd_076.dat
 FILE TYPE:OPEN/CLOSE   UNIT 1427   STATUS:OLD                 
 FORMAT:FORMATTED              ACCESS:SEQUENTIAL          
 ACTION:READ                

 INITIAL TIME STEP SIZE =   1.000000    

 SLN_1 OUTER ITERATION SUMMARY
 ----------------------------------------------------------------------------------------------------------
                                OUTER      INNER                    STEP   MAXIMUM CHANGE MODEL-(CELLID) OR
 OUTER ITERATION STEP       ITERATION  ITERATION  MAXIMUM CHANGE SUCCESS             MODEL-PACKAGE-(NUMBER)
 ----------------------------------------------------------------------------------------------------------
 Model                              1         18 -8.66986975E-02                           1_GWF-(1,102,39)
 Model                              2          6 -5.78779121E-02                            1_GWF-(1,69,68)
 Model                              3          4  1.50057073E-03       *                    1_GWF-(1,29,14)
 ----------------------------------------------------------------------------------------------------------


 3 CALLS TO NUMERICAL SOLUTION IN TIME STEP 1 STRESS PERIOD 76
 28 TOTAL ITERATIONS

 SLN_2 OUTER ITERATION SUMMARY
 ----------------------------------------------------------------------------------------------------------
                                OUTER      INNER                    STEP   MAXIMUM CHANGE MODEL-(CELLID) OR
 OUTER ITERATION STEP       ITERATION  ITERATION  MAXIMUM CHANGE SUCCESS             MODEL-PACKAGE-(NUMBER)
 ----------------------------------------------------------------------------------------------------------
 Model                              1          2     -0.29785446                           2_GWT-(13,44,72)
 Model                              2          1  1.26121336E-13       *                   2_GWT-(12,45,72)
 ----------------------------------------------------------------------------------------------------------


 2 CALLS TO NUMERICAL SOLUTION IN TIME STEP 1 STRESS PERIOD 76
 3 TOTAL ITERATIONS
 
    Solving:  Stress period:    77    Time step:     1
 
1
 STRESS PERIOD NO. 77, LENGTH =   1.000000    
 ------------------------------------------
 NUMBER OF TIME STEPS = 1
 MULTIPLIER FOR DELT =     1.000

 OPENED ./external/chd_077.dat
 FILE TYPE:OPEN/CLOSE   UNIT 1429   STATUS:OLD                 
 FORMAT:FORMATTED              ACCESS:SEQUENTIAL          
 ACTION:READ                

 INITIAL TIME STEP SIZE =   1.000000    

 SLN_1 OUTER ITERATION SUMMARY
 ----------------------------------------------------------------------------------------------------------
                                OUTER      INNER                    STEP   MAXIMUM CHANGE MODEL-(CELLID) OR
 OUTER ITERATION STEP       ITERATION  ITERATION  MAXIMUM CHANGE SUCCESS             MODEL-PACKAGE-(NUMBER)
 ----------------------------------------------------------------------------------------------------------
 Model                              1         19     -0.16062267                            1_GWF-(1,71,75)
 Model                              2          6 -8.89796077E-02                            1_GWF-(2,70,74)
 Model                              3          4  1.33361327E-03       *                    1_GWF-(2,40,32)
 ----------------------------------------------------------------------------------------------------------


 3 CALLS TO NUMERICAL SOLUTION IN TIME STEP 1 STRESS PERIOD 77
 29 TOTAL ITERATIONS

 SLN_2 OUTER ITERATION SUMMARY
 ----------------------------------------------------------------------------------------------------------
                                OUTER      INNER                    STEP   MAXIMUM CHANGE MODEL-(CELLID) OR
 OUTER ITERATION STEP       ITERATION  ITERATION  MAXIMUM CHANGE SUCCESS             MODEL-PACKAGE-(NUMBER)
 ----------------------------------------------------------------------------------------------------------
 Model                              1          2     -0.31858304                           2_GWT-(13,44,72)
 Model                              2          1  9.41469125E-14       *                   2_GWT-(12,45,72)
 ----------------------------------------------------------------------------------------------------------


 2 CALLS TO NUMERICAL SOLUTION IN TIME STEP 1 STRESS PERIOD 77
 3 TOTAL ITERATIONS
 
    Solving:  Stress period:    78    Time step:     1
 
1
 STRESS PERIOD NO. 78, LENGTH =   1.000000    
 ------------------------------------------
 NUMBER OF TIME STEPS = 1
 MULTIPLIER FOR DELT =     1.000

 OPENED ./external/chd_078.dat
 FILE TYPE:OPEN/CLOSE   UNIT 1431   STATUS:OLD                 
 FORMAT:FORMATTED              ACCESS:SEQUENTIAL          
 ACTION:READ                

 INITIAL TIME STEP SIZE =   1.000000    

 SLN_1 OUTER ITERATION SUMMARY
 ----------------------------------------------------------------------------------------------------------
                                OUTER      INNER                    STEP   MAXIMUM CHANGE MODEL-(CELLID) OR
 OUTER ITERATION STEP       ITERATION  ITERATION  MAXIMUM CHANGE SUCCESS             MODEL-PACKAGE-(NUMBER)
 ----------------------------------------------------------------------------------------------------------
 Model                              1         19     -0.12284308                            1_GWF-(1,60,68)
 Model                              2          6 -9.04063000E-02                            1_GWF-(1,41,65)
 Model                              3          4  1.44730156E-03       *                     1_GWF-(1,43,7)
 ----------------------------------------------------------------------------------------------------------


 3 CALLS TO NUMERICAL SOLUTION IN TIME STEP 1 STRESS PERIOD 78
 29 TOTAL ITERATIONS

 SLN_2 OUTER ITERATION SUMMARY
 ----------------------------------------------------------------------------------------------------------
                                OUTER      INNER                    STEP   MAXIMUM CHANGE MODEL-(CELLID) OR
 OUTER ITERATION STEP       ITERATION  ITERATION  MAXIMUM CHANGE SUCCESS             MODEL-PACKAGE-(NUMBER)
 ----------------------------------------------------------------------------------------------------------
 Model                              1          2     -0.33483805                           2_GWT-(13,44,72)
 Model                              2          1  6.57252031E-14       *                   2_GWT-(12,45,72)
 ----------------------------------------------------------------------------------------------------------


 2 CALLS TO NUMERICAL SOLUTION IN TIME STEP 1 STRESS PERIOD 78
 3 TOTAL ITERATIONS
 
    Solving:  Stress period:    79    Time step:     1
 
1
 STRESS PERIOD NO. 79, LENGTH =   1.000000    
 ------------------------------------------
 NUMBER OF TIME STEPS = 1
 MULTIPLIER FOR DELT =     1.000

 OPENED ./external/chd_079.dat
 FILE TYPE:OPEN/CLOSE   UNIT 1433   STATUS:OLD                 
 FORMAT:FORMATTED              ACCESS:SEQUENTIAL          
 ACTION:READ                

 INITIAL TIME STEP SIZE =   1.000000    

 SLN_1 OUTER ITERATION SUMMARY
 ----------------------------------------------------------------------------------------------------------
                                OUTER      INNER                    STEP   MAXIMUM CHANGE MODEL-(CELLID) OR
 OUTER ITERATION STEP       ITERATION  ITERATION  MAXIMUM CHANGE SUCCESS             MODEL-PACKAGE-(NUMBER)
 ----------------------------------------------------------------------------------------------------------
 Model                              1         16     -0.10037559                            1_GWF-(2,41,65)
 Model                              2          5 -4.23703415E-02                            1_GWF-(1,64,75)
 Model                              3          4  1.73917313E-03       *                    1_GWF-(3,60,40)
 ----------------------------------------------------------------------------------------------------------


 3 CALLS TO NUMERICAL SOLUTION IN TIME STEP 1 STRESS PERIOD 79
 25 TOTAL ITERATIONS

 SLN_2 OUTER ITERATION SUMMARY
 ----------------------------------------------------------------------------------------------------------
                                OUTER      INNER                    STEP   MAXIMUM CHANGE MODEL-(CELLID) OR
 OUTER ITERATION STEP       ITERATION  ITERATION  MAXIMUM CHANGE SUCCESS             MODEL-PACKAGE-(NUMBER)
 ----------------------------------------------------------------------------------------------------------
 Model                              1          2     -0.34661534                           2_GWT-(13,44,72)
 Model                              2          1  4.79616347E-14       *                   2_GWT-(12,45,72)
 ----------------------------------------------------------------------------------------------------------


 2 CALLS TO NUMERICAL SOLUTION IN TIME STEP 1 STRESS PERIOD 79
 3 TOTAL ITERATIONS
 
    Solving:  Stress period:    80    Time step:     1
 
1
 STRESS PERIOD NO. 80, LENGTH =   1.000000    
 ------------------------------------------
 NUMBER OF TIME STEPS = 1
 MULTIPLIER FOR DELT =     1.000

 OPENED ./external/chd_080.dat
 FILE TYPE:OPEN/CLOSE   UNIT 1435   STATUS:OLD                 
 FORMAT:FORMATTED              ACCESS:SEQUENTIAL          
 ACTION:READ                

 INITIAL TIME STEP SIZE =   1.000000    

 SLN_1 OUTER ITERATION SUMMARY
 ----------------------------------------------------------------------------------------------------------
                                OUTER      INNER                    STEP   MAXIMUM CHANGE MODEL-(CELLID) OR
 OUTER ITERATION STEP       ITERATION  ITERATION  MAXIMUM CHANGE SUCCESS             MODEL-PACKAGE-(NUMBER)
 ----------------------------------------------------------------------------------------------------------
 Model                              1         19     -0.14930423                            1_GWF-(1,64,75)
 Model                              2          5 -3.97693779E-02                           1_GWF-(2,100,16)
 Model                              3          4  1.43443168E-03       *                    1_GWF-(2,48,32)
 ----------------------------------------------------------------------------------------------------------


 3 CALLS TO NUMERICAL SOLUTION IN TIME STEP 1 STRESS PERIOD 80
 28 TOTAL ITERATIONS

 SLN_2 OUTER ITERATION SUMMARY
 ----------------------------------------------------------------------------------------------------------
                                OUTER      INNER                    STEP   MAXIMUM CHANGE MODEL-(CELLID) OR
 OUTER ITERATION STEP       ITERATION  ITERATION  MAXIMUM CHANGE SUCCESS             MODEL-PACKAGE-(NUMBER)
 ----------------------------------------------------------------------------------------------------------
 Model                              1          2     -0.35262823                           2_GWT-(13,44,72)
 Model                              2          1  4.26325641E-14       *                    2_GWT-(13,34,3)
 ----------------------------------------------------------------------------------------------------------


 2 CALLS TO NUMERICAL SOLUTION IN TIME STEP 1 STRESS PERIOD 80
 3 TOTAL ITERATIONS
 
    Solving:  Stress period:    81    Time step:     1
 
1
 STRESS PERIOD NO. 81, LENGTH =   1.000000    
 ------------------------------------------
 NUMBER OF TIME STEPS = 1
 MULTIPLIER FOR DELT =     1.000

 OPENED ./external/chd_081.dat
 FILE TYPE:OPEN/CLOSE   UNIT 1437   STATUS:OLD                 
 FORMAT:FORMATTED              ACCESS:SEQUENTIAL          
 ACTION:READ                

 INITIAL TIME STEP SIZE =   1.000000    

 SLN_1 OUTER ITERATION SUMMARY
 ----------------------------------------------------------------------------------------------------------
                                OUTER      INNER                    STEP   MAXIMUM CHANGE MODEL-(CELLID) OR
 OUTER ITERATION STEP       ITERATION  ITERATION  MAXIMUM CHANGE SUCCESS             MODEL-PACKAGE-(NUMBER)
 ----------------------------------------------------------------------------------------------------------
 Model                              1         16 -7.65919089E-02                            1_GWF-(1,54,40)
 Model                              2          8 -2.97929406E-02                             1_GWF-(1,62,6)
 Model                              3          1  1.15882718E-04       *                    1_GWF-(1,75,17)
 ----------------------------------------------------------------------------------------------------------


 3 CALLS TO NUMERICAL SOLUTION IN TIME STEP 1 STRESS PERIOD 81
 25 TOTAL ITERATIONS

 SLN_2 OUTER ITERATION SUMMARY
 ----------------------------------------------------------------------------------------------------------
                                OUTER      INNER                    STEP   MAXIMUM CHANGE MODEL-(CELLID) OR
 OUTER ITERATION STEP       ITERATION  ITERATION  MAXIMUM CHANGE SUCCESS             MODEL-PACKAGE-(NUMBER)
 ----------------------------------------------------------------------------------------------------------
 Model                              1          2     -0.35229739                           2_GWT-(13,44,72)
 Model                              2          1 -6.03961325E-14       *                   2_GWT-(13,44,72)
 ----------------------------------------------------------------------------------------------------------


 2 CALLS TO NUMERICAL SOLUTION IN TIME STEP 1 STRESS PERIOD 81
 3 TOTAL ITERATIONS
 
    Solving:  Stress period:    82    Time step:     1
 
1
 STRESS PERIOD NO. 82, LENGTH =   1.000000    
 ------------------------------------------
 NUMBER OF TIME STEPS = 1
 MULTIPLIER FOR DELT =     1.000

 OPENED ./external/chd_082.dat
 FILE TYPE:OPEN/CLOSE   UNIT 1439   STATUS:OLD                 
 FORMAT:FORMATTED              ACCESS:SEQUENTIAL          
 ACTION:READ                

 INITIAL TIME STEP SIZE =   1.000000    

 SLN_1 OUTER ITERATION SUMMARY
 ----------------------------------------------------------------------------------------------------------
                                OUTER      INNER                    STEP   MAXIMUM CHANGE MODEL-(CELLID) OR
 OUTER ITERATION STEP       ITERATION  ITERATION  MAXIMUM CHANGE SUCCESS             MODEL-PACKAGE-(NUMBER)
 ----------------------------------------------------------------------------------------------------------
 Model                              1         21       2.1867101                            1_GWF-(1,76,77)
 Model                              2         13     -0.69838216                            1_GWF-(3,64,75)
 Model                              3          6 -7.58536835E-02                            1_GWF-(3,64,75)
 Model                              4          5 -7.62422375E-03       *                    1_GWF-(3,64,75)
 ----------------------------------------------------------------------------------------------------------


 4 CALLS TO NUMERICAL SOLUTION IN TIME STEP 1 STRESS PERIOD 82
 45 TOTAL ITERATIONS

 SLN_2 OUTER ITERATION SUMMARY
 ----------------------------------------------------------------------------------------------------------
                                OUTER      INNER                    STEP   MAXIMUM CHANGE MODEL-(CELLID) OR
 OUTER ITERATION STEP       ITERATION  ITERATION  MAXIMUM CHANGE SUCCESS             MODEL-PACKAGE-(NUMBER)
 ----------------------------------------------------------------------------------------------------------
 Model                              1          2      -1.2667322                            2_GWT-(1,45,64)
 Model                              2          1  2.23898744E-14       *                    2_GWT-(1,45,64)
 ----------------------------------------------------------------------------------------------------------


 2 CALLS TO NUMERICAL SOLUTION IN TIME STEP 1 STRESS PERIOD 82
 3 TOTAL ITERATIONS
 
    Solving:  Stress period:    83    Time step:     1
 
1
 STRESS PERIOD NO. 83, LENGTH =   1.000000    
 ------------------------------------------
 NUMBER OF TIME STEPS = 1
 MULTIPLIER FOR DELT =     1.000

 OPENED ./external/chd_083.dat
 FILE TYPE:OPEN/CLOSE   UNIT 1441   STATUS:OLD                 
 FORMAT:FORMATTED              ACCESS:SEQUENTIAL          
 ACTION:READ                

 INITIAL TIME STEP SIZE =   1.000000    

 SLN_1 OUTER ITERATION SUMMARY
 ----------------------------------------------------------------------------------------------------------
                                OUTER      INNER                    STEP   MAXIMUM CHANGE MODEL-(CELLID) OR
 OUTER ITERATION STEP       ITERATION  ITERATION  MAXIMUM CHANGE SUCCESS             MODEL-PACKAGE-(NUMBER)
 ----------------------------------------------------------------------------------------------------------
 Model                              1         19     -0.64469852                            1_GWF-(1,64,74)
 Model                              2          8  7.75055163E-02                            1_GWF-(2,54,40)
 Model                              3          4  5.81424482E-03       *                   1_GWF-(2,106,40)
 ----------------------------------------------------------------------------------------------------------


 3 CALLS TO NUMERICAL SOLUTION IN TIME STEP 1 STRESS PERIOD 83
 31 TOTAL ITERATIONS

 SLN_2 OUTER ITERATION SUMMARY
 ----------------------------------------------------------------------------------------------------------
                                OUTER      INNER                    STEP   MAXIMUM CHANGE MODEL-(CELLID) OR
 OUTER ITERATION STEP       ITERATION  ITERATION  MAXIMUM CHANGE SUCCESS             MODEL-PACKAGE-(NUMBER)
 ----------------------------------------------------------------------------------------------------------
 Model                              1          2     -0.33408453                           2_GWT-(13,44,72)
 Model                              2          1  2.13162821E-14       *                     2_GWT-(3,3,25)
 ----------------------------------------------------------------------------------------------------------


 2 CALLS TO NUMERICAL SOLUTION IN TIME STEP 1 STRESS PERIOD 83
 3 TOTAL ITERATIONS
 
    Solving:  Stress period:    84    Time step:     1
 
1
 STRESS PERIOD NO. 84, LENGTH =   1.000000    
 ------------------------------------------
 NUMBER OF TIME STEPS = 1
 MULTIPLIER FOR DELT =     1.000

 OPENED ./external/chd_084.dat
 FILE TYPE:OPEN/CLOSE   UNIT 1443   STATUS:OLD                 
 FORMAT:FORMATTED              ACCESS:SEQUENTIAL          
 ACTION:READ                

 INITIAL TIME STEP SIZE =   1.000000    

 SLN_1 OUTER ITERATION SUMMARY
 ----------------------------------------------------------------------------------------------------------
                                OUTER      INNER                    STEP   MAXIMUM CHANGE MODEL-(CELLID) OR
 OUTER ITERATION STEP       ITERATION  ITERATION  MAXIMUM CHANGE SUCCESS             MODEL-PACKAGE-(NUMBER)
 ----------------------------------------------------------------------------------------------------------
 Model                              1         18      -1.1230956                            1_GWF-(1,66,73)
 Model                              2          8     -0.38479961                            1_GWF-(3,72,76)
 Model                              3          5  7.96818929E-03       *                    1_GWF-(1,31,67)
 ----------------------------------------------------------------------------------------------------------


 3 CALLS TO NUMERICAL SOLUTION IN TIME STEP 1 STRESS PERIOD 84
 31 TOTAL ITERATIONS

 SLN_2 OUTER ITERATION SUMMARY
 ----------------------------------------------------------------------------------------------------------
                                OUTER      INNER                    STEP   MAXIMUM CHANGE MODEL-(CELLID) OR
 OUTER ITERATION STEP       ITERATION  ITERATION  MAXIMUM CHANGE SUCCESS             MODEL-PACKAGE-(NUMBER)
 ----------------------------------------------------------------------------------------------------------
 Model                              1          2     -0.31595198                           2_GWT-(13,44,72)
 Model                              2          1 -2.13162821E-14       *                     2_GWT-(2,7,31)
 ----------------------------------------------------------------------------------------------------------


 2 CALLS TO NUMERICAL SOLUTION IN TIME STEP 1 STRESS PERIOD 84
 3 TOTAL ITERATIONS
 
    Solving:  Stress period:    85    Time step:     1
 
1
 STRESS PERIOD NO. 85, LENGTH =   1.000000    
 ------------------------------------------
 NUMBER OF TIME STEPS = 1
 MULTIPLIER FOR DELT =     1.000

 OPENED ./external/chd_085.dat
 FILE TYPE:OPEN/CLOSE   UNIT 1445   STATUS:OLD                 
 FORMAT:FORMATTED              ACCESS:SEQUENTIAL          
 ACTION:READ                

 INITIAL TIME STEP SIZE =   1.000000    

 SLN_1 OUTER ITERATION SUMMARY
 ----------------------------------------------------------------------------------------------------------
                                OUTER      INNER                    STEP   MAXIMUM CHANGE MODEL-(CELLID) OR
 OUTER ITERATION STEP       ITERATION  ITERATION  MAXIMUM CHANGE SUCCESS             MODEL-PACKAGE-(NUMBER)
 ----------------------------------------------------------------------------------------------------------
 Model                              1         19     -0.52405494                            1_GWF-(1,62,74)
 Model                              2          7     -0.22355263                            1_GWF-(3,76,79)
 Model                              3          4  2.61120670E-03       *                    1_GWF-(1,74,78)
 ----------------------------------------------------------------------------------------------------------


 3 CALLS TO NUMERICAL SOLUTION IN TIME STEP 1 STRESS PERIOD 85
 30 TOTAL ITERATIONS

 SLN_2 OUTER ITERATION SUMMARY
 ----------------------------------------------------------------------------------------------------------
                                OUTER      INNER                    STEP   MAXIMUM CHANGE MODEL-(CELLID) OR
 OUTER ITERATION STEP       ITERATION  ITERATION  MAXIMUM CHANGE SUCCESS             MODEL-PACKAGE-(NUMBER)
 ----------------------------------------------------------------------------------------------------------
 Model                              1          2       1.2488525                            2_GWT-(1,45,64)
 Model                              2          1  3.90798505E-14       *                    2_GWT-(1,45,64)
 ----------------------------------------------------------------------------------------------------------


 2 CALLS TO NUMERICAL SOLUTION IN TIME STEP 1 STRESS PERIOD 85
 3 TOTAL ITERATIONS
 
    Solving:  Stress period:    86    Time step:     1
 
1
 STRESS PERIOD NO. 86, LENGTH =   1.000000    
 ------------------------------------------
 NUMBER OF TIME STEPS = 1
 MULTIPLIER FOR DELT =     1.000

 OPENED ./external/chd_086.dat
 FILE TYPE:OPEN/CLOSE   UNIT 1447   STATUS:OLD                 
 FORMAT:FORMATTED              ACCESS:SEQUENTIAL          
 ACTION:READ                

 INITIAL TIME STEP SIZE =   1.000000    

 SLN_1 OUTER ITERATION SUMMARY
 ----------------------------------------------------------------------------------------------------------
                                OUTER      INNER                    STEP   MAXIMUM CHANGE MODEL-(CELLID) OR
 OUTER ITERATION STEP       ITERATION  ITERATION  MAXIMUM CHANGE SUCCESS             MODEL-PACKAGE-(NUMBER)
 ----------------------------------------------------------------------------------------------------------
 Model                              1         19     -0.25364469                           1_GWF-(1,105,57)
 Model                              2          6 -8.79109520E-02                            1_GWF-(2,68,74)
 Model                              3          4  2.25828387E-03       *                   1_GWF-(1,105,57)
 ----------------------------------------------------------------------------------------------------------


 3 CALLS TO NUMERICAL SOLUTION IN TIME STEP 1 STRESS PERIOD 86
 29 TOTAL ITERATIONS

 SLN_2 OUTER ITERATION SUMMARY
 ----------------------------------------------------------------------------------------------------------
                                OUTER      INNER                    STEP   MAXIMUM CHANGE MODEL-(CELLID) OR
 OUTER ITERATION STEP       ITERATION  ITERATION  MAXIMUM CHANGE SUCCESS             MODEL-PACKAGE-(NUMBER)
 ----------------------------------------------------------------------------------------------------------
 Model                              1          2     -0.26749876                           2_GWT-(13,44,72)
 Model                              2          1  2.13162821E-14       *                    2_GWT-(4,11,20)
 ----------------------------------------------------------------------------------------------------------


 2 CALLS TO NUMERICAL SOLUTION IN TIME STEP 1 STRESS PERIOD 86
 3 TOTAL ITERATIONS
 
    Solving:  Stress period:    87    Time step:     1
 
1
 STRESS PERIOD NO. 87, LENGTH =   1.000000    
 ------------------------------------------
 NUMBER OF TIME STEPS = 1
 MULTIPLIER FOR DELT =     1.000

 OPENED ./external/chd_087.dat
 FILE TYPE:OPEN/CLOSE   UNIT 1449   STATUS:OLD                 
 FORMAT:FORMATTED              ACCESS:SEQUENTIAL          
 ACTION:READ                

 INITIAL TIME STEP SIZE =   1.000000    

 SLN_1 OUTER ITERATION SUMMARY
 ----------------------------------------------------------------------------------------------------------
                                OUTER      INNER                    STEP   MAXIMUM CHANGE MODEL-(CELLID) OR
 OUTER ITERATION STEP       ITERATION  ITERATION  MAXIMUM CHANGE SUCCESS             MODEL-PACKAGE-(NUMBER)
 ----------------------------------------------------------------------------------------------------------
 Model                              1         19     -0.15219488                            1_GWF-(1,68,74)
 Model                              2          6 -7.37007634E-02                            1_GWF-(1,65,75)
 Model                              3          4  2.21287587E-03       *                    1_GWF-(2,54,40)
 ----------------------------------------------------------------------------------------------------------


 3 CALLS TO NUMERICAL SOLUTION IN TIME STEP 1 STRESS PERIOD 87
 29 TOTAL ITERATIONS

 SLN_2 OUTER ITERATION SUMMARY
 ----------------------------------------------------------------------------------------------------------
                                OUTER      INNER                    STEP   MAXIMUM CHANGE MODEL-(CELLID) OR
 OUTER ITERATION STEP       ITERATION  ITERATION  MAXIMUM CHANGE SUCCESS             MODEL-PACKAGE-(NUMBER)
 ----------------------------------------------------------------------------------------------------------
 Model                              1          2     -0.23958424                           2_GWT-(13,44,72)
 Model                              2          1  3.90798505E-14       *                   2_GWT-(13,44,72)
 ----------------------------------------------------------------------------------------------------------


 2 CALLS TO NUMERICAL SOLUTION IN TIME STEP 1 STRESS PERIOD 87
 3 TOTAL ITERATIONS
 
    Solving:  Stress period:    88    Time step:     1
 
1
 STRESS PERIOD NO. 88, LENGTH =   1.000000    
 ------------------------------------------
 NUMBER OF TIME STEPS = 1
 MULTIPLIER FOR DELT =     1.000

 OPENED ./external/chd_088.dat
 FILE TYPE:OPEN/CLOSE   UNIT 1451   STATUS:OLD                 
 FORMAT:FORMATTED              ACCESS:SEQUENTIAL          
 ACTION:READ                

 INITIAL TIME STEP SIZE =   1.000000    

 SLN_1 OUTER ITERATION SUMMARY
 ----------------------------------------------------------------------------------------------------------
                                OUTER      INNER                    STEP   MAXIMUM CHANGE MODEL-(CELLID) OR
 OUTER ITERATION STEP       ITERATION  ITERATION  MAXIMUM CHANGE SUCCESS             MODEL-PACKAGE-(NUMBER)
 ----------------------------------------------------------------------------------------------------------
 Model                              1         20     -0.23384962                            1_GWF-(1,97,72)
 Model                              2          5 -3.12794027E-02                            1_GWF-(4,72,41)
 Model                              3          4  1.32968482E-03       *                    1_GWF-(1,97,72)
 ----------------------------------------------------------------------------------------------------------


 3 CALLS TO NUMERICAL SOLUTION IN TIME STEP 1 STRESS PERIOD 88
 29 TOTAL ITERATIONS

 SLN_2 OUTER ITERATION SUMMARY
 ----------------------------------------------------------------------------------------------------------
                                OUTER      INNER                    STEP   MAXIMUM CHANGE MODEL-(CELLID) OR
 OUTER ITERATION STEP       ITERATION  ITERATION  MAXIMUM CHANGE SUCCESS             MODEL-PACKAGE-(NUMBER)
 ----------------------------------------------------------------------------------------------------------
 Model                              1          2     -0.21182578                           2_GWT-(13,44,72)
 Model                              2          1  5.68434189E-14       *                   2_GWT-(13,44,72)
 ----------------------------------------------------------------------------------------------------------


 2 CALLS TO NUMERICAL SOLUTION IN TIME STEP 1 STRESS PERIOD 88
 3 TOTAL ITERATIONS
 
    Solving:  Stress period:    89    Time step:     1
 
1
 STRESS PERIOD NO. 89, LENGTH =   1.000000    
 ------------------------------------------
 NUMBER OF TIME STEPS = 1
 MULTIPLIER FOR DELT =     1.000

 OPENED ./external/chd_089.dat
 FILE TYPE:OPEN/CLOSE   UNIT 1453   STATUS:OLD                 
 FORMAT:FORMATTED              ACCESS:SEQUENTIAL          
 ACTION:READ                

 INITIAL TIME STEP SIZE =   1.000000    

 SLN_1 OUTER ITERATION SUMMARY
 ----------------------------------------------------------------------------------------------------------
                                OUTER      INNER                    STEP   MAXIMUM CHANGE MODEL-(CELLID) OR
 OUTER ITERATION STEP       ITERATION  ITERATION  MAXIMUM CHANGE SUCCESS             MODEL-PACKAGE-(NUMBER)
 ----------------------------------------------------------------------------------------------------------
 Model                              1         19     -0.17340554                            1_GWF-(1,71,75)
 Model                              2          5 -6.29360360E-02                            1_GWF-(1,70,74)
 Model                              3          3  1.00242421E-03       *                   1_GWF-(1,104,37)
 ----------------------------------------------------------------------------------------------------------


 3 CALLS TO NUMERICAL SOLUTION IN TIME STEP 1 STRESS PERIOD 89
 27 TOTAL ITERATIONS

 SLN_2 OUTER ITERATION SUMMARY
 ----------------------------------------------------------------------------------------------------------
                                OUTER      INNER                    STEP   MAXIMUM CHANGE MODEL-(CELLID) OR
 OUTER ITERATION STEP       ITERATION  ITERATION  MAXIMUM CHANGE SUCCESS             MODEL-PACKAGE-(NUMBER)
 ----------------------------------------------------------------------------------------------------------
 Model                              1          2     -0.24952865                            2_GWT-(13,37,1)
 Model                              2          1 -8.70414851E-14       *                    2_GWT-(15,41,1)
 ----------------------------------------------------------------------------------------------------------


 2 CALLS TO NUMERICAL SOLUTION IN TIME STEP 1 STRESS PERIOD 89
 3 TOTAL ITERATIONS
 
    Solving:  Stress period:    90    Time step:     1
 
1
 STRESS PERIOD NO. 90, LENGTH =   1.000000    
 ------------------------------------------
 NUMBER OF TIME STEPS = 1
 MULTIPLIER FOR DELT =     1.000

 OPENED ./external/chd_090.dat
 FILE TYPE:OPEN/CLOSE   UNIT 1455   STATUS:OLD                 
 FORMAT:FORMATTED              ACCESS:SEQUENTIAL          
 ACTION:READ                

 INITIAL TIME STEP SIZE =   1.000000    

 SLN_1 OUTER ITERATION SUMMARY
 ----------------------------------------------------------------------------------------------------------
                                OUTER      INNER                    STEP   MAXIMUM CHANGE MODEL-(CELLID) OR
 OUTER ITERATION STEP       ITERATION  ITERATION  MAXIMUM CHANGE SUCCESS             MODEL-PACKAGE-(NUMBER)
 ----------------------------------------------------------------------------------------------------------
 Model                              1         18     -0.12535091                            1_GWF-(1,70,74)
 Model                              2          5 -1.69136082E-02                            1_GWF-(1,41,28)
 Model                              3          4  1.67414135E-03       *                    1_GWF-(1,45,34)
 ----------------------------------------------------------------------------------------------------------


 3 CALLS TO NUMERICAL SOLUTION IN TIME STEP 1 STRESS PERIOD 90
 27 TOTAL ITERATIONS

 SLN_2 OUTER ITERATION SUMMARY
 ----------------------------------------------------------------------------------------------------------
                                OUTER      INNER                    STEP   MAXIMUM CHANGE MODEL-(CELLID) OR
 OUTER ITERATION STEP       ITERATION  ITERATION  MAXIMUM CHANGE SUCCESS             MODEL-PACKAGE-(NUMBER)
 ----------------------------------------------------------------------------------------------------------
 Model                              1          2     -0.31119625                            2_GWT-(13,37,1)
 Model                              2          1 -9.94759830E-14       *                    2_GWT-(15,41,1)
 ----------------------------------------------------------------------------------------------------------


 2 CALLS TO NUMERICAL SOLUTION IN TIME STEP 1 STRESS PERIOD 90
 3 TOTAL ITERATIONS
 
    Solving:  Stress period:    91    Time step:     1
 
1
 STRESS PERIOD NO. 91, LENGTH =   1.000000    
 ------------------------------------------
 NUMBER OF TIME STEPS = 1
 MULTIPLIER FOR DELT =     1.000

 OPENED ./external/chd_091.dat
 FILE TYPE:OPEN/CLOSE   UNIT 1457   STATUS:OLD                 
 FORMAT:FORMATTED              ACCESS:SEQUENTIAL          
 ACTION:READ                

 INITIAL TIME STEP SIZE =   1.000000    

 SLN_1 OUTER ITERATION SUMMARY
 ----------------------------------------------------------------------------------------------------------
                                OUTER      INNER                    STEP   MAXIMUM CHANGE MODEL-(CELLID) OR
 OUTER ITERATION STEP       ITERATION  ITERATION  MAXIMUM CHANGE SUCCESS             MODEL-PACKAGE-(NUMBER)
 ----------------------------------------------------------------------------------------------------------
 Model                              1         18     -0.17409591                            1_GWF-(1,64,75)
 Model                              2          6 -4.32011657E-02                            1_GWF-(1,40,25)
 Model                              3          3  1.23922462E-03       *                    1_GWF-(3,65,15)
 ----------------------------------------------------------------------------------------------------------


 3 CALLS TO NUMERICAL SOLUTION IN TIME STEP 1 STRESS PERIOD 91
 27 TOTAL ITERATIONS

 SLN_2 OUTER ITERATION SUMMARY
 ----------------------------------------------------------------------------------------------------------
                                OUTER      INNER                    STEP   MAXIMUM CHANGE MODEL-(CELLID) OR
 OUTER ITERATION STEP       ITERATION  ITERATION  MAXIMUM CHANGE SUCCESS             MODEL-PACKAGE-(NUMBER)
 ----------------------------------------------------------------------------------------------------------
 Model                              1          2     -0.40030006                            2_GWT-(13,37,1)
 Model                              2          1 -9.23705556E-14       *                    2_GWT-(15,41,1)
 ----------------------------------------------------------------------------------------------------------


 2 CALLS TO NUMERICAL SOLUTION IN TIME STEP 1 STRESS PERIOD 91
 3 TOTAL ITERATIONS
 
    Solving:  Stress period:    92    Time step:     1
 
1
 STRESS PERIOD NO. 92, LENGTH =   1.000000    
 ------------------------------------------
 NUMBER OF TIME STEPS = 1
 MULTIPLIER FOR DELT =     1.000
 #k i j q boundname

 OPENED .\external\wel_121.dat
 FILE TYPE:OPEN/CLOSE   UNIT 1458   STATUS:OLD                 
 FORMAT:FORMATTED              ACCESS:SEQUENTIAL          
 ACTION:READ                


 OPENED ./external/chd_092.dat
 FILE TYPE:OPEN/CLOSE   UNIT 1460   STATUS:OLD                 
 FORMAT:FORMATTED              ACCESS:SEQUENTIAL          
 ACTION:READ                

 INITIAL TIME STEP SIZE =   1.000000    

 SLN_1 OUTER ITERATION SUMMARY
 ----------------------------------------------------------------------------------------------------------
                                OUTER      INNER                    STEP   MAXIMUM CHANGE MODEL-(CELLID) OR
 OUTER ITERATION STEP       ITERATION  ITERATION  MAXIMUM CHANGE SUCCESS             MODEL-PACKAGE-(NUMBER)
 ----------------------------------------------------------------------------------------------------------
 Model                              1         17       1.1234438                          1_GWF-(14,147,59)
 Model                              2          4 -5.37044012E-02                            1_GWF-(1,91,67)
 Model                              3          4  4.55647680E-03       *                    1_GWF-(1,91,67)
 ----------------------------------------------------------------------------------------------------------


 3 CALLS TO NUMERICAL SOLUTION IN TIME STEP 1 STRESS PERIOD 92
 25 TOTAL ITERATIONS

 SLN_2 OUTER ITERATION SUMMARY
 ----------------------------------------------------------------------------------------------------------
                                OUTER      INNER                    STEP   MAXIMUM CHANGE MODEL-(CELLID) OR
 OUTER ITERATION STEP       ITERATION  ITERATION  MAXIMUM CHANGE SUCCESS             MODEL-PACKAGE-(NUMBER)
 ----------------------------------------------------------------------------------------------------------
 Model                              1          2     -0.52426977                            2_GWT-(13,37,1)
 Model                              2          1 -7.81597009E-14       *                    2_GWT-(15,41,1)
 ----------------------------------------------------------------------------------------------------------


 2 CALLS TO NUMERICAL SOLUTION IN TIME STEP 1 STRESS PERIOD 92
 3 TOTAL ITERATIONS
 
    Solving:  Stress period:    93    Time step:     1
 
1
 STRESS PERIOD NO. 93, LENGTH =   1.000000    
 ------------------------------------------
 NUMBER OF TIME STEPS = 1
 MULTIPLIER FOR DELT =     1.000

 OPENED ./external/chd_093.dat
 FILE TYPE:OPEN/CLOSE   UNIT 1462   STATUS:OLD                 
 FORMAT:FORMATTED              ACCESS:SEQUENTIAL          
 ACTION:READ                

 INITIAL TIME STEP SIZE =   1.000000    

 SLN_1 OUTER ITERATION SUMMARY
 ----------------------------------------------------------------------------------------------------------
                                OUTER      INNER                    STEP   MAXIMUM CHANGE MODEL-(CELLID) OR
 OUTER ITERATION STEP       ITERATION  ITERATION  MAXIMUM CHANGE SUCCESS             MODEL-PACKAGE-(NUMBER)
 ----------------------------------------------------------------------------------------------------------
 Model                              1         17      0.63663976                            1_GWF-(1,72,72)
 Model                              2          6 -4.97292947E-02                            1_GWF-(1,61,67)
 Model                              3          4 -4.99371720E-03       *                    1_GWF-(1,61,67)
 ----------------------------------------------------------------------------------------------------------


 3 CALLS TO NUMERICAL SOLUTION IN TIME STEP 1 STRESS PERIOD 93
 27 TOTAL ITERATIONS

 SLN_2 OUTER ITERATION SUMMARY
 ----------------------------------------------------------------------------------------------------------
                                OUTER      INNER                    STEP   MAXIMUM CHANGE MODEL-(CELLID) OR
 OUTER ITERATION STEP       ITERATION  ITERATION  MAXIMUM CHANGE SUCCESS             MODEL-PACKAGE-(NUMBER)
 ----------------------------------------------------------------------------------------------------------
 Model                              1          2      -1.2490434                            2_GWT-(1,45,64)
 Model                              2          1 -2.08203598E-12       *                    2_GWT-(1,45,64)
 ----------------------------------------------------------------------------------------------------------


 2 CALLS TO NUMERICAL SOLUTION IN TIME STEP 1 STRESS PERIOD 93
 3 TOTAL ITERATIONS
 
    Solving:  Stress period:    94    Time step:     1
 
1
 STRESS PERIOD NO. 94, LENGTH =   1.000000    
 ------------------------------------------
 NUMBER OF TIME STEPS = 1
 MULTIPLIER FOR DELT =     1.000

 OPENED ./external/chd_094.dat
 FILE TYPE:OPEN/CLOSE   UNIT 1464   STATUS:OLD                 
 FORMAT:FORMATTED              ACCESS:SEQUENTIAL          
 ACTION:READ                

 INITIAL TIME STEP SIZE =   1.000000    

 SLN_1 OUTER ITERATION SUMMARY
 ----------------------------------------------------------------------------------------------------------
                                OUTER      INNER                    STEP   MAXIMUM CHANGE MODEL-(CELLID) OR
 OUTER ITERATION STEP       ITERATION  ITERATION  MAXIMUM CHANGE SUCCESS             MODEL-PACKAGE-(NUMBER)
 ----------------------------------------------------------------------------------------------------------
 Model                              1         18      0.43882851                            1_GWF-(1,77,77)
 Model                              2          7     -0.14948299                            1_GWF-(1,97,72)
 Model                              3          4 -1.54285732E-02                            1_GWF-(1,97,72)
 Model                              4          3 -1.54642589E-03       *                    1_GWF-(1,97,72)
 ----------------------------------------------------------------------------------------------------------


 4 CALLS TO NUMERICAL SOLUTION IN TIME STEP 1 STRESS PERIOD 94
 32 TOTAL ITERATIONS

 SLN_2 OUTER ITERATION SUMMARY
 ----------------------------------------------------------------------------------------------------------
                                OUTER      INNER                    STEP   MAXIMUM CHANGE MODEL-(CELLID) OR
 OUTER ITERATION STEP       ITERATION  ITERATION  MAXIMUM CHANGE SUCCESS             MODEL-PACKAGE-(NUMBER)
 ----------------------------------------------------------------------------------------------------------
 Model                              1          2     -0.86653776                            2_GWT-(13,37,1)
 Model                              2          1 -2.13162821E-14       *                    2_GWT-(6,18,25)
 ----------------------------------------------------------------------------------------------------------


 2 CALLS TO NUMERICAL SOLUTION IN TIME STEP 1 STRESS PERIOD 94
 3 TOTAL ITERATIONS
 
    Solving:  Stress period:    95    Time step:     1
 
1
 STRESS PERIOD NO. 95, LENGTH =   1.000000    
 ------------------------------------------
 NUMBER OF TIME STEPS = 1
 MULTIPLIER FOR DELT =     1.000

 OPENED ./external/chd_095.dat
 FILE TYPE:OPEN/CLOSE   UNIT 1466   STATUS:OLD                 
 FORMAT:FORMATTED              ACCESS:SEQUENTIAL          
 ACTION:READ                

 INITIAL TIME STEP SIZE =   1.000000    

 SLN_1 OUTER ITERATION SUMMARY
 ----------------------------------------------------------------------------------------------------------
                                OUTER      INNER                    STEP   MAXIMUM CHANGE MODEL-(CELLID) OR
 OUTER ITERATION STEP       ITERATION  ITERATION  MAXIMUM CHANGE SUCCESS             MODEL-PACKAGE-(NUMBER)
 ----------------------------------------------------------------------------------------------------------
 Model                              1         19     -0.33732220                           1_GWF-(1,103,42)
 Model                              2          6 -2.32158034E-02                           1_GWF-(3,101,25)
 Model                              3          3  1.23325082E-03       *                   1_GWF-(1,101,65)
 ----------------------------------------------------------------------------------------------------------


 3 CALLS TO NUMERICAL SOLUTION IN TIME STEP 1 STRESS PERIOD 95
 28 TOTAL ITERATIONS

 SLN_2 OUTER ITERATION SUMMARY
 ----------------------------------------------------------------------------------------------------------
                                OUTER      INNER                    STEP   MAXIMUM CHANGE MODEL-(CELLID) OR
 OUTER ITERATION STEP       ITERATION  ITERATION  MAXIMUM CHANGE SUCCESS             MODEL-PACKAGE-(NUMBER)
 ----------------------------------------------------------------------------------------------------------
 Model                              1          2     -0.96653113                            2_GWT-(13,37,1)
 Model                              2          1  2.13162821E-14       *                    2_GWT-(6,25,67)
 ----------------------------------------------------------------------------------------------------------


 2 CALLS TO NUMERICAL SOLUTION IN TIME STEP 1 STRESS PERIOD 95
 3 TOTAL ITERATIONS
 
    Solving:  Stress period:    96    Time step:     1
 
1
 STRESS PERIOD NO. 96, LENGTH =   1.000000    
 ------------------------------------------
 NUMBER OF TIME STEPS = 1
 MULTIPLIER FOR DELT =     1.000

 OPENED ./external/chd_096.dat
 FILE TYPE:OPEN/CLOSE   UNIT 1468   STATUS:OLD                 
 FORMAT:FORMATTED              ACCESS:SEQUENTIAL          
 ACTION:READ                

 INITIAL TIME STEP SIZE =   1.000000    

 SLN_1 OUTER ITERATION SUMMARY
 ----------------------------------------------------------------------------------------------------------
                                OUTER      INNER                    STEP   MAXIMUM CHANGE MODEL-(CELLID) OR
 OUTER ITERATION STEP       ITERATION  ITERATION  MAXIMUM CHANGE SUCCESS             MODEL-PACKAGE-(NUMBER)
 ----------------------------------------------------------------------------------------------------------
 Model                              1         19     -0.53620399                            1_GWF-(1,76,77)
 Model                              2          6     -0.15140271                            1_GWF-(3,71,75)
 Model                              3          4  5.51342014E-03       *                    1_GWF-(1,97,72)
 ----------------------------------------------------------------------------------------------------------


 3 CALLS TO NUMERICAL SOLUTION IN TIME STEP 1 STRESS PERIOD 96
 29 TOTAL ITERATIONS

 SLN_2 OUTER ITERATION SUMMARY
 ----------------------------------------------------------------------------------------------------------
                                OUTER      INNER                    STEP   MAXIMUM CHANGE MODEL-(CELLID) OR
 OUTER ITERATION STEP       ITERATION  ITERATION  MAXIMUM CHANGE SUCCESS             MODEL-PACKAGE-(NUMBER)
 ----------------------------------------------------------------------------------------------------------
 Model                              1          2       1.2415056                            2_GWT-(1,45,64)
 Model                              2          1 -2.22877272E-14       *                    2_GWT-(1,47,39)
 ----------------------------------------------------------------------------------------------------------


 2 CALLS TO NUMERICAL SOLUTION IN TIME STEP 1 STRESS PERIOD 96
 3 TOTAL ITERATIONS
 
    Solving:  Stress period:    97    Time step:     1
 
1
 STRESS PERIOD NO. 97, LENGTH =   1.000000    
 ------------------------------------------
 NUMBER OF TIME STEPS = 1
 MULTIPLIER FOR DELT =     1.000

 OPENED ./external/chd_097.dat
 FILE TYPE:OPEN/CLOSE   UNIT 1470   STATUS:OLD                 
 FORMAT:FORMATTED              ACCESS:SEQUENTIAL          
 ACTION:READ                

 INITIAL TIME STEP SIZE =   1.000000    

 SLN_1 OUTER ITERATION SUMMARY
 ----------------------------------------------------------------------------------------------------------
                                OUTER      INNER                    STEP   MAXIMUM CHANGE MODEL-(CELLID) OR
 OUTER ITERATION STEP       ITERATION  ITERATION  MAXIMUM CHANGE SUCCESS             MODEL-PACKAGE-(NUMBER)
 ----------------------------------------------------------------------------------------------------------
 Model                              1         16     -0.11395796                            1_GWF-(3,70,74)
 Model                              2          9     -0.15515218                            1_GWF-(1,64,75)
 Model                              3          3  1.35051421E-03       *                    1_GWF-(4,62,43)
 ----------------------------------------------------------------------------------------------------------


 3 CALLS TO NUMERICAL SOLUTION IN TIME STEP 1 STRESS PERIOD 97
 28 TOTAL ITERATIONS

 SLN_2 OUTER ITERATION SUMMARY
 ----------------------------------------------------------------------------------------------------------
                                OUTER      INNER                    STEP   MAXIMUM CHANGE MODEL-(CELLID) OR
 OUTER ITERATION STEP       ITERATION  ITERATION  MAXIMUM CHANGE SUCCESS             MODEL-PACKAGE-(NUMBER)
 ----------------------------------------------------------------------------------------------------------
 Model                              1          2     -0.73720222                            2_GWT-(13,37,1)
 Model                              2          1 -2.13162821E-14       *                    2_GWT-(4,10,29)
 ----------------------------------------------------------------------------------------------------------


 2 CALLS TO NUMERICAL SOLUTION IN TIME STEP 1 STRESS PERIOD 97
 3 TOTAL ITERATIONS
 
    Solving:  Stress period:    98    Time step:     1
 
1
 STRESS PERIOD NO. 98, LENGTH =   1.000000    
 ------------------------------------------
 NUMBER OF TIME STEPS = 1
 MULTIPLIER FOR DELT =     1.000

 OPENED ./external/chd_098.dat
 FILE TYPE:OPEN/CLOSE   UNIT 1472   STATUS:OLD                 
 FORMAT:FORMATTED              ACCESS:SEQUENTIAL          
 ACTION:READ                

 INITIAL TIME STEP SIZE =   1.000000    

 SLN_1 OUTER ITERATION SUMMARY
 ----------------------------------------------------------------------------------------------------------
                                OUTER      INNER                    STEP   MAXIMUM CHANGE MODEL-(CELLID) OR
 OUTER ITERATION STEP       ITERATION  ITERATION  MAXIMUM CHANGE SUCCESS             MODEL-PACKAGE-(NUMBER)
 ----------------------------------------------------------------------------------------------------------
 Model                              1         18 -5.97646209E-02                            1_GWF-(1,65,14)
 Model                              2          6 -3.25717463E-02                            1_GWF-(1,25,18)
 Model                              3          4  7.07139973E-04       *                    1_GWF-(1,29,15)
 ----------------------------------------------------------------------------------------------------------


 3 CALLS TO NUMERICAL SOLUTION IN TIME STEP 1 STRESS PERIOD 98
 28 TOTAL ITERATIONS

 SLN_2 OUTER ITERATION SUMMARY
 ----------------------------------------------------------------------------------------------------------
                                OUTER      INNER                    STEP   MAXIMUM CHANGE MODEL-(CELLID) OR
 OUTER ITERATION STEP       ITERATION  ITERATION  MAXIMUM CHANGE SUCCESS             MODEL-PACKAGE-(NUMBER)
 ----------------------------------------------------------------------------------------------------------
 Model                              1          2     -0.37279323                            2_GWT-(13,37,1)
 Model                              2          1  4.97379915E-14       *                    2_GWT-(14,37,1)
 ----------------------------------------------------------------------------------------------------------


 2 CALLS TO NUMERICAL SOLUTION IN TIME STEP 1 STRESS PERIOD 98
 3 TOTAL ITERATIONS
 
    Solving:  Stress period:    99    Time step:     1
 
1
 STRESS PERIOD NO. 99, LENGTH =   1.000000    
 ------------------------------------------
 NUMBER OF TIME STEPS = 1
 MULTIPLIER FOR DELT =     1.000

 OPENED ./external/chd_099.dat
 FILE TYPE:OPEN/CLOSE   UNIT 1474   STATUS:OLD                 
 FORMAT:FORMATTED              ACCESS:SEQUENTIAL          
 ACTION:READ                

 INITIAL TIME STEP SIZE =   1.000000    

 SLN_1 OUTER ITERATION SUMMARY
 ----------------------------------------------------------------------------------------------------------
                                OUTER      INNER                    STEP   MAXIMUM CHANGE MODEL-(CELLID) OR
 OUTER ITERATION STEP       ITERATION  ITERATION  MAXIMUM CHANGE SUCCESS             MODEL-PACKAGE-(NUMBER)
 ----------------------------------------------------------------------------------------------------------
 Model                              1         18 -7.85416455E-02                            1_GWF-(1,46,28)
 Model                              2          5  9.57026130E-03       *                    1_GWF-(3,62,22)
 ----------------------------------------------------------------------------------------------------------


 2 CALLS TO NUMERICAL SOLUTION IN TIME STEP 1 STRESS PERIOD 99
 23 TOTAL ITERATIONS

 SLN_2 OUTER ITERATION SUMMARY
 ----------------------------------------------------------------------------------------------------------
                                OUTER      INNER                    STEP   MAXIMUM CHANGE MODEL-(CELLID) OR
 OUTER ITERATION STEP       ITERATION  ITERATION  MAXIMUM CHANGE SUCCESS             MODEL-PACKAGE-(NUMBER)
 ----------------------------------------------------------------------------------------------------------
 Model                              1          2       2.8913150                            2_GWT-(1,38,66)
 Model                              2          1  4.32098801E-13       *                    2_GWT-(1,38,66)
 ----------------------------------------------------------------------------------------------------------


 2 CALLS TO NUMERICAL SOLUTION IN TIME STEP 1 STRESS PERIOD 99
 3 TOTAL ITERATIONS
 
    Solving:  Stress period:   100    Time step:     1
 
1
 STRESS PERIOD NO. 100, LENGTH =   1.000000    
 ------------------------------------------
 NUMBER OF TIME STEPS = 1
 MULTIPLIER FOR DELT =     1.000

 OPENED ./external/chd_100.dat
 FILE TYPE:OPEN/CLOSE   UNIT 1476   STATUS:OLD                 
 FORMAT:FORMATTED              ACCESS:SEQUENTIAL          
 ACTION:READ                

 INITIAL TIME STEP SIZE =   1.000000    

 SLN_1 OUTER ITERATION SUMMARY
 ----------------------------------------------------------------------------------------------------------
                                OUTER      INNER                    STEP   MAXIMUM CHANGE MODEL-(CELLID) OR
 OUTER ITERATION STEP       ITERATION  ITERATION  MAXIMUM CHANGE SUCCESS             MODEL-PACKAGE-(NUMBER)
 ----------------------------------------------------------------------------------------------------------
 Model                              1         15 -7.45106657E-02                            1_GWF-(3,91,67)
 Model                              2          6     -0.10619228                            1_GWF-(1,66,75)
 Model                              3          3  8.63317403E-04       *                    1_GWF-(2,53,17)
 ----------------------------------------------------------------------------------------------------------


 3 CALLS TO NUMERICAL SOLUTION IN TIME STEP 1 STRESS PERIOD 100
 24 TOTAL ITERATIONS

 SLN_2 OUTER ITERATION SUMMARY
 ----------------------------------------------------------------------------------------------------------
                                OUTER      INNER                    STEP   MAXIMUM CHANGE MODEL-(CELLID) OR
 OUTER ITERATION STEP       ITERATION  ITERATION  MAXIMUM CHANGE SUCCESS             MODEL-PACKAGE-(NUMBER)
 ----------------------------------------------------------------------------------------------------------
 Model                              1          2      0.29142055                            2_GWT-(14,37,1)
 Model                              2          1 -2.13162821E-14       *                    2_GWT-(7,15,33)
 ----------------------------------------------------------------------------------------------------------


 2 CALLS TO NUMERICAL SOLUTION IN TIME STEP 1 STRESS PERIOD 100
 3 TOTAL ITERATIONS
 
    Solving:  Stress period:   101    Time step:     1
 
1
 STRESS PERIOD NO. 101, LENGTH =   1.000000    
 ------------------------------------------
 NUMBER OF TIME STEPS = 1
 MULTIPLIER FOR DELT =     1.000

 OPENED ./external/chd_101.dat
 FILE TYPE:OPEN/CLOSE   UNIT 1478   STATUS:OLD                 
 FORMAT:FORMATTED              ACCESS:SEQUENTIAL          
 ACTION:READ                

 INITIAL TIME STEP SIZE =   1.000000    

 SLN_1 OUTER ITERATION SUMMARY
 ----------------------------------------------------------------------------------------------------------
                                OUTER      INNER                    STEP   MAXIMUM CHANGE MODEL-(CELLID) OR
 OUTER ITERATION STEP       ITERATION  ITERATION  MAXIMUM CHANGE SUCCESS             MODEL-PACKAGE-(NUMBER)
 ----------------------------------------------------------------------------------------------------------
 Model                              1         15 -6.28245456E-02                            1_GWF-(1,66,75)
 Model                              2          5 -5.15166630E-02                            1_GWF-(1,45,65)
 Model                              3          3  1.23770051E-03       *                    1_GWF-(2,43,29)
 ----------------------------------------------------------------------------------------------------------


 3 CALLS TO NUMERICAL SOLUTION IN TIME STEP 1 STRESS PERIOD 101
 23 TOTAL ITERATIONS

 SLN_2 OUTER ITERATION SUMMARY
 ----------------------------------------------------------------------------------------------------------
                                OUTER      INNER                    STEP   MAXIMUM CHANGE MODEL-(CELLID) OR
 OUTER ITERATION STEP       ITERATION  ITERATION  MAXIMUM CHANGE SUCCESS             MODEL-PACKAGE-(NUMBER)
 ----------------------------------------------------------------------------------------------------------
 Model                              1          2      0.29298697                            2_GWT-(14,37,1)
 Model                              2          1 -1.42108547E-13       *                    2_GWT-(15,41,1)
 ----------------------------------------------------------------------------------------------------------


 2 CALLS TO NUMERICAL SOLUTION IN TIME STEP 1 STRESS PERIOD 101
 3 TOTAL ITERATIONS
 
    Solving:  Stress period:   102    Time step:     1
 
1
 STRESS PERIOD NO. 102, LENGTH =   1.000000    
 ------------------------------------------
 NUMBER OF TIME STEPS = 1
 MULTIPLIER FOR DELT =     1.000

 OPENED ./external/chd_102.dat
 FILE TYPE:OPEN/CLOSE   UNIT 1480   STATUS:OLD                 
 FORMAT:FORMATTED              ACCESS:SEQUENTIAL          
 ACTION:READ                

 INITIAL TIME STEP SIZE =   1.000000    

 SLN_1 OUTER ITERATION SUMMARY
 ----------------------------------------------------------------------------------------------------------
                                OUTER      INNER                    STEP   MAXIMUM CHANGE MODEL-(CELLID) OR
 OUTER ITERATION STEP       ITERATION  ITERATION  MAXIMUM CHANGE SUCCESS             MODEL-PACKAGE-(NUMBER)
 ----------------------------------------------------------------------------------------------------------
 Model                              1         18 -6.08228117E-02                            1_GWF-(1,63,47)
 Model                              2          7 -2.11718551E-02                            1_GWF-(1,43,29)
 Model                              3          3  1.08338575E-03       *                    1_GWF-(3,51,66)
 ----------------------------------------------------------------------------------------------------------


 3 CALLS TO NUMERICAL SOLUTION IN TIME STEP 1 STRESS PERIOD 102
 28 TOTAL ITERATIONS

 SLN_2 OUTER ITERATION SUMMARY
 ----------------------------------------------------------------------------------------------------------
                                OUTER      INNER                    STEP   MAXIMUM CHANGE MODEL-(CELLID) OR
 OUTER ITERATION STEP       ITERATION  ITERATION  MAXIMUM CHANGE SUCCESS             MODEL-PACKAGE-(NUMBER)
 ----------------------------------------------------------------------------------------------------------
 Model                              1          2      0.28360824                            2_GWT-(14,37,1)
 Model                              2          1 -2.18491891E-13       *                    2_GWT-(15,41,1)
 ----------------------------------------------------------------------------------------------------------


 2 CALLS TO NUMERICAL SOLUTION IN TIME STEP 1 STRESS PERIOD 102
 3 TOTAL ITERATIONS
 
    Solving:  Stress period:   103    Time step:     1
 
1
 STRESS PERIOD NO. 103, LENGTH =   1.000000    
 ------------------------------------------
 NUMBER OF TIME STEPS = 1
 MULTIPLIER FOR DELT =     1.000

 OPENED ./external/chd_103.dat
 FILE TYPE:OPEN/CLOSE   UNIT 1482   STATUS:OLD                 
 FORMAT:FORMATTED              ACCESS:SEQUENTIAL          
 ACTION:READ                

 INITIAL TIME STEP SIZE =   1.000000    

 SLN_1 OUTER ITERATION SUMMARY
 ----------------------------------------------------------------------------------------------------------
                                OUTER      INNER                    STEP   MAXIMUM CHANGE MODEL-(CELLID) OR
 OUTER ITERATION STEP       ITERATION  ITERATION  MAXIMUM CHANGE SUCCESS             MODEL-PACKAGE-(NUMBER)
 ----------------------------------------------------------------------------------------------------------
 Model                              1         16 -5.49584439E-02                            1_GWF-(1,43,29)
 Model                              2          6  1.15302346E-02                            1_GWF-(1,44,22)
 Model                              3          4  1.15128887E-03       *                    1_GWF-(1,44,22)
 ----------------------------------------------------------------------------------------------------------


 3 CALLS TO NUMERICAL SOLUTION IN TIME STEP 1 STRESS PERIOD 103
 26 TOTAL ITERATIONS

 SLN_2 OUTER ITERATION SUMMARY
 ----------------------------------------------------------------------------------------------------------
                                OUTER      INNER                    STEP   MAXIMUM CHANGE MODEL-(CELLID) OR
 OUTER ITERATION STEP       ITERATION  ITERATION  MAXIMUM CHANGE SUCCESS             MODEL-PACKAGE-(NUMBER)
 ----------------------------------------------------------------------------------------------------------
 Model                              1          2      0.26873462                            2_GWT-(14,37,1)
 Model                              2          1 -2.00728323E-13       *                    2_GWT-(15,41,1)
 ----------------------------------------------------------------------------------------------------------


 2 CALLS TO NUMERICAL SOLUTION IN TIME STEP 1 STRESS PERIOD 103
 3 TOTAL ITERATIONS
 
    Solving:  Stress period:   104    Time step:     1
 
1
 STRESS PERIOD NO. 104, LENGTH =   1.000000    
 ------------------------------------------
 NUMBER OF TIME STEPS = 1
 MULTIPLIER FOR DELT =     1.000

 OPENED ./external/chd_104.dat
 FILE TYPE:OPEN/CLOSE   UNIT 1484   STATUS:OLD                 
 FORMAT:FORMATTED              ACCESS:SEQUENTIAL          
 ACTION:READ                

 INITIAL TIME STEP SIZE =   1.000000    

 SLN_1 OUTER ITERATION SUMMARY
 ----------------------------------------------------------------------------------------------------------
                                OUTER      INNER                    STEP   MAXIMUM CHANGE MODEL-(CELLID) OR
 OUTER ITERATION STEP       ITERATION  ITERATION  MAXIMUM CHANGE SUCCESS             MODEL-PACKAGE-(NUMBER)
 ----------------------------------------------------------------------------------------------------------
 Model                              1         15 -4.40001531E-02                            1_GWF-(1,57,76)
 Model                              2          4 -1.76113760E-02                            1_GWF-(1,51,66)
 Model                              3          3  8.47454918E-04       *                    1_GWF-(5,82,38)
 ----------------------------------------------------------------------------------------------------------


 3 CALLS TO NUMERICAL SOLUTION IN TIME STEP 1 STRESS PERIOD 104
 22 TOTAL ITERATIONS

 SLN_2 OUTER ITERATION SUMMARY
 ----------------------------------------------------------------------------------------------------------
                                OUTER      INNER                    STEP   MAXIMUM CHANGE MODEL-(CELLID) OR
 OUTER ITERATION STEP       ITERATION  ITERATION  MAXIMUM CHANGE SUCCESS             MODEL-PACKAGE-(NUMBER)
 ----------------------------------------------------------------------------------------------------------
 Model                              1          2      0.25066437                            2_GWT-(14,37,1)
 Model                              2          1 -1.66977543E-13       *                    2_GWT-(15,41,1)
 ----------------------------------------------------------------------------------------------------------


 2 CALLS TO NUMERICAL SOLUTION IN TIME STEP 1 STRESS PERIOD 104
 3 TOTAL ITERATIONS
 
    Solving:  Stress period:   105    Time step:     1
 
1
 STRESS PERIOD NO. 105, LENGTH =   1.000000    
 ------------------------------------------
 NUMBER OF TIME STEPS = 1
 MULTIPLIER FOR DELT =     1.000

 OPENED ./external/chd_105.dat
 FILE TYPE:OPEN/CLOSE   UNIT 1486   STATUS:OLD                 
 FORMAT:FORMATTED              ACCESS:SEQUENTIAL          
 ACTION:READ                

 INITIAL TIME STEP SIZE =   1.000000    

 SLN_1 OUTER ITERATION SUMMARY
 ----------------------------------------------------------------------------------------------------------
                                OUTER      INNER                    STEP   MAXIMUM CHANGE MODEL-(CELLID) OR
 OUTER ITERATION STEP       ITERATION  ITERATION  MAXIMUM CHANGE SUCCESS             MODEL-PACKAGE-(NUMBER)
 ----------------------------------------------------------------------------------------------------------
 Model                              1         15 -5.98233790E-02                            1_GWF-(1,51,66)
 Model                              2          7 -2.38046903E-02                            1_GWF-(1,50,30)
 Model                              3          3  1.00612675E-03       *                    1_GWF-(4,58,49)
 ----------------------------------------------------------------------------------------------------------


 3 CALLS TO NUMERICAL SOLUTION IN TIME STEP 1 STRESS PERIOD 105
 25 TOTAL ITERATIONS

 SLN_2 OUTER ITERATION SUMMARY
 ----------------------------------------------------------------------------------------------------------
                                OUTER      INNER                    STEP   MAXIMUM CHANGE MODEL-(CELLID) OR
 OUTER ITERATION STEP       ITERATION  ITERATION  MAXIMUM CHANGE SUCCESS             MODEL-PACKAGE-(NUMBER)
 ----------------------------------------------------------------------------------------------------------
 Model                              1          2      0.23083603                            2_GWT-(14,37,1)
 Model                              2          1 -1.43884904E-13       *                    2_GWT-(15,41,1)
 ----------------------------------------------------------------------------------------------------------


 2 CALLS TO NUMERICAL SOLUTION IN TIME STEP 1 STRESS PERIOD 105
 3 TOTAL ITERATIONS
 
    Solving:  Stress period:   106    Time step:     1
 
1
 STRESS PERIOD NO. 106, LENGTH =   1.000000    
 ------------------------------------------
 NUMBER OF TIME STEPS = 1
 MULTIPLIER FOR DELT =     1.000

 OPENED ./external/chd_106.dat
 FILE TYPE:OPEN/CLOSE   UNIT 1488   STATUS:OLD                 
 FORMAT:FORMATTED              ACCESS:SEQUENTIAL          
 ACTION:READ                

 INITIAL TIME STEP SIZE =   1.000000    

 SLN_1 OUTER ITERATION SUMMARY
 ----------------------------------------------------------------------------------------------------------
                                OUTER      INNER                    STEP   MAXIMUM CHANGE MODEL-(CELLID) OR
 OUTER ITERATION STEP       ITERATION  ITERATION  MAXIMUM CHANGE SUCCESS             MODEL-PACKAGE-(NUMBER)
 ----------------------------------------------------------------------------------------------------------
 Model                              1         22       3.0616781                            1_GWF-(1,76,77)
 Model                              2         12     -0.81471794                            1_GWF-(1,97,72)
 Model                              3          6 -8.58176265E-02                            1_GWF-(3,66,75)
 Model                              4          5 -8.58912949E-03       *                    1_GWF-(3,66,75)
 ----------------------------------------------------------------------------------------------------------


 4 CALLS TO NUMERICAL SOLUTION IN TIME STEP 1 STRESS PERIOD 106
 45 TOTAL ITERATIONS

 SLN_2 OUTER ITERATION SUMMARY
 ----------------------------------------------------------------------------------------------------------
                                OUTER      INNER                    STEP   MAXIMUM CHANGE MODEL-(CELLID) OR
 OUTER ITERATION STEP       ITERATION  ITERATION  MAXIMUM CHANGE SUCCESS             MODEL-PACKAGE-(NUMBER)
 ----------------------------------------------------------------------------------------------------------
 Model                              1          2      -2.6089551                            2_GWT-(1,38,66)
 Model                              2          1 -1.54543045E-13       *                    2_GWT-(15,41,1)
 ----------------------------------------------------------------------------------------------------------


 2 CALLS TO NUMERICAL SOLUTION IN TIME STEP 1 STRESS PERIOD 106
 3 TOTAL ITERATIONS
 
    Solving:  Stress period:   107    Time step:     1
 
1
 STRESS PERIOD NO. 107, LENGTH =   1.000000    
 ------------------------------------------
 NUMBER OF TIME STEPS = 1
 MULTIPLIER FOR DELT =     1.000

 OPENED ./external/chd_107.dat
 FILE TYPE:OPEN/CLOSE   UNIT 1490   STATUS:OLD                 
 FORMAT:FORMATTED              ACCESS:SEQUENTIAL          
 ACTION:READ                

 INITIAL TIME STEP SIZE =   1.000000    

 SLN_1 OUTER ITERATION SUMMARY
 ----------------------------------------------------------------------------------------------------------
                                OUTER      INNER                    STEP   MAXIMUM CHANGE MODEL-(CELLID) OR
 OUTER ITERATION STEP       ITERATION  ITERATION  MAXIMUM CHANGE SUCCESS             MODEL-PACKAGE-(NUMBER)
 ----------------------------------------------------------------------------------------------------------
 Model                              1         23       2.1649266                            1_GWF-(1,67,73)
 Model                              2         10     -0.79306118                            1_GWF-(3,74,78)
 Model                              3          8 -9.37679368E-02                            1_GWF-(3,74,78)
 Model                              4          6 -9.50076486E-03       *                    1_GWF-(3,74,78)
 ----------------------------------------------------------------------------------------------------------


 4 CALLS TO NUMERICAL SOLUTION IN TIME STEP 1 STRESS PERIOD 107
 47 TOTAL ITERATIONS

 SLN_2 OUTER ITERATION SUMMARY
 ----------------------------------------------------------------------------------------------------------
                                OUTER      INNER                    STEP   MAXIMUM CHANGE MODEL-(CELLID) OR
 OUTER ITERATION STEP       ITERATION  ITERATION  MAXIMUM CHANGE SUCCESS             MODEL-PACKAGE-(NUMBER)
 ----------------------------------------------------------------------------------------------------------
 Model                              1          2     -0.41238887                            2_GWT-(1,29,41)
 Model                              2          1 -1.20792265E-13       *                    2_GWT-(15,41,1)
 ----------------------------------------------------------------------------------------------------------


 2 CALLS TO NUMERICAL SOLUTION IN TIME STEP 1 STRESS PERIOD 107
 3 TOTAL ITERATIONS
 
    Solving:  Stress period:   108    Time step:     1
 
1
 STRESS PERIOD NO. 108, LENGTH =   1.000000    
 ------------------------------------------
 NUMBER OF TIME STEPS = 1
 MULTIPLIER FOR DELT =     1.000

 OPENED ./external/chd_108.dat
 FILE TYPE:OPEN/CLOSE   UNIT 1492   STATUS:OLD                 
 FORMAT:FORMATTED              ACCESS:SEQUENTIAL          
 ACTION:READ                

 INITIAL TIME STEP SIZE =   1.000000    

 SLN_1 OUTER ITERATION SUMMARY
 ----------------------------------------------------------------------------------------------------------
                                OUTER      INNER                    STEP   MAXIMUM CHANGE MODEL-(CELLID) OR
 OUTER ITERATION STEP       ITERATION  ITERATION  MAXIMUM CHANGE SUCCESS             MODEL-PACKAGE-(NUMBER)
 ----------------------------------------------------------------------------------------------------------
 Model                              1         23      -3.9705473                            1_GWF-(1,76,77)
 Model                              2         12      -1.6533937                           1_GWF-(1,103,62)
 Model                              3          7      0.37811649                           1_GWF-(1,103,62)
 Model                              4          5  3.84064717E-02                           1_GWF-(1,103,62)
 Model                              5          4  3.84533999E-03       *                   1_GWF-(1,103,62)
 ----------------------------------------------------------------------------------------------------------


 5 CALLS TO NUMERICAL SOLUTION IN TIME STEP 1 STRESS PERIOD 108
 51 TOTAL ITERATIONS

 SLN_2 OUTER ITERATION SUMMARY
 ----------------------------------------------------------------------------------------------------------
                                OUTER      INNER                    STEP   MAXIMUM CHANGE MODEL-(CELLID) OR
 OUTER ITERATION STEP       ITERATION  ITERATION  MAXIMUM CHANGE SUCCESS             MODEL-PACKAGE-(NUMBER)
 ----------------------------------------------------------------------------------------------------------
 Model                              1          2       1.2103192                            2_GWT-(1,45,64)
 Model                              2          1  8.81517082E-14       *                    2_GWT-(1,45,64)
 ----------------------------------------------------------------------------------------------------------


 2 CALLS TO NUMERICAL SOLUTION IN TIME STEP 1 STRESS PERIOD 108
 3 TOTAL ITERATIONS
 
    Solving:  Stress period:   109    Time step:     1
 
1
 STRESS PERIOD NO. 109, LENGTH =   1.000000    
 ------------------------------------------
 NUMBER OF TIME STEPS = 1
 MULTIPLIER FOR DELT =     1.000

 OPENED ./external/chd_109.dat
 FILE TYPE:OPEN/CLOSE   UNIT 1494   STATUS:OLD                 
 FORMAT:FORMATTED              ACCESS:SEQUENTIAL          
 ACTION:READ                

 INITIAL TIME STEP SIZE =   1.000000    

 SLN_1 OUTER ITERATION SUMMARY
 ----------------------------------------------------------------------------------------------------------
                                OUTER      INNER                    STEP   MAXIMUM CHANGE MODEL-(CELLID) OR
 OUTER ITERATION STEP       ITERATION  ITERATION  MAXIMUM CHANGE SUCCESS             MODEL-PACKAGE-(NUMBER)
 ----------------------------------------------------------------------------------------------------------
 Model                              1         19     -0.77304893                            1_GWF-(1,74,78)
 Model                              2          8     -0.31670799                            1_GWF-(3,83,59)
 Model                              3          5 -5.69627802E-03       *                    1_GWF-(4,83,59)
 ----------------------------------------------------------------------------------------------------------


 3 CALLS TO NUMERICAL SOLUTION IN TIME STEP 1 STRESS PERIOD 109
 32 TOTAL ITERATIONS

 SLN_2 OUTER ITERATION SUMMARY
 ----------------------------------------------------------------------------------------------------------
                                OUTER      INNER                    STEP   MAXIMUM CHANGE MODEL-(CELLID) OR
 OUTER ITERATION STEP       ITERATION  ITERATION  MAXIMUM CHANGE SUCCESS             MODEL-PACKAGE-(NUMBER)
 ----------------------------------------------------------------------------------------------------------
 Model                              1          2     -0.29855980                            2_GWT-(12,33,3)
 Model                              2          1 -3.90798505E-14       *                    2_GWT-(15,41,1)
 ----------------------------------------------------------------------------------------------------------


 2 CALLS TO NUMERICAL SOLUTION IN TIME STEP 1 STRESS PERIOD 109
 3 TOTAL ITERATIONS
 
    Solving:  Stress period:   110    Time step:     1
 
1
 STRESS PERIOD NO. 110, LENGTH =   1.000000    
 ------------------------------------------
 NUMBER OF TIME STEPS = 1
 MULTIPLIER FOR DELT =     1.000

 OPENED ./external/chd_110.dat
 FILE TYPE:OPEN/CLOSE   UNIT 1496   STATUS:OLD                 
 FORMAT:FORMATTED              ACCESS:SEQUENTIAL          
 ACTION:READ                

 INITIAL TIME STEP SIZE =   1.000000    

 SLN_1 OUTER ITERATION SUMMARY
 ----------------------------------------------------------------------------------------------------------
                                OUTER      INNER                    STEP   MAXIMUM CHANGE MODEL-(CELLID) OR
 OUTER ITERATION STEP       ITERATION  ITERATION  MAXIMUM CHANGE SUCCESS             MODEL-PACKAGE-(NUMBER)
 ----------------------------------------------------------------------------------------------------------
 Model                              1         15     -0.23774762                           1_GWF-(3,103,42)
 Model                              2          6     -0.32610474                            1_GWF-(3,72,76)
 Model                              3          4  1.03569056E-02                            1_GWF-(3,72,76)
 Model                              4          3  1.03892025E-03       *                    1_GWF-(3,72,76)
 ----------------------------------------------------------------------------------------------------------


 4 CALLS TO NUMERICAL SOLUTION IN TIME STEP 1 STRESS PERIOD 110
 28 TOTAL ITERATIONS

 SLN_2 OUTER ITERATION SUMMARY
 ----------------------------------------------------------------------------------------------------------
                                OUTER      INNER                    STEP   MAXIMUM CHANGE MODEL-(CELLID) OR
 OUTER ITERATION STEP       ITERATION  ITERATION  MAXIMUM CHANGE SUCCESS             MODEL-PACKAGE-(NUMBER)
 ----------------------------------------------------------------------------------------------------------
 Model                              1          2      -1.2103192                            2_GWT-(1,45,64)
 Model                              2          1 -8.97771663E-14       *                    2_GWT-(1,45,64)
 ----------------------------------------------------------------------------------------------------------


 2 CALLS TO NUMERICAL SOLUTION IN TIME STEP 1 STRESS PERIOD 110
 3 TOTAL ITERATIONS
 
    Solving:  Stress period:   111    Time step:     1
 
1
 STRESS PERIOD NO. 111, LENGTH =   1.000000    
 ------------------------------------------
 NUMBER OF TIME STEPS = 1
 MULTIPLIER FOR DELT =     1.000

 OPENED ./external/chd_111.dat
 FILE TYPE:OPEN/CLOSE   UNIT 1498   STATUS:OLD                 
 FORMAT:FORMATTED              ACCESS:SEQUENTIAL          
 ACTION:READ                

 INITIAL TIME STEP SIZE =   1.000000    

 SLN_1 OUTER ITERATION SUMMARY
 ----------------------------------------------------------------------------------------------------------
                                OUTER      INNER                    STEP   MAXIMUM CHANGE MODEL-(CELLID) OR
 OUTER ITERATION STEP       ITERATION  ITERATION  MAXIMUM CHANGE SUCCESS             MODEL-PACKAGE-(NUMBER)
 ----------------------------------------------------------------------------------------------------------
 Model                              1         19     -0.40932618                            1_GWF-(1,70,73)
 Model                              2          5 -5.75109025E-02                            1_GWF-(1,98,19)
 Model                              3          4 -2.94270472E-03       *                    1_GWF-(1,59,25)
 ----------------------------------------------------------------------------------------------------------


 3 CALLS TO NUMERICAL SOLUTION IN TIME STEP 1 STRESS PERIOD 111
 28 TOTAL ITERATIONS

 SLN_2 OUTER ITERATION SUMMARY
 ----------------------------------------------------------------------------------------------------------
                                OUTER      INNER                    STEP   MAXIMUM CHANGE MODEL-(CELLID) OR
 OUTER ITERATION STEP       ITERATION  ITERATION  MAXIMUM CHANGE SUCCESS             MODEL-PACKAGE-(NUMBER)
 ----------------------------------------------------------------------------------------------------------
 Model                              1          2       1.2098268                            2_GWT-(1,45,64)
 Model                              2          1  9.08162434E-14       *                    2_GWT-(1,45,64)
 ----------------------------------------------------------------------------------------------------------


 2 CALLS TO NUMERICAL SOLUTION IN TIME STEP 1 STRESS PERIOD 111
 3 TOTAL ITERATIONS
 
    Solving:  Stress period:   112    Time step:     1
 
1
 STRESS PERIOD NO. 112, LENGTH =   1.000000    
 ------------------------------------------
 NUMBER OF TIME STEPS = 1
 MULTIPLIER FOR DELT =     1.000

 OPENED ./external/chd_112.dat
 FILE TYPE:OPEN/CLOSE   UNIT 1500   STATUS:OLD                 
 FORMAT:FORMATTED              ACCESS:SEQUENTIAL          
 ACTION:READ                

 INITIAL TIME STEP SIZE =   1.000000    

 SLN_1 OUTER ITERATION SUMMARY
 ----------------------------------------------------------------------------------------------------------
                                OUTER      INNER                    STEP   MAXIMUM CHANGE MODEL-(CELLID) OR
 OUTER ITERATION STEP       ITERATION  ITERATION  MAXIMUM CHANGE SUCCESS             MODEL-PACKAGE-(NUMBER)
 ----------------------------------------------------------------------------------------------------------
 Model                              1         18     -0.16420204                            1_GWF-(1,79,69)
 Model                              2          6     -0.13638051                            1_GWF-(1,68,73)
 Model                              3          4 -3.53246427E-03       *                    1_GWF-(1,40,25)
 ----------------------------------------------------------------------------------------------------------


 3 CALLS TO NUMERICAL SOLUTION IN TIME STEP 1 STRESS PERIOD 112
 28 TOTAL ITERATIONS

 SLN_2 OUTER ITERATION SUMMARY
 ----------------------------------------------------------------------------------------------------------
                                OUTER      INNER                    STEP   MAXIMUM CHANGE MODEL-(CELLID) OR
 OUTER ITERATION STEP       ITERATION  ITERATION  MAXIMUM CHANGE SUCCESS             MODEL-PACKAGE-(NUMBER)
 ----------------------------------------------------------------------------------------------------------
 Model                              1          2     -0.36666311                            2_GWT-(12,33,3)
 Model                              2          1  3.00384717E-14       *                    2_GWT-(1,47,39)
 ----------------------------------------------------------------------------------------------------------


 2 CALLS TO NUMERICAL SOLUTION IN TIME STEP 1 STRESS PERIOD 112
 3 TOTAL ITERATIONS
 
    Solving:  Stress period:   113    Time step:     1
 
1
 STRESS PERIOD NO. 113, LENGTH =   1.000000    
 ------------------------------------------
 NUMBER OF TIME STEPS = 1
 MULTIPLIER FOR DELT =     1.000

 OPENED ./external/chd_113.dat
 FILE TYPE:OPEN/CLOSE   UNIT 1502   STATUS:OLD                 
 FORMAT:FORMATTED              ACCESS:SEQUENTIAL          
 ACTION:READ                

 INITIAL TIME STEP SIZE =   1.000000    

 SLN_1 OUTER ITERATION SUMMARY
 ----------------------------------------------------------------------------------------------------------
                                OUTER      INNER                    STEP   MAXIMUM CHANGE MODEL-(CELLID) OR
 OUTER ITERATION STEP       ITERATION  ITERATION  MAXIMUM CHANGE SUCCESS             MODEL-PACKAGE-(NUMBER)
 ----------------------------------------------------------------------------------------------------------
 Model                              1         19     -0.13172536                           1_GWF-(1,102,64)
 Model                              2          6     -0.22639657                            1_GWF-(3,76,79)
 Model                              3          4  1.13688862E-02                            1_GWF-(1,76,79)
 Model                              4          3  1.14152205E-03       *                    1_GWF-(3,76,79)
 ----------------------------------------------------------------------------------------------------------


 4 CALLS TO NUMERICAL SOLUTION IN TIME STEP 1 STRESS PERIOD 113
 32 TOTAL ITERATIONS

 SLN_2 OUTER ITERATION SUMMARY
 ----------------------------------------------------------------------------------------------------------
                                OUTER      INNER                    STEP   MAXIMUM CHANGE MODEL-(CELLID) OR
 OUTER ITERATION STEP       ITERATION  ITERATION  MAXIMUM CHANGE SUCCESS             MODEL-PACKAGE-(NUMBER)
 ----------------------------------------------------------------------------------------------------------
 Model                              1          2     -0.33401832                            2_GWT-(12,33,3)
 Model                              2          1  4.43950432E-14       *                    2_GWT-(1,47,39)
 ----------------------------------------------------------------------------------------------------------


 2 CALLS TO NUMERICAL SOLUTION IN TIME STEP 1 STRESS PERIOD 113
 3 TOTAL ITERATIONS
 
    Solving:  Stress period:   114    Time step:     1
 
1
 STRESS PERIOD NO. 114, LENGTH =   1.000000    
 ------------------------------------------
 NUMBER OF TIME STEPS = 1
 MULTIPLIER FOR DELT =     1.000

 OPENED ./external/chd_114.dat
 FILE TYPE:OPEN/CLOSE   UNIT 1504   STATUS:OLD                 
 FORMAT:FORMATTED              ACCESS:SEQUENTIAL          
 ACTION:READ                

 INITIAL TIME STEP SIZE =   1.000000    

 SLN_1 OUTER ITERATION SUMMARY
 ----------------------------------------------------------------------------------------------------------
                                OUTER      INNER                    STEP   MAXIMUM CHANGE MODEL-(CELLID) OR
 OUTER ITERATION STEP       ITERATION  ITERATION  MAXIMUM CHANGE SUCCESS             MODEL-PACKAGE-(NUMBER)
 ----------------------------------------------------------------------------------------------------------
 Model                              1         15     -0.19142661                            1_GWF-(3,68,74)
 Model                              2          8 -4.50859452E-02                            1_GWF-(1,48,42)
 Model                              3          3  1.23533120E-03       *                    1_GWF-(5,70,41)
 ----------------------------------------------------------------------------------------------------------


 3 CALLS TO NUMERICAL SOLUTION IN TIME STEP 1 STRESS PERIOD 114
 26 TOTAL ITERATIONS

 SLN_2 OUTER ITERATION SUMMARY
 ----------------------------------------------------------------------------------------------------------
                                OUTER      INNER                    STEP   MAXIMUM CHANGE MODEL-(CELLID) OR
 OUTER ITERATION STEP       ITERATION  ITERATION  MAXIMUM CHANGE SUCCESS             MODEL-PACKAGE-(NUMBER)
 ----------------------------------------------------------------------------------------------------------
 Model                              1          2     -0.28867884                            2_GWT-(12,33,3)
 Model                              2          1  3.35564909E-14       *                    2_GWT-(1,47,39)
 ----------------------------------------------------------------------------------------------------------


 2 CALLS TO NUMERICAL SOLUTION IN TIME STEP 1 STRESS PERIOD 114
 3 TOTAL ITERATIONS
 
    Solving:  Stress period:   115    Time step:     1
 
1
 STRESS PERIOD NO. 115, LENGTH =   1.000000    
 ------------------------------------------
 NUMBER OF TIME STEPS = 1
 MULTIPLIER FOR DELT =     1.000

 OPENED ./external/chd_115.dat
 FILE TYPE:OPEN/CLOSE   UNIT 1506   STATUS:OLD                 
 FORMAT:FORMATTED              ACCESS:SEQUENTIAL          
 ACTION:READ                

 INITIAL TIME STEP SIZE =   1.000000    

 SLN_1 OUTER ITERATION SUMMARY
 ----------------------------------------------------------------------------------------------------------
                                OUTER      INNER                    STEP   MAXIMUM CHANGE MODEL-(CELLID) OR
 OUTER ITERATION STEP       ITERATION  ITERATION  MAXIMUM CHANGE SUCCESS             MODEL-PACKAGE-(NUMBER)
 ----------------------------------------------------------------------------------------------------------
 Model                              1         19     -0.15186669                            1_GWF-(1,80,79)
 Model                              2          6     -0.16065980                            1_GWF-(1,65,75)
 Model                              3          3  1.04576340E-03       *                     1_GWF-(2,64,9)
 ----------------------------------------------------------------------------------------------------------


 3 CALLS TO NUMERICAL SOLUTION IN TIME STEP 1 STRESS PERIOD 115
 28 TOTAL ITERATIONS

 SLN_2 OUTER ITERATION SUMMARY
 ----------------------------------------------------------------------------------------------------------
                                OUTER      INNER                    STEP   MAXIMUM CHANGE MODEL-(CELLID) OR
 OUTER ITERATION STEP       ITERATION  ITERATION  MAXIMUM CHANGE SUCCESS             MODEL-PACKAGE-(NUMBER)
 ----------------------------------------------------------------------------------------------------------
 Model                              1          2     -0.23630496                            2_GWT-(12,33,3)
 Model                              2          1  2.39253062E-14       *                    2_GWT-(1,47,39)
 ----------------------------------------------------------------------------------------------------------


 2 CALLS TO NUMERICAL SOLUTION IN TIME STEP 1 STRESS PERIOD 115
 3 TOTAL ITERATIONS
 
    Solving:  Stress period:   116    Time step:     1
 
1
 STRESS PERIOD NO. 116, LENGTH =   1.000000    
 ------------------------------------------
 NUMBER OF TIME STEPS = 1
 MULTIPLIER FOR DELT =     1.000

 OPENED ./external/chd_116.dat
 FILE TYPE:OPEN/CLOSE   UNIT 1508   STATUS:OLD                 
 FORMAT:FORMATTED              ACCESS:SEQUENTIAL          
 ACTION:READ                

 INITIAL TIME STEP SIZE =   1.000000    

 SLN_1 OUTER ITERATION SUMMARY
 ----------------------------------------------------------------------------------------------------------
                                OUTER      INNER                    STEP   MAXIMUM CHANGE MODEL-(CELLID) OR
 OUTER ITERATION STEP       ITERATION  ITERATION  MAXIMUM CHANGE SUCCESS             MODEL-PACKAGE-(NUMBER)
 ----------------------------------------------------------------------------------------------------------
 Model                              1         17 -7.52411244E-02                            1_GWF-(1,69,68)
 Model                              2          6 -3.37181953E-02                           1_GWF-(1,101,19)
 Model                              3          3 -1.44470641E-03       *                    1_GWF-(1,75,28)
 ----------------------------------------------------------------------------------------------------------


 3 CALLS TO NUMERICAL SOLUTION IN TIME STEP 1 STRESS PERIOD 116
 26 TOTAL ITERATIONS

 SLN_2 OUTER ITERATION SUMMARY
 ----------------------------------------------------------------------------------------------------------
                                OUTER      INNER                    STEP   MAXIMUM CHANGE MODEL-(CELLID) OR
 OUTER ITERATION STEP       ITERATION  ITERATION  MAXIMUM CHANGE SUCCESS             MODEL-PACKAGE-(NUMBER)
 ----------------------------------------------------------------------------------------------------------
 Model                              1          2     -0.18607217                            2_GWT-(15,40,1)
 Model                              2          1 -2.13162821E-14       *                    2_GWT-(3,12,19)
 ----------------------------------------------------------------------------------------------------------


 2 CALLS TO NUMERICAL SOLUTION IN TIME STEP 1 STRESS PERIOD 116
 3 TOTAL ITERATIONS
 
    Solving:  Stress period:   117    Time step:     1
 
1
 STRESS PERIOD NO. 117, LENGTH =   1.000000    
 ------------------------------------------
 NUMBER OF TIME STEPS = 1
 MULTIPLIER FOR DELT =     1.000

 OPENED ./external/chd_117.dat
 FILE TYPE:OPEN/CLOSE   UNIT 1510   STATUS:OLD                 
 FORMAT:FORMATTED              ACCESS:SEQUENTIAL          
 ACTION:READ                

 INITIAL TIME STEP SIZE =   1.000000    

 SLN_1 OUTER ITERATION SUMMARY
 ----------------------------------------------------------------------------------------------------------
                                OUTER      INNER                    STEP   MAXIMUM CHANGE MODEL-(CELLID) OR
 OUTER ITERATION STEP       ITERATION  ITERATION  MAXIMUM CHANGE SUCCESS             MODEL-PACKAGE-(NUMBER)
 ----------------------------------------------------------------------------------------------------------
 Model                              1         15 -6.19438304E-02                            1_GWF-(1,25,18)
 Model                              2          4 -3.31538206E-02                           1_GWF-(1,109,25)
 Model                              3          3  6.04163146E-04       *                    1_GWF-(4,62,43)
 ----------------------------------------------------------------------------------------------------------


 3 CALLS TO NUMERICAL SOLUTION IN TIME STEP 1 STRESS PERIOD 117
 22 TOTAL ITERATIONS

 SLN_2 OUTER ITERATION SUMMARY
 ----------------------------------------------------------------------------------------------------------
                                OUTER      INNER                    STEP   MAXIMUM CHANGE MODEL-(CELLID) OR
 OUTER ITERATION STEP       ITERATION  ITERATION  MAXIMUM CHANGE SUCCESS             MODEL-PACKAGE-(NUMBER)
 ----------------------------------------------------------------------------------------------------------
 Model                              1          2     -0.18976129                            2_GWT-(15,40,1)
 Model                              2          1  2.13162821E-14       *                     2_GWT-(3,3,28)
 ----------------------------------------------------------------------------------------------------------


 2 CALLS TO NUMERICAL SOLUTION IN TIME STEP 1 STRESS PERIOD 117
 3 TOTAL ITERATIONS
 
    Solving:  Stress period:   118    Time step:     1
 
1
 STRESS PERIOD NO. 118, LENGTH =   1.000000    
 ------------------------------------------
 NUMBER OF TIME STEPS = 1
 MULTIPLIER FOR DELT =     1.000

 OPENED ./external/chd_118.dat
 FILE TYPE:OPEN/CLOSE   UNIT 1512   STATUS:OLD                 
 FORMAT:FORMATTED              ACCESS:SEQUENTIAL          
 ACTION:READ                

 INITIAL TIME STEP SIZE =   1.000000    

 SLN_1 OUTER ITERATION SUMMARY
 ----------------------------------------------------------------------------------------------------------
                                OUTER      INNER                    STEP   MAXIMUM CHANGE MODEL-(CELLID) OR
 OUTER ITERATION STEP       ITERATION  ITERATION  MAXIMUM CHANGE SUCCESS             MODEL-PACKAGE-(NUMBER)
 ----------------------------------------------------------------------------------------------------------
 Model                              1         19      0.83374668                            1_GWF-(1,76,79)
 Model                              2          5     -0.12030018                            1_GWF-(3,71,75)
 Model                              3          4 -1.22171916E-02                            1_GWF-(3,71,75)
 Model                              4          3 -1.22266767E-03       *                    1_GWF-(3,71,75)
 ----------------------------------------------------------------------------------------------------------


 4 CALLS TO NUMERICAL SOLUTION IN TIME STEP 1 STRESS PERIOD 118
 31 TOTAL ITERATIONS

 SLN_2 OUTER ITERATION SUMMARY
 ----------------------------------------------------------------------------------------------------------
                                OUTER      INNER                    STEP   MAXIMUM CHANGE MODEL-(CELLID) OR
 OUTER ITERATION STEP       ITERATION  ITERATION  MAXIMUM CHANGE SUCCESS             MODEL-PACKAGE-(NUMBER)
 ----------------------------------------------------------------------------------------------------------
 Model                              1          2      -1.2101800                            2_GWT-(1,45,64)
 Model                              2          1 -5.89653549E-14       *                    2_GWT-(1,45,64)
 ----------------------------------------------------------------------------------------------------------


 2 CALLS TO NUMERICAL SOLUTION IN TIME STEP 1 STRESS PERIOD 118
 3 TOTAL ITERATIONS
 
    Solving:  Stress period:   119    Time step:     1
 
1
 STRESS PERIOD NO. 119, LENGTH =   1.000000    
 ------------------------------------------
 NUMBER OF TIME STEPS = 1
 MULTIPLIER FOR DELT =     1.000

 OPENED ./external/chd_119.dat
 FILE TYPE:OPEN/CLOSE   UNIT 1514   STATUS:OLD                 
 FORMAT:FORMATTED              ACCESS:SEQUENTIAL          
 ACTION:READ                

 INITIAL TIME STEP SIZE =   1.000000    

 SLN_1 OUTER ITERATION SUMMARY
 ----------------------------------------------------------------------------------------------------------
                                OUTER      INNER                    STEP   MAXIMUM CHANGE MODEL-(CELLID) OR
 OUTER ITERATION STEP       ITERATION  ITERATION  MAXIMUM CHANGE SUCCESS             MODEL-PACKAGE-(NUMBER)
 ----------------------------------------------------------------------------------------------------------
 Model                              1         15     -0.80073637                            1_GWF-(1,76,77)
 Model                              2          6     -0.36154764                            1_GWF-(1,76,79)
 Model                              3          4  1.64280760E-02                            1_GWF-(3,76,79)
 Model                              4          3  1.64931563E-03       *                    1_GWF-(3,76,79)
 ----------------------------------------------------------------------------------------------------------


 4 CALLS TO NUMERICAL SOLUTION IN TIME STEP 1 STRESS PERIOD 119
 28 TOTAL ITERATIONS

 SLN_2 OUTER ITERATION SUMMARY
 ----------------------------------------------------------------------------------------------------------
                                OUTER      INNER                    STEP   MAXIMUM CHANGE MODEL-(CELLID) OR
 OUTER ITERATION STEP       ITERATION  ITERATION  MAXIMUM CHANGE SUCCESS             MODEL-PACKAGE-(NUMBER)
 ----------------------------------------------------------------------------------------------------------
 Model                              1          2       1.2092919                            2_GWT-(1,45,64)
 Model                              2          1  2.14855911E-13       *                    2_GWT-(1,47,39)
 ----------------------------------------------------------------------------------------------------------


 2 CALLS TO NUMERICAL SOLUTION IN TIME STEP 1 STRESS PERIOD 119
 3 TOTAL ITERATIONS
 
    Solving:  Stress period:   120    Time step:     1
 
1
 STRESS PERIOD NO. 120, LENGTH =   1.000000    
 ------------------------------------------
 NUMBER OF TIME STEPS = 1
 MULTIPLIER FOR DELT =     1.000

 OPENED ./external/chd_120.dat
 FILE TYPE:OPEN/CLOSE   UNIT 1516   STATUS:OLD                 
 FORMAT:FORMATTED              ACCESS:SEQUENTIAL          
 ACTION:READ                

 INITIAL TIME STEP SIZE =   1.000000    

 SLN_1 OUTER ITERATION SUMMARY
 ----------------------------------------------------------------------------------------------------------
                                OUTER      INNER                    STEP   MAXIMUM CHANGE MODEL-(CELLID) OR
 OUTER ITERATION STEP       ITERATION  ITERATION  MAXIMUM CHANGE SUCCESS             MODEL-PACKAGE-(NUMBER)
 ----------------------------------------------------------------------------------------------------------
 Model                              1         15     -0.18389050                            1_GWF-(1,64,75)
 Model                              2          7     -0.11769834                            1_GWF-(1,70,74)
 Model                              3          3  1.13048284E-03       *                    1_GWF-(3,65,14)
 ----------------------------------------------------------------------------------------------------------


 3 CALLS TO NUMERICAL SOLUTION IN TIME STEP 1 STRESS PERIOD 120
 25 TOTAL ITERATIONS

 SLN_2 OUTER ITERATION SUMMARY
 ----------------------------------------------------------------------------------------------------------
                                OUTER      INNER                    STEP   MAXIMUM CHANGE MODEL-(CELLID) OR
 OUTER ITERATION STEP       ITERATION  ITERATION  MAXIMUM CHANGE SUCCESS             MODEL-PACKAGE-(NUMBER)
 ----------------------------------------------------------------------------------------------------------
 Model                              1          2       2.7598004                            2_GWT-(1,38,66)
 Model                              2          1  1.16351373E-13       *                    2_GWT-(1,38,66)
 ----------------------------------------------------------------------------------------------------------


 2 CALLS TO NUMERICAL SOLUTION IN TIME STEP 1 STRESS PERIOD 120
 3 TOTAL ITERATIONS
 
    Solving:  Stress period:   121    Time step:     1
 
1
 STRESS PERIOD NO. 121, LENGTH =   1.000000    
 ------------------------------------------
 NUMBER OF TIME STEPS = 1
 MULTIPLIER FOR DELT =     1.000

 OPENED ./external/chd_121.dat
 FILE TYPE:OPEN/CLOSE   UNIT 1518   STATUS:OLD                 
 FORMAT:FORMATTED              ACCESS:SEQUENTIAL          
 ACTION:READ                

 INITIAL TIME STEP SIZE =   1.000000    

 SLN_1 OUTER ITERATION SUMMARY
 ----------------------------------------------------------------------------------------------------------
                                OUTER      INNER                    STEP   MAXIMUM CHANGE MODEL-(CELLID) OR
 OUTER ITERATION STEP       ITERATION  ITERATION  MAXIMUM CHANGE SUCCESS             MODEL-PACKAGE-(NUMBER)
 ----------------------------------------------------------------------------------------------------------
 Model                              1         15 -6.07502966E-02                            1_GWF-(1,52,18)
 Model                              2          9 -4.48729480E-02                           1_GWF-(1,106,53)
 Model                              3          3 -2.18570295E-03       *                    1_GWF-(1,76,28)
 ----------------------------------------------------------------------------------------------------------


 3 CALLS TO NUMERICAL SOLUTION IN TIME STEP 1 STRESS PERIOD 121
 27 TOTAL ITERATIONS

 SLN_2 OUTER ITERATION SUMMARY
 ----------------------------------------------------------------------------------------------------------
                                OUTER      INNER                    STEP   MAXIMUM CHANGE MODEL-(CELLID) OR
 OUTER ITERATION STEP       ITERATION  ITERATION  MAXIMUM CHANGE SUCCESS             MODEL-PACKAGE-(NUMBER)
 ----------------------------------------------------------------------------------------------------------
 Model                              1          2     -0.19237601                            2_GWT-(15,40,1)
 Model                              2          1 -2.84217094E-14       *                   2_GWT-(14,25,61)
 ----------------------------------------------------------------------------------------------------------


 2 CALLS TO NUMERICAL SOLUTION IN TIME STEP 1 STRESS PERIOD 121
 3 TOTAL ITERATIONS
 
    Solving:  Stress period:   122    Time step:     1
 
1
 STRESS PERIOD NO. 122, LENGTH =   1.000000    
 ------------------------------------------
 NUMBER OF TIME STEPS = 1
 MULTIPLIER FOR DELT =     1.000
 #k i j q boundname

 OPENED .\external\wel_152.dat
 FILE TYPE:OPEN/CLOSE   UNIT 1519   STATUS:OLD                 
 FORMAT:FORMATTED              ACCESS:SEQUENTIAL          
 ACTION:READ                


 OPENED ./external/chd_122.dat
 FILE TYPE:OPEN/CLOSE   UNIT 1521   STATUS:OLD                 
 FORMAT:FORMATTED              ACCESS:SEQUENTIAL          
 ACTION:READ                

 INITIAL TIME STEP SIZE =   1.000000    

 SLN_1 OUTER ITERATION SUMMARY
 ----------------------------------------------------------------------------------------------------------
                                OUTER      INNER                    STEP   MAXIMUM CHANGE MODEL-(CELLID) OR
 OUTER ITERATION STEP       ITERATION  ITERATION  MAXIMUM CHANGE SUCCESS             MODEL-PACKAGE-(NUMBER)
 ----------------------------------------------------------------------------------------------------------
 Model                              1         20      -17.501607                          1_GWF-(14,147,59)
 Model                              2          5 -4.83734726E-02                           1_GWF-(1,105,57)
 Model                              3          4  3.76763811E-03       *                   1_GWF-(4,104,37)
 ----------------------------------------------------------------------------------------------------------


 3 CALLS TO NUMERICAL SOLUTION IN TIME STEP 1 STRESS PERIOD 122
 29 TOTAL ITERATIONS

 SLN_2 OUTER ITERATION SUMMARY
 ----------------------------------------------------------------------------------------------------------
                                OUTER      INNER                    STEP   MAXIMUM CHANGE MODEL-(CELLID) OR
 OUTER ITERATION STEP       ITERATION  ITERATION  MAXIMUM CHANGE SUCCESS             MODEL-PACKAGE-(NUMBER)
 ----------------------------------------------------------------------------------------------------------
 Model                              1          2     -0.18954927                            2_GWT-(15,40,1)
 Model                              2          1  2.13162821E-14       *                     2_GWT-(4,8,29)
 ----------------------------------------------------------------------------------------------------------


 2 CALLS TO NUMERICAL SOLUTION IN TIME STEP 1 STRESS PERIOD 122
 3 TOTAL ITERATIONS
 
    Solving:  Stress period:   123    Time step:     1
 
1
 STRESS PERIOD NO. 123, LENGTH =   1.000000    
 ------------------------------------------
 NUMBER OF TIME STEPS = 1
 MULTIPLIER FOR DELT =     1.000

 OPENED ./external/chd_123.dat
 FILE TYPE:OPEN/CLOSE   UNIT 1523   STATUS:OLD                 
 FORMAT:FORMATTED              ACCESS:SEQUENTIAL          
 ACTION:READ                

 INITIAL TIME STEP SIZE =   1.000000    

 SLN_1 OUTER ITERATION SUMMARY
 ----------------------------------------------------------------------------------------------------------
                                OUTER      INNER                    STEP   MAXIMUM CHANGE MODEL-(CELLID) OR
 OUTER ITERATION STEP       ITERATION  ITERATION  MAXIMUM CHANGE SUCCESS             MODEL-PACKAGE-(NUMBER)
 ----------------------------------------------------------------------------------------------------------
 Model                              1         20     -0.17347404                          1_GWF-(16,149,63)
 Model                              2          5 -2.93317633E-02                            1_GWF-(1,62,22)
 Model                              3          3  1.39024001E-03       *                    1_GWF-(4,50,71)
 ----------------------------------------------------------------------------------------------------------


 3 CALLS TO NUMERICAL SOLUTION IN TIME STEP 1 STRESS PERIOD 123
 28 TOTAL ITERATIONS

 SLN_2 OUTER ITERATION SUMMARY
 ----------------------------------------------------------------------------------------------------------
                                OUTER      INNER                    STEP   MAXIMUM CHANGE MODEL-(CELLID) OR
 OUTER ITERATION STEP       ITERATION  ITERATION  MAXIMUM CHANGE SUCCESS             MODEL-PACKAGE-(NUMBER)
 ----------------------------------------------------------------------------------------------------------
 Model                              1          2     -0.18566708                            2_GWT-(15,40,1)
 Model                              2          1  2.13162821E-14       *                    2_GWT-(6,13,17)
 ----------------------------------------------------------------------------------------------------------


 2 CALLS TO NUMERICAL SOLUTION IN TIME STEP 1 STRESS PERIOD 123
 3 TOTAL ITERATIONS
 
    Solving:  Stress period:   124    Time step:     1
 
1
 STRESS PERIOD NO. 124, LENGTH =   1.000000    
 ------------------------------------------
 NUMBER OF TIME STEPS = 1
 MULTIPLIER FOR DELT =     1.000

 OPENED ./external/chd_124.dat
 FILE TYPE:OPEN/CLOSE   UNIT 1525   STATUS:OLD                 
 FORMAT:FORMATTED              ACCESS:SEQUENTIAL          
 ACTION:READ                

 INITIAL TIME STEP SIZE =   1.000000    

 SLN_1 OUTER ITERATION SUMMARY
 ----------------------------------------------------------------------------------------------------------
                                OUTER      INNER                    STEP   MAXIMUM CHANGE MODEL-(CELLID) OR
 OUTER ITERATION STEP       ITERATION  ITERATION  MAXIMUM CHANGE SUCCESS             MODEL-PACKAGE-(NUMBER)
 ----------------------------------------------------------------------------------------------------------
 Model                              1         16 -8.76518774E-02                           1_GWF-(4,103,39)
 Model                              2          5 -9.54173592E-02                            1_GWF-(1,66,75)
 Model                              3          3  1.03632197E-03       *                    1_GWF-(5,77,39)
 ----------------------------------------------------------------------------------------------------------


 3 CALLS TO NUMERICAL SOLUTION IN TIME STEP 1 STRESS PERIOD 124
 24 TOTAL ITERATIONS

 SLN_2 OUTER ITERATION SUMMARY
 ----------------------------------------------------------------------------------------------------------
                                OUTER      INNER                    STEP   MAXIMUM CHANGE MODEL-(CELLID) OR
 OUTER ITERATION STEP       ITERATION  ITERATION  MAXIMUM CHANGE SUCCESS             MODEL-PACKAGE-(NUMBER)
 ----------------------------------------------------------------------------------------------------------
 Model                              1          2     -0.18040991                            2_GWT-(15,40,1)
 Model                              2          1  2.13162821E-14       *                    2_GWT-(1,12,34)
 ----------------------------------------------------------------------------------------------------------


 2 CALLS TO NUMERICAL SOLUTION IN TIME STEP 1 STRESS PERIOD 124
 3 TOTAL ITERATIONS
 
    Solving:  Stress period:   125    Time step:     1
 
1
 STRESS PERIOD NO. 125, LENGTH =   1.000000    
 ------------------------------------------
 NUMBER OF TIME STEPS = 1
 MULTIPLIER FOR DELT =     1.000

 OPENED ./external/chd_125.dat
 FILE TYPE:OPEN/CLOSE   UNIT 1527   STATUS:OLD                 
 FORMAT:FORMATTED              ACCESS:SEQUENTIAL          
 ACTION:READ                

 INITIAL TIME STEP SIZE =   1.000000    

 SLN_1 OUTER ITERATION SUMMARY
 ----------------------------------------------------------------------------------------------------------
                                OUTER      INNER                    STEP   MAXIMUM CHANGE MODEL-(CELLID) OR
 OUTER ITERATION STEP       ITERATION  ITERATION  MAXIMUM CHANGE SUCCESS             MODEL-PACKAGE-(NUMBER)
 ----------------------------------------------------------------------------------------------------------
 Model                              1         18 -8.43970619E-02                            1_GWF-(1,66,75)
 Model                              2          5 -3.85954032E-02                            1_GWF-(1,51,66)
 Model                              3          3  8.25475494E-04       *                    1_GWF-(2,42,29)
 ----------------------------------------------------------------------------------------------------------


 3 CALLS TO NUMERICAL SOLUTION IN TIME STEP 1 STRESS PERIOD 125
 26 TOTAL ITERATIONS

 SLN_2 OUTER ITERATION SUMMARY
 ----------------------------------------------------------------------------------------------------------
                                OUTER      INNER                    STEP   MAXIMUM CHANGE MODEL-(CELLID) OR
 OUTER ITERATION STEP       ITERATION  ITERATION  MAXIMUM CHANGE SUCCESS             MODEL-PACKAGE-(NUMBER)
 ----------------------------------------------------------------------------------------------------------
 Model                              1          2     -0.17435807                            2_GWT-(15,40,1)
 Model                              2          1 -2.13162821E-14       *                    2_GWT-(6,25,34)
 ----------------------------------------------------------------------------------------------------------


 2 CALLS TO NUMERICAL SOLUTION IN TIME STEP 1 STRESS PERIOD 125
 3 TOTAL ITERATIONS
 
    Solving:  Stress period:   126    Time step:     1
 
1
 STRESS PERIOD NO. 126, LENGTH =   1.000000    
 ------------------------------------------
 NUMBER OF TIME STEPS = 1
 MULTIPLIER FOR DELT =     1.000

 OPENED ./external/chd_126.dat
 FILE TYPE:OPEN/CLOSE   UNIT 1529   STATUS:OLD                 
 FORMAT:FORMATTED              ACCESS:SEQUENTIAL          
 ACTION:READ                

 INITIAL TIME STEP SIZE =   1.000000    

 SLN_1 OUTER ITERATION SUMMARY
 ----------------------------------------------------------------------------------------------------------
                                OUTER      INNER                    STEP   MAXIMUM CHANGE MODEL-(CELLID) OR
 OUTER ITERATION STEP       ITERATION  ITERATION  MAXIMUM CHANGE SUCCESS             MODEL-PACKAGE-(NUMBER)
 ----------------------------------------------------------------------------------------------------------
 Model                              1         16 -7.96408994E-02                           1_GWF-(3,101,25)
 Model                              2          5 -3.63477660E-02                            1_GWF-(4,84,45)
 Model                              3          3  7.07245685E-04       *                    1_GWF-(4,91,67)
 ----------------------------------------------------------------------------------------------------------


 3 CALLS TO NUMERICAL SOLUTION IN TIME STEP 1 STRESS PERIOD 126
 24 TOTAL ITERATIONS

 SLN_2 OUTER ITERATION SUMMARY
 ----------------------------------------------------------------------------------------------------------
                                OUTER      INNER                    STEP   MAXIMUM CHANGE MODEL-(CELLID) OR
 OUTER ITERATION STEP       ITERATION  ITERATION  MAXIMUM CHANGE SUCCESS             MODEL-PACKAGE-(NUMBER)
 ----------------------------------------------------------------------------------------------------------
 Model                              1          2     -0.16708238                            2_GWT-(15,40,1)
 Model                              2          1 -2.13162821E-14       *                     2_GWT-(3,7,24)
 ----------------------------------------------------------------------------------------------------------


 2 CALLS TO NUMERICAL SOLUTION IN TIME STEP 1 STRESS PERIOD 126
 3 TOTAL ITERATIONS
 
    Solving:  Stress period:   127    Time step:     1
 
1
 STRESS PERIOD NO. 127, LENGTH =   1.000000    
 ------------------------------------------
 NUMBER OF TIME STEPS = 1
 MULTIPLIER FOR DELT =     1.000

 OPENED ./external/chd_127.dat
 FILE TYPE:OPEN/CLOSE   UNIT 1531   STATUS:OLD                 
 FORMAT:FORMATTED              ACCESS:SEQUENTIAL          
 ACTION:READ                

 INITIAL TIME STEP SIZE =   1.000000    

 SLN_1 OUTER ITERATION SUMMARY
 ----------------------------------------------------------------------------------------------------------
                                OUTER      INNER                    STEP   MAXIMUM CHANGE MODEL-(CELLID) OR
 OUTER ITERATION STEP       ITERATION  ITERATION  MAXIMUM CHANGE SUCCESS             MODEL-PACKAGE-(NUMBER)
 ----------------------------------------------------------------------------------------------------------
 Model                              1         16     -0.14455565                           1_GWF-(1,104,37)
 Model                              2          5 -9.25955176E-02                            1_GWF-(1,97,72)
 Model                              3          3  1.91585044E-03       *                   1_GWF-(4,104,36)
 ----------------------------------------------------------------------------------------------------------


 3 CALLS TO NUMERICAL SOLUTION IN TIME STEP 1 STRESS PERIOD 127
 24 TOTAL ITERATIONS

 SLN_2 OUTER ITERATION SUMMARY
 ----------------------------------------------------------------------------------------------------------
                                OUTER      INNER                    STEP   MAXIMUM CHANGE MODEL-(CELLID) OR
 OUTER ITERATION STEP       ITERATION  ITERATION  MAXIMUM CHANGE SUCCESS             MODEL-PACKAGE-(NUMBER)
 ----------------------------------------------------------------------------------------------------------
 Model                              1          2     -0.15948131                            2_GWT-(15,40,1)
 Model                              2          1 -2.84217094E-14       *                   2_GWT-(15,43,61)
 ----------------------------------------------------------------------------------------------------------


 2 CALLS TO NUMERICAL SOLUTION IN TIME STEP 1 STRESS PERIOD 127
 3 TOTAL ITERATIONS
 
    Solving:  Stress period:   128    Time step:     1
 
1
 STRESS PERIOD NO. 128, LENGTH =   1.000000    
 ------------------------------------------
 NUMBER OF TIME STEPS = 1
 MULTIPLIER FOR DELT =     1.000

 OPENED ./external/chd_128.dat
 FILE TYPE:OPEN/CLOSE   UNIT 1533   STATUS:OLD                 
 FORMAT:FORMATTED              ACCESS:SEQUENTIAL          
 ACTION:READ                

 INITIAL TIME STEP SIZE =   1.000000    

 SLN_1 OUTER ITERATION SUMMARY
 ----------------------------------------------------------------------------------------------------------
                                OUTER      INNER                    STEP   MAXIMUM CHANGE MODEL-(CELLID) OR
 OUTER ITERATION STEP       ITERATION  ITERATION  MAXIMUM CHANGE SUCCESS             MODEL-PACKAGE-(NUMBER)
 ----------------------------------------------------------------------------------------------------------
 Model                              1         16 -9.40285531E-02                            1_GWF-(3,50,71)
 Model                              2          6 -4.64984633E-02                            1_GWF-(3,83,22)
 Model                              3          4  1.21083572E-03       *                    1_GWF-(4,77,22)
 ----------------------------------------------------------------------------------------------------------


 3 CALLS TO NUMERICAL SOLUTION IN TIME STEP 1 STRESS PERIOD 128
 26 TOTAL ITERATIONS

 SLN_2 OUTER ITERATION SUMMARY
 ----------------------------------------------------------------------------------------------------------
                                OUTER      INNER                    STEP   MAXIMUM CHANGE MODEL-(CELLID) OR
 OUTER ITERATION STEP       ITERATION  ITERATION  MAXIMUM CHANGE SUCCESS             MODEL-PACKAGE-(NUMBER)
 ----------------------------------------------------------------------------------------------------------
 Model                              1          2     -0.15118968                            2_GWT-(15,40,1)
 Model                              2          1  2.84217094E-14       *                   2_GWT-(15,37,29)
 ----------------------------------------------------------------------------------------------------------


 2 CALLS TO NUMERICAL SOLUTION IN TIME STEP 1 STRESS PERIOD 128
 3 TOTAL ITERATIONS
 
    Solving:  Stress period:   129    Time step:     1
 
1
 STRESS PERIOD NO. 129, LENGTH =   1.000000    
 ------------------------------------------
 NUMBER OF TIME STEPS = 1
 MULTIPLIER FOR DELT =     1.000

 OPENED ./external/chd_129.dat
 FILE TYPE:OPEN/CLOSE   UNIT 1535   STATUS:OLD                 
 FORMAT:FORMATTED              ACCESS:SEQUENTIAL          
 ACTION:READ                

 INITIAL TIME STEP SIZE =   1.000000    

 SLN_1 OUTER ITERATION SUMMARY
 ----------------------------------------------------------------------------------------------------------
                                OUTER      INNER                    STEP   MAXIMUM CHANGE MODEL-(CELLID) OR
 OUTER ITERATION STEP       ITERATION  ITERATION  MAXIMUM CHANGE SUCCESS             MODEL-PACKAGE-(NUMBER)
 ----------------------------------------------------------------------------------------------------------
 Model                              1         18 -5.62679568E-02                           1_GWF-(1,102,39)
 Model                              2          6 -2.79239845E-02                             1_GWF-(1,46,9)
 Model                              3          4  1.38287785E-03       *                    1_GWF-(4,61,72)
 ----------------------------------------------------------------------------------------------------------


 3 CALLS TO NUMERICAL SOLUTION IN TIME STEP 1 STRESS PERIOD 129
 28 TOTAL ITERATIONS

 SLN_2 OUTER ITERATION SUMMARY
 ----------------------------------------------------------------------------------------------------------
                                OUTER      INNER                    STEP   MAXIMUM CHANGE MODEL-(CELLID) OR
 OUTER ITERATION STEP       ITERATION  ITERATION  MAXIMUM CHANGE SUCCESS             MODEL-PACKAGE-(NUMBER)
 ----------------------------------------------------------------------------------------------------------
 Model                              1          2     -0.14266358                            2_GWT-(15,40,1)
 Model                              2          1 -2.13162821E-14       *                    2_GWT-(4,25,35)
 ----------------------------------------------------------------------------------------------------------


 2 CALLS TO NUMERICAL SOLUTION IN TIME STEP 1 STRESS PERIOD 129
 3 TOTAL ITERATIONS
 
    Solving:  Stress period:   130    Time step:     1
 
1
 STRESS PERIOD NO. 130, LENGTH =   1.000000    
 ------------------------------------------
 NUMBER OF TIME STEPS = 1
 MULTIPLIER FOR DELT =     1.000

 OPENED ./external/chd_130.dat
 FILE TYPE:OPEN/CLOSE   UNIT 1537   STATUS:OLD                 
 FORMAT:FORMATTED              ACCESS:SEQUENTIAL          
 ACTION:READ                

 INITIAL TIME STEP SIZE =   1.000000    

 SLN_1 OUTER ITERATION SUMMARY
 ----------------------------------------------------------------------------------------------------------
                                OUTER      INNER                    STEP   MAXIMUM CHANGE MODEL-(CELLID) OR
 OUTER ITERATION STEP       ITERATION  ITERATION  MAXIMUM CHANGE SUCCESS             MODEL-PACKAGE-(NUMBER)
 ----------------------------------------------------------------------------------------------------------
 Model                              1         16 -9.47845301E-02                            1_GWF-(1,73,19)
 Model                              2          6 -5.63591737E-02                           1_GWF-(1,102,31)
 Model                              3          3  1.18956984E-03       *                    1_GWF-(4,63,75)
 ----------------------------------------------------------------------------------------------------------


 3 CALLS TO NUMERICAL SOLUTION IN TIME STEP 1 STRESS PERIOD 130
 25 TOTAL ITERATIONS

 SLN_2 OUTER ITERATION SUMMARY
 ----------------------------------------------------------------------------------------------------------
                                OUTER      INNER                    STEP   MAXIMUM CHANGE MODEL-(CELLID) OR
 OUTER ITERATION STEP       ITERATION  ITERATION  MAXIMUM CHANGE SUCCESS             MODEL-PACKAGE-(NUMBER)
 ----------------------------------------------------------------------------------------------------------
 Model                              1          2     -0.13378976                            2_GWT-(15,40,1)
 Model                              2          1 -2.66453526E-14       *                    2_GWT-(15,43,1)
 ----------------------------------------------------------------------------------------------------------


 2 CALLS TO NUMERICAL SOLUTION IN TIME STEP 1 STRESS PERIOD 130
 3 TOTAL ITERATIONS
 
    Solving:  Stress period:   131    Time step:     1
 
1
 STRESS PERIOD NO. 131, LENGTH =   1.000000    
 ------------------------------------------
 NUMBER OF TIME STEPS = 1
 MULTIPLIER FOR DELT =     1.000

 OPENED ./external/chd_131.dat
 FILE TYPE:OPEN/CLOSE   UNIT 1539   STATUS:OLD                 
 FORMAT:FORMATTED              ACCESS:SEQUENTIAL          
 ACTION:READ                

 INITIAL TIME STEP SIZE =   1.000000    

 SLN_1 OUTER ITERATION SUMMARY
 ----------------------------------------------------------------------------------------------------------
                                OUTER      INNER                    STEP   MAXIMUM CHANGE MODEL-(CELLID) OR
 OUTER ITERATION STEP       ITERATION  ITERATION  MAXIMUM CHANGE SUCCESS             MODEL-PACKAGE-(NUMBER)
 ----------------------------------------------------------------------------------------------------------
 Model                              1         16 -5.85940840E-02                             1_GWF-(1,43,2)
 Model                              2          6 -6.22254780E-02                            1_GWF-(1,51,70)
 Model                              3          4 -4.63637876E-03       *                     1_GWF-(1,66,7)
 ----------------------------------------------------------------------------------------------------------


 3 CALLS TO NUMERICAL SOLUTION IN TIME STEP 1 STRESS PERIOD 131
 26 TOTAL ITERATIONS

 SLN_2 OUTER ITERATION SUMMARY
 ----------------------------------------------------------------------------------------------------------
                                OUTER      INNER                    STEP   MAXIMUM CHANGE MODEL-(CELLID) OR
 OUTER ITERATION STEP       ITERATION  ITERATION  MAXIMUM CHANGE SUCCESS             MODEL-PACKAGE-(NUMBER)
 ----------------------------------------------------------------------------------------------------------
 Model                              1          2     -0.12500393                            2_GWT-(15,40,1)
 Model                              2          1 -2.57571742E-14       *                    2_GWT-(15,43,1)
 ----------------------------------------------------------------------------------------------------------


 2 CALLS TO NUMERICAL SOLUTION IN TIME STEP 1 STRESS PERIOD 131
 3 TOTAL ITERATIONS
 
    Solving:  Stress period:   132    Time step:     1
 
1
 STRESS PERIOD NO. 132, LENGTH =   1.000000    
 ------------------------------------------
 NUMBER OF TIME STEPS = 1
 MULTIPLIER FOR DELT =     1.000

 OPENED ./external/chd_132.dat
 FILE TYPE:OPEN/CLOSE   UNIT 1541   STATUS:OLD                 
 FORMAT:FORMATTED              ACCESS:SEQUENTIAL          
 ACTION:READ                

 INITIAL TIME STEP SIZE =   1.000000    

 SLN_1 OUTER ITERATION SUMMARY
 ----------------------------------------------------------------------------------------------------------
                                OUTER      INNER                    STEP   MAXIMUM CHANGE MODEL-(CELLID) OR
 OUTER ITERATION STEP       ITERATION  ITERATION  MAXIMUM CHANGE SUCCESS             MODEL-PACKAGE-(NUMBER)
 ----------------------------------------------------------------------------------------------------------
 Model                              1         16 -6.88336802E-02                            1_GWF-(1,51,70)
 Model                              2          6 -7.03975943E-02                            1_GWF-(3,91,67)
 Model                              3          4  5.28219514E-03       *                    1_GWF-(1,91,67)
 ----------------------------------------------------------------------------------------------------------


 3 CALLS TO NUMERICAL SOLUTION IN TIME STEP 1 STRESS PERIOD 132
 26 TOTAL ITERATIONS

 SLN_2 OUTER ITERATION SUMMARY
 ----------------------------------------------------------------------------------------------------------
                                OUTER      INNER                    STEP   MAXIMUM CHANGE MODEL-(CELLID) OR
 OUTER ITERATION STEP       ITERATION  ITERATION  MAXIMUM CHANGE SUCCESS             MODEL-PACKAGE-(NUMBER)
 ----------------------------------------------------------------------------------------------------------
 Model                              1          2     -0.11611633                            2_GWT-(15,40,1)
 Model                              2          1 -2.48689958E-14       *                    2_GWT-(15,43,1)
 ----------------------------------------------------------------------------------------------------------


 2 CALLS TO NUMERICAL SOLUTION IN TIME STEP 1 STRESS PERIOD 132
 3 TOTAL ITERATIONS
 
    Solving:  Stress period:   133    Time step:     1
 
1
 STRESS PERIOD NO. 133, LENGTH =   1.000000    
 ------------------------------------------
 NUMBER OF TIME STEPS = 1
 MULTIPLIER FOR DELT =     1.000

 OPENED ./external/chd_133.dat
 FILE TYPE:OPEN/CLOSE   UNIT 1543   STATUS:OLD                 
 FORMAT:FORMATTED              ACCESS:SEQUENTIAL          
 ACTION:READ                

 INITIAL TIME STEP SIZE =   1.000000    

 SLN_1 OUTER ITERATION SUMMARY
 ----------------------------------------------------------------------------------------------------------
                                OUTER      INNER                    STEP   MAXIMUM CHANGE MODEL-(CELLID) OR
 OUTER ITERATION STEP       ITERATION  ITERATION  MAXIMUM CHANGE SUCCESS             MODEL-PACKAGE-(NUMBER)
 ----------------------------------------------------------------------------------------------------------
 Model                              1         16     -0.11597137                            1_GWF-(1,63,71)
 Model                              2          6 -9.23024712E-02                            1_GWF-(1,78,73)
 Model                              3          4  9.49362224E-04       *                    1_GWF-(1,45,16)
 ----------------------------------------------------------------------------------------------------------


 3 CALLS TO NUMERICAL SOLUTION IN TIME STEP 1 STRESS PERIOD 133
 26 TOTAL ITERATIONS

 SLN_2 OUTER ITERATION SUMMARY
 ----------------------------------------------------------------------------------------------------------
                                OUTER      INNER                    STEP   MAXIMUM CHANGE MODEL-(CELLID) OR
 OUTER ITERATION STEP       ITERATION  ITERATION  MAXIMUM CHANGE SUCCESS             MODEL-PACKAGE-(NUMBER)
 ----------------------------------------------------------------------------------------------------------
 Model                              1          2     -0.10759176                            2_GWT-(15,40,1)
 Model                              2          1 -2.39808173E-14       *                    2_GWT-(15,43,1)
 ----------------------------------------------------------------------------------------------------------


 2 CALLS TO NUMERICAL SOLUTION IN TIME STEP 1 STRESS PERIOD 133
 3 TOTAL ITERATIONS
 
    Solving:  Stress period:   134    Time step:     1
 
1
 STRESS PERIOD NO. 134, LENGTH =   1.000000    
 ------------------------------------------
 NUMBER OF TIME STEPS = 1
 MULTIPLIER FOR DELT =     1.000

 OPENED ./external/chd_134.dat
 FILE TYPE:OPEN/CLOSE   UNIT 1545   STATUS:OLD                 
 FORMAT:FORMATTED              ACCESS:SEQUENTIAL          
 ACTION:READ                

 INITIAL TIME STEP SIZE =   1.000000    

 SLN_1 OUTER ITERATION SUMMARY
 ----------------------------------------------------------------------------------------------------------
                                OUTER      INNER                    STEP   MAXIMUM CHANGE MODEL-(CELLID) OR
 OUTER ITERATION STEP       ITERATION  ITERATION  MAXIMUM CHANGE SUCCESS             MODEL-PACKAGE-(NUMBER)
 ----------------------------------------------------------------------------------------------------------
 Model                              1         16 -7.83365125E-02                            1_GWF-(1,78,73)
 Model                              2          4 -4.10329444E-02                            1_GWF-(1,82,38)
 Model                              3          3  1.11252668E-03       *                    1_GWF-(5,70,55)
 ----------------------------------------------------------------------------------------------------------


 3 CALLS TO NUMERICAL SOLUTION IN TIME STEP 1 STRESS PERIOD 134
 23 TOTAL ITERATIONS

 SLN_2 OUTER ITERATION SUMMARY
 ----------------------------------------------------------------------------------------------------------
                                OUTER      INNER                    STEP   MAXIMUM CHANGE MODEL-(CELLID) OR
 OUTER ITERATION STEP       ITERATION  ITERATION  MAXIMUM CHANGE SUCCESS             MODEL-PACKAGE-(NUMBER)
 ----------------------------------------------------------------------------------------------------------
 Model                              1          2 -9.92185794E-02                            2_GWT-(15,40,1)
 Model                              2          1 -2.30926389E-14       *                    2_GWT-(15,43,1)
 ----------------------------------------------------------------------------------------------------------


 2 CALLS TO NUMERICAL SOLUTION IN TIME STEP 1 STRESS PERIOD 134
 3 TOTAL ITERATIONS
 
    Solving:  Stress period:   135    Time step:     1
 
1
 STRESS PERIOD NO. 135, LENGTH =   1.000000    
 ------------------------------------------
 NUMBER OF TIME STEPS = 1
 MULTIPLIER FOR DELT =     1.000

 OPENED ./external/chd_135.dat
 FILE TYPE:OPEN/CLOSE   UNIT 1547   STATUS:OLD                 
 FORMAT:FORMATTED              ACCESS:SEQUENTIAL          
 ACTION:READ                

 INITIAL TIME STEP SIZE =   1.000000    

 SLN_1 OUTER ITERATION SUMMARY
 ----------------------------------------------------------------------------------------------------------
                                OUTER      INNER                    STEP   MAXIMUM CHANGE MODEL-(CELLID) OR
 OUTER ITERATION STEP       ITERATION  ITERATION  MAXIMUM CHANGE SUCCESS             MODEL-PACKAGE-(NUMBER)
 ----------------------------------------------------------------------------------------------------------
 Model                              1         16 -5.61303995E-02                            1_GWF-(1,59,46)
 Model                              2          5 -6.74689439E-02                            1_GWF-(1,63,75)
 Model                              3          3  1.28052141E-03       *                    1_GWF-(4,79,80)
 ----------------------------------------------------------------------------------------------------------


 3 CALLS TO NUMERICAL SOLUTION IN TIME STEP 1 STRESS PERIOD 135
 24 TOTAL ITERATIONS

 SLN_2 OUTER ITERATION SUMMARY
 ----------------------------------------------------------------------------------------------------------
                                OUTER      INNER                    STEP   MAXIMUM CHANGE MODEL-(CELLID) OR
 OUTER ITERATION STEP       ITERATION  ITERATION  MAXIMUM CHANGE SUCCESS             MODEL-PACKAGE-(NUMBER)
 ----------------------------------------------------------------------------------------------------------
 Model                              1          2 -9.12378682E-02                            2_GWT-(15,40,1)
 Model                              2          1 -2.13162821E-14       *                    2_GWT-(6,27,37)
 ----------------------------------------------------------------------------------------------------------


 2 CALLS TO NUMERICAL SOLUTION IN TIME STEP 1 STRESS PERIOD 135
 3 TOTAL ITERATIONS
 
    Solving:  Stress period:   136    Time step:     1
 
1
 STRESS PERIOD NO. 136, LENGTH =   1.000000    
 ------------------------------------------
 NUMBER OF TIME STEPS = 1
 MULTIPLIER FOR DELT =     1.000

 OPENED ./external/chd_136.dat
 FILE TYPE:OPEN/CLOSE   UNIT 1549   STATUS:OLD                 
 FORMAT:FORMATTED              ACCESS:SEQUENTIAL          
 ACTION:READ                

 INITIAL TIME STEP SIZE =   1.000000    

 SLN_1 OUTER ITERATION SUMMARY
 ----------------------------------------------------------------------------------------------------------
                                OUTER      INNER                    STEP   MAXIMUM CHANGE MODEL-(CELLID) OR
 OUTER ITERATION STEP       ITERATION  ITERATION  MAXIMUM CHANGE SUCCESS             MODEL-PACKAGE-(NUMBER)
 ----------------------------------------------------------------------------------------------------------
 Model                              1         18 -9.92441940E-02                            1_GWF-(1,63,75)
 Model                              2          5 -2.62474430E-02                            1_GWF-(1,73,22)
 Model                              3          3  8.65984808E-04       *                   1_GWF-(4,101,27)
 ----------------------------------------------------------------------------------------------------------


 3 CALLS TO NUMERICAL SOLUTION IN TIME STEP 1 STRESS PERIOD 136
 26 TOTAL ITERATIONS

 SLN_2 OUTER ITERATION SUMMARY
 ----------------------------------------------------------------------------------------------------------
                                OUTER      INNER                    STEP   MAXIMUM CHANGE MODEL-(CELLID) OR
 OUTER ITERATION STEP       ITERATION  ITERATION  MAXIMUM CHANGE SUCCESS             MODEL-PACKAGE-(NUMBER)
 ----------------------------------------------------------------------------------------------------------
 Model                              1          2     -0.10016474                           2_GWT-(13,43,71)
 Model                              2          1  2.13162821E-14       *                     2_GWT-(6,4,26)
 ----------------------------------------------------------------------------------------------------------


 2 CALLS TO NUMERICAL SOLUTION IN TIME STEP 1 STRESS PERIOD 136
 3 TOTAL ITERATIONS
 
    Solving:  Stress period:   137    Time step:     1
 
1
 STRESS PERIOD NO. 137, LENGTH =   1.000000    
 ------------------------------------------
 NUMBER OF TIME STEPS = 1
 MULTIPLIER FOR DELT =     1.000

 OPENED ./external/chd_137.dat
 FILE TYPE:OPEN/CLOSE   UNIT 1551   STATUS:OLD                 
 FORMAT:FORMATTED              ACCESS:SEQUENTIAL          
 ACTION:READ                

 INITIAL TIME STEP SIZE =   1.000000    

 SLN_1 OUTER ITERATION SUMMARY
 ----------------------------------------------------------------------------------------------------------
                                OUTER      INNER                    STEP   MAXIMUM CHANGE MODEL-(CELLID) OR
 OUTER ITERATION STEP       ITERATION  ITERATION  MAXIMUM CHANGE SUCCESS             MODEL-PACKAGE-(NUMBER)
 ----------------------------------------------------------------------------------------------------------
 Model                              1         13      0.54634919                           1_GWF-(1,102,40)
 Model                              2          6     -0.10430311                            1_GWF-(1,61,73)
 Model                              3          4  3.16883859E-03       *                    1_GWF-(3,80,74)
 ----------------------------------------------------------------------------------------------------------


 3 CALLS TO NUMERICAL SOLUTION IN TIME STEP 1 STRESS PERIOD 137
 23 TOTAL ITERATIONS

 SLN_2 OUTER ITERATION SUMMARY
 ----------------------------------------------------------------------------------------------------------
                                OUTER      INNER                    STEP   MAXIMUM CHANGE MODEL-(CELLID) OR
 OUTER ITERATION STEP       ITERATION  ITERATION  MAXIMUM CHANGE SUCCESS             MODEL-PACKAGE-(NUMBER)
 ----------------------------------------------------------------------------------------------------------
 Model                              1          2      -2.7799857                            2_GWT-(1,38,66)
 Model                              2          1 -9.44366978E-14       *                    2_GWT-(1,38,66)
 ----------------------------------------------------------------------------------------------------------


 2 CALLS TO NUMERICAL SOLUTION IN TIME STEP 1 STRESS PERIOD 137
 3 TOTAL ITERATIONS
 
    Solving:  Stress period:   138    Time step:     1
 
1
 STRESS PERIOD NO. 138, LENGTH =   1.000000    
 ------------------------------------------
 NUMBER OF TIME STEPS = 1
 MULTIPLIER FOR DELT =     1.000

 OPENED ./external/chd_138.dat
 FILE TYPE:OPEN/CLOSE   UNIT 1553   STATUS:OLD                 
 FORMAT:FORMATTED              ACCESS:SEQUENTIAL          
 ACTION:READ                

 INITIAL TIME STEP SIZE =   1.000000    

 SLN_1 OUTER ITERATION SUMMARY
 ----------------------------------------------------------------------------------------------------------
                                OUTER      INNER                    STEP   MAXIMUM CHANGE MODEL-(CELLID) OR
 OUTER ITERATION STEP       ITERATION  ITERATION  MAXIMUM CHANGE SUCCESS             MODEL-PACKAGE-(NUMBER)
 ----------------------------------------------------------------------------------------------------------
 Model                              1         17     -0.39394754                           1_GWF-(1,102,40)
 Model                              2          5 -3.02885150E-02                            1_GWF-(3,89,19)
 Model                              3          2  3.61973479E-04       *                   1_GWF-(1,103,42)
 ----------------------------------------------------------------------------------------------------------


 3 CALLS TO NUMERICAL SOLUTION IN TIME STEP 1 STRESS PERIOD 138
 24 TOTAL ITERATIONS

 SLN_2 OUTER ITERATION SUMMARY
 ----------------------------------------------------------------------------------------------------------
                                OUTER      INNER                    STEP   MAXIMUM CHANGE MODEL-(CELLID) OR
 OUTER ITERATION STEP       ITERATION  ITERATION  MAXIMUM CHANGE SUCCESS             MODEL-PACKAGE-(NUMBER)
 ----------------------------------------------------------------------------------------------------------
 Model                              1          2     -0.12740816                           2_GWT-(13,43,71)
 Model                              2          1 -2.84217094E-14       *                   2_GWT-(11,31,59)
 ----------------------------------------------------------------------------------------------------------


 2 CALLS TO NUMERICAL SOLUTION IN TIME STEP 1 STRESS PERIOD 138
 3 TOTAL ITERATIONS
 
    Solving:  Stress period:   139    Time step:     1
 
1
 STRESS PERIOD NO. 139, LENGTH =   1.000000    
 ------------------------------------------
 NUMBER OF TIME STEPS = 1
 MULTIPLIER FOR DELT =     1.000

 OPENED ./external/chd_139.dat
 FILE TYPE:OPEN/CLOSE   UNIT 1555   STATUS:OLD                 
 FORMAT:FORMATTED              ACCESS:SEQUENTIAL          
 ACTION:READ                

 INITIAL TIME STEP SIZE =   1.000000    

 SLN_1 OUTER ITERATION SUMMARY
 ----------------------------------------------------------------------------------------------------------
                                OUTER      INNER                    STEP   MAXIMUM CHANGE MODEL-(CELLID) OR
 OUTER ITERATION STEP       ITERATION  ITERATION  MAXIMUM CHANGE SUCCESS             MODEL-PACKAGE-(NUMBER)
 ----------------------------------------------------------------------------------------------------------
 Model                              1         18     -0.19051477                            1_GWF-(1,72,72)
 Model                              2          6 -2.52036253E-02                             1_GWF-(1,67,7)
 Model                              3          4  1.36455471E-03       *                    1_GWF-(1,53,24)
 ----------------------------------------------------------------------------------------------------------


 3 CALLS TO NUMERICAL SOLUTION IN TIME STEP 1 STRESS PERIOD 139
 28 TOTAL ITERATIONS

 SLN_2 OUTER ITERATION SUMMARY
 ----------------------------------------------------------------------------------------------------------
                                OUTER      INNER                    STEP   MAXIMUM CHANGE MODEL-(CELLID) OR
 OUTER ITERATION STEP       ITERATION  ITERATION  MAXIMUM CHANGE SUCCESS             MODEL-PACKAGE-(NUMBER)
 ----------------------------------------------------------------------------------------------------------
 Model                              1          2      0.26567661                            2_GWT-(1,42,35)
 Model                              2          1  1.65527314E-13       *                    2_GWT-(1,47,39)
 ----------------------------------------------------------------------------------------------------------


 2 CALLS TO NUMERICAL SOLUTION IN TIME STEP 1 STRESS PERIOD 139
 3 TOTAL ITERATIONS
 
    Solving:  Stress period:   140    Time step:     1
 
1
 STRESS PERIOD NO. 140, LENGTH =   1.000000    
 ------------------------------------------
 NUMBER OF TIME STEPS = 1
 MULTIPLIER FOR DELT =     1.000

 OPENED ./external/chd_140.dat
 FILE TYPE:OPEN/CLOSE   UNIT 1557   STATUS:OLD                 
 FORMAT:FORMATTED              ACCESS:SEQUENTIAL          
 ACTION:READ                

 INITIAL TIME STEP SIZE =   1.000000    

 SLN_1 OUTER ITERATION SUMMARY
 ----------------------------------------------------------------------------------------------------------
                                OUTER      INNER                    STEP   MAXIMUM CHANGE MODEL-(CELLID) OR
 OUTER ITERATION STEP       ITERATION  ITERATION  MAXIMUM CHANGE SUCCESS             MODEL-PACKAGE-(NUMBER)
 ----------------------------------------------------------------------------------------------------------
 Model                              1         19       1.7724249                            1_GWF-(1,76,77)
 Model                              2         11     -0.52641395                            1_GWF-(3,61,73)
 Model                              3          5 -5.55771056E-02                            1_GWF-(3,61,73)
 Model                              4          4 -5.57961556E-03       *                    1_GWF-(3,61,73)
 ----------------------------------------------------------------------------------------------------------


 4 CALLS TO NUMERICAL SOLUTION IN TIME STEP 1 STRESS PERIOD 140
 39 TOTAL ITERATIONS

 SLN_2 OUTER ITERATION SUMMARY
 ----------------------------------------------------------------------------------------------------------
                                OUTER      INNER                    STEP   MAXIMUM CHANGE MODEL-(CELLID) OR
 OUTER ITERATION STEP       ITERATION  ITERATION  MAXIMUM CHANGE SUCCESS             MODEL-PACKAGE-(NUMBER)
 ----------------------------------------------------------------------------------------------------------
 Model                              1          2     -0.67096724                            2_GWT-(1,42,35)
 Model                              2          1  2.84217094E-14       *                     2_GWT-(4,5,28)
 ----------------------------------------------------------------------------------------------------------


 2 CALLS TO NUMERICAL SOLUTION IN TIME STEP 1 STRESS PERIOD 140
 3 TOTAL ITERATIONS
 
    Solving:  Stress period:   141    Time step:     1
 
1
 STRESS PERIOD NO. 141, LENGTH =   1.000000    
 ------------------------------------------
 NUMBER OF TIME STEPS = 1
 MULTIPLIER FOR DELT =     1.000

 OPENED ./external/chd_141.dat
 FILE TYPE:OPEN/CLOSE   UNIT 1559   STATUS:OLD                 
 FORMAT:FORMATTED              ACCESS:SEQUENTIAL          
 ACTION:READ                

 INITIAL TIME STEP SIZE =   1.000000    

 SLN_1 OUTER ITERATION SUMMARY
 ----------------------------------------------------------------------------------------------------------
                                OUTER      INNER                    STEP   MAXIMUM CHANGE MODEL-(CELLID) OR
 OUTER ITERATION STEP       ITERATION  ITERATION  MAXIMUM CHANGE SUCCESS             MODEL-PACKAGE-(NUMBER)
 ----------------------------------------------------------------------------------------------------------
 Model                              1         16      -1.7602946                            1_GWF-(1,76,79)
 Model                              2          8     -0.46016997                            1_GWF-(1,66,75)
 Model                              3          5  3.29352226E-02                            1_GWF-(1,66,75)
 Model                              4          3  3.28853924E-03       *                    1_GWF-(3,66,75)
 ----------------------------------------------------------------------------------------------------------


 4 CALLS TO NUMERICAL SOLUTION IN TIME STEP 1 STRESS PERIOD 141
 32 TOTAL ITERATIONS

 SLN_2 OUTER ITERATION SUMMARY
 ----------------------------------------------------------------------------------------------------------
                                OUTER      INNER                    STEP   MAXIMUM CHANGE MODEL-(CELLID) OR
 OUTER ITERATION STEP       ITERATION  ITERATION  MAXIMUM CHANGE SUCCESS             MODEL-PACKAGE-(NUMBER)
 ----------------------------------------------------------------------------------------------------------
 Model                              1          2       2.7730173                            2_GWT-(1,38,66)
 Model                              2          1  9.28146449E-14       *                    2_GWT-(1,38,66)
 ----------------------------------------------------------------------------------------------------------


 2 CALLS TO NUMERICAL SOLUTION IN TIME STEP 1 STRESS PERIOD 141
 3 TOTAL ITERATIONS
 
    Solving:  Stress period:   142    Time step:     1
 
1
 STRESS PERIOD NO. 142, LENGTH =   1.000000    
 ------------------------------------------
 NUMBER OF TIME STEPS = 1
 MULTIPLIER FOR DELT =     1.000

 OPENED ./external/chd_142.dat
 FILE TYPE:OPEN/CLOSE   UNIT 1561   STATUS:OLD                 
 FORMAT:FORMATTED              ACCESS:SEQUENTIAL          
 ACTION:READ                

 INITIAL TIME STEP SIZE =   1.000000    

 SLN_1 OUTER ITERATION SUMMARY
 ----------------------------------------------------------------------------------------------------------
                                OUTER      INNER                    STEP   MAXIMUM CHANGE MODEL-(CELLID) OR
 OUTER ITERATION STEP       ITERATION  ITERATION  MAXIMUM CHANGE SUCCESS             MODEL-PACKAGE-(NUMBER)
 ----------------------------------------------------------------------------------------------------------
 Model                              1         16     -0.29968958                            1_GWF-(1,97,72)
 Model                              2          6     -0.18716905                            1_GWF-(1,78,73)
 Model                              3          4  2.62748684E-03       *                   1_GWF-(1,105,57)
 ----------------------------------------------------------------------------------------------------------


 3 CALLS TO NUMERICAL SOLUTION IN TIME STEP 1 STRESS PERIOD 142
 26 TOTAL ITERATIONS

 SLN_2 OUTER ITERATION SUMMARY
 ----------------------------------------------------------------------------------------------------------
                                OUTER      INNER                    STEP   MAXIMUM CHANGE MODEL-(CELLID) OR
 OUTER ITERATION STEP       ITERATION  ITERATION  MAXIMUM CHANGE SUCCESS             MODEL-PACKAGE-(NUMBER)
 ----------------------------------------------------------------------------------------------------------
 Model                              1          2      0.43102372                            2_GWT-(1,42,35)
 Model                              2          1 -2.30926389E-14       *                    2_GWT-(15,41,1)
 ----------------------------------------------------------------------------------------------------------


 2 CALLS TO NUMERICAL SOLUTION IN TIME STEP 1 STRESS PERIOD 142
 3 TOTAL ITERATIONS
 
    Solving:  Stress period:   143    Time step:     1
 
1
 STRESS PERIOD NO. 143, LENGTH =   1.000000    
 ------------------------------------------
 NUMBER OF TIME STEPS = 1
 MULTIPLIER FOR DELT =     1.000

 OPENED ./external/chd_143.dat
 FILE TYPE:OPEN/CLOSE   UNIT 1563   STATUS:OLD                 
 FORMAT:FORMATTED              ACCESS:SEQUENTIAL          
 ACTION:READ                

 INITIAL TIME STEP SIZE =   1.000000    

 SLN_1 OUTER ITERATION SUMMARY
 ----------------------------------------------------------------------------------------------------------
                                OUTER      INNER                    STEP   MAXIMUM CHANGE MODEL-(CELLID) OR
 OUTER ITERATION STEP       ITERATION  ITERATION  MAXIMUM CHANGE SUCCESS             MODEL-PACKAGE-(NUMBER)
 ----------------------------------------------------------------------------------------------------------
 Model                              1         16     -0.16137745                            1_GWF-(1,63,71)
 Model                              2          5     -0.16150208                            1_GWF-(3,63,75)
 Model                              3          3  1.39074900E-03       *                    1_GWF-(1,53,38)
 ----------------------------------------------------------------------------------------------------------


 3 CALLS TO NUMERICAL SOLUTION IN TIME STEP 1 STRESS PERIOD 143
 24 TOTAL ITERATIONS

 SLN_2 OUTER ITERATION SUMMARY
 ----------------------------------------------------------------------------------------------------------
                                OUTER      INNER                    STEP   MAXIMUM CHANGE MODEL-(CELLID) OR
 OUTER ITERATION STEP       ITERATION  ITERATION  MAXIMUM CHANGE SUCCESS             MODEL-PACKAGE-(NUMBER)
 ----------------------------------------------------------------------------------------------------------
 Model                              1          2     -0.20213820                           2_GWT-(13,43,71)
 Model                              2          1  2.13162821E-14       *                    2_GWT-(4,14,48)
 ----------------------------------------------------------------------------------------------------------


 2 CALLS TO NUMERICAL SOLUTION IN TIME STEP 1 STRESS PERIOD 143
 3 TOTAL ITERATIONS
 
    Solving:  Stress period:   144    Time step:     1
 
1
 STRESS PERIOD NO. 144, LENGTH =   1.000000    
 ------------------------------------------
 NUMBER OF TIME STEPS = 1
 MULTIPLIER FOR DELT =     1.000

 OPENED ./external/chd_144.dat
 FILE TYPE:OPEN/CLOSE   UNIT 1565   STATUS:OLD                 
 FORMAT:FORMATTED              ACCESS:SEQUENTIAL          
 ACTION:READ                

 INITIAL TIME STEP SIZE =   1.000000    

 SLN_1 OUTER ITERATION SUMMARY
 ----------------------------------------------------------------------------------------------------------
                                OUTER      INNER                    STEP   MAXIMUM CHANGE MODEL-(CELLID) OR
 OUTER ITERATION STEP       ITERATION  ITERATION  MAXIMUM CHANGE SUCCESS             MODEL-PACKAGE-(NUMBER)
 ----------------------------------------------------------------------------------------------------------
 Model                              1         16     -0.11923141                            1_GWF-(1,80,74)
 Model                              2          6     -0.12136401                           1_GWF-(1,108,46)
 Model                              3          4  9.80753773E-03       *                   1_GWF-(1,108,46)
 ----------------------------------------------------------------------------------------------------------


 3 CALLS TO NUMERICAL SOLUTION IN TIME STEP 1 STRESS PERIOD 144
 26 TOTAL ITERATIONS

 SLN_2 OUTER ITERATION SUMMARY
 ----------------------------------------------------------------------------------------------------------
                                OUTER      INNER                    STEP   MAXIMUM CHANGE MODEL-(CELLID) OR
 OUTER ITERATION STEP       ITERATION  ITERATION  MAXIMUM CHANGE SUCCESS             MODEL-PACKAGE-(NUMBER)
 ----------------------------------------------------------------------------------------------------------
 Model                              1          2     -0.21497619                           2_GWT-(13,43,71)
 Model                              2          1  2.36477504E-14       *                    2_GWT-(1,47,39)
 ----------------------------------------------------------------------------------------------------------


 2 CALLS TO NUMERICAL SOLUTION IN TIME STEP 1 STRESS PERIOD 144
 3 TOTAL ITERATIONS
 
    Solving:  Stress period:   145    Time step:     1
 
1
 STRESS PERIOD NO. 145, LENGTH =   1.000000    
 ------------------------------------------
 NUMBER OF TIME STEPS = 1
 MULTIPLIER FOR DELT =     1.000

 OPENED ./external/chd_145.dat
 FILE TYPE:OPEN/CLOSE   UNIT 1567   STATUS:OLD                 
 FORMAT:FORMATTED              ACCESS:SEQUENTIAL          
 ACTION:READ                

 INITIAL TIME STEP SIZE =   1.000000    

 SLN_1 OUTER ITERATION SUMMARY
 ----------------------------------------------------------------------------------------------------------
                                OUTER      INNER                    STEP   MAXIMUM CHANGE MODEL-(CELLID) OR
 OUTER ITERATION STEP       ITERATION  ITERATION  MAXIMUM CHANGE SUCCESS             MODEL-PACKAGE-(NUMBER)
 ----------------------------------------------------------------------------------------------------------
 Model                              1         16 -6.51139556E-02                            1_GWF-(4,70,55)
 Model                              2          5  9.33434565E-03       *                    1_GWF-(2,61,26)
 ----------------------------------------------------------------------------------------------------------


 2 CALLS TO NUMERICAL SOLUTION IN TIME STEP 1 STRESS PERIOD 145
 21 TOTAL ITERATIONS

 SLN_2 OUTER ITERATION SUMMARY
 ----------------------------------------------------------------------------------------------------------
                                OUTER      INNER                    STEP   MAXIMUM CHANGE MODEL-(CELLID) OR
 OUTER ITERATION STEP       ITERATION  ITERATION  MAXIMUM CHANGE SUCCESS             MODEL-PACKAGE-(NUMBER)
 ----------------------------------------------------------------------------------------------------------
 Model                              1          2     -0.22563360                           2_GWT-(13,43,71)
 Model                              2          1  2.48689958E-14       *                    2_GWT-(1,47,39)
 ----------------------------------------------------------------------------------------------------------


 2 CALLS TO NUMERICAL SOLUTION IN TIME STEP 1 STRESS PERIOD 145
 3 TOTAL ITERATIONS
 
    Solving:  Stress period:   146    Time step:     1
 
1
 STRESS PERIOD NO. 146, LENGTH =   1.000000    
 ------------------------------------------
 NUMBER OF TIME STEPS = 1
 MULTIPLIER FOR DELT =     1.000

 OPENED ./external/chd_146.dat
 FILE TYPE:OPEN/CLOSE   UNIT 1569   STATUS:OLD                 
 FORMAT:FORMATTED              ACCESS:SEQUENTIAL          
 ACTION:READ                

 INITIAL TIME STEP SIZE =   1.000000    

 SLN_1 OUTER ITERATION SUMMARY
 ----------------------------------------------------------------------------------------------------------
                                OUTER      INNER                    STEP   MAXIMUM CHANGE MODEL-(CELLID) OR
 OUTER ITERATION STEP       ITERATION  ITERATION  MAXIMUM CHANGE SUCCESS             MODEL-PACKAGE-(NUMBER)
 ----------------------------------------------------------------------------------------------------------
 Model                              1         16 -4.57538983E-02                             1_GWF-(2,65,5)
 Model                              2          5 -1.91012014E-02                            1_GWF-(4,64,46)
 Model                              3          2  4.16239825E-04       *                    1_GWF-(2,39,34)
 ----------------------------------------------------------------------------------------------------------


 3 CALLS TO NUMERICAL SOLUTION IN TIME STEP 1 STRESS PERIOD 146
 23 TOTAL ITERATIONS

 SLN_2 OUTER ITERATION SUMMARY
 ----------------------------------------------------------------------------------------------------------
                                OUTER      INNER                    STEP   MAXIMUM CHANGE MODEL-(CELLID) OR
 OUTER ITERATION STEP       ITERATION  ITERATION  MAXIMUM CHANGE SUCCESS             MODEL-PACKAGE-(NUMBER)
 ----------------------------------------------------------------------------------------------------------
 Model                              1          2     -0.23438866                           2_GWT-(13,43,71)
 Model                              2          1 -2.13162821E-14       *                     2_GWT-(4,7,25)
 ----------------------------------------------------------------------------------------------------------


 2 CALLS TO NUMERICAL SOLUTION IN TIME STEP 1 STRESS PERIOD 146
 3 TOTAL ITERATIONS
 
    Solving:  Stress period:   147    Time step:     1
 
1
 STRESS PERIOD NO. 147, LENGTH =   1.000000    
 ------------------------------------------
 NUMBER OF TIME STEPS = 1
 MULTIPLIER FOR DELT =     1.000

 OPENED ./external/chd_147.dat
 FILE TYPE:OPEN/CLOSE   UNIT 1571   STATUS:OLD                 
 FORMAT:FORMATTED              ACCESS:SEQUENTIAL          
 ACTION:READ                

 INITIAL TIME STEP SIZE =   1.000000    

 SLN_1 OUTER ITERATION SUMMARY
 ----------------------------------------------------------------------------------------------------------
                                OUTER      INNER                    STEP   MAXIMUM CHANGE MODEL-(CELLID) OR
 OUTER ITERATION STEP       ITERATION  ITERATION  MAXIMUM CHANGE SUCCESS             MODEL-PACKAGE-(NUMBER)
 ----------------------------------------------------------------------------------------------------------
 Model                              1         16 -4.43006185E-02                            1_GWF-(1,64,46)
 Model                              2          5     -0.12694712                            1_GWF-(3,78,80)
 Model                              3          3  1.17488099E-03       *                    1_GWF-(1,72,63)
 ----------------------------------------------------------------------------------------------------------


 3 CALLS TO NUMERICAL SOLUTION IN TIME STEP 1 STRESS PERIOD 147
 24 TOTAL ITERATIONS

 SLN_2 OUTER ITERATION SUMMARY
 ----------------------------------------------------------------------------------------------------------
                                OUTER      INNER                    STEP   MAXIMUM CHANGE MODEL-(CELLID) OR
 OUTER ITERATION STEP       ITERATION  ITERATION  MAXIMUM CHANGE SUCCESS             MODEL-PACKAGE-(NUMBER)
 ----------------------------------------------------------------------------------------------------------
 Model                              1          2     -0.24073248                           2_GWT-(13,43,71)
 Model                              2          1  2.13162821E-14       *                     2_GWT-(6,6,20)
 ----------------------------------------------------------------------------------------------------------


 2 CALLS TO NUMERICAL SOLUTION IN TIME STEP 1 STRESS PERIOD 147
 3 TOTAL ITERATIONS
 
    Solving:  Stress period:   148    Time step:     1
 
1
 STRESS PERIOD NO. 148, LENGTH =   1.000000    
 ------------------------------------------
 NUMBER OF TIME STEPS = 1
 MULTIPLIER FOR DELT =     1.000

 OPENED ./external/chd_148.dat
 FILE TYPE:OPEN/CLOSE   UNIT 1573   STATUS:OLD                 
 FORMAT:FORMATTED              ACCESS:SEQUENTIAL          
 ACTION:READ                

 INITIAL TIME STEP SIZE =   1.000000    

 SLN_1 OUTER ITERATION SUMMARY
 ----------------------------------------------------------------------------------------------------------
                                OUTER      INNER                    STEP   MAXIMUM CHANGE MODEL-(CELLID) OR
 OUTER ITERATION STEP       ITERATION  ITERATION  MAXIMUM CHANGE SUCCESS             MODEL-PACKAGE-(NUMBER)
 ----------------------------------------------------------------------------------------------------------
 Model                              1         16     -0.10140560                            1_GWF-(3,79,80)
 Model                              2          6 -7.94552565E-02                            1_GWF-(1,81,75)
 Model                              3          3  3.10361938E-03       *                    1_GWF-(1,81,75)
 ----------------------------------------------------------------------------------------------------------


 3 CALLS TO NUMERICAL SOLUTION IN TIME STEP 1 STRESS PERIOD 148
 25 TOTAL ITERATIONS

 SLN_2 OUTER ITERATION SUMMARY
 ----------------------------------------------------------------------------------------------------------
                                OUTER      INNER                    STEP   MAXIMUM CHANGE MODEL-(CELLID) OR
 OUTER ITERATION STEP       ITERATION  ITERATION  MAXIMUM CHANGE SUCCESS             MODEL-PACKAGE-(NUMBER)
 ----------------------------------------------------------------------------------------------------------
 Model                              1          2     -0.24390158                           2_GWT-(13,43,71)
 Model                              2          1  2.13162821E-14       *                     2_GWT-(2,8,30)
 ----------------------------------------------------------------------------------------------------------


 2 CALLS TO NUMERICAL SOLUTION IN TIME STEP 1 STRESS PERIOD 148
 3 TOTAL ITERATIONS
 
    Solving:  Stress period:   149    Time step:     1
 
1
 STRESS PERIOD NO. 149, LENGTH =   1.000000    
 ------------------------------------------
 NUMBER OF TIME STEPS = 1
 MULTIPLIER FOR DELT =     1.000

 OPENED ./external/chd_149.dat
 FILE TYPE:OPEN/CLOSE   UNIT 1575   STATUS:OLD                 
 FORMAT:FORMATTED              ACCESS:SEQUENTIAL          
 ACTION:READ                

 INITIAL TIME STEP SIZE =   1.000000    

 SLN_1 OUTER ITERATION SUMMARY
 ----------------------------------------------------------------------------------------------------------
                                OUTER      INNER                    STEP   MAXIMUM CHANGE MODEL-(CELLID) OR
 OUTER ITERATION STEP       ITERATION  ITERATION  MAXIMUM CHANGE SUCCESS             MODEL-PACKAGE-(NUMBER)
 ----------------------------------------------------------------------------------------------------------
 Model                              1         16 -7.03674600E-02                            1_GWF-(3,81,75)
 Model                              2          6     -0.14845254                            1_GWF-(1,92,79)
 Model                              3          3  9.24471722E-04       *                    1_GWF-(3,91,73)
 ----------------------------------------------------------------------------------------------------------


 3 CALLS TO NUMERICAL SOLUTION IN TIME STEP 1 STRESS PERIOD 149
 25 TOTAL ITERATIONS

 SLN_2 OUTER ITERATION SUMMARY
 ----------------------------------------------------------------------------------------------------------
                                OUTER      INNER                    STEP   MAXIMUM CHANGE MODEL-(CELLID) OR
 OUTER ITERATION STEP       ITERATION  ITERATION  MAXIMUM CHANGE SUCCESS             MODEL-PACKAGE-(NUMBER)
 ----------------------------------------------------------------------------------------------------------
 Model                              1          2     -0.24415874                           2_GWT-(13,43,71)
 Model                              2          1  2.84217094E-14       *                   2_GWT-(11,37,33)
 ----------------------------------------------------------------------------------------------------------


 2 CALLS TO NUMERICAL SOLUTION IN TIME STEP 1 STRESS PERIOD 149
 3 TOTAL ITERATIONS
 
    Solving:  Stress period:   150    Time step:     1
 
1
 STRESS PERIOD NO. 150, LENGTH =   1.000000    
 ------------------------------------------
 NUMBER OF TIME STEPS = 1
 MULTIPLIER FOR DELT =     1.000

 OPENED ./external/chd_150.dat
 FILE TYPE:OPEN/CLOSE   UNIT 1577   STATUS:OLD                 
 FORMAT:FORMATTED              ACCESS:SEQUENTIAL          
 ACTION:READ                

 INITIAL TIME STEP SIZE =   1.000000    

 SLN_1 OUTER ITERATION SUMMARY
 ----------------------------------------------------------------------------------------------------------
                                OUTER      INNER                    STEP   MAXIMUM CHANGE MODEL-(CELLID) OR
 OUTER ITERATION STEP       ITERATION  ITERATION  MAXIMUM CHANGE SUCCESS             MODEL-PACKAGE-(NUMBER)
 ----------------------------------------------------------------------------------------------------------
 Model                              1         16     -0.28832222                            1_GWF-(1,92,79)
 Model                              2          5 -9.19573448E-02                            1_GWF-(1,69,73)
 Model                              3          3  2.78853664E-03       *                    1_GWF-(1,92,79)
 ----------------------------------------------------------------------------------------------------------


 3 CALLS TO NUMERICAL SOLUTION IN TIME STEP 1 STRESS PERIOD 150
 24 TOTAL ITERATIONS

 SLN_2 OUTER ITERATION SUMMARY
 ----------------------------------------------------------------------------------------------------------
                                OUTER      INNER                    STEP   MAXIMUM CHANGE MODEL-(CELLID) OR
 OUTER ITERATION STEP       ITERATION  ITERATION  MAXIMUM CHANGE SUCCESS             MODEL-PACKAGE-(NUMBER)
 ----------------------------------------------------------------------------------------------------------
 Model                              1          2     -0.24133047                           2_GWT-(13,43,71)
 Model                              2          1 -2.13162821E-14       *                    2_GWT-(3,13,33)
 ----------------------------------------------------------------------------------------------------------


 2 CALLS TO NUMERICAL SOLUTION IN TIME STEP 1 STRESS PERIOD 150
 3 TOTAL ITERATIONS
 
    Solving:  Stress period:   151    Time step:     1
 
1
 STRESS PERIOD NO. 151, LENGTH =   1.000000    
 ------------------------------------------
 NUMBER OF TIME STEPS = 1
 MULTIPLIER FOR DELT =     1.000

 OPENED ./external/chd_151.dat
 FILE TYPE:OPEN/CLOSE   UNIT 1579   STATUS:OLD                 
 FORMAT:FORMATTED              ACCESS:SEQUENTIAL          
 ACTION:READ                

 INITIAL TIME STEP SIZE =   1.000000    

 SLN_1 OUTER ITERATION SUMMARY
 ----------------------------------------------------------------------------------------------------------
                                OUTER      INNER                    STEP   MAXIMUM CHANGE MODEL-(CELLID) OR
 OUTER ITERATION STEP       ITERATION  ITERATION  MAXIMUM CHANGE SUCCESS             MODEL-PACKAGE-(NUMBER)
 ----------------------------------------------------------------------------------------------------------
 Model                              1         16 -8.38956837E-02                            1_GWF-(1,94,19)
 Model                              2          8 -9.49892245E-02                            1_GWF-(3,73,71)
 Model                              3          1  1.81776160E-04       *                    1_GWF-(2,94,19)
 ----------------------------------------------------------------------------------------------------------


 3 CALLS TO NUMERICAL SOLUTION IN TIME STEP 1 STRESS PERIOD 151
 25 TOTAL ITERATIONS

 SLN_2 OUTER ITERATION SUMMARY
 ----------------------------------------------------------------------------------------------------------
                                OUTER      INNER                    STEP   MAXIMUM CHANGE MODEL-(CELLID) OR
 OUTER ITERATION STEP       ITERATION  ITERATION  MAXIMUM CHANGE SUCCESS             MODEL-PACKAGE-(NUMBER)
 ----------------------------------------------------------------------------------------------------------
 Model                              1          2     -0.23528390                           2_GWT-(13,43,71)
 Model                              2          1 -2.84217094E-14       *                   2_GWT-(12,32,71)
 ----------------------------------------------------------------------------------------------------------


 2 CALLS TO NUMERICAL SOLUTION IN TIME STEP 1 STRESS PERIOD 151
 3 TOTAL ITERATIONS
 
    Solving:  Stress period:   152    Time step:     1
 
1
 STRESS PERIOD NO. 152, LENGTH =   1.000000    
 ------------------------------------------
 NUMBER OF TIME STEPS = 1
 MULTIPLIER FOR DELT =     1.000

 OPENED ./external/chd_152.dat
 FILE TYPE:OPEN/CLOSE   UNIT 1581   STATUS:OLD                 
 FORMAT:FORMATTED              ACCESS:SEQUENTIAL          
 ACTION:READ                

 INITIAL TIME STEP SIZE =   1.000000    

 SLN_1 OUTER ITERATION SUMMARY
 ----------------------------------------------------------------------------------------------------------
                                OUTER      INNER                    STEP   MAXIMUM CHANGE MODEL-(CELLID) OR
 OUTER ITERATION STEP       ITERATION  ITERATION  MAXIMUM CHANGE SUCCESS             MODEL-PACKAGE-(NUMBER)
 ----------------------------------------------------------------------------------------------------------
 Model                              1         16 -6.79731363E-02                            1_GWF-(4,81,49)
 Model                              2          4 -5.37195880E-02                            1_GWF-(3,69,74)
 Model                              3          4  1.09594601E-03       *                    1_GWF-(3,68,68)
 ----------------------------------------------------------------------------------------------------------


 3 CALLS TO NUMERICAL SOLUTION IN TIME STEP 1 STRESS PERIOD 152
 24 TOTAL ITERATIONS

 SLN_2 OUTER ITERATION SUMMARY
 ----------------------------------------------------------------------------------------------------------
                                OUTER      INNER                    STEP   MAXIMUM CHANGE MODEL-(CELLID) OR
 OUTER ITERATION STEP       ITERATION  ITERATION  MAXIMUM CHANGE SUCCESS             MODEL-PACKAGE-(NUMBER)
 ----------------------------------------------------------------------------------------------------------
 Model                              1          2     -0.22719029                           2_GWT-(13,43,71)
 Model                              2          1 -2.13162821E-14       *                    2_GWT-(3,13,45)
 ----------------------------------------------------------------------------------------------------------


 2 CALLS TO NUMERICAL SOLUTION IN TIME STEP 1 STRESS PERIOD 152
 3 TOTAL ITERATIONS
 
    Solving:  Stress period:   153    Time step:     1
 
1
 STRESS PERIOD NO. 153, LENGTH =   1.000000    
 ------------------------------------------
 NUMBER OF TIME STEPS = 1
 MULTIPLIER FOR DELT =     1.000
 #k i j q boundname

 OPENED .\external\wel_182.dat
 FILE TYPE:OPEN/CLOSE   UNIT 1582   STATUS:OLD                 
 FORMAT:FORMATTED              ACCESS:SEQUENTIAL          
 ACTION:READ                


 OPENED ./external/chd_153.dat
 FILE TYPE:OPEN/CLOSE   UNIT 1584   STATUS:OLD                 
 FORMAT:FORMATTED              ACCESS:SEQUENTIAL          
 ACTION:READ                

 INITIAL TIME STEP SIZE =   1.000000    

 SLN_1 OUTER ITERATION SUMMARY
 ----------------------------------------------------------------------------------------------------------
                                OUTER      INNER                    STEP   MAXIMUM CHANGE MODEL-(CELLID) OR
 OUTER ITERATION STEP       ITERATION  ITERATION  MAXIMUM CHANGE SUCCESS             MODEL-PACKAGE-(NUMBER)
 ----------------------------------------------------------------------------------------------------------
 Model                              1         22      -9.9267928                          1_GWF-(14,147,59)
 Model                              2          6  6.66415792E-02                           1_GWF-(4,104,38)
 Model                              3          4  6.64560376E-03       *                   1_GWF-(4,104,38)
 ----------------------------------------------------------------------------------------------------------


 3 CALLS TO NUMERICAL SOLUTION IN TIME STEP 1 STRESS PERIOD 153
 32 TOTAL ITERATIONS

 SLN_2 OUTER ITERATION SUMMARY
 ----------------------------------------------------------------------------------------------------------
                                OUTER      INNER                    STEP   MAXIMUM CHANGE MODEL-(CELLID) OR
 OUTER ITERATION STEP       ITERATION  ITERATION  MAXIMUM CHANGE SUCCESS             MODEL-PACKAGE-(NUMBER)
 ----------------------------------------------------------------------------------------------------------
 Model                              1          2     -0.21631418                           2_GWT-(13,43,71)
 Model                              2          1  2.13162821E-14       *                     2_GWT-(3,8,23)
 ----------------------------------------------------------------------------------------------------------


 2 CALLS TO NUMERICAL SOLUTION IN TIME STEP 1 STRESS PERIOD 153
 3 TOTAL ITERATIONS
 
    Solving:  Stress period:   154    Time step:     1
 
1
 STRESS PERIOD NO. 154, LENGTH =   1.000000    
 ------------------------------------------
 NUMBER OF TIME STEPS = 1
 MULTIPLIER FOR DELT =     1.000

 OPENED ./external/chd_154.dat
 FILE TYPE:OPEN/CLOSE   UNIT 1586   STATUS:OLD                 
 FORMAT:FORMATTED              ACCESS:SEQUENTIAL          
 ACTION:READ                

 INITIAL TIME STEP SIZE =   1.000000    

 SLN_1 OUTER ITERATION SUMMARY
 ----------------------------------------------------------------------------------------------------------
                                OUTER      INNER                    STEP   MAXIMUM CHANGE MODEL-(CELLID) OR
 OUTER ITERATION STEP       ITERATION  ITERATION  MAXIMUM CHANGE SUCCESS             MODEL-PACKAGE-(NUMBER)
 ----------------------------------------------------------------------------------------------------------
 Model                              1         19     -0.17236097                           1_GWF-(4,103,39)
 Model                              2          6 -6.80805019E-02                            1_GWF-(1,62,71)
 Model                              3          3 -2.82285348E-03       *                    1_GWF-(1,69,59)
 ----------------------------------------------------------------------------------------------------------


 3 CALLS TO NUMERICAL SOLUTION IN TIME STEP 1 STRESS PERIOD 154
 28 TOTAL ITERATIONS

 SLN_2 OUTER ITERATION SUMMARY
 ----------------------------------------------------------------------------------------------------------
                                OUTER      INNER                    STEP   MAXIMUM CHANGE MODEL-(CELLID) OR
 OUTER ITERATION STEP       ITERATION  ITERATION  MAXIMUM CHANGE SUCCESS             MODEL-PACKAGE-(NUMBER)
 ----------------------------------------------------------------------------------------------------------
 Model                              1          2     -0.20410257                           2_GWT-(13,43,71)
 Model                              2          1 -2.13162821E-14       *                     2_GWT-(2,7,31)
 ----------------------------------------------------------------------------------------------------------


 2 CALLS TO NUMERICAL SOLUTION IN TIME STEP 1 STRESS PERIOD 154
 3 TOTAL ITERATIONS
 
    Solving:  Stress period:   155    Time step:     1
 
1
 STRESS PERIOD NO. 155, LENGTH =   1.000000    
 ------------------------------------------
 NUMBER OF TIME STEPS = 1
 MULTIPLIER FOR DELT =     1.000

 OPENED ./external/chd_155.dat
 FILE TYPE:OPEN/CLOSE   UNIT 1588   STATUS:OLD                 
 FORMAT:FORMATTED              ACCESS:SEQUENTIAL          
 ACTION:READ                

 INITIAL TIME STEP SIZE =   1.000000    

 SLN_1 OUTER ITERATION SUMMARY
 ----------------------------------------------------------------------------------------------------------
                                OUTER      INNER                    STEP   MAXIMUM CHANGE MODEL-(CELLID) OR
 OUTER ITERATION STEP       ITERATION  ITERATION  MAXIMUM CHANGE SUCCESS             MODEL-PACKAGE-(NUMBER)
 ----------------------------------------------------------------------------------------------------------
 Model                              1         17      0.29370943                           1_GWF-(1,101,40)
 Model                              2          6 -7.15035549E-02                            1_GWF-(1,65,71)
 Model                              3          3 -1.99936106E-03       *                   1_GWF-(1,101,51)
 ----------------------------------------------------------------------------------------------------------


 3 CALLS TO NUMERICAL SOLUTION IN TIME STEP 1 STRESS PERIOD 155
 26 TOTAL ITERATIONS

 SLN_2 OUTER ITERATION SUMMARY
 ----------------------------------------------------------------------------------------------------------
                                OUTER      INNER                    STEP   MAXIMUM CHANGE MODEL-(CELLID) OR
 OUTER ITERATION STEP       ITERATION  ITERATION  MAXIMUM CHANGE SUCCESS             MODEL-PACKAGE-(NUMBER)
 ----------------------------------------------------------------------------------------------------------
 Model                              1          2     -0.18998252                           2_GWT-(13,43,71)
 Model                              2          1 -2.14810808E-14       *                    2_GWT-(1,47,39)
 ----------------------------------------------------------------------------------------------------------


 2 CALLS TO NUMERICAL SOLUTION IN TIME STEP 1 STRESS PERIOD 155
 3 TOTAL ITERATIONS
 
    Solving:  Stress period:   156    Time step:     1
 
1
 STRESS PERIOD NO. 156, LENGTH =   1.000000    
 ------------------------------------------
 NUMBER OF TIME STEPS = 1
 MULTIPLIER FOR DELT =     1.000

 OPENED ./external/chd_156.dat
 FILE TYPE:OPEN/CLOSE   UNIT 1590   STATUS:OLD                 
 FORMAT:FORMATTED              ACCESS:SEQUENTIAL          
 ACTION:READ                

 INITIAL TIME STEP SIZE =   1.000000    

 SLN_1 OUTER ITERATION SUMMARY
 ----------------------------------------------------------------------------------------------------------
                                OUTER      INNER                    STEP   MAXIMUM CHANGE MODEL-(CELLID) OR
 OUTER ITERATION STEP       ITERATION  ITERATION  MAXIMUM CHANGE SUCCESS             MODEL-PACKAGE-(NUMBER)
 ----------------------------------------------------------------------------------------------------------
 Model                              1         15       1.2908736                            1_GWF-(1,92,79)
 Model                              2          6     -0.61556959                            1_GWF-(1,92,79)
 Model                              3          5 -6.77273433E-02                            1_GWF-(1,92,79)
 Model                              4          4 -6.89925069E-03       *                    1_GWF-(1,92,79)
 ----------------------------------------------------------------------------------------------------------


 4 CALLS TO NUMERICAL SOLUTION IN TIME STEP 1 STRESS PERIOD 156
 30 TOTAL ITERATIONS

 SLN_2 OUTER ITERATION SUMMARY
 ----------------------------------------------------------------------------------------------------------
                                OUTER      INNER                    STEP   MAXIMUM CHANGE MODEL-(CELLID) OR
 OUTER ITERATION STEP       ITERATION  ITERATION  MAXIMUM CHANGE SUCCESS             MODEL-PACKAGE-(NUMBER)
 ----------------------------------------------------------------------------------------------------------
 Model                              1          2      -2.7672785                            2_GWT-(1,38,66)
 Model                              2          1 -9.57624924E-14       *                    2_GWT-(1,38,66)
 ----------------------------------------------------------------------------------------------------------


 2 CALLS TO NUMERICAL SOLUTION IN TIME STEP 1 STRESS PERIOD 156
 3 TOTAL ITERATIONS
 
    Solving:  Stress period:   157    Time step:     1
 
1
 STRESS PERIOD NO. 157, LENGTH =   1.000000    
 ------------------------------------------
 NUMBER OF TIME STEPS = 1
 MULTIPLIER FOR DELT =     1.000

 OPENED ./external/chd_157.dat
 FILE TYPE:OPEN/CLOSE   UNIT 1592   STATUS:OLD                 
 FORMAT:FORMATTED              ACCESS:SEQUENTIAL          
 ACTION:READ                

 INITIAL TIME STEP SIZE =   1.000000    

 SLN_1 OUTER ITERATION SUMMARY
 ----------------------------------------------------------------------------------------------------------
                                OUTER      INNER                    STEP   MAXIMUM CHANGE MODEL-(CELLID) OR
 OUTER ITERATION STEP       ITERATION  ITERATION  MAXIMUM CHANGE SUCCESS             MODEL-PACKAGE-(NUMBER)
 ----------------------------------------------------------------------------------------------------------
 Model                              1         16     -0.84292607                            1_GWF-(1,76,79)
 Model                              2          6     -0.22587357                            1_GWF-(3,73,71)
 Model                              3          3  2.57021622E-03       *                    1_GWF-(1,78,80)
 ----------------------------------------------------------------------------------------------------------


 3 CALLS TO NUMERICAL SOLUTION IN TIME STEP 1 STRESS PERIOD 157
 25 TOTAL ITERATIONS

 SLN_2 OUTER ITERATION SUMMARY
 ----------------------------------------------------------------------------------------------------------
                                OUTER      INNER                    STEP   MAXIMUM CHANGE MODEL-(CELLID) OR
 OUTER ITERATION STEP       ITERATION  ITERATION  MAXIMUM CHANGE SUCCESS             MODEL-PACKAGE-(NUMBER)
 ----------------------------------------------------------------------------------------------------------
 Model                              1          2       2.7656533                            2_GWT-(1,38,66)
 Model                              2          1  1.32966554E-13       *                    2_GWT-(1,47,39)
 ----------------------------------------------------------------------------------------------------------


 2 CALLS TO NUMERICAL SOLUTION IN TIME STEP 1 STRESS PERIOD 157
 3 TOTAL ITERATIONS
 
    Solving:  Stress period:   158    Time step:     1
 
1
 STRESS PERIOD NO. 158, LENGTH =   1.000000    
 ------------------------------------------
 NUMBER OF TIME STEPS = 1
 MULTIPLIER FOR DELT =     1.000

 OPENED ./external/chd_158.dat
 FILE TYPE:OPEN/CLOSE   UNIT 1594   STATUS:OLD                 
 FORMAT:FORMATTED              ACCESS:SEQUENTIAL          
 ACTION:READ                

 INITIAL TIME STEP SIZE =   1.000000    

 SLN_1 OUTER ITERATION SUMMARY
 ----------------------------------------------------------------------------------------------------------
                                OUTER      INNER                    STEP   MAXIMUM CHANGE MODEL-(CELLID) OR
 OUTER ITERATION STEP       ITERATION  ITERATION  MAXIMUM CHANGE SUCCESS             MODEL-PACKAGE-(NUMBER)
 ----------------------------------------------------------------------------------------------------------
 Model                              1         17     -0.10682030                           1_GWF-(3,103,39)
 Model                              2          6     -0.48713909                            1_GWF-(1,92,79)
 Model                              3          3  5.88663676E-03       *                    1_GWF-(1,92,79)
 ----------------------------------------------------------------------------------------------------------


 3 CALLS TO NUMERICAL SOLUTION IN TIME STEP 1 STRESS PERIOD 158
 26 TOTAL ITERATIONS

 SLN_2 OUTER ITERATION SUMMARY
 ----------------------------------------------------------------------------------------------------------
                                OUTER      INNER                    STEP   MAXIMUM CHANGE MODEL-(CELLID) OR
 OUTER ITERATION STEP       ITERATION  ITERATION  MAXIMUM CHANGE SUCCESS             MODEL-PACKAGE-(NUMBER)
 ----------------------------------------------------------------------------------------------------------
 Model                              1          2     -0.14569842                           2_GWT-(13,43,71)
 Model                              2          1  3.07184833E-14       *                    2_GWT-(1,47,39)
 ----------------------------------------------------------------------------------------------------------


 2 CALLS TO NUMERICAL SOLUTION IN TIME STEP 1 STRESS PERIOD 158
 3 TOTAL ITERATIONS
 
    Solving:  Stress period:   159    Time step:     1
 
1
 STRESS PERIOD NO. 159, LENGTH =   1.000000    
 ------------------------------------------
 NUMBER OF TIME STEPS = 1
 MULTIPLIER FOR DELT =     1.000

 OPENED ./external/chd_159.dat
 FILE TYPE:OPEN/CLOSE   UNIT 1596   STATUS:OLD                 
 FORMAT:FORMATTED              ACCESS:SEQUENTIAL          
 ACTION:READ                

 INITIAL TIME STEP SIZE =   1.000000    

 SLN_1 OUTER ITERATION SUMMARY
 ----------------------------------------------------------------------------------------------------------
                                OUTER      INNER                    STEP   MAXIMUM CHANGE MODEL-(CELLID) OR
 OUTER ITERATION STEP       ITERATION  ITERATION  MAXIMUM CHANGE SUCCESS             MODEL-PACKAGE-(NUMBER)
 ----------------------------------------------------------------------------------------------------------
 Model                              1         17     -0.22661181                           1_GWF-(1,104,38)
 Model                              2          4 -3.13535061E-02                            1_GWF-(3,80,31)
 Model                              3          4  1.59170499E-03       *                    1_GWF-(4,75,79)
 ----------------------------------------------------------------------------------------------------------


 3 CALLS TO NUMERICAL SOLUTION IN TIME STEP 1 STRESS PERIOD 159
 25 TOTAL ITERATIONS

 SLN_2 OUTER ITERATION SUMMARY
 ----------------------------------------------------------------------------------------------------------
                                OUTER      INNER                    STEP   MAXIMUM CHANGE MODEL-(CELLID) OR
 OUTER ITERATION STEP       ITERATION  ITERATION  MAXIMUM CHANGE SUCCESS             MODEL-PACKAGE-(NUMBER)
 ----------------------------------------------------------------------------------------------------------
 Model                              1          2     -0.13092184                           2_GWT-(13,43,71)
 Model                              2          1  2.13162821E-14       *                    2_GWT-(6,21,57)
 ----------------------------------------------------------------------------------------------------------


 2 CALLS TO NUMERICAL SOLUTION IN TIME STEP 1 STRESS PERIOD 159
 3 TOTAL ITERATIONS
 
    Solving:  Stress period:   160    Time step:     1
 
1
 STRESS PERIOD NO. 160, LENGTH =   1.000000    
 ------------------------------------------
 NUMBER OF TIME STEPS = 1
 MULTIPLIER FOR DELT =     1.000

 OPENED ./external/chd_160.dat
 FILE TYPE:OPEN/CLOSE   UNIT 1598   STATUS:OLD                 
 FORMAT:FORMATTED              ACCESS:SEQUENTIAL          
 ACTION:READ                

 INITIAL TIME STEP SIZE =   1.000000    

 SLN_1 OUTER ITERATION SUMMARY
 ----------------------------------------------------------------------------------------------------------
                                OUTER      INNER                    STEP   MAXIMUM CHANGE MODEL-(CELLID) OR
 OUTER ITERATION STEP       ITERATION  ITERATION  MAXIMUM CHANGE SUCCESS             MODEL-PACKAGE-(NUMBER)
 ----------------------------------------------------------------------------------------------------------
 Model                              1         16     -0.10456173                           1_GWF-(2,101,18)
 Model                              2          7 -4.80474373E-02                            1_GWF-(3,64,71)
 Model                              3          2  1.60404186E-04       *                    1_GWF-(1,71,10)
 ----------------------------------------------------------------------------------------------------------


 3 CALLS TO NUMERICAL SOLUTION IN TIME STEP 1 STRESS PERIOD 160
 25 TOTAL ITERATIONS

 SLN_2 OUTER ITERATION SUMMARY
 ----------------------------------------------------------------------------------------------------------
                                OUTER      INNER                    STEP   MAXIMUM CHANGE MODEL-(CELLID) OR
 OUTER ITERATION STEP       ITERATION  ITERATION  MAXIMUM CHANGE SUCCESS             MODEL-PACKAGE-(NUMBER)
 ----------------------------------------------------------------------------------------------------------
 Model                              1          2     -0.11713934                           2_GWT-(13,43,71)
 Model                              2          1  2.13162821E-14       *                     2_GWT-(3,6,23)
 ----------------------------------------------------------------------------------------------------------


 2 CALLS TO NUMERICAL SOLUTION IN TIME STEP 1 STRESS PERIOD 160
 3 TOTAL ITERATIONS
 
    Solving:  Stress period:   161    Time step:     1
 
1
 STRESS PERIOD NO. 161, LENGTH =   1.000000    
 ------------------------------------------
 NUMBER OF TIME STEPS = 1
 MULTIPLIER FOR DELT =     1.000

 OPENED ./external/chd_161.dat
 FILE TYPE:OPEN/CLOSE   UNIT 1600   STATUS:OLD                 
 FORMAT:FORMATTED              ACCESS:SEQUENTIAL          
 ACTION:READ                

 INITIAL TIME STEP SIZE =   1.000000    

 SLN_1 OUTER ITERATION SUMMARY
 ----------------------------------------------------------------------------------------------------------
                                OUTER      INNER                    STEP   MAXIMUM CHANGE MODEL-(CELLID) OR
 OUTER ITERATION STEP       ITERATION  ITERATION  MAXIMUM CHANGE SUCCESS             MODEL-PACKAGE-(NUMBER)
 ----------------------------------------------------------------------------------------------------------
 Model                              1         18     -0.10848660                            1_GWF-(1,86,68)
 Model                              2          5     -0.11616924                           1_GWF-(1,107,50)
 Model                              3          3  8.00955176E-03       *                   1_GWF-(1,107,50)
 ----------------------------------------------------------------------------------------------------------


 3 CALLS TO NUMERICAL SOLUTION IN TIME STEP 1 STRESS PERIOD 161
 26 TOTAL ITERATIONS

 SLN_2 OUTER ITERATION SUMMARY
 ----------------------------------------------------------------------------------------------------------
                                OUTER      INNER                    STEP   MAXIMUM CHANGE MODEL-(CELLID) OR
 OUTER ITERATION STEP       ITERATION  ITERATION  MAXIMUM CHANGE SUCCESS             MODEL-PACKAGE-(NUMBER)
 ----------------------------------------------------------------------------------------------------------
 Model                              1          2     -0.10416449                           2_GWT-(13,43,71)
 Model                              2          1  2.13162821E-14       *                     2_GWT-(5,8,25)
 ----------------------------------------------------------------------------------------------------------


 2 CALLS TO NUMERICAL SOLUTION IN TIME STEP 1 STRESS PERIOD 161
 3 TOTAL ITERATIONS
 
    Solving:  Stress period:   162    Time step:     1
 
1
 STRESS PERIOD NO. 162, LENGTH =   1.000000    
 ------------------------------------------
 NUMBER OF TIME STEPS = 1
 MULTIPLIER FOR DELT =     1.000

 OPENED ./external/chd_162.dat
 FILE TYPE:OPEN/CLOSE   UNIT 1602   STATUS:OLD                 
 FORMAT:FORMATTED              ACCESS:SEQUENTIAL          
 ACTION:READ                

 INITIAL TIME STEP SIZE =   1.000000    

 SLN_1 OUTER ITERATION SUMMARY
 ----------------------------------------------------------------------------------------------------------
                                OUTER      INNER                    STEP   MAXIMUM CHANGE MODEL-(CELLID) OR
 OUTER ITERATION STEP       ITERATION  ITERATION  MAXIMUM CHANGE SUCCESS             MODEL-PACKAGE-(NUMBER)
 ----------------------------------------------------------------------------------------------------------
 Model                              1         16     -0.11775071                           1_GWF-(1,104,35)
 Model                              2          5 -6.97940112E-02                            1_GWF-(1,98,16)
 Model                              3          3  1.39406981E-03       *                    1_GWF-(1,98,16)
 ----------------------------------------------------------------------------------------------------------


 3 CALLS TO NUMERICAL SOLUTION IN TIME STEP 1 STRESS PERIOD 162
 24 TOTAL ITERATIONS

 SLN_2 OUTER ITERATION SUMMARY
 ----------------------------------------------------------------------------------------------------------
                                OUTER      INNER                    STEP   MAXIMUM CHANGE MODEL-(CELLID) OR
 OUTER ITERATION STEP       ITERATION  ITERATION  MAXIMUM CHANGE SUCCESS             MODEL-PACKAGE-(NUMBER)
 ----------------------------------------------------------------------------------------------------------
 Model                              1          2 -9.21248115E-02                           2_GWT-(13,43,71)
 Model                              2          1  2.13162821E-14       *                    2_GWT-(4,16,36)
 ----------------------------------------------------------------------------------------------------------


 2 CALLS TO NUMERICAL SOLUTION IN TIME STEP 1 STRESS PERIOD 162
 3 TOTAL ITERATIONS
 
    Solving:  Stress period:   163    Time step:     1
 
1
 STRESS PERIOD NO. 163, LENGTH =   1.000000    
 ------------------------------------------
 NUMBER OF TIME STEPS = 1
 MULTIPLIER FOR DELT =     1.000

 OPENED ./external/chd_163.dat
 FILE TYPE:OPEN/CLOSE   UNIT 1604   STATUS:OLD                 
 FORMAT:FORMATTED              ACCESS:SEQUENTIAL          
 ACTION:READ                

 INITIAL TIME STEP SIZE =   1.000000    

 SLN_1 OUTER ITERATION SUMMARY
 ----------------------------------------------------------------------------------------------------------
                                OUTER      INNER                    STEP   MAXIMUM CHANGE MODEL-(CELLID) OR
 OUTER ITERATION STEP       ITERATION  ITERATION  MAXIMUM CHANGE SUCCESS             MODEL-PACKAGE-(NUMBER)
 ----------------------------------------------------------------------------------------------------------
 Model                              1         16 -8.03561396E-02                           1_GWF-(1,103,39)
 Model                              2          4 -9.35319473E-02                            1_GWF-(3,61,74)
 Model                              3          3  1.51010532E-03       *                    1_GWF-(4,71,31)
 ----------------------------------------------------------------------------------------------------------


 3 CALLS TO NUMERICAL SOLUTION IN TIME STEP 1 STRESS PERIOD 163
 23 TOTAL ITERATIONS

 SLN_2 OUTER ITERATION SUMMARY
 ----------------------------------------------------------------------------------------------------------
                                OUTER      INNER                    STEP   MAXIMUM CHANGE MODEL-(CELLID) OR
 OUTER ITERATION STEP       ITERATION  ITERATION  MAXIMUM CHANGE SUCCESS             MODEL-PACKAGE-(NUMBER)
 ----------------------------------------------------------------------------------------------------------
 Model                              1          2 -8.10966531E-02                           2_GWT-(13,43,71)
 Model                              2          1  2.84217094E-14       *                   2_GWT-(15,37,34)
 ----------------------------------------------------------------------------------------------------------


 2 CALLS TO NUMERICAL SOLUTION IN TIME STEP 1 STRESS PERIOD 163
 3 TOTAL ITERATIONS
 
    Solving:  Stress period:   164    Time step:     1
 
1
 STRESS PERIOD NO. 164, LENGTH =   1.000000    
 ------------------------------------------
 NUMBER OF TIME STEPS = 1
 MULTIPLIER FOR DELT =     1.000

 OPENED ./external/chd_164.dat
 FILE TYPE:OPEN/CLOSE   UNIT 1606   STATUS:OLD                 
 FORMAT:FORMATTED              ACCESS:SEQUENTIAL          
 ACTION:READ                

 INITIAL TIME STEP SIZE =   1.000000    

 SLN_1 OUTER ITERATION SUMMARY
 ----------------------------------------------------------------------------------------------------------
                                OUTER      INNER                    STEP   MAXIMUM CHANGE MODEL-(CELLID) OR
 OUTER ITERATION STEP       ITERATION  ITERATION  MAXIMUM CHANGE SUCCESS             MODEL-PACKAGE-(NUMBER)
 ----------------------------------------------------------------------------------------------------------
 Model                              1         17     -0.21132584                            1_GWF-(2,75,79)
 Model                              2          5 -9.31345035E-02                            1_GWF-(3,75,72)
 Model                              3          3  2.15143708E-03       *                    1_GWF-(1,75,79)
 ----------------------------------------------------------------------------------------------------------


 3 CALLS TO NUMERICAL SOLUTION IN TIME STEP 1 STRESS PERIOD 164
 25 TOTAL ITERATIONS

 SLN_2 OUTER ITERATION SUMMARY
 ----------------------------------------------------------------------------------------------------------
                                OUTER      INNER                    STEP   MAXIMUM CHANGE MODEL-(CELLID) OR
 OUTER ITERATION STEP       ITERATION  ITERATION  MAXIMUM CHANGE SUCCESS             MODEL-PACKAGE-(NUMBER)
 ----------------------------------------------------------------------------------------------------------
 Model                              1          2 -7.08000590E-02                           2_GWT-(13,43,71)
 Model                              2          1  2.13162821E-14       *                     2_GWT-(6,3,20)
 ----------------------------------------------------------------------------------------------------------


 2 CALLS TO NUMERICAL SOLUTION IN TIME STEP 1 STRESS PERIOD 164
 3 TOTAL ITERATIONS
 
    Solving:  Stress period:   165    Time step:     1
 
1
 STRESS PERIOD NO. 165, LENGTH =   1.000000    
 ------------------------------------------
 NUMBER OF TIME STEPS = 1
 MULTIPLIER FOR DELT =     1.000

 OPENED ./external/chd_165.dat
 FILE TYPE:OPEN/CLOSE   UNIT 1608   STATUS:OLD                 
 FORMAT:FORMATTED              ACCESS:SEQUENTIAL          
 ACTION:READ                

 INITIAL TIME STEP SIZE =   1.000000    

 SLN_1 OUTER ITERATION SUMMARY
 ----------------------------------------------------------------------------------------------------------
                                OUTER      INNER                    STEP   MAXIMUM CHANGE MODEL-(CELLID) OR
 OUTER ITERATION STEP       ITERATION  ITERATION  MAXIMUM CHANGE SUCCESS             MODEL-PACKAGE-(NUMBER)
 ----------------------------------------------------------------------------------------------------------
 Model                              1         19 -8.83192658E-02                            1_GWF-(3,75,72)
 Model                              2          5     -0.11524325                            1_GWF-(2,81,78)
 Model                              3          4  2.81956785E-03       *                    1_GWF-(2,92,80)
 ----------------------------------------------------------------------------------------------------------


 3 CALLS TO NUMERICAL SOLUTION IN TIME STEP 1 STRESS PERIOD 165
 28 TOTAL ITERATIONS

 SLN_2 OUTER ITERATION SUMMARY
 ----------------------------------------------------------------------------------------------------------
                                OUTER      INNER                    STEP   MAXIMUM CHANGE MODEL-(CELLID) OR
 OUTER ITERATION STEP       ITERATION  ITERATION  MAXIMUM CHANGE SUCCESS             MODEL-PACKAGE-(NUMBER)
 ----------------------------------------------------------------------------------------------------------
 Model                              1          2 -7.34509596E-02                           2_GWT-(11,42,70)
 Model                              2          1 -2.13162821E-14       *                     2_GWT-(3,7,30)
 ----------------------------------------------------------------------------------------------------------


 2 CALLS TO NUMERICAL SOLUTION IN TIME STEP 1 STRESS PERIOD 165
 3 TOTAL ITERATIONS
 
    Solving:  Stress period:   166    Time step:     1
 
1
 STRESS PERIOD NO. 166, LENGTH =   1.000000    
 ------------------------------------------
 NUMBER OF TIME STEPS = 1
 MULTIPLIER FOR DELT =     1.000

 OPENED ./external/chd_166.dat
 FILE TYPE:OPEN/CLOSE   UNIT 1610   STATUS:OLD                 
 FORMAT:FORMATTED              ACCESS:SEQUENTIAL          
 ACTION:READ                

 INITIAL TIME STEP SIZE =   1.000000    

 SLN_1 OUTER ITERATION SUMMARY
 ----------------------------------------------------------------------------------------------------------
                                OUTER      INNER                    STEP   MAXIMUM CHANGE MODEL-(CELLID) OR
 OUTER ITERATION STEP       ITERATION  ITERATION  MAXIMUM CHANGE SUCCESS             MODEL-PACKAGE-(NUMBER)
 ----------------------------------------------------------------------------------------------------------
 Model                              1         16 -8.00148462E-02                           1_GWF-(3,102,30)
 Model                              2          5 -2.17925251E-02                            1_GWF-(1,80,11)
 Model                              3          3  7.87677606E-04       *                    1_GWF-(4,97,21)
 ----------------------------------------------------------------------------------------------------------


 3 CALLS TO NUMERICAL SOLUTION IN TIME STEP 1 STRESS PERIOD 166
 24 TOTAL ITERATIONS

 SLN_2 OUTER ITERATION SUMMARY
 ----------------------------------------------------------------------------------------------------------
                                OUTER      INNER                    STEP   MAXIMUM CHANGE MODEL-(CELLID) OR
 OUTER ITERATION STEP       ITERATION  ITERATION  MAXIMUM CHANGE SUCCESS             MODEL-PACKAGE-(NUMBER)
 ----------------------------------------------------------------------------------------------------------
 Model                              1          2 -8.10749852E-02                           2_GWT-(11,42,70)
 Model                              2          1 -2.13162821E-14       *                    2_GWT-(5,16,34)
 ----------------------------------------------------------------------------------------------------------


 2 CALLS TO NUMERICAL SOLUTION IN TIME STEP 1 STRESS PERIOD 166
 3 TOTAL ITERATIONS
 
    Solving:  Stress period:   167    Time step:     1
 
1
 STRESS PERIOD NO. 167, LENGTH =   1.000000    
 ------------------------------------------
 NUMBER OF TIME STEPS = 1
 MULTIPLIER FOR DELT =     1.000

 OPENED ./external/chd_167.dat
 FILE TYPE:OPEN/CLOSE   UNIT 1612   STATUS:OLD                 
 FORMAT:FORMATTED              ACCESS:SEQUENTIAL          
 ACTION:READ                

 INITIAL TIME STEP SIZE =   1.000000    

 SLN_1 OUTER ITERATION SUMMARY
 ----------------------------------------------------------------------------------------------------------
                                OUTER      INNER                    STEP   MAXIMUM CHANGE MODEL-(CELLID) OR
 OUTER ITERATION STEP       ITERATION  ITERATION  MAXIMUM CHANGE SUCCESS             MODEL-PACKAGE-(NUMBER)
 ----------------------------------------------------------------------------------------------------------
 Model                              1         18 -7.14362456E-02                            1_GWF-(4,84,39)
 Model                              2          5 -2.61498586E-02                            1_GWF-(4,83,47)
 Model                              3          3  8.12830297E-04       *                    1_GWF-(5,84,46)
 ----------------------------------------------------------------------------------------------------------


 3 CALLS TO NUMERICAL SOLUTION IN TIME STEP 1 STRESS PERIOD 167
 26 TOTAL ITERATIONS

 SLN_2 OUTER ITERATION SUMMARY
 ----------------------------------------------------------------------------------------------------------
                                OUTER      INNER                    STEP   MAXIMUM CHANGE MODEL-(CELLID) OR
 OUTER ITERATION STEP       ITERATION  ITERATION  MAXIMUM CHANGE SUCCESS             MODEL-PACKAGE-(NUMBER)
 ----------------------------------------------------------------------------------------------------------
 Model                              1          2 -9.00760646E-02                           2_GWT-(11,42,70)
 Model                              2          1 -2.13162821E-14       *                     2_GWT-(3,8,22)
 ----------------------------------------------------------------------------------------------------------


 2 CALLS TO NUMERICAL SOLUTION IN TIME STEP 1 STRESS PERIOD 167
 3 TOTAL ITERATIONS
 
    Solving:  Stress period:   168    Time step:     1
 
1
 STRESS PERIOD NO. 168, LENGTH =   1.000000    
 ------------------------------------------
 NUMBER OF TIME STEPS = 1
 MULTIPLIER FOR DELT =     1.000

 OPENED ./external/chd_168.dat
 FILE TYPE:OPEN/CLOSE   UNIT 1614   STATUS:OLD                 
 FORMAT:FORMATTED              ACCESS:SEQUENTIAL          
 ACTION:READ                

 INITIAL TIME STEP SIZE =   1.000000    

 SLN_1 OUTER ITERATION SUMMARY
 ----------------------------------------------------------------------------------------------------------
                                OUTER      INNER                    STEP   MAXIMUM CHANGE MODEL-(CELLID) OR
 OUTER ITERATION STEP       ITERATION  ITERATION  MAXIMUM CHANGE SUCCESS             MODEL-PACKAGE-(NUMBER)
 ----------------------------------------------------------------------------------------------------------
 Model                              1         16 -6.61598159E-02                           1_GWF-(1,103,39)
 Model                              2          7 -6.92423812E-02                            1_GWF-(3,82,61)
 Model                              3          3  1.91850564E-03       *                    1_GWF-(2,93,78)
 ----------------------------------------------------------------------------------------------------------


 3 CALLS TO NUMERICAL SOLUTION IN TIME STEP 1 STRESS PERIOD 168
 26 TOTAL ITERATIONS

 SLN_2 OUTER ITERATION SUMMARY
 ----------------------------------------------------------------------------------------------------------
                                OUTER      INNER                    STEP   MAXIMUM CHANGE MODEL-(CELLID) OR
 OUTER ITERATION STEP       ITERATION  ITERATION  MAXIMUM CHANGE SUCCESS             MODEL-PACKAGE-(NUMBER)
 ----------------------------------------------------------------------------------------------------------
 Model                              1          2     -0.10003314                           2_GWT-(11,42,70)
 Model                              2          1 -2.13162821E-14       *                     2_GWT-(3,5,30)
 ----------------------------------------------------------------------------------------------------------


 2 CALLS TO NUMERICAL SOLUTION IN TIME STEP 1 STRESS PERIOD 168
 3 TOTAL ITERATIONS
 
    Solving:  Stress period:   169    Time step:     1
 
1
 STRESS PERIOD NO. 169, LENGTH =   1.000000    
 ------------------------------------------
 NUMBER OF TIME STEPS = 1
 MULTIPLIER FOR DELT =     1.000

 OPENED ./external/chd_169.dat
 FILE TYPE:OPEN/CLOSE   UNIT 1616   STATUS:OLD                 
 FORMAT:FORMATTED              ACCESS:SEQUENTIAL          
 ACTION:READ                

 INITIAL TIME STEP SIZE =   1.000000    

 SLN_1 OUTER ITERATION SUMMARY
 ----------------------------------------------------------------------------------------------------------
                                OUTER      INNER                    STEP   MAXIMUM CHANGE MODEL-(CELLID) OR
 OUTER ITERATION STEP       ITERATION  ITERATION  MAXIMUM CHANGE SUCCESS             MODEL-PACKAGE-(NUMBER)
 ----------------------------------------------------------------------------------------------------------
 Model                              1         19 -7.63666473E-02                            1_GWF-(1,84,21)
 Model                              2          5 -6.21450177E-02                           1_GWF-(1,108,18)
 Model                              3          3  4.45929811E-04       *                     1_GWF-(1,37,7)
 ----------------------------------------------------------------------------------------------------------


 3 CALLS TO NUMERICAL SOLUTION IN TIME STEP 1 STRESS PERIOD 169
 27 TOTAL ITERATIONS

 SLN_2 OUTER ITERATION SUMMARY
 ----------------------------------------------------------------------------------------------------------
                                OUTER      INNER                    STEP   MAXIMUM CHANGE MODEL-(CELLID) OR
 OUTER ITERATION STEP       ITERATION  ITERATION  MAXIMUM CHANGE SUCCESS             MODEL-PACKAGE-(NUMBER)
 ----------------------------------------------------------------------------------------------------------
 Model                              1          2     -0.11350719                           2_GWT-(11,42,70)
 Model                              2          1  2.13162821E-14       *                     2_GWT-(4,9,21)
 ----------------------------------------------------------------------------------------------------------


 2 CALLS TO NUMERICAL SOLUTION IN TIME STEP 1 STRESS PERIOD 169
 3 TOTAL ITERATIONS
 
    Solving:  Stress period:   170    Time step:     1
 
1
 STRESS PERIOD NO. 170, LENGTH =   1.000000    
 ------------------------------------------
 NUMBER OF TIME STEPS = 1
 MULTIPLIER FOR DELT =     1.000

 OPENED ./external/chd_170.dat
 FILE TYPE:OPEN/CLOSE   UNIT 1618   STATUS:OLD                 
 FORMAT:FORMATTED              ACCESS:SEQUENTIAL          
 ACTION:READ                

 INITIAL TIME STEP SIZE =   1.000000    

 SLN_1 OUTER ITERATION SUMMARY
 ----------------------------------------------------------------------------------------------------------
                                OUTER      INNER                    STEP   MAXIMUM CHANGE MODEL-(CELLID) OR
 OUTER ITERATION STEP       ITERATION  ITERATION  MAXIMUM CHANGE SUCCESS             MODEL-PACKAGE-(NUMBER)
 ----------------------------------------------------------------------------------------------------------
 Model                              1         16     -0.12037333                            1_GWF-(1,67,72)
 Model                              2          5 -4.07838541E-02                            1_GWF-(4,81,37)
 Model                              3          3  1.68865205E-03       *                   1_GWF-(4,104,39)
 ----------------------------------------------------------------------------------------------------------


 3 CALLS TO NUMERICAL SOLUTION IN TIME STEP 1 STRESS PERIOD 170
 24 TOTAL ITERATIONS

 SLN_2 OUTER ITERATION SUMMARY
 ----------------------------------------------------------------------------------------------------------
                                OUTER      INNER                    STEP   MAXIMUM CHANGE MODEL-(CELLID) OR
 OUTER ITERATION STEP       ITERATION  ITERATION  MAXIMUM CHANGE SUCCESS             MODEL-PACKAGE-(NUMBER)
 ----------------------------------------------------------------------------------------------------------
 Model                              1          2     -0.12367481                           2_GWT-(11,42,70)
 Model                              2          1 -2.13162821E-14       *                    2_GWT-(5,17,42)
 ----------------------------------------------------------------------------------------------------------


 2 CALLS TO NUMERICAL SOLUTION IN TIME STEP 1 STRESS PERIOD 170
 3 TOTAL ITERATIONS
 
    Solving:  Stress period:   171    Time step:     1
 
1
 STRESS PERIOD NO. 171, LENGTH =   1.000000    
 ------------------------------------------
 NUMBER OF TIME STEPS = 1
 MULTIPLIER FOR DELT =     1.000

 OPENED ./external/chd_171.dat
 FILE TYPE:OPEN/CLOSE   UNIT 1620   STATUS:OLD                 
 FORMAT:FORMATTED              ACCESS:SEQUENTIAL          
 ACTION:READ                

 INITIAL TIME STEP SIZE =   1.000000    

 SLN_1 OUTER ITERATION SUMMARY
 ----------------------------------------------------------------------------------------------------------
                                OUTER      INNER                    STEP   MAXIMUM CHANGE MODEL-(CELLID) OR
 OUTER ITERATION STEP       ITERATION  ITERATION  MAXIMUM CHANGE SUCCESS             MODEL-PACKAGE-(NUMBER)
 ----------------------------------------------------------------------------------------------------------
 Model                              1         18     -0.16236551                            1_GWF-(1,77,80)
 Model                              2          5 -3.02693267E-02                            1_GWF-(1,62,17)
 Model                              3          3 -2.79436928E-03       *                    1_GWF-(1,66,29)
 ----------------------------------------------------------------------------------------------------------


 3 CALLS TO NUMERICAL SOLUTION IN TIME STEP 1 STRESS PERIOD 171
 26 TOTAL ITERATIONS

 SLN_2 OUTER ITERATION SUMMARY
 ----------------------------------------------------------------------------------------------------------
                                OUTER      INNER                    STEP   MAXIMUM CHANGE MODEL-(CELLID) OR
 OUTER ITERATION STEP       ITERATION  ITERATION  MAXIMUM CHANGE SUCCESS             MODEL-PACKAGE-(NUMBER)
 ----------------------------------------------------------------------------------------------------------
 Model                              1          2     -0.14932052                            2_GWT-(14,40,1)
 Model                              2          1 -2.13162821E-14       *                     2_GWT-(6,5,27)
 ----------------------------------------------------------------------------------------------------------


 2 CALLS TO NUMERICAL SOLUTION IN TIME STEP 1 STRESS PERIOD 171
 3 TOTAL ITERATIONS
 
    Solving:  Stress period:   172    Time step:     1
 
1
 STRESS PERIOD NO. 172, LENGTH =   1.000000    
 ------------------------------------------
 NUMBER OF TIME STEPS = 1
 MULTIPLIER FOR DELT =     1.000

 OPENED ./external/chd_172.dat
 FILE TYPE:OPEN/CLOSE   UNIT 1622   STATUS:OLD                 
 FORMAT:FORMATTED              ACCESS:SEQUENTIAL          
 ACTION:READ                

 INITIAL TIME STEP SIZE =   1.000000    

 SLN_1 OUTER ITERATION SUMMARY
 ----------------------------------------------------------------------------------------------------------
                                OUTER      INNER                    STEP   MAXIMUM CHANGE MODEL-(CELLID) OR
 OUTER ITERATION STEP       ITERATION  ITERATION  MAXIMUM CHANGE SUCCESS             MODEL-PACKAGE-(NUMBER)
 ----------------------------------------------------------------------------------------------------------
 Model                              1         18      0.49924212                           1_GWF-(1,102,40)
 Model                              2          5  3.93140394E-02                            1_GWF-(1,92,79)
 Model                              3          3  1.00664584E-03       *                    1_GWF-(3,87,80)
 ----------------------------------------------------------------------------------------------------------


 3 CALLS TO NUMERICAL SOLUTION IN TIME STEP 1 STRESS PERIOD 172
 26 TOTAL ITERATIONS

 SLN_2 OUTER ITERATION SUMMARY
 ----------------------------------------------------------------------------------------------------------
                                OUTER      INNER                    STEP   MAXIMUM CHANGE MODEL-(CELLID) OR
 OUTER ITERATION STEP       ITERATION  ITERATION  MAXIMUM CHANGE SUCCESS             MODEL-PACKAGE-(NUMBER)
 ----------------------------------------------------------------------------------------------------------
 Model                              1          2      -2.7626104                            2_GWT-(1,38,66)
 Model                              2          1 -1.10839139E-13       *                    2_GWT-(1,38,66)
 ----------------------------------------------------------------------------------------------------------


 2 CALLS TO NUMERICAL SOLUTION IN TIME STEP 1 STRESS PERIOD 172
 3 TOTAL ITERATIONS
 
    Solving:  Stress period:   173    Time step:     1
 
1
 STRESS PERIOD NO. 173, LENGTH =   1.000000    
 ------------------------------------------
 NUMBER OF TIME STEPS = 1
 MULTIPLIER FOR DELT =     1.000

 OPENED ./external/chd_173.dat
 FILE TYPE:OPEN/CLOSE   UNIT 1624   STATUS:OLD                 
 FORMAT:FORMATTED              ACCESS:SEQUENTIAL          
 ACTION:READ                

 INITIAL TIME STEP SIZE =   1.000000    

 SLN_1 OUTER ITERATION SUMMARY
 ----------------------------------------------------------------------------------------------------------
                                OUTER      INNER                    STEP   MAXIMUM CHANGE MODEL-(CELLID) OR
 OUTER ITERATION STEP       ITERATION  ITERATION  MAXIMUM CHANGE SUCCESS             MODEL-PACKAGE-(NUMBER)
 ----------------------------------------------------------------------------------------------------------
 Model                              1         17      0.76265318                            1_GWF-(1,92,79)
 Model                              2          5 -6.03476514E-02                            1_GWF-(1,92,79)
 Model                              3          3 -6.15596560E-03       *                    1_GWF-(1,92,79)
 ----------------------------------------------------------------------------------------------------------


 3 CALLS TO NUMERICAL SOLUTION IN TIME STEP 1 STRESS PERIOD 173
 25 TOTAL ITERATIONS

 SLN_2 OUTER ITERATION SUMMARY
 ----------------------------------------------------------------------------------------------------------
                                OUTER      INNER                    STEP   MAXIMUM CHANGE MODEL-(CELLID) OR
 OUTER ITERATION STEP       ITERATION  ITERATION  MAXIMUM CHANGE SUCCESS             MODEL-PACKAGE-(NUMBER)
 ----------------------------------------------------------------------------------------------------------
 Model                              1          2     -0.24146824                            2_GWT-(14,40,1)
 Model                              2          1 -2.13162821E-14       *                     2_GWT-(6,9,20)
 ----------------------------------------------------------------------------------------------------------


 2 CALLS TO NUMERICAL SOLUTION IN TIME STEP 1 STRESS PERIOD 173
 3 TOTAL ITERATIONS
 
    Solving:  Stress period:   174    Time step:     1
 
1
 STRESS PERIOD NO. 174, LENGTH =   1.000000    
 ------------------------------------------
 NUMBER OF TIME STEPS = 1
 MULTIPLIER FOR DELT =     1.000

 OPENED ./external/chd_174.dat
 FILE TYPE:OPEN/CLOSE   UNIT 1626   STATUS:OLD                 
 FORMAT:FORMATTED              ACCESS:SEQUENTIAL          
 ACTION:READ                

 INITIAL TIME STEP SIZE =   1.000000    

 SLN_1 OUTER ITERATION SUMMARY
 ----------------------------------------------------------------------------------------------------------
                                OUTER      INNER                    STEP   MAXIMUM CHANGE MODEL-(CELLID) OR
 OUTER ITERATION STEP       ITERATION  ITERATION  MAXIMUM CHANGE SUCCESS             MODEL-PACKAGE-(NUMBER)
 ----------------------------------------------------------------------------------------------------------
 Model                              1         18     -0.69529222                            1_GWF-(1,76,79)
 Model                              2          4      -1.9090153                            1_GWF-(1,92,79)
 Model                              3          4      0.88810391                            1_GWF-(1,92,79)
 Model                              4          3  9.13495154E-02                            1_GWF-(1,92,79)
 Model                              5          2  9.12566377E-03       *                    1_GWF-(1,92,79)
 ----------------------------------------------------------------------------------------------------------


 5 CALLS TO NUMERICAL SOLUTION IN TIME STEP 1 STRESS PERIOD 174
 31 TOTAL ITERATIONS

 SLN_2 OUTER ITERATION SUMMARY
 ----------------------------------------------------------------------------------------------------------
                                OUTER      INNER                    STEP   MAXIMUM CHANGE MODEL-(CELLID) OR
 OUTER ITERATION STEP       ITERATION  ITERATION  MAXIMUM CHANGE SUCCESS             MODEL-PACKAGE-(NUMBER)
 ----------------------------------------------------------------------------------------------------------
 Model                              1          2       2.7603096                            2_GWT-(1,38,66)
 Model                              2          1  1.57970859E-13       *                    2_GWT-(1,47,39)
 ----------------------------------------------------------------------------------------------------------


 2 CALLS TO NUMERICAL SOLUTION IN TIME STEP 1 STRESS PERIOD 174
 3 TOTAL ITERATIONS
 
    Solving:  Stress period:   175    Time step:     1
 
1
 STRESS PERIOD NO. 175, LENGTH =   1.000000    
 ------------------------------------------
 NUMBER OF TIME STEPS = 1
 MULTIPLIER FOR DELT =     1.000

 OPENED ./external/chd_175.dat
 FILE TYPE:OPEN/CLOSE   UNIT 1628   STATUS:OLD                 
 FORMAT:FORMATTED              ACCESS:SEQUENTIAL          
 ACTION:READ                

 INITIAL TIME STEP SIZE =   1.000000    

 SLN_1 OUTER ITERATION SUMMARY
 ----------------------------------------------------------------------------------------------------------
                                OUTER      INNER                    STEP   MAXIMUM CHANGE MODEL-(CELLID) OR
 OUTER ITERATION STEP       ITERATION  ITERATION  MAXIMUM CHANGE SUCCESS             MODEL-PACKAGE-(NUMBER)
 ----------------------------------------------------------------------------------------------------------
 Model                              1         16     -0.17003292                           1_GWF-(1,109,42)
 Model                              2          5 -8.56047578E-02                            1_GWF-(3,67,75)
 Model                              3          3  1.87042600E-03       *                   1_GWF-(3,106,41)
 ----------------------------------------------------------------------------------------------------------


 3 CALLS TO NUMERICAL SOLUTION IN TIME STEP 1 STRESS PERIOD 175
 24 TOTAL ITERATIONS

 SLN_2 OUTER ITERATION SUMMARY
 ----------------------------------------------------------------------------------------------------------
                                OUTER      INNER                    STEP   MAXIMUM CHANGE MODEL-(CELLID) OR
 OUTER ITERATION STEP       ITERATION  ITERATION  MAXIMUM CHANGE SUCCESS             MODEL-PACKAGE-(NUMBER)
 ----------------------------------------------------------------------------------------------------------
 Model                              1          2     -0.40276819                            2_GWT-(14,40,1)
 Model                              2          1  3.30430128E-14       *                    2_GWT-(1,47,39)
 ----------------------------------------------------------------------------------------------------------


 2 CALLS TO NUMERICAL SOLUTION IN TIME STEP 1 STRESS PERIOD 175
 3 TOTAL ITERATIONS
 
    Solving:  Stress period:   176    Time step:     1
 
1
 STRESS PERIOD NO. 176, LENGTH =   1.000000    
 ------------------------------------------
 NUMBER OF TIME STEPS = 1
 MULTIPLIER FOR DELT =     1.000

 OPENED ./external/chd_176.dat
 FILE TYPE:OPEN/CLOSE   UNIT 1630   STATUS:OLD                 
 FORMAT:FORMATTED              ACCESS:SEQUENTIAL          
 ACTION:READ                

 INITIAL TIME STEP SIZE =   1.000000    

 SLN_1 OUTER ITERATION SUMMARY
 ----------------------------------------------------------------------------------------------------------
                                OUTER      INNER                    STEP   MAXIMUM CHANGE MODEL-(CELLID) OR
 OUTER ITERATION STEP       ITERATION  ITERATION  MAXIMUM CHANGE SUCCESS             MODEL-PACKAGE-(NUMBER)
 ----------------------------------------------------------------------------------------------------------
 Model                              1         18     -0.11736053                            1_GWF-(3,76,72)
 Model                              2          6 -6.22277100E-02                            1_GWF-(1,95,20)
 Model                              3          2  6.12687975E-04       *                    1_GWF-(4,80,80)
 ----------------------------------------------------------------------------------------------------------


 3 CALLS TO NUMERICAL SOLUTION IN TIME STEP 1 STRESS PERIOD 176
 26 TOTAL ITERATIONS

 SLN_2 OUTER ITERATION SUMMARY
 ----------------------------------------------------------------------------------------------------------
                                OUTER      INNER                    STEP   MAXIMUM CHANGE MODEL-(CELLID) OR
 OUTER ITERATION STEP       ITERATION  ITERATION  MAXIMUM CHANGE SUCCESS             MODEL-PACKAGE-(NUMBER)
 ----------------------------------------------------------------------------------------------------------
 Model                              1          2     -0.53305874                            2_GWT-(14,40,1)
 Model                              2          1  2.29122277E-14       *                    2_GWT-(1,47,39)
 ----------------------------------------------------------------------------------------------------------


 2 CALLS TO NUMERICAL SOLUTION IN TIME STEP 1 STRESS PERIOD 176
 3 TOTAL ITERATIONS
 
    Solving:  Stress period:   177    Time step:     1
 
1
 STRESS PERIOD NO. 177, LENGTH =   1.000000    
 ------------------------------------------
 NUMBER OF TIME STEPS = 1
 MULTIPLIER FOR DELT =     1.000

 OPENED ./external/chd_177.dat
 FILE TYPE:OPEN/CLOSE   UNIT 1632   STATUS:OLD                 
 FORMAT:FORMATTED              ACCESS:SEQUENTIAL          
 ACTION:READ                

 INITIAL TIME STEP SIZE =   1.000000    

 SLN_1 OUTER ITERATION SUMMARY
 ----------------------------------------------------------------------------------------------------------
                                OUTER      INNER                    STEP   MAXIMUM CHANGE MODEL-(CELLID) OR
 OUTER ITERATION STEP       ITERATION  ITERATION  MAXIMUM CHANGE SUCCESS             MODEL-PACKAGE-(NUMBER)
 ----------------------------------------------------------------------------------------------------------
 Model                              1         16 -6.71197568E-02                            1_GWF-(1,67,26)
 Model                              2          5 -4.55461755E-02                            1_GWF-(1,87,80)
 Model                              3          3  2.21351982E-03       *                    1_GWF-(1,87,80)
 ----------------------------------------------------------------------------------------------------------


 3 CALLS TO NUMERICAL SOLUTION IN TIME STEP 1 STRESS PERIOD 177
 24 TOTAL ITERATIONS

 SLN_2 OUTER ITERATION SUMMARY
 ----------------------------------------------------------------------------------------------------------
                                OUTER      INNER                    STEP   MAXIMUM CHANGE MODEL-(CELLID) OR
 OUTER ITERATION STEP       ITERATION  ITERATION  MAXIMUM CHANGE SUCCESS             MODEL-PACKAGE-(NUMBER)
 ----------------------------------------------------------------------------------------------------------
 Model                              1          2     -0.71345126                            2_GWT-(14,40,1)
 Model                              2          1 -2.84217094E-14       *                    2_GWT-(14,41,1)
 ----------------------------------------------------------------------------------------------------------


 2 CALLS TO NUMERICAL SOLUTION IN TIME STEP 1 STRESS PERIOD 177
 3 TOTAL ITERATIONS
 
    Solving:  Stress period:   178    Time step:     1
 
1
 STRESS PERIOD NO. 178, LENGTH =   1.000000    
 ------------------------------------------
 NUMBER OF TIME STEPS = 1
 MULTIPLIER FOR DELT =     1.000

 OPENED ./external/chd_178.dat
 FILE TYPE:OPEN/CLOSE   UNIT 1634   STATUS:OLD                 
 FORMAT:FORMATTED              ACCESS:SEQUENTIAL          
 ACTION:READ                

 INITIAL TIME STEP SIZE =   1.000000    

 SLN_1 OUTER ITERATION SUMMARY
 ----------------------------------------------------------------------------------------------------------
                                OUTER      INNER                    STEP   MAXIMUM CHANGE MODEL-(CELLID) OR
 OUTER ITERATION STEP       ITERATION  ITERATION  MAXIMUM CHANGE SUCCESS             MODEL-PACKAGE-(NUMBER)
 ----------------------------------------------------------------------------------------------------------
 Model                              1         17     -0.10960180                            1_GWF-(3,62,75)
 Model                              2          4  1.20079985E-02                           1_GWF-(2,110,34)
 Model                              3          3  1.19937850E-03       *                   1_GWF-(2,110,34)
 ----------------------------------------------------------------------------------------------------------


 3 CALLS TO NUMERICAL SOLUTION IN TIME STEP 1 STRESS PERIOD 178
 24 TOTAL ITERATIONS

 SLN_2 OUTER ITERATION SUMMARY
 ----------------------------------------------------------------------------------------------------------
                                OUTER      INNER                    STEP   MAXIMUM CHANGE MODEL-(CELLID) OR
 OUTER ITERATION STEP       ITERATION  ITERATION  MAXIMUM CHANGE SUCCESS             MODEL-PACKAGE-(NUMBER)
 ----------------------------------------------------------------------------------------------------------
 Model                              1          2     -0.98440412                            2_GWT-(14,40,1)
 Model                              2          1 -3.73034936E-14       *                    2_GWT-(14,41,1)
 ----------------------------------------------------------------------------------------------------------


 2 CALLS TO NUMERICAL SOLUTION IN TIME STEP 1 STRESS PERIOD 178
 3 TOTAL ITERATIONS
 
    Solving:  Stress period:   179    Time step:     1
 
1
 STRESS PERIOD NO. 179, LENGTH =   1.000000    
 ------------------------------------------
 NUMBER OF TIME STEPS = 1
 MULTIPLIER FOR DELT =     1.000

 OPENED ./external/chd_179.dat
 FILE TYPE:OPEN/CLOSE   UNIT 1636   STATUS:OLD                 
 FORMAT:FORMATTED              ACCESS:SEQUENTIAL          
 ACTION:READ                

 INITIAL TIME STEP SIZE =   1.000000    

 SLN_1 OUTER ITERATION SUMMARY
 ----------------------------------------------------------------------------------------------------------
                                OUTER      INNER                    STEP   MAXIMUM CHANGE MODEL-(CELLID) OR
 OUTER ITERATION STEP       ITERATION  ITERATION  MAXIMUM CHANGE SUCCESS             MODEL-PACKAGE-(NUMBER)
 ----------------------------------------------------------------------------------------------------------
 Model                              1         16 -5.32021771E-02                           1_GWF-(1,103,39)
 Model                              2          5 -4.47161140E-02                           1_GWF-(3,104,39)
 Model                              3          3 -2.13692319E-03       *                    1_GWF-(1,85,10)
 ----------------------------------------------------------------------------------------------------------


 3 CALLS TO NUMERICAL SOLUTION IN TIME STEP 1 STRESS PERIOD 179
 24 TOTAL ITERATIONS

 SLN_2 OUTER ITERATION SUMMARY
 ----------------------------------------------------------------------------------------------------------
                                OUTER      INNER                    STEP   MAXIMUM CHANGE MODEL-(CELLID) OR
 OUTER ITERATION STEP       ITERATION  ITERATION  MAXIMUM CHANGE SUCCESS             MODEL-PACKAGE-(NUMBER)
 ----------------------------------------------------------------------------------------------------------
 Model                              1          2      -1.2504797                            2_GWT-(14,40,1)
 Model                              2          1 -4.97379915E-14       *                    2_GWT-(14,41,1)
 ----------------------------------------------------------------------------------------------------------


 2 CALLS TO NUMERICAL SOLUTION IN TIME STEP 1 STRESS PERIOD 179
 3 TOTAL ITERATIONS
 
    Solving:  Stress period:   180    Time step:     1
 
1
 STRESS PERIOD NO. 180, LENGTH =   1.000000    
 ------------------------------------------
 NUMBER OF TIME STEPS = 1
 MULTIPLIER FOR DELT =     1.000

 OPENED ./external/chd_180.dat
 FILE TYPE:OPEN/CLOSE   UNIT 1638   STATUS:OLD                 
 FORMAT:FORMATTED              ACCESS:SEQUENTIAL          
 ACTION:READ                

 INITIAL TIME STEP SIZE =   1.000000    

 SLN_1 OUTER ITERATION SUMMARY
 ----------------------------------------------------------------------------------------------------------
                                OUTER      INNER                    STEP   MAXIMUM CHANGE MODEL-(CELLID) OR
 OUTER ITERATION STEP       ITERATION  ITERATION  MAXIMUM CHANGE SUCCESS             MODEL-PACKAGE-(NUMBER)
 ----------------------------------------------------------------------------------------------------------
 Model                              1         16     -0.14249454                           1_GWF-(1,104,39)
 Model                              2          6 -2.50724472E-02                            1_GWF-(1,85,10)
 Model                              3          3  7.41962218E-04       *                    1_GWF-(3,59,68)
 ----------------------------------------------------------------------------------------------------------


 3 CALLS TO NUMERICAL SOLUTION IN TIME STEP 1 STRESS PERIOD 180
 25 TOTAL ITERATIONS

 SLN_2 OUTER ITERATION SUMMARY
 ----------------------------------------------------------------------------------------------------------
                                OUTER      INNER                    STEP   MAXIMUM CHANGE MODEL-(CELLID) OR
 OUTER ITERATION STEP       ITERATION  ITERATION  MAXIMUM CHANGE SUCCESS             MODEL-PACKAGE-(NUMBER)
 ----------------------------------------------------------------------------------------------------------
 Model                              1          2      -1.4314074                            2_GWT-(14,40,1)
 Model                              2          1 -5.32907052E-14       *                    2_GWT-(14,41,1)
 ----------------------------------------------------------------------------------------------------------


 2 CALLS TO NUMERICAL SOLUTION IN TIME STEP 1 STRESS PERIOD 180
 3 TOTAL ITERATIONS
 
    Solving:  Stress period:   181    Time step:     1
 
1
 STRESS PERIOD NO. 181, LENGTH =   1.000000    
 ------------------------------------------
 NUMBER OF TIME STEPS = 1
 MULTIPLIER FOR DELT =     1.000

 OPENED ./external/chd_181.dat
 FILE TYPE:OPEN/CLOSE   UNIT 1640   STATUS:OLD                 
 FORMAT:FORMATTED              ACCESS:SEQUENTIAL          
 ACTION:READ                

 INITIAL TIME STEP SIZE =   1.000000    

 SLN_1 OUTER ITERATION SUMMARY
 ----------------------------------------------------------------------------------------------------------
                                OUTER      INNER                    STEP   MAXIMUM CHANGE MODEL-(CELLID) OR
 OUTER ITERATION STEP       ITERATION  ITERATION  MAXIMUM CHANGE SUCCESS             MODEL-PACKAGE-(NUMBER)
 ----------------------------------------------------------------------------------------------------------
 Model                              1         19 -7.71564261E-02                             1_GWF-(1,62,3)
 Model                              2          5 -2.82167415E-02                            1_GWF-(2,79,66)
 Model                              3          3  7.00644631E-04       *                    1_GWF-(1,48,25)
 ----------------------------------------------------------------------------------------------------------


 3 CALLS TO NUMERICAL SOLUTION IN TIME STEP 1 STRESS PERIOD 181
 27 TOTAL ITERATIONS

 SLN_2 OUTER ITERATION SUMMARY
 ----------------------------------------------------------------------------------------------------------
                                OUTER      INNER                    STEP   MAXIMUM CHANGE MODEL-(CELLID) OR
 OUTER ITERATION STEP       ITERATION  ITERATION  MAXIMUM CHANGE SUCCESS             MODEL-PACKAGE-(NUMBER)
 ----------------------------------------------------------------------------------------------------------
 Model                              1          2      -1.5311616                            2_GWT-(14,40,1)
 Model                              2          1  5.82034421E-14       *                    2_GWT-(1,47,39)
 ----------------------------------------------------------------------------------------------------------


 2 CALLS TO NUMERICAL SOLUTION IN TIME STEP 1 STRESS PERIOD 181
 3 TOTAL ITERATIONS
 
    Solving:  Stress period:   182    Time step:     1
 
1
 STRESS PERIOD NO. 182, LENGTH =   1.000000    
 ------------------------------------------
 NUMBER OF TIME STEPS = 1
 MULTIPLIER FOR DELT =     1.000

 OPENED ./external/chd_182.dat
 FILE TYPE:OPEN/CLOSE   UNIT 1642   STATUS:OLD                 
 FORMAT:FORMATTED              ACCESS:SEQUENTIAL          
 ACTION:READ                

 INITIAL TIME STEP SIZE =   1.000000    

 SLN_1 OUTER ITERATION SUMMARY
 ----------------------------------------------------------------------------------------------------------
                                OUTER      INNER                    STEP   MAXIMUM CHANGE MODEL-(CELLID) OR
 OUTER ITERATION STEP       ITERATION  ITERATION  MAXIMUM CHANGE SUCCESS             MODEL-PACKAGE-(NUMBER)
 ----------------------------------------------------------------------------------------------------------
 Model                              1         17 -7.16178669E-02                            1_GWF-(1,79,66)
 Model                              2          5 -3.77765097E-02                            1_GWF-(1,86,20)
 Model                              3          4 -2.68580892E-03       *                    1_GWF-(1,58,15)
 ----------------------------------------------------------------------------------------------------------


 3 CALLS TO NUMERICAL SOLUTION IN TIME STEP 1 STRESS PERIOD 182
 26 TOTAL ITERATIONS

 SLN_2 OUTER ITERATION SUMMARY
 ----------------------------------------------------------------------------------------------------------
                                OUTER      INNER                    STEP   MAXIMUM CHANGE MODEL-(CELLID) OR
 OUTER ITERATION STEP       ITERATION  ITERATION  MAXIMUM CHANGE SUCCESS             MODEL-PACKAGE-(NUMBER)
 ----------------------------------------------------------------------------------------------------------
 Model                              1          2      -1.4793564                            2_GWT-(14,40,1)
 Model                              2          1 -1.06581410E-13       *                    2_GWT-(15,41,1)
 ----------------------------------------------------------------------------------------------------------


 2 CALLS TO NUMERICAL SOLUTION IN TIME STEP 1 STRESS PERIOD 182
 3 TOTAL ITERATIONS
 
    Solving:  Stress period:   183    Time step:     1
 
1
 STRESS PERIOD NO. 183, LENGTH =   1.000000    
 ------------------------------------------
 NUMBER OF TIME STEPS = 1
 MULTIPLIER FOR DELT =     1.000
 #k i j q boundname

 OPENED .\external\wel_213.dat
 FILE TYPE:OPEN/CLOSE   UNIT 1643   STATUS:OLD                 
 FORMAT:FORMATTED              ACCESS:SEQUENTIAL          
 ACTION:READ                


 OPENED ./external/chd_183.dat
 FILE TYPE:OPEN/CLOSE   UNIT 1645   STATUS:OLD                 
 FORMAT:FORMATTED              ACCESS:SEQUENTIAL          
 ACTION:READ                

 INITIAL TIME STEP SIZE =   1.000000    

 SLN_1 OUTER ITERATION SUMMARY
 ----------------------------------------------------------------------------------------------------------
                                OUTER      INNER                    STEP   MAXIMUM CHANGE MODEL-(CELLID) OR
 OUTER ITERATION STEP       ITERATION  ITERATION  MAXIMUM CHANGE SUCCESS             MODEL-PACKAGE-(NUMBER)
 ----------------------------------------------------------------------------------------------------------
 Model                              1         22      -4.8730609                           1_GWF-(5,172,54)
 Model                              2          5 -9.67770653E-02                           1_GWF-(1,106,41)
 Model                              3          3  6.44200490E-04       *                    1_GWF-(4,89,68)
 ----------------------------------------------------------------------------------------------------------


 3 CALLS TO NUMERICAL SOLUTION IN TIME STEP 1 STRESS PERIOD 183
 30 TOTAL ITERATIONS

 SLN_2 OUTER ITERATION SUMMARY
 ----------------------------------------------------------------------------------------------------------
                                OUTER      INNER                    STEP   MAXIMUM CHANGE MODEL-(CELLID) OR
 OUTER ITERATION STEP       ITERATION  ITERATION  MAXIMUM CHANGE SUCCESS             MODEL-PACKAGE-(NUMBER)
 ----------------------------------------------------------------------------------------------------------
 Model                              1          2      -1.1141533                            2_GWT-(14,40,1)
 Model                              2          1 -2.09077200E-12       *                    2_GWT-(15,41,1)
 ----------------------------------------------------------------------------------------------------------


 2 CALLS TO NUMERICAL SOLUTION IN TIME STEP 1 STRESS PERIOD 183
 3 TOTAL ITERATIONS
 
    Solving:  Stress period:   184    Time step:     1
 
1
 STRESS PERIOD NO. 184, LENGTH =   1.000000    
 ------------------------------------------
 NUMBER OF TIME STEPS = 1
 MULTIPLIER FOR DELT =     1.000

 OPENED ./external/chd_184.dat
 FILE TYPE:OPEN/CLOSE   UNIT 1647   STATUS:OLD                 
 FORMAT:FORMATTED              ACCESS:SEQUENTIAL          
 ACTION:READ                

 INITIAL TIME STEP SIZE =   1.000000    

 SLN_1 OUTER ITERATION SUMMARY
 ----------------------------------------------------------------------------------------------------------
                                OUTER      INNER                    STEP   MAXIMUM CHANGE MODEL-(CELLID) OR
 OUTER ITERATION STEP       ITERATION  ITERATION  MAXIMUM CHANGE SUCCESS             MODEL-PACKAGE-(NUMBER)
 ----------------------------------------------------------------------------------------------------------
 Model                              1         19     -0.13005307                          1_GWF-(16,173,18)
 Model                              2          4 -8.51998357E-02                           1_GWF-(2,103,43)
 Model                              3          3 -1.21872444E-03       *                    1_GWF-(1,67,59)
 ----------------------------------------------------------------------------------------------------------


 3 CALLS TO NUMERICAL SOLUTION IN TIME STEP 1 STRESS PERIOD 184
 26 TOTAL ITERATIONS

 SLN_2 OUTER ITERATION SUMMARY
 ----------------------------------------------------------------------------------------------------------
                                OUTER      INNER                    STEP   MAXIMUM CHANGE MODEL-(CELLID) OR
 OUTER ITERATION STEP       ITERATION  ITERATION  MAXIMUM CHANGE SUCCESS             MODEL-PACKAGE-(NUMBER)
 ----------------------------------------------------------------------------------------------------------
 Model                              1          2     -0.70070729                            2_GWT-(14,40,1)
 Model                              2          1  2.73558953E-13       *                    2_GWT-(15,40,1)
 ----------------------------------------------------------------------------------------------------------


 2 CALLS TO NUMERICAL SOLUTION IN TIME STEP 1 STRESS PERIOD 184
 3 TOTAL ITERATIONS
 
    Solving:  Stress period:   185    Time step:     1
 
1
 STRESS PERIOD NO. 185, LENGTH =   1.000000    
 ------------------------------------------
 NUMBER OF TIME STEPS = 1
 MULTIPLIER FOR DELT =     1.000

 OPENED ./external/chd_185.dat
 FILE TYPE:OPEN/CLOSE   UNIT 1649   STATUS:OLD                 
 FORMAT:FORMATTED              ACCESS:SEQUENTIAL          
 ACTION:READ                

 INITIAL TIME STEP SIZE =   1.000000    

 SLN_1 OUTER ITERATION SUMMARY
 ----------------------------------------------------------------------------------------------------------
                                OUTER      INNER                    STEP   MAXIMUM CHANGE MODEL-(CELLID) OR
 OUTER ITERATION STEP       ITERATION  ITERATION  MAXIMUM CHANGE SUCCESS             MODEL-PACKAGE-(NUMBER)
 ----------------------------------------------------------------------------------------------------------
 Model                              1         17     -0.11240533                           1_GWF-(1,103,43)
 Model                              2          4 -2.44219822E-02                            1_GWF-(2,64,37)
 Model                              3          3  1.14333982E-03       *                    1_GWF-(3,74,26)
 ----------------------------------------------------------------------------------------------------------


 3 CALLS TO NUMERICAL SOLUTION IN TIME STEP 1 STRESS PERIOD 185
 24 TOTAL ITERATIONS

 SLN_2 OUTER ITERATION SUMMARY
 ----------------------------------------------------------------------------------------------------------
                                OUTER      INNER                    STEP   MAXIMUM CHANGE MODEL-(CELLID) OR
 OUTER ITERATION STEP       ITERATION  ITERATION  MAXIMUM CHANGE SUCCESS             MODEL-PACKAGE-(NUMBER)
 ----------------------------------------------------------------------------------------------------------
 Model                              1          2      0.65209869                            2_GWT-(15,40,1)
 Model                              2          1 -2.13162821E-14       *                    2_GWT-(1,14,36)
 ----------------------------------------------------------------------------------------------------------


 2 CALLS TO NUMERICAL SOLUTION IN TIME STEP 1 STRESS PERIOD 185
 3 TOTAL ITERATIONS
 
    Solving:  Stress period:   186    Time step:     1
 
1
 STRESS PERIOD NO. 186, LENGTH =   1.000000    
 ------------------------------------------
 NUMBER OF TIME STEPS = 1
 MULTIPLIER FOR DELT =     1.000

 OPENED ./external/chd_186.dat
 FILE TYPE:OPEN/CLOSE   UNIT 1651   STATUS:OLD                 
 FORMAT:FORMATTED              ACCESS:SEQUENTIAL          
 ACTION:READ                

 INITIAL TIME STEP SIZE =   1.000000    

 SLN_1 OUTER ITERATION SUMMARY
 ----------------------------------------------------------------------------------------------------------
                                OUTER      INNER                    STEP   MAXIMUM CHANGE MODEL-(CELLID) OR
 OUTER ITERATION STEP       ITERATION  ITERATION  MAXIMUM CHANGE SUCCESS             MODEL-PACKAGE-(NUMBER)
 ----------------------------------------------------------------------------------------------------------
 Model                              1         16     -0.10007905                            1_GWF-(2,91,18)
 Model                              2          6 -1.81103587E-02                            1_GWF-(1,74,26)
 Model                              3          3  1.23747188E-03       *                    1_GWF-(3,61,19)
 ----------------------------------------------------------------------------------------------------------


 3 CALLS TO NUMERICAL SOLUTION IN TIME STEP 1 STRESS PERIOD 186
 25 TOTAL ITERATIONS

 SLN_2 OUTER ITERATION SUMMARY
 ----------------------------------------------------------------------------------------------------------
                                OUTER      INNER                    STEP   MAXIMUM CHANGE MODEL-(CELLID) OR
 OUTER ITERATION STEP       ITERATION  ITERATION  MAXIMUM CHANGE SUCCESS             MODEL-PACKAGE-(NUMBER)
 ----------------------------------------------------------------------------------------------------------
 Model                              1          2      0.68128076                            2_GWT-(15,40,1)
 Model                              2          1  2.70006240E-13       *                    2_GWT-(15,41,1)
 ----------------------------------------------------------------------------------------------------------


 2 CALLS TO NUMERICAL SOLUTION IN TIME STEP 1 STRESS PERIOD 186
 3 TOTAL ITERATIONS
 
    Solving:  Stress period:   187    Time step:     1
 
1
 STRESS PERIOD NO. 187, LENGTH =   1.000000    
 ------------------------------------------
 NUMBER OF TIME STEPS = 1
 MULTIPLIER FOR DELT =     1.000

 OPENED ./external/chd_187.dat
 FILE TYPE:OPEN/CLOSE   UNIT 1653   STATUS:OLD                 
 FORMAT:FORMATTED              ACCESS:SEQUENTIAL          
 ACTION:READ                

 INITIAL TIME STEP SIZE =   1.000000    

 SLN_1 OUTER ITERATION SUMMARY
 ----------------------------------------------------------------------------------------------------------
                                OUTER      INNER                    STEP   MAXIMUM CHANGE MODEL-(CELLID) OR
 OUTER ITERATION STEP       ITERATION  ITERATION  MAXIMUM CHANGE SUCCESS             MODEL-PACKAGE-(NUMBER)
 ----------------------------------------------------------------------------------------------------------
 Model                              1         19 -7.24839960E-02                           1_GWF-(3,103,39)
 Model                              2          6 -3.06888240E-02                            1_GWF-(2,89,68)
 Model                              3          3  1.35175872E-03       *                    1_GWF-(3,66,25)
 ----------------------------------------------------------------------------------------------------------


 3 CALLS TO NUMERICAL SOLUTION IN TIME STEP 1 STRESS PERIOD 187
 28 TOTAL ITERATIONS

 SLN_2 OUTER ITERATION SUMMARY
 ----------------------------------------------------------------------------------------------------------
                                OUTER      INNER                    STEP   MAXIMUM CHANGE MODEL-(CELLID) OR
 OUTER ITERATION STEP       ITERATION  ITERATION  MAXIMUM CHANGE SUCCESS             MODEL-PACKAGE-(NUMBER)
 ----------------------------------------------------------------------------------------------------------
 Model                              1          2      0.66882798                            2_GWT-(15,40,1)
 Model                              2          1  1.75859327E-13       *                    2_GWT-(15,41,1)
 ----------------------------------------------------------------------------------------------------------


 2 CALLS TO NUMERICAL SOLUTION IN TIME STEP 1 STRESS PERIOD 187
 3 TOTAL ITERATIONS
 
    Solving:  Stress period:   188    Time step:     1
 
1
 STRESS PERIOD NO. 188, LENGTH =   1.000000    
 ------------------------------------------
 NUMBER OF TIME STEPS = 1
 MULTIPLIER FOR DELT =     1.000

 OPENED ./external/chd_188.dat
 FILE TYPE:OPEN/CLOSE   UNIT 1655   STATUS:OLD                 
 FORMAT:FORMATTED              ACCESS:SEQUENTIAL          
 ACTION:READ                

 INITIAL TIME STEP SIZE =   1.000000    

 SLN_1 OUTER ITERATION SUMMARY
 ----------------------------------------------------------------------------------------------------------
                                OUTER      INNER                    STEP   MAXIMUM CHANGE MODEL-(CELLID) OR
 OUTER ITERATION STEP       ITERATION  ITERATION  MAXIMUM CHANGE SUCCESS             MODEL-PACKAGE-(NUMBER)
 ----------------------------------------------------------------------------------------------------------
 Model                              1         16     -0.10499513                            1_GWF-(1,89,68)
 Model                              2          5 -6.17464191E-02                            1_GWF-(3,78,17)
 Model                              3          4  3.41251772E-03       *                    1_GWF-(3,78,17)
 ----------------------------------------------------------------------------------------------------------


 3 CALLS TO NUMERICAL SOLUTION IN TIME STEP 1 STRESS PERIOD 188
 25 TOTAL ITERATIONS

 SLN_2 OUTER ITERATION SUMMARY
 ----------------------------------------------------------------------------------------------------------
                                OUTER      INNER                    STEP   MAXIMUM CHANGE MODEL-(CELLID) OR
 OUTER ITERATION STEP       ITERATION  ITERATION  MAXIMUM CHANGE SUCCESS             MODEL-PACKAGE-(NUMBER)
 ----------------------------------------------------------------------------------------------------------
 Model                              1          2      0.63003814                            2_GWT-(15,40,1)
 Model                              2          1  7.72715225E-13       *                    2_GWT-(15,41,1)
 ----------------------------------------------------------------------------------------------------------


 2 CALLS TO NUMERICAL SOLUTION IN TIME STEP 1 STRESS PERIOD 188
 3 TOTAL ITERATIONS
 
    Solving:  Stress period:   189    Time step:     1
 
1
 STRESS PERIOD NO. 189, LENGTH =   1.000000    
 ------------------------------------------
 NUMBER OF TIME STEPS = 1
 MULTIPLIER FOR DELT =     1.000

 OPENED ./external/chd_189.dat
 FILE TYPE:OPEN/CLOSE   UNIT 1657   STATUS:OLD                 
 FORMAT:FORMATTED              ACCESS:SEQUENTIAL          
 ACTION:READ                

 INITIAL TIME STEP SIZE =   1.000000    

 SLN_1 OUTER ITERATION SUMMARY
 ----------------------------------------------------------------------------------------------------------
                                OUTER      INNER                    STEP   MAXIMUM CHANGE MODEL-(CELLID) OR
 OUTER ITERATION STEP       ITERATION  ITERATION  MAXIMUM CHANGE SUCCESS             MODEL-PACKAGE-(NUMBER)
 ----------------------------------------------------------------------------------------------------------
 Model                              1         18 -8.08917627E-02                            1_GWF-(1,82,22)
 Model                              2          4 -2.38902666E-02                           1_GWF-(1,102,24)
 Model                              3          3  9.64470234E-04       *                    1_GWF-(4,82,24)
 ----------------------------------------------------------------------------------------------------------


 3 CALLS TO NUMERICAL SOLUTION IN TIME STEP 1 STRESS PERIOD 189
 25 TOTAL ITERATIONS

 SLN_2 OUTER ITERATION SUMMARY
 ----------------------------------------------------------------------------------------------------------
                                OUTER      INNER                    STEP   MAXIMUM CHANGE MODEL-(CELLID) OR
 OUTER ITERATION STEP       ITERATION  ITERATION  MAXIMUM CHANGE SUCCESS             MODEL-PACKAGE-(NUMBER)
 ----------------------------------------------------------------------------------------------------------
 Model                              1          2      0.57646359                            2_GWT-(15,40,1)
 Model                              2          1  9.04165631E-13       *                    2_GWT-(15,41,1)
 ----------------------------------------------------------------------------------------------------------


 2 CALLS TO NUMERICAL SOLUTION IN TIME STEP 1 STRESS PERIOD 189
 3 TOTAL ITERATIONS
 
    Solving:  Stress period:   190    Time step:     1
 
1
 STRESS PERIOD NO. 190, LENGTH =   1.000000    
 ------------------------------------------
 NUMBER OF TIME STEPS = 1
 MULTIPLIER FOR DELT =     1.000

 OPENED ./external/chd_190.dat
 FILE TYPE:OPEN/CLOSE   UNIT 1659   STATUS:OLD                 
 FORMAT:FORMATTED              ACCESS:SEQUENTIAL          
 ACTION:READ                

 INITIAL TIME STEP SIZE =   1.000000    

 SLN_1 OUTER ITERATION SUMMARY
 ----------------------------------------------------------------------------------------------------------
                                OUTER      INNER                    STEP   MAXIMUM CHANGE MODEL-(CELLID) OR
 OUTER ITERATION STEP       ITERATION  ITERATION  MAXIMUM CHANGE SUCCESS             MODEL-PACKAGE-(NUMBER)
 ----------------------------------------------------------------------------------------------------------
 Model                              1         16 -9.65663450E-02                           1_GWF-(1,102,24)
 Model                              2          5 -3.83840143E-02                            1_GWF-(1,82,37)
 Model                              3          3  1.32820702E-03       *                   1_GWF-(4,101,17)
 ----------------------------------------------------------------------------------------------------------


 3 CALLS TO NUMERICAL SOLUTION IN TIME STEP 1 STRESS PERIOD 190
 24 TOTAL ITERATIONS

 SLN_2 OUTER ITERATION SUMMARY
 ----------------------------------------------------------------------------------------------------------
                                OUTER      INNER                    STEP   MAXIMUM CHANGE MODEL-(CELLID) OR
 OUTER ITERATION STEP       ITERATION  ITERATION  MAXIMUM CHANGE SUCCESS             MODEL-PACKAGE-(NUMBER)
 ----------------------------------------------------------------------------------------------------------
 Model                              1          2      0.51333925                            2_GWT-(15,40,1)
 Model                              2          1  6.80344669E-13       *                    2_GWT-(15,41,1)
 ----------------------------------------------------------------------------------------------------------


 2 CALLS TO NUMERICAL SOLUTION IN TIME STEP 1 STRESS PERIOD 190
 3 TOTAL ITERATIONS
 
    Solving:  Stress period:   191    Time step:     1
 
1
 STRESS PERIOD NO. 191, LENGTH =   1.000000    
 ------------------------------------------
 NUMBER OF TIME STEPS = 1
 MULTIPLIER FOR DELT =     1.000

 OPENED ./external/chd_191.dat
 FILE TYPE:OPEN/CLOSE   UNIT 1661   STATUS:OLD                 
 FORMAT:FORMATTED              ACCESS:SEQUENTIAL          
 ACTION:READ                

 INITIAL TIME STEP SIZE =   1.000000    

 SLN_1 OUTER ITERATION SUMMARY
 ----------------------------------------------------------------------------------------------------------
                                OUTER      INNER                    STEP   MAXIMUM CHANGE MODEL-(CELLID) OR
 OUTER ITERATION STEP       ITERATION  ITERATION  MAXIMUM CHANGE SUCCESS             MODEL-PACKAGE-(NUMBER)
 ----------------------------------------------------------------------------------------------------------
 Model                              1         16 -7.90448731E-02                            1_GWF-(1,79,21)
 Model                              2          5 -4.78392892E-02                            1_GWF-(1,82,24)
 Model                              3          4  1.01926028E-03       *                   1_GWF-(3,106,28)
 ----------------------------------------------------------------------------------------------------------


 3 CALLS TO NUMERICAL SOLUTION IN TIME STEP 1 STRESS PERIOD 191
 25 TOTAL ITERATIONS

 SLN_2 OUTER ITERATION SUMMARY
 ----------------------------------------------------------------------------------------------------------
                                OUTER      INNER                    STEP   MAXIMUM CHANGE MODEL-(CELLID) OR
 OUTER ITERATION STEP       ITERATION  ITERATION  MAXIMUM CHANGE SUCCESS             MODEL-PACKAGE-(NUMBER)
 ----------------------------------------------------------------------------------------------------------
 Model                              1          2     -0.50996682                            2_GWT-(12,34,3)
 Model                              2          1  4.51194637E-13       *                    2_GWT-(15,41,1)
 ----------------------------------------------------------------------------------------------------------


 2 CALLS TO NUMERICAL SOLUTION IN TIME STEP 1 STRESS PERIOD 191
 3 TOTAL ITERATIONS
 
    Solving:  Stress period:   192    Time step:     1
 
1
 STRESS PERIOD NO. 192, LENGTH =   1.000000    
 ------------------------------------------
 NUMBER OF TIME STEPS = 1
 MULTIPLIER FOR DELT =     1.000

 OPENED ./external/chd_192.dat
 FILE TYPE:OPEN/CLOSE   UNIT 1663   STATUS:OLD                 
 FORMAT:FORMATTED              ACCESS:SEQUENTIAL          
 ACTION:READ                

 INITIAL TIME STEP SIZE =   1.000000    

 SLN_1 OUTER ITERATION SUMMARY
 ----------------------------------------------------------------------------------------------------------
                                OUTER      INNER                    STEP   MAXIMUM CHANGE MODEL-(CELLID) OR
 OUTER ITERATION STEP       ITERATION  ITERATION  MAXIMUM CHANGE SUCCESS             MODEL-PACKAGE-(NUMBER)
 ----------------------------------------------------------------------------------------------------------
 Model                              1         20     -0.16684196                           1_GWF-(1,107,14)
 Model                              2          4 -5.48693988E-02                           1_GWF-(1,103,63)
 Model                              3          3  7.18167422E-04       *                   1_GWF-(2,110,32)
 ----------------------------------------------------------------------------------------------------------


 3 CALLS TO NUMERICAL SOLUTION IN TIME STEP 1 STRESS PERIOD 192
 27 TOTAL ITERATIONS

 SLN_2 OUTER ITERATION SUMMARY
 ----------------------------------------------------------------------------------------------------------
                                OUTER      INNER                    STEP   MAXIMUM CHANGE MODEL-(CELLID) OR
 OUTER ITERATION STEP       ITERATION  ITERATION  MAXIMUM CHANGE SUCCESS             MODEL-PACKAGE-(NUMBER)
 ----------------------------------------------------------------------------------------------------------
 Model                              1          2      0.38798246                            2_GWT-(15,40,1)
 Model                              2          1  3.41060513E-13       *                    2_GWT-(15,41,1)
 ----------------------------------------------------------------------------------------------------------


 2 CALLS TO NUMERICAL SOLUTION IN TIME STEP 1 STRESS PERIOD 192
 3 TOTAL ITERATIONS
 
    Solving:  Stress period:   193    Time step:     1
 
1
 STRESS PERIOD NO. 193, LENGTH =   1.000000    
 ------------------------------------------
 NUMBER OF TIME STEPS = 1
 MULTIPLIER FOR DELT =     1.000

 OPENED ./external/chd_193.dat
 FILE TYPE:OPEN/CLOSE   UNIT 1665   STATUS:OLD                 
 FORMAT:FORMATTED              ACCESS:SEQUENTIAL          
 ACTION:READ                

 INITIAL TIME STEP SIZE =   1.000000    

 SLN_1 OUTER ITERATION SUMMARY
 ----------------------------------------------------------------------------------------------------------
                                OUTER      INNER                    STEP   MAXIMUM CHANGE MODEL-(CELLID) OR
 OUTER ITERATION STEP       ITERATION  ITERATION  MAXIMUM CHANGE SUCCESS             MODEL-PACKAGE-(NUMBER)
 ----------------------------------------------------------------------------------------------------------
 Model                              1         20     -0.10503169                           1_GWF-(1,103,63)
 Model                              2          4 -7.43130055E-02                           1_GWF-(1,110,34)
 Model                              3          3  1.01053699E-03       *                    1_GWF-(4,72,77)
 ----------------------------------------------------------------------------------------------------------


 3 CALLS TO NUMERICAL SOLUTION IN TIME STEP 1 STRESS PERIOD 193
 27 TOTAL ITERATIONS

 SLN_2 OUTER ITERATION SUMMARY
 ----------------------------------------------------------------------------------------------------------
                                OUTER      INNER                    STEP   MAXIMUM CHANGE MODEL-(CELLID) OR
 OUTER ITERATION STEP       ITERATION  ITERATION  MAXIMUM CHANGE SUCCESS             MODEL-PACKAGE-(NUMBER)
 ----------------------------------------------------------------------------------------------------------
 Model                              1          2      0.33265839                            2_GWT-(15,40,1)
 Model                              2          1  2.16715534E-13       *                    2_GWT-(15,41,1)
 ----------------------------------------------------------------------------------------------------------


 2 CALLS TO NUMERICAL SOLUTION IN TIME STEP 1 STRESS PERIOD 193
 3 TOTAL ITERATIONS
 
    Solving:  Stress period:   194    Time step:     1
 
1
 STRESS PERIOD NO. 194, LENGTH =   1.000000    
 ------------------------------------------
 NUMBER OF TIME STEPS = 1
 MULTIPLIER FOR DELT =     1.000

 OPENED ./external/chd_194.dat
 FILE TYPE:OPEN/CLOSE   UNIT 1667   STATUS:OLD                 
 FORMAT:FORMATTED              ACCESS:SEQUENTIAL          
 ACTION:READ                

 INITIAL TIME STEP SIZE =   1.000000    

 SLN_1 OUTER ITERATION SUMMARY
 ----------------------------------------------------------------------------------------------------------
                                OUTER      INNER                    STEP   MAXIMUM CHANGE MODEL-(CELLID) OR
 OUTER ITERATION STEP       ITERATION  ITERATION  MAXIMUM CHANGE SUCCESS             MODEL-PACKAGE-(NUMBER)
 ----------------------------------------------------------------------------------------------------------
 Model                              1         18     -0.18774904                           1_GWF-(1,110,35)
 Model                              2          5 -3.63423890E-02                           1_GWF-(1,110,33)
 Model                              3          4  1.16825588E-03       *                   1_GWF-(4,104,34)
 ----------------------------------------------------------------------------------------------------------


 3 CALLS TO NUMERICAL SOLUTION IN TIME STEP 1 STRESS PERIOD 194
 27 TOTAL ITERATIONS

 SLN_2 OUTER ITERATION SUMMARY
 ----------------------------------------------------------------------------------------------------------
                                OUTER      INNER                    STEP   MAXIMUM CHANGE MODEL-(CELLID) OR
 OUTER ITERATION STEP       ITERATION  ITERATION  MAXIMUM CHANGE SUCCESS             MODEL-PACKAGE-(NUMBER)
 ----------------------------------------------------------------------------------------------------------
 Model                              1          2      0.28345213                            2_GWT-(15,40,1)
 Model                              2          1  1.40332190E-13       *                    2_GWT-(15,41,1)
 ----------------------------------------------------------------------------------------------------------


 2 CALLS TO NUMERICAL SOLUTION IN TIME STEP 1 STRESS PERIOD 194
 3 TOTAL ITERATIONS
 
    Solving:  Stress period:   195    Time step:     1
 
1
 STRESS PERIOD NO. 195, LENGTH =   1.000000    
 ------------------------------------------
 NUMBER OF TIME STEPS = 1
 MULTIPLIER FOR DELT =     1.000

 OPENED ./external/chd_195.dat
 FILE TYPE:OPEN/CLOSE   UNIT 1669   STATUS:OLD                 
 FORMAT:FORMATTED              ACCESS:SEQUENTIAL          
 ACTION:READ                

 INITIAL TIME STEP SIZE =   1.000000    

 SLN_1 OUTER ITERATION SUMMARY
 ----------------------------------------------------------------------------------------------------------
                                OUTER      INNER                    STEP   MAXIMUM CHANGE MODEL-(CELLID) OR
 OUTER ITERATION STEP       ITERATION  ITERATION  MAXIMUM CHANGE SUCCESS             MODEL-PACKAGE-(NUMBER)
 ----------------------------------------------------------------------------------------------------------
 Model                              1         16     -0.16729736                           1_GWF-(1,110,33)
 Model                              2          5 -7.75400362E-02                           1_GWF-(3,101,17)
 Model                              3          3  1.55895343E-03       *                   1_GWF-(2,101,17)
 ----------------------------------------------------------------------------------------------------------


 3 CALLS TO NUMERICAL SOLUTION IN TIME STEP 1 STRESS PERIOD 195
 24 TOTAL ITERATIONS

 SLN_2 OUTER ITERATION SUMMARY
 ----------------------------------------------------------------------------------------------------------
                                OUTER      INNER                    STEP   MAXIMUM CHANGE MODEL-(CELLID) OR
 OUTER ITERATION STEP       ITERATION  ITERATION  MAXIMUM CHANGE SUCCESS             MODEL-PACKAGE-(NUMBER)
 ----------------------------------------------------------------------------------------------------------
 Model                              1          2      0.25538443                            2_GWT-(14,40,1)
 Model                              2          1  9.23705556E-14       *                    2_GWT-(15,40,1)
 ----------------------------------------------------------------------------------------------------------


 2 CALLS TO NUMERICAL SOLUTION IN TIME STEP 1 STRESS PERIOD 195
 3 TOTAL ITERATIONS
 
    Solving:  Stress period:   196    Time step:     1
 
1
 STRESS PERIOD NO. 196, LENGTH =   1.000000    
 ------------------------------------------
 NUMBER OF TIME STEPS = 1
 MULTIPLIER FOR DELT =     1.000

 OPENED ./external/chd_196.dat
 FILE TYPE:OPEN/CLOSE   UNIT 1671   STATUS:OLD                 
 FORMAT:FORMATTED              ACCESS:SEQUENTIAL          
 ACTION:READ                

 INITIAL TIME STEP SIZE =   1.000000    

 SLN_1 OUTER ITERATION SUMMARY
 ----------------------------------------------------------------------------------------------------------
                                OUTER      INNER                    STEP   MAXIMUM CHANGE MODEL-(CELLID) OR
 OUTER ITERATION STEP       ITERATION  ITERATION  MAXIMUM CHANGE SUCCESS             MODEL-PACKAGE-(NUMBER)
 ----------------------------------------------------------------------------------------------------------
 Model                              1         18 -9.91787395E-02                           1_GWF-(1,106,28)
 Model                              2          5 -8.10557475E-02                            1_GWF-(1,92,18)
 Model                              3          4  1.51859511E-03       *                    1_GWF-(3,92,18)
 ----------------------------------------------------------------------------------------------------------


 3 CALLS TO NUMERICAL SOLUTION IN TIME STEP 1 STRESS PERIOD 196
 27 TOTAL ITERATIONS

 SLN_2 OUTER ITERATION SUMMARY
 ----------------------------------------------------------------------------------------------------------
                                OUTER      INNER                    STEP   MAXIMUM CHANGE MODEL-(CELLID) OR
 OUTER ITERATION STEP       ITERATION  ITERATION  MAXIMUM CHANGE SUCCESS             MODEL-PACKAGE-(NUMBER)
 ----------------------------------------------------------------------------------------------------------
 Model                              1          2      0.23171746                            2_GWT-(14,40,1)
 Model                              2          1  7.10542736E-14       *                    2_GWT-(13,34,3)
 ----------------------------------------------------------------------------------------------------------


 2 CALLS TO NUMERICAL SOLUTION IN TIME STEP 1 STRESS PERIOD 196
 3 TOTAL ITERATIONS
 
    Solving:  Stress period:   197    Time step:     1
 
1
 STRESS PERIOD NO. 197, LENGTH =   1.000000    
 ------------------------------------------
 NUMBER OF TIME STEPS = 1
 MULTIPLIER FOR DELT =     1.000

 OPENED ./external/chd_197.dat
 FILE TYPE:OPEN/CLOSE   UNIT 1673   STATUS:OLD                 
 FORMAT:FORMATTED              ACCESS:SEQUENTIAL          
 ACTION:READ                

 INITIAL TIME STEP SIZE =   1.000000    

 SLN_1 OUTER ITERATION SUMMARY
 ----------------------------------------------------------------------------------------------------------
                                OUTER      INNER                    STEP   MAXIMUM CHANGE MODEL-(CELLID) OR
 OUTER ITERATION STEP       ITERATION  ITERATION  MAXIMUM CHANGE SUCCESS             MODEL-PACKAGE-(NUMBER)
 ----------------------------------------------------------------------------------------------------------
 Model                              1         16     -0.17521506                            1_GWF-(1,94,77)
 Model                              2          5     -0.11782454                           1_GWF-(1,110,36)
 Model                              3          3  1.58466365E-03       *                    1_GWF-(3,99,63)
 ----------------------------------------------------------------------------------------------------------


 3 CALLS TO NUMERICAL SOLUTION IN TIME STEP 1 STRESS PERIOD 197
 24 TOTAL ITERATIONS

 SLN_2 OUTER ITERATION SUMMARY
 ----------------------------------------------------------------------------------------------------------
                                OUTER      INNER                    STEP   MAXIMUM CHANGE MODEL-(CELLID) OR
 OUTER ITERATION STEP       ITERATION  ITERATION  MAXIMUM CHANGE SUCCESS             MODEL-PACKAGE-(NUMBER)
 ----------------------------------------------------------------------------------------------------------
 Model                              1          2      0.20777110                            2_GWT-(14,40,1)
 Model                              2          1  4.97379915E-14       *                    2_GWT-(15,40,1)
 ----------------------------------------------------------------------------------------------------------


 2 CALLS TO NUMERICAL SOLUTION IN TIME STEP 1 STRESS PERIOD 197
 3 TOTAL ITERATIONS
 
    Solving:  Stress period:   198    Time step:     1
 
1
 STRESS PERIOD NO. 198, LENGTH =   1.000000    
 ------------------------------------------
 NUMBER OF TIME STEPS = 1
 MULTIPLIER FOR DELT =     1.000

 OPENED ./external/chd_198.dat
 FILE TYPE:OPEN/CLOSE   UNIT 1675   STATUS:OLD                 
 FORMAT:FORMATTED              ACCESS:SEQUENTIAL          
 ACTION:READ                

 INITIAL TIME STEP SIZE =   1.000000    

 SLN_1 OUTER ITERATION SUMMARY
 ----------------------------------------------------------------------------------------------------------
                                OUTER      INNER                    STEP   MAXIMUM CHANGE MODEL-(CELLID) OR
 OUTER ITERATION STEP       ITERATION  ITERATION  MAXIMUM CHANGE SUCCESS             MODEL-PACKAGE-(NUMBER)
 ----------------------------------------------------------------------------------------------------------
 Model                              1         20     -0.15159221                            1_GWF-(2,72,77)
 Model                              2          5 -3.04869502E-02                             1_GWF-(1,66,9)
 Model                              3          2  1.94983332E-04       *                    1_GWF-(5,83,38)
 ----------------------------------------------------------------------------------------------------------


 3 CALLS TO NUMERICAL SOLUTION IN TIME STEP 1 STRESS PERIOD 198
 27 TOTAL ITERATIONS

 SLN_2 OUTER ITERATION SUMMARY
 ----------------------------------------------------------------------------------------------------------
                                OUTER      INNER                    STEP   MAXIMUM CHANGE MODEL-(CELLID) OR
 OUTER ITERATION STEP       ITERATION  ITERATION  MAXIMUM CHANGE SUCCESS             MODEL-PACKAGE-(NUMBER)
 ----------------------------------------------------------------------------------------------------------
 Model                              1          2      0.18619725                            2_GWT-(14,40,1)
 Model                              2          1 -5.06261699E-14       *                    2_GWT-(14,41,1)
 ----------------------------------------------------------------------------------------------------------


 2 CALLS TO NUMERICAL SOLUTION IN TIME STEP 1 STRESS PERIOD 198
 3 TOTAL ITERATIONS
 
    Solving:  Stress period:   199    Time step:     1
 
1
 STRESS PERIOD NO. 199, LENGTH =   1.000000    
 ------------------------------------------
 NUMBER OF TIME STEPS = 1
 MULTIPLIER FOR DELT =     1.000

 OPENED ./external/chd_199.dat
 FILE TYPE:OPEN/CLOSE   UNIT 1677   STATUS:OLD                 
 FORMAT:FORMATTED              ACCESS:SEQUENTIAL          
 ACTION:READ                

 INITIAL TIME STEP SIZE =   1.000000    

 SLN_1 OUTER ITERATION SUMMARY
 ----------------------------------------------------------------------------------------------------------
                                OUTER      INNER                    STEP   MAXIMUM CHANGE MODEL-(CELLID) OR
 OUTER ITERATION STEP       ITERATION  ITERATION  MAXIMUM CHANGE SUCCESS             MODEL-PACKAGE-(NUMBER)
 ----------------------------------------------------------------------------------------------------------
 Model                              1         22       5.7751316                            1_GWF-(1,92,79)
 Model                              2          9      -3.0535691                            1_GWF-(1,92,79)
 Model                              3          5     -0.57712567                            1_GWF-(1,92,79)
 Model                              4          5  8.49487086E-02                            1_GWF-(1,92,78)
 Model                              5          4  1.66714321E-02                            1_GWF-(1,92,78)
 Model                              6          3  3.17309820E-03       *                    1_GWF-(1,92,78)
 ----------------------------------------------------------------------------------------------------------


 6 CALLS TO NUMERICAL SOLUTION IN TIME STEP 1 STRESS PERIOD 199
 48 TOTAL ITERATIONS

 SLN_2 OUTER ITERATION SUMMARY
 ----------------------------------------------------------------------------------------------------------
                                OUTER      INNER                    STEP   MAXIMUM CHANGE MODEL-(CELLID) OR
 OUTER ITERATION STEP       ITERATION  ITERATION  MAXIMUM CHANGE SUCCESS             MODEL-PACKAGE-(NUMBER)
 ----------------------------------------------------------------------------------------------------------
 Model                              1          2      -2.7563512                            2_GWT-(1,38,66)
 Model                              2          1 -4.37150995E-13       *                    2_GWT-(1,38,66)
 ----------------------------------------------------------------------------------------------------------


 2 CALLS TO NUMERICAL SOLUTION IN TIME STEP 1 STRESS PERIOD 199
 3 TOTAL ITERATIONS
 
    Solving:  Stress period:   200    Time step:     1
 
1
 STRESS PERIOD NO. 200, LENGTH =   1.000000    
 ------------------------------------------
 NUMBER OF TIME STEPS = 1
 MULTIPLIER FOR DELT =     1.000

 OPENED ./external/chd_200.dat
 FILE TYPE:OPEN/CLOSE   UNIT 1679   STATUS:OLD                 
 FORMAT:FORMATTED              ACCESS:SEQUENTIAL          
 ACTION:READ                

 INITIAL TIME STEP SIZE =   1.000000    

 SLN_1 OUTER ITERATION SUMMARY
 ----------------------------------------------------------------------------------------------------------
                                OUTER      INNER                    STEP   MAXIMUM CHANGE MODEL-(CELLID) OR
 OUTER ITERATION STEP       ITERATION  ITERATION  MAXIMUM CHANGE SUCCESS             MODEL-PACKAGE-(NUMBER)
 ----------------------------------------------------------------------------------------------------------
 Model                              1         21      -2.7452544                            1_GWF-(1,76,79)
 Model                              2         10     -0.91308016                            1_GWF-(3,75,79)
 Model                              3          5  5.11250925E-02                            1_GWF-(1,76,72)
 Model                              4          3  7.02282149E-03       *                    1_GWF-(1,76,72)
 ----------------------------------------------------------------------------------------------------------


 4 CALLS TO NUMERICAL SOLUTION IN TIME STEP 1 STRESS PERIOD 200
 39 TOTAL ITERATIONS

 SLN_2 OUTER ITERATION SUMMARY
 ----------------------------------------------------------------------------------------------------------
                                OUTER      INNER                    STEP   MAXIMUM CHANGE MODEL-(CELLID) OR
 OUTER ITERATION STEP       ITERATION  ITERATION  MAXIMUM CHANGE SUCCESS             MODEL-PACKAGE-(NUMBER)
 ----------------------------------------------------------------------------------------------------------
 Model                              1          2       1.2069900                            2_GWT-(1,45,64)
 Model                              2          1  2.49578136E-13       *                    2_GWT-(1,45,64)
 ----------------------------------------------------------------------------------------------------------


 2 CALLS TO NUMERICAL SOLUTION IN TIME STEP 1 STRESS PERIOD 200
 3 TOTAL ITERATIONS
 
    Solving:  Stress period:   201    Time step:     1
 
1
 STRESS PERIOD NO. 201, LENGTH =   1.000000    
 ------------------------------------------
 NUMBER OF TIME STEPS = 1
 MULTIPLIER FOR DELT =     1.000

 OPENED ./external/chd_201.dat
 FILE TYPE:OPEN/CLOSE   UNIT 1681   STATUS:OLD                 
 FORMAT:FORMATTED              ACCESS:SEQUENTIAL          
 ACTION:READ                

 INITIAL TIME STEP SIZE =   1.000000    

 SLN_1 OUTER ITERATION SUMMARY
 ----------------------------------------------------------------------------------------------------------
                                OUTER      INNER                    STEP   MAXIMUM CHANGE MODEL-(CELLID) OR
 OUTER ITERATION STEP       ITERATION  ITERATION  MAXIMUM CHANGE SUCCESS             MODEL-PACKAGE-(NUMBER)
 ----------------------------------------------------------------------------------------------------------
 Model                              1         17     -0.34166278                            1_GWF-(1,62,75)
 Model                              2          6     -0.30437161                           1_GWF-(1,110,34)
 Model                              3          3  2.46248794E-03       *                    1_GWF-(2,62,75)
 ----------------------------------------------------------------------------------------------------------


 3 CALLS TO NUMERICAL SOLUTION IN TIME STEP 1 STRESS PERIOD 201
 26 TOTAL ITERATIONS

 SLN_2 OUTER ITERATION SUMMARY
 ----------------------------------------------------------------------------------------------------------
                                OUTER      INNER                    STEP   MAXIMUM CHANGE MODEL-(CELLID) OR
 OUTER ITERATION STEP       ITERATION  ITERATION  MAXIMUM CHANGE SUCCESS             MODEL-PACKAGE-(NUMBER)
 ----------------------------------------------------------------------------------------------------------
 Model                              1          2     -0.81990145                            2_GWT-(1,46,64)
 Model                              2          1 -1.51850754E-13       *                    2_GWT-(1,46,64)
 ----------------------------------------------------------------------------------------------------------


 2 CALLS TO NUMERICAL SOLUTION IN TIME STEP 1 STRESS PERIOD 201
 3 TOTAL ITERATIONS
 
    Solving:  Stress period:   202    Time step:     1
 
1
 STRESS PERIOD NO. 202, LENGTH =   1.000000    
 ------------------------------------------
 NUMBER OF TIME STEPS = 1
 MULTIPLIER FOR DELT =     1.000

 OPENED ./external/chd_202.dat
 FILE TYPE:OPEN/CLOSE   UNIT 1683   STATUS:OLD                 
 FORMAT:FORMATTED              ACCESS:SEQUENTIAL          
 ACTION:READ                

 INITIAL TIME STEP SIZE =   1.000000    

 SLN_1 OUTER ITERATION SUMMARY
 ----------------------------------------------------------------------------------------------------------
                                OUTER      INNER                    STEP   MAXIMUM CHANGE MODEL-(CELLID) OR
 OUTER ITERATION STEP       ITERATION  ITERATION  MAXIMUM CHANGE SUCCESS             MODEL-PACKAGE-(NUMBER)
 ----------------------------------------------------------------------------------------------------------
 Model                              1         16      -3.0622428                            1_GWF-(1,92,79)
 Model                              2          5       1.0472558                            1_GWF-(1,92,79)
 Model                              3          4      0.10915341                            1_GWF-(1,92,79)
 Model                              4          2  1.08699097E-02                            1_GWF-(1,92,79)
 Model                              5          1  1.12622497E-03       *                    1_GWF-(1,92,79)
 ----------------------------------------------------------------------------------------------------------


 5 CALLS TO NUMERICAL SOLUTION IN TIME STEP 1 STRESS PERIOD 202
 28 TOTAL ITERATIONS

 SLN_2 OUTER ITERATION SUMMARY
 ----------------------------------------------------------------------------------------------------------
                                OUTER      INNER                    STEP   MAXIMUM CHANGE MODEL-(CELLID) OR
 OUTER ITERATION STEP       ITERATION  ITERATION  MAXIMUM CHANGE SUCCESS             MODEL-PACKAGE-(NUMBER)
 ----------------------------------------------------------------------------------------------------------
 Model                              1          2       2.7524982                            2_GWT-(1,38,66)
 Model                              2          1  4.45865567E-13       *                    2_GWT-(1,38,66)
 ----------------------------------------------------------------------------------------------------------


 2 CALLS TO NUMERICAL SOLUTION IN TIME STEP 1 STRESS PERIOD 202
 3 TOTAL ITERATIONS
 
    Solving:  Stress period:   203    Time step:     1
 
1
 STRESS PERIOD NO. 203, LENGTH =   1.000000    
 ------------------------------------------
 NUMBER OF TIME STEPS = 1
 MULTIPLIER FOR DELT =     1.000

 OPENED ./external/chd_203.dat
 FILE TYPE:OPEN/CLOSE   UNIT 1685   STATUS:OLD                 
 FORMAT:FORMATTED              ACCESS:SEQUENTIAL          
 ACTION:READ                

 INITIAL TIME STEP SIZE =   1.000000    

 SLN_1 OUTER ITERATION SUMMARY
 ----------------------------------------------------------------------------------------------------------
                                OUTER      INNER                    STEP   MAXIMUM CHANGE MODEL-(CELLID) OR
 OUTER ITERATION STEP       ITERATION  ITERATION  MAXIMUM CHANGE SUCCESS             MODEL-PACKAGE-(NUMBER)
 ----------------------------------------------------------------------------------------------------------
 Model                              1         16       1.3816854                            1_GWF-(1,92,79)
 Model                              2          7      0.26563458                            1_GWF-(1,92,79)
 Model                              3          4 -3.24943470E-03       *                    1_GWF-(1,53,20)
 ----------------------------------------------------------------------------------------------------------


 3 CALLS TO NUMERICAL SOLUTION IN TIME STEP 1 STRESS PERIOD 203
 27 TOTAL ITERATIONS

 SLN_2 OUTER ITERATION SUMMARY
 ----------------------------------------------------------------------------------------------------------
                                OUTER      INNER                    STEP   MAXIMUM CHANGE MODEL-(CELLID) OR
 OUTER ITERATION STEP       ITERATION  ITERATION  MAXIMUM CHANGE SUCCESS             MODEL-PACKAGE-(NUMBER)
 ----------------------------------------------------------------------------------------------------------
 Model                              1          2      -2.7524982                            2_GWT-(1,38,66)
 Model                              2          1 -3.82182407E-13       *                    2_GWT-(1,38,66)
 ----------------------------------------------------------------------------------------------------------


 2 CALLS TO NUMERICAL SOLUTION IN TIME STEP 1 STRESS PERIOD 203
 3 TOTAL ITERATIONS
 
    Solving:  Stress period:   204    Time step:     1
 
1
 STRESS PERIOD NO. 204, LENGTH =   1.000000    
 ------------------------------------------
 NUMBER OF TIME STEPS = 1
 MULTIPLIER FOR DELT =     1.000

 OPENED ./external/chd_204.dat
 FILE TYPE:OPEN/CLOSE   UNIT 1687   STATUS:OLD                 
 FORMAT:FORMATTED              ACCESS:SEQUENTIAL          
 ACTION:READ                

 INITIAL TIME STEP SIZE =   1.000000    

 SLN_1 OUTER ITERATION SUMMARY
 ----------------------------------------------------------------------------------------------------------
                                OUTER      INNER                    STEP   MAXIMUM CHANGE MODEL-(CELLID) OR
 OUTER ITERATION STEP       ITERATION  ITERATION  MAXIMUM CHANGE SUCCESS             MODEL-PACKAGE-(NUMBER)
 ----------------------------------------------------------------------------------------------------------
 Model                              1         16       1.0779705                            1_GWF-(1,92,79)
 Model                              2          6     -0.60269518                            1_GWF-(1,92,79)
 Model                              3          5 -7.21343249E-02                            1_GWF-(1,92,79)
 Model                              4          4 -7.39716505E-03       *                    1_GWF-(1,92,79)
 ----------------------------------------------------------------------------------------------------------


 4 CALLS TO NUMERICAL SOLUTION IN TIME STEP 1 STRESS PERIOD 204
 31 TOTAL ITERATIONS

 SLN_2 OUTER ITERATION SUMMARY
 ----------------------------------------------------------------------------------------------------------
                                OUTER      INNER                    STEP   MAXIMUM CHANGE MODEL-(CELLID) OR
 OUTER ITERATION STEP       ITERATION  ITERATION  MAXIMUM CHANGE SUCCESS             MODEL-PACKAGE-(NUMBER)
 ----------------------------------------------------------------------------------------------------------
 Model                              1          2      0.12811434                            2_GWT-(12,34,3)
 Model                              2          1 -3.46389584E-14       *                    2_GWT-(14,41,1)
 ----------------------------------------------------------------------------------------------------------


 2 CALLS TO NUMERICAL SOLUTION IN TIME STEP 1 STRESS PERIOD 204
 3 TOTAL ITERATIONS
 
    Solving:  Stress period:   205    Time step:     1
 
1
 STRESS PERIOD NO. 205, LENGTH =   1.000000    
 ------------------------------------------
 NUMBER OF TIME STEPS = 1
 MULTIPLIER FOR DELT =     1.000

 OPENED ./external/chd_205.dat
 FILE TYPE:OPEN/CLOSE   UNIT 1689   STATUS:OLD                 
 FORMAT:FORMATTED              ACCESS:SEQUENTIAL          
 ACTION:READ                

 INITIAL TIME STEP SIZE =   1.000000    

 SLN_1 OUTER ITERATION SUMMARY
 ----------------------------------------------------------------------------------------------------------
                                OUTER      INNER                    STEP   MAXIMUM CHANGE MODEL-(CELLID) OR
 OUTER ITERATION STEP       ITERATION  ITERATION  MAXIMUM CHANGE SUCCESS             MODEL-PACKAGE-(NUMBER)
 ----------------------------------------------------------------------------------------------------------
 Model                              1         18     -0.85124086                            1_GWF-(1,76,77)
 Model                              2          6      -2.2771182                            1_GWF-(1,92,79)
 Model                              3          5      0.70131896                            1_GWF-(1,92,79)
 Model                              4          4  7.20088361E-02                            1_GWF-(1,92,79)
 Model                              5          3  7.22783031E-03       *                    1_GWF-(1,92,79)
 ----------------------------------------------------------------------------------------------------------


 5 CALLS TO NUMERICAL SOLUTION IN TIME STEP 1 STRESS PERIOD 205
 36 TOTAL ITERATIONS

 SLN_2 OUTER ITERATION SUMMARY
 ----------------------------------------------------------------------------------------------------------
                                OUTER      INNER                    STEP   MAXIMUM CHANGE MODEL-(CELLID) OR
 OUTER ITERATION STEP       ITERATION  ITERATION  MAXIMUM CHANGE SUCCESS             MODEL-PACKAGE-(NUMBER)
 ----------------------------------------------------------------------------------------------------------
 Model                              1          2      0.26923667                            2_GWT-(1,42,35)
 Model                              2          1 -3.01980663E-14       *                    2_GWT-(14,41,1)
 ----------------------------------------------------------------------------------------------------------


 2 CALLS TO NUMERICAL SOLUTION IN TIME STEP 1 STRESS PERIOD 205
 3 TOTAL ITERATIONS
 
    Solving:  Stress period:   206    Time step:     1
 
1
 STRESS PERIOD NO. 206, LENGTH =   1.000000    
 ------------------------------------------
 NUMBER OF TIME STEPS = 1
 MULTIPLIER FOR DELT =     1.000

 OPENED ./external/chd_206.dat
 FILE TYPE:OPEN/CLOSE   UNIT 1691   STATUS:OLD                 
 FORMAT:FORMATTED              ACCESS:SEQUENTIAL          
 ACTION:READ                

 INITIAL TIME STEP SIZE =   1.000000    

 SLN_1 OUTER ITERATION SUMMARY
 ----------------------------------------------------------------------------------------------------------
                                OUTER      INNER                    STEP   MAXIMUM CHANGE MODEL-(CELLID) OR
 OUTER ITERATION STEP       ITERATION  ITERATION  MAXIMUM CHANGE SUCCESS             MODEL-PACKAGE-(NUMBER)
 ----------------------------------------------------------------------------------------------------------
 Model                              1         16     -0.43865024                            1_GWF-(1,92,79)
 Model                              2          5     -0.16715413                            1_GWF-(1,94,77)
 Model                              3          2  9.23851922E-04       *                    1_GWF-(2,96,74)
 ----------------------------------------------------------------------------------------------------------


 3 CALLS TO NUMERICAL SOLUTION IN TIME STEP 1 STRESS PERIOD 206
 23 TOTAL ITERATIONS

 SLN_2 OUTER ITERATION SUMMARY
 ----------------------------------------------------------------------------------------------------------
                                OUTER      INNER                    STEP   MAXIMUM CHANGE MODEL-(CELLID) OR
 OUTER ITERATION STEP       ITERATION  ITERATION  MAXIMUM CHANGE SUCCESS             MODEL-PACKAGE-(NUMBER)
 ----------------------------------------------------------------------------------------------------------
 Model                              1          2       2.7496337                            2_GWT-(1,38,66)
 Model                              2          1  2.64233080E-13       *                    2_GWT-(1,38,66)
 ----------------------------------------------------------------------------------------------------------


 2 CALLS TO NUMERICAL SOLUTION IN TIME STEP 1 STRESS PERIOD 206
 3 TOTAL ITERATIONS
 
    Solving:  Stress period:   207    Time step:     1
 
1
 STRESS PERIOD NO. 207, LENGTH =   1.000000    
 ------------------------------------------
 NUMBER OF TIME STEPS = 1
 MULTIPLIER FOR DELT =     1.000

 OPENED ./external/chd_207.dat
 FILE TYPE:OPEN/CLOSE   UNIT 1693   STATUS:OLD                 
 FORMAT:FORMATTED              ACCESS:SEQUENTIAL          
 ACTION:READ                

 INITIAL TIME STEP SIZE =   1.000000    

 SLN_1 OUTER ITERATION SUMMARY
 ----------------------------------------------------------------------------------------------------------
                                OUTER      INNER                    STEP   MAXIMUM CHANGE MODEL-(CELLID) OR
 OUTER ITERATION STEP       ITERATION  ITERATION  MAXIMUM CHANGE SUCCESS             MODEL-PACKAGE-(NUMBER)
 ----------------------------------------------------------------------------------------------------------
 Model                              1         18      0.32288028                            1_GWF-(1,75,18)
 Model                              2          6 -5.62162239E-02                            1_GWF-(1,61,20)
 Model                              3          5 -4.28334775E-03       *                    1_GWF-(1,29,23)
 ----------------------------------------------------------------------------------------------------------


 3 CALLS TO NUMERICAL SOLUTION IN TIME STEP 1 STRESS PERIOD 207
 29 TOTAL ITERATIONS

 SLN_2 OUTER ITERATION SUMMARY
 ----------------------------------------------------------------------------------------------------------
                                OUTER      INNER                    STEP   MAXIMUM CHANGE MODEL-(CELLID) OR
 OUTER ITERATION STEP       ITERATION  ITERATION  MAXIMUM CHANGE SUCCESS             MODEL-PACKAGE-(NUMBER)
 ----------------------------------------------------------------------------------------------------------
 Model                              1          2      -2.7496337                            2_GWT-(1,38,66)
 Model                              2          1 -2.33644106E-13       *                    2_GWT-(1,38,66)
 ----------------------------------------------------------------------------------------------------------


 2 CALLS TO NUMERICAL SOLUTION IN TIME STEP 1 STRESS PERIOD 207
 3 TOTAL ITERATIONS
 
    Solving:  Stress period:   208    Time step:     1
 
1
 STRESS PERIOD NO. 208, LENGTH =   1.000000    
 ------------------------------------------
 NUMBER OF TIME STEPS = 1
 MULTIPLIER FOR DELT =     1.000

 OPENED ./external/chd_208.dat
 FILE TYPE:OPEN/CLOSE   UNIT 1695   STATUS:OLD                 
 FORMAT:FORMATTED              ACCESS:SEQUENTIAL          
 ACTION:READ                

 INITIAL TIME STEP SIZE =   1.000000    

 SLN_1 OUTER ITERATION SUMMARY
 ----------------------------------------------------------------------------------------------------------
                                OUTER      INNER                    STEP   MAXIMUM CHANGE MODEL-(CELLID) OR
 OUTER ITERATION STEP       ITERATION  ITERATION  MAXIMUM CHANGE SUCCESS             MODEL-PACKAGE-(NUMBER)
 ----------------------------------------------------------------------------------------------------------
 Model                              1         18     -0.36027618                            1_GWF-(1,92,79)
 Model                              2          6     -0.12941773                            1_GWF-(1,74,71)
 Model                              3          2  1.36671590E-03       *                    1_GWF-(5,75,39)
 ----------------------------------------------------------------------------------------------------------


 3 CALLS TO NUMERICAL SOLUTION IN TIME STEP 1 STRESS PERIOD 208
 26 TOTAL ITERATIONS

 SLN_2 OUTER ITERATION SUMMARY
 ----------------------------------------------------------------------------------------------------------
                                OUTER      INNER                    STEP   MAXIMUM CHANGE MODEL-(CELLID) OR
 OUTER ITERATION STEP       ITERATION  ITERATION  MAXIMUM CHANGE SUCCESS             MODEL-PACKAGE-(NUMBER)
 ----------------------------------------------------------------------------------------------------------
 Model                              1          2       1.2019437                            2_GWT-(1,45,64)
 Model                              2          1  9.74775816E-14       *                    2_GWT-(1,45,64)
 ----------------------------------------------------------------------------------------------------------


 2 CALLS TO NUMERICAL SOLUTION IN TIME STEP 1 STRESS PERIOD 208
 3 TOTAL ITERATIONS
 
    Solving:  Stress period:   209    Time step:     1
 
1
 STRESS PERIOD NO. 209, LENGTH =   1.000000    
 ------------------------------------------
 NUMBER OF TIME STEPS = 1
 MULTIPLIER FOR DELT =     1.000

 OPENED ./external/chd_209.dat
 FILE TYPE:OPEN/CLOSE   UNIT 1697   STATUS:OLD                 
 FORMAT:FORMATTED              ACCESS:SEQUENTIAL          
 ACTION:READ                

 INITIAL TIME STEP SIZE =   1.000000    

 SLN_1 OUTER ITERATION SUMMARY
 ----------------------------------------------------------------------------------------------------------
                                OUTER      INNER                    STEP   MAXIMUM CHANGE MODEL-(CELLID) OR
 OUTER ITERATION STEP       ITERATION  ITERATION  MAXIMUM CHANGE SUCCESS             MODEL-PACKAGE-(NUMBER)
 ----------------------------------------------------------------------------------------------------------
 Model                              1         20 -7.33389883E-02                            1_GWF-(1,97,18)
 Model                              2          5 -3.10653541E-02                            1_GWF-(1,72,77)
 Model                              3          3  9.24834122E-04       *                    1_GWF-(5,79,37)
 ----------------------------------------------------------------------------------------------------------


 3 CALLS TO NUMERICAL SOLUTION IN TIME STEP 1 STRESS PERIOD 209
 28 TOTAL ITERATIONS

 SLN_2 OUTER ITERATION SUMMARY
 ----------------------------------------------------------------------------------------------------------
                                OUTER      INNER                    STEP   MAXIMUM CHANGE MODEL-(CELLID) OR
 OUTER ITERATION STEP       ITERATION  ITERATION  MAXIMUM CHANGE SUCCESS             MODEL-PACKAGE-(NUMBER)
 ----------------------------------------------------------------------------------------------------------
 Model                              1          2       2.7487431                            2_GWT-(1,38,66)
 Model                              2          1  2.14050999E-13       *                    2_GWT-(1,38,66)
 ----------------------------------------------------------------------------------------------------------


 2 CALLS TO NUMERICAL SOLUTION IN TIME STEP 1 STRESS PERIOD 209
 3 TOTAL ITERATIONS
 
    Solving:  Stress period:   210    Time step:     1
 
1
 STRESS PERIOD NO. 210, LENGTH =   1.000000    
 ------------------------------------------
 NUMBER OF TIME STEPS = 1
 MULTIPLIER FOR DELT =     1.000

 OPENED ./external/chd_210.dat
 FILE TYPE:OPEN/CLOSE   UNIT 1699   STATUS:OLD                 
 FORMAT:FORMATTED              ACCESS:SEQUENTIAL          
 ACTION:READ                

 INITIAL TIME STEP SIZE =   1.000000    

 SLN_1 OUTER ITERATION SUMMARY
 ----------------------------------------------------------------------------------------------------------
                                OUTER      INNER                    STEP   MAXIMUM CHANGE MODEL-(CELLID) OR
 OUTER ITERATION STEP       ITERATION  ITERATION  MAXIMUM CHANGE SUCCESS             MODEL-PACKAGE-(NUMBER)
 ----------------------------------------------------------------------------------------------------------
 Model                              1         20     -0.16660123                           1_GWF-(1,110,32)
 Model                              2          4 -1.48728687E-02                            1_GWF-(1,81,74)
 Model                              3          3  1.27051953E-03       *                    1_GWF-(4,72,20)
 ----------------------------------------------------------------------------------------------------------


 3 CALLS TO NUMERICAL SOLUTION IN TIME STEP 1 STRESS PERIOD 210
 27 TOTAL ITERATIONS

 SLN_2 OUTER ITERATION SUMMARY
 ----------------------------------------------------------------------------------------------------------
                                OUTER      INNER                    STEP   MAXIMUM CHANGE MODEL-(CELLID) OR
 OUTER ITERATION STEP       ITERATION  ITERATION  MAXIMUM CHANGE SUCCESS             MODEL-PACKAGE-(NUMBER)
 ----------------------------------------------------------------------------------------------------------
 Model                              1          2     -0.14335797                           2_GWT-(12,44,72)
 Model                              2          1 -2.13162821E-14       *                    2_GWT-(4,14,35)
 ----------------------------------------------------------------------------------------------------------


 2 CALLS TO NUMERICAL SOLUTION IN TIME STEP 1 STRESS PERIOD 210
 3 TOTAL ITERATIONS
 
    Solving:  Stress period:   211    Time step:     1
 
1
 STRESS PERIOD NO. 211, LENGTH =   1.000000    
 ------------------------------------------
 NUMBER OF TIME STEPS = 1
 MULTIPLIER FOR DELT =     1.000

 OPENED ./external/chd_211.dat
 FILE TYPE:OPEN/CLOSE   UNIT 1701   STATUS:OLD                 
 FORMAT:FORMATTED              ACCESS:SEQUENTIAL          
 ACTION:READ                

 INITIAL TIME STEP SIZE =   1.000000    

 SLN_1 OUTER ITERATION SUMMARY
 ----------------------------------------------------------------------------------------------------------
                                OUTER      INNER                    STEP   MAXIMUM CHANGE MODEL-(CELLID) OR
 OUTER ITERATION STEP       ITERATION  ITERATION  MAXIMUM CHANGE SUCCESS             MODEL-PACKAGE-(NUMBER)
 ----------------------------------------------------------------------------------------------------------
 Model                              1         18     -0.12837090                            1_GWF-(3,81,74)
 Model                              2          5 -2.32390172E-02                            1_GWF-(1,79,28)
 Model                              3          3  1.15854682E-03       *                    1_GWF-(4,76,16)
 ----------------------------------------------------------------------------------------------------------


 3 CALLS TO NUMERICAL SOLUTION IN TIME STEP 1 STRESS PERIOD 211
 26 TOTAL ITERATIONS

 SLN_2 OUTER ITERATION SUMMARY
 ----------------------------------------------------------------------------------------------------------
                                OUTER      INNER                    STEP   MAXIMUM CHANGE MODEL-(CELLID) OR
 OUTER ITERATION STEP       ITERATION  ITERATION  MAXIMUM CHANGE SUCCESS             MODEL-PACKAGE-(NUMBER)
 ----------------------------------------------------------------------------------------------------------
 Model                              1          2     -0.14434746                           2_GWT-(12,44,72)
 Model                              2          1  2.13162821E-14       *                    2_GWT-(4,14,33)
 ----------------------------------------------------------------------------------------------------------


 2 CALLS TO NUMERICAL SOLUTION IN TIME STEP 1 STRESS PERIOD 211
 3 TOTAL ITERATIONS
 
    Solving:  Stress period:   212    Time step:     1
 
1
 STRESS PERIOD NO. 212, LENGTH =   1.000000    
 ------------------------------------------
 NUMBER OF TIME STEPS = 1
 MULTIPLIER FOR DELT =     1.000

 OPENED ./external/chd_212.dat
 FILE TYPE:OPEN/CLOSE   UNIT 1703   STATUS:OLD                 
 FORMAT:FORMATTED              ACCESS:SEQUENTIAL          
 ACTION:READ                

 INITIAL TIME STEP SIZE =   1.000000    

 SLN_1 OUTER ITERATION SUMMARY
 ----------------------------------------------------------------------------------------------------------
                                OUTER      INNER                    STEP   MAXIMUM CHANGE MODEL-(CELLID) OR
 OUTER ITERATION STEP       ITERATION  ITERATION  MAXIMUM CHANGE SUCCESS             MODEL-PACKAGE-(NUMBER)
 ----------------------------------------------------------------------------------------------------------
 Model                              1         16 -5.19091826E-02                            1_GWF-(1,92,79)
 Model                              2          5 -3.23925616E-02                            1_GWF-(3,72,20)
 Model                              3          3  1.32113391E-03       *                    1_GWF-(4,97,17)
 ----------------------------------------------------------------------------------------------------------


 3 CALLS TO NUMERICAL SOLUTION IN TIME STEP 1 STRESS PERIOD 212
 24 TOTAL ITERATIONS

 SLN_2 OUTER ITERATION SUMMARY
 ----------------------------------------------------------------------------------------------------------
                                OUTER      INNER                    STEP   MAXIMUM CHANGE MODEL-(CELLID) OR
 OUTER ITERATION STEP       ITERATION  ITERATION  MAXIMUM CHANGE SUCCESS             MODEL-PACKAGE-(NUMBER)
 ----------------------------------------------------------------------------------------------------------
 Model                              1          2     -0.14398802                           2_GWT-(12,44,72)
 Model                              2          1 -2.13162821E-14       *                     2_GWT-(3,3,25)
 ----------------------------------------------------------------------------------------------------------


 2 CALLS TO NUMERICAL SOLUTION IN TIME STEP 1 STRESS PERIOD 212
 3 TOTAL ITERATIONS
 
    Solving:  Stress period:   213    Time step:     1
 
1
 STRESS PERIOD NO. 213, LENGTH =   1.000000    
 ------------------------------------------
 NUMBER OF TIME STEPS = 1
 MULTIPLIER FOR DELT =     1.000

 OPENED ./external/chd_213.dat
 FILE TYPE:OPEN/CLOSE   UNIT 1705   STATUS:OLD                 
 FORMAT:FORMATTED              ACCESS:SEQUENTIAL          
 ACTION:READ                

 INITIAL TIME STEP SIZE =   1.000000    

 SLN_1 OUTER ITERATION SUMMARY
 ----------------------------------------------------------------------------------------------------------
                                OUTER      INNER                    STEP   MAXIMUM CHANGE MODEL-(CELLID) OR
 OUTER ITERATION STEP       ITERATION  ITERATION  MAXIMUM CHANGE SUCCESS             MODEL-PACKAGE-(NUMBER)
 ----------------------------------------------------------------------------------------------------------
 Model                              1         19 -7.56864502E-02                            1_GWF-(2,83,21)
 Model                              2          4 -5.78097957E-02                            1_GWF-(1,81,50)
 Model                              3          3  1.40999613E-03       *                   1_GWF-(2,110,31)
 ----------------------------------------------------------------------------------------------------------


 3 CALLS TO NUMERICAL SOLUTION IN TIME STEP 1 STRESS PERIOD 213
 26 TOTAL ITERATIONS

 SLN_2 OUTER ITERATION SUMMARY
 ----------------------------------------------------------------------------------------------------------
                                OUTER      INNER                    STEP   MAXIMUM CHANGE MODEL-(CELLID) OR
 OUTER ITERATION STEP       ITERATION  ITERATION  MAXIMUM CHANGE SUCCESS             MODEL-PACKAGE-(NUMBER)
 ----------------------------------------------------------------------------------------------------------
 Model                              1          2     -0.14288314                           2_GWT-(12,44,72)
 Model                              2          1  2.13162821E-14       *                     2_GWT-(3,7,29)
 ----------------------------------------------------------------------------------------------------------


 2 CALLS TO NUMERICAL SOLUTION IN TIME STEP 1 STRESS PERIOD 213
 3 TOTAL ITERATIONS
 
    Solving:  Stress period:   214    Time step:     1
 
1
 STRESS PERIOD NO. 214, LENGTH =   1.000000    
 ------------------------------------------
 NUMBER OF TIME STEPS = 1
 MULTIPLIER FOR DELT =     1.000
 #k i j q boundname

 OPENED .\external\wel_244.dat
 FILE TYPE:OPEN/CLOSE   UNIT 1706   STATUS:OLD                 
 FORMAT:FORMATTED              ACCESS:SEQUENTIAL          
 ACTION:READ                


 OPENED ./external/chd_214.dat
 FILE TYPE:OPEN/CLOSE   UNIT 1708   STATUS:OLD                 
 FORMAT:FORMATTED              ACCESS:SEQUENTIAL          
 ACTION:READ                

 INITIAL TIME STEP SIZE =   1.000000    

 SLN_1 OUTER ITERATION SUMMARY
 ----------------------------------------------------------------------------------------------------------
                                OUTER      INNER                    STEP   MAXIMUM CHANGE MODEL-(CELLID) OR
 OUTER ITERATION STEP       ITERATION  ITERATION  MAXIMUM CHANGE SUCCESS             MODEL-PACKAGE-(NUMBER)
 ----------------------------------------------------------------------------------------------------------
 Model                              1         21       4.1054906                           1_GWF-(5,172,54)
 Model                              2          6 -2.20048819E-02                            1_GWF-(1,73,26)
 Model                              3          3  1.18659631E-03       *                    1_GWF-(5,71,40)
 ----------------------------------------------------------------------------------------------------------


 3 CALLS TO NUMERICAL SOLUTION IN TIME STEP 1 STRESS PERIOD 214
 30 TOTAL ITERATIONS

 SLN_2 OUTER ITERATION SUMMARY
 ----------------------------------------------------------------------------------------------------------
                                OUTER      INNER                    STEP   MAXIMUM CHANGE MODEL-(CELLID) OR
 OUTER ITERATION STEP       ITERATION  ITERATION  MAXIMUM CHANGE SUCCESS             MODEL-PACKAGE-(NUMBER)
 ----------------------------------------------------------------------------------------------------------
 Model                              1          2     -0.14083642                           2_GWT-(12,44,72)
 Model                              2          1 -2.84217094E-14       *                   2_GWT-(15,41,40)
 ----------------------------------------------------------------------------------------------------------


 2 CALLS TO NUMERICAL SOLUTION IN TIME STEP 1 STRESS PERIOD 214
 3 TOTAL ITERATIONS
 
    Solving:  Stress period:   215    Time step:     1
 
1
 STRESS PERIOD NO. 215, LENGTH =   1.000000    
 ------------------------------------------
 NUMBER OF TIME STEPS = 1
 MULTIPLIER FOR DELT =     1.000

 OPENED ./external/chd_215.dat
 FILE TYPE:OPEN/CLOSE   UNIT 1710   STATUS:OLD                 
 FORMAT:FORMATTED              ACCESS:SEQUENTIAL          
 ACTION:READ                

 INITIAL TIME STEP SIZE =   1.000000    

 SLN_1 OUTER ITERATION SUMMARY
 ----------------------------------------------------------------------------------------------------------
                                OUTER      INNER                    STEP   MAXIMUM CHANGE MODEL-(CELLID) OR
 OUTER ITERATION STEP       ITERATION  ITERATION  MAXIMUM CHANGE SUCCESS             MODEL-PACKAGE-(NUMBER)
 ----------------------------------------------------------------------------------------------------------
 Model                              1         15 -5.72913443E-02                            1_GWF-(1,72,21)
 Model                              2          6 -5.18055860E-02                            1_GWF-(1,97,19)
 Model                              3          4  1.44716148E-03       *                   1_GWF-(4,102,26)
 ----------------------------------------------------------------------------------------------------------


 3 CALLS TO NUMERICAL SOLUTION IN TIME STEP 1 STRESS PERIOD 215
 25 TOTAL ITERATIONS

 SLN_2 OUTER ITERATION SUMMARY
 ----------------------------------------------------------------------------------------------------------
                                OUTER      INNER                    STEP   MAXIMUM CHANGE MODEL-(CELLID) OR
 OUTER ITERATION STEP       ITERATION  ITERATION  MAXIMUM CHANGE SUCCESS             MODEL-PACKAGE-(NUMBER)
 ----------------------------------------------------------------------------------------------------------
 Model                              1          2     -0.13806843                           2_GWT-(12,44,72)
 Model                              2          1  2.30926389E-14       *                    2_GWT-(15,41,1)
 ----------------------------------------------------------------------------------------------------------


 2 CALLS TO NUMERICAL SOLUTION IN TIME STEP 1 STRESS PERIOD 215
 3 TOTAL ITERATIONS
 
    Solving:  Stress period:   216    Time step:     1
 
1
 STRESS PERIOD NO. 216, LENGTH =   1.000000    
 ------------------------------------------
 NUMBER OF TIME STEPS = 1
 MULTIPLIER FOR DELT =     1.000

 OPENED ./external/chd_216.dat
 FILE TYPE:OPEN/CLOSE   UNIT 1712   STATUS:OLD                 
 FORMAT:FORMATTED              ACCESS:SEQUENTIAL          
 ACTION:READ                

 INITIAL TIME STEP SIZE =   1.000000    

 SLN_1 OUTER ITERATION SUMMARY
 ----------------------------------------------------------------------------------------------------------
                                OUTER      INNER                    STEP   MAXIMUM CHANGE MODEL-(CELLID) OR
 OUTER ITERATION STEP       ITERATION  ITERATION  MAXIMUM CHANGE SUCCESS             MODEL-PACKAGE-(NUMBER)
 ----------------------------------------------------------------------------------------------------------
 Model                              1         17 -7.92861963E-02                            1_GWF-(1,97,17)
 Model                              2          5     -0.16457231                            1_GWF-(1,91,82)
 Model                              3          1  6.96260295E-05       *                    1_GWF-(1,91,81)
 ----------------------------------------------------------------------------------------------------------


 3 CALLS TO NUMERICAL SOLUTION IN TIME STEP 1 STRESS PERIOD 216
 23 TOTAL ITERATIONS

 SLN_2 OUTER ITERATION SUMMARY
 ----------------------------------------------------------------------------------------------------------
                                OUTER      INNER                    STEP   MAXIMUM CHANGE MODEL-(CELLID) OR
 OUTER ITERATION STEP       ITERATION  ITERATION  MAXIMUM CHANGE SUCCESS             MODEL-PACKAGE-(NUMBER)
 ----------------------------------------------------------------------------------------------------------
 Model                              1          2     -0.13394272                           2_GWT-(12,44,72)
 Model                              2          1 -2.13162821E-14       *                    2_GWT-(4,11,31)
 ----------------------------------------------------------------------------------------------------------


 2 CALLS TO NUMERICAL SOLUTION IN TIME STEP 1 STRESS PERIOD 216
 3 TOTAL ITERATIONS
 
    Solving:  Stress period:   217    Time step:     1
 
1
 STRESS PERIOD NO. 217, LENGTH =   1.000000    
 ------------------------------------------
 NUMBER OF TIME STEPS = 1
 MULTIPLIER FOR DELT =     1.000

 OPENED ./external/chd_217.dat
 FILE TYPE:OPEN/CLOSE   UNIT 1714   STATUS:OLD                 
 FORMAT:FORMATTED              ACCESS:SEQUENTIAL          
 ACTION:READ                

 INITIAL TIME STEP SIZE =   1.000000    

 SLN_1 OUTER ITERATION SUMMARY
 ----------------------------------------------------------------------------------------------------------
                                OUTER      INNER                    STEP   MAXIMUM CHANGE MODEL-(CELLID) OR
 OUTER ITERATION STEP       ITERATION  ITERATION  MAXIMUM CHANGE SUCCESS             MODEL-PACKAGE-(NUMBER)
 ----------------------------------------------------------------------------------------------------------
 Model                              1         13      0.23536727                            1_GWF-(1,86,31)
 Model                              2          6 -4.82223043E-02                            1_GWF-(3,82,49)
 Model                              3          3  7.65195152E-04       *                    1_GWF-(4,66,71)
 ----------------------------------------------------------------------------------------------------------


 3 CALLS TO NUMERICAL SOLUTION IN TIME STEP 1 STRESS PERIOD 217
 22 TOTAL ITERATIONS

 SLN_2 OUTER ITERATION SUMMARY
 ----------------------------------------------------------------------------------------------------------
                                OUTER      INNER                    STEP   MAXIMUM CHANGE MODEL-(CELLID) OR
 OUTER ITERATION STEP       ITERATION  ITERATION  MAXIMUM CHANGE SUCCESS             MODEL-PACKAGE-(NUMBER)
 ----------------------------------------------------------------------------------------------------------
 Model                              1          2      0.13401172                           2_GWT-(13,44,72)
 Model                              2          1 -3.90798505E-14       *                   2_GWT-(13,44,72)
 ----------------------------------------------------------------------------------------------------------


 2 CALLS TO NUMERICAL SOLUTION IN TIME STEP 1 STRESS PERIOD 217
 3 TOTAL ITERATIONS
 
    Solving:  Stress period:   218    Time step:     1
 
1
 STRESS PERIOD NO. 218, LENGTH =   1.000000    
 ------------------------------------------
 NUMBER OF TIME STEPS = 1
 MULTIPLIER FOR DELT =     1.000

 OPENED ./external/chd_218.dat
 FILE TYPE:OPEN/CLOSE   UNIT 1716   STATUS:OLD                 
 FORMAT:FORMATTED              ACCESS:SEQUENTIAL          
 ACTION:READ                

 INITIAL TIME STEP SIZE =   1.000000    

 SLN_1 OUTER ITERATION SUMMARY
 ----------------------------------------------------------------------------------------------------------
                                OUTER      INNER                    STEP   MAXIMUM CHANGE MODEL-(CELLID) OR
 OUTER ITERATION STEP       ITERATION  ITERATION  MAXIMUM CHANGE SUCCESS             MODEL-PACKAGE-(NUMBER)
 ----------------------------------------------------------------------------------------------------------
 Model                              1         17     -0.27144501                            1_GWF-(1,86,31)
 Model                              2          5 -5.62961138E-02                           1_GWF-(3,103,44)
 Model                              3          3 -1.61816197E-03       *                    1_GWF-(1,46,10)
 ----------------------------------------------------------------------------------------------------------


 3 CALLS TO NUMERICAL SOLUTION IN TIME STEP 1 STRESS PERIOD 218
 25 TOTAL ITERATIONS

 SLN_2 OUTER ITERATION SUMMARY
 ----------------------------------------------------------------------------------------------------------
                                OUTER      INNER                    STEP   MAXIMUM CHANGE MODEL-(CELLID) OR
 OUTER ITERATION STEP       ITERATION  ITERATION  MAXIMUM CHANGE SUCCESS             MODEL-PACKAGE-(NUMBER)
 ----------------------------------------------------------------------------------------------------------
 Model                              1          2      0.14862679                           2_GWT-(13,44,72)
 Model                              2          1 -6.03961325E-14       *                   2_GWT-(13,44,72)
 ----------------------------------------------------------------------------------------------------------


 2 CALLS TO NUMERICAL SOLUTION IN TIME STEP 1 STRESS PERIOD 218
 3 TOTAL ITERATIONS
 
    Solving:  Stress period:   219    Time step:     1
 
1
 STRESS PERIOD NO. 219, LENGTH =   1.000000    
 ------------------------------------------
 NUMBER OF TIME STEPS = 1
 MULTIPLIER FOR DELT =     1.000

 OPENED ./external/chd_219.dat
 FILE TYPE:OPEN/CLOSE   UNIT 1718   STATUS:OLD                 
 FORMAT:FORMATTED              ACCESS:SEQUENTIAL          
 ACTION:READ                

 INITIAL TIME STEP SIZE =   1.000000    

 SLN_1 OUTER ITERATION SUMMARY
 ----------------------------------------------------------------------------------------------------------
                                OUTER      INNER                    STEP   MAXIMUM CHANGE MODEL-(CELLID) OR
 OUTER ITERATION STEP       ITERATION  ITERATION  MAXIMUM CHANGE SUCCESS             MODEL-PACKAGE-(NUMBER)
 ----------------------------------------------------------------------------------------------------------
 Model                              1         18 -8.70550633E-02                           1_GWF-(3,103,44)
 Model                              2          5 -3.14640679E-02                           1_GWF-(1,102,26)
 Model                              3          3  1.10163408E-03       *                   1_GWF-(4,104,40)
 ----------------------------------------------------------------------------------------------------------


 3 CALLS TO NUMERICAL SOLUTION IN TIME STEP 1 STRESS PERIOD 219
 26 TOTAL ITERATIONS

 SLN_2 OUTER ITERATION SUMMARY
 ----------------------------------------------------------------------------------------------------------
                                OUTER      INNER                    STEP   MAXIMUM CHANGE MODEL-(CELLID) OR
 OUTER ITERATION STEP       ITERATION  ITERATION  MAXIMUM CHANGE SUCCESS             MODEL-PACKAGE-(NUMBER)
 ----------------------------------------------------------------------------------------------------------
 Model                              1          2      0.16397282                           2_GWT-(13,44,72)
 Model                              2          1  1.15463195E-13       *                    2_GWT-(15,41,1)
 ----------------------------------------------------------------------------------------------------------


 2 CALLS TO NUMERICAL SOLUTION IN TIME STEP 1 STRESS PERIOD 219
 3 TOTAL ITERATIONS
 
    Solving:  Stress period:   220    Time step:     1
 
1
 STRESS PERIOD NO. 220, LENGTH =   1.000000    
 ------------------------------------------
 NUMBER OF TIME STEPS = 1
 MULTIPLIER FOR DELT =     1.000

 OPENED ./external/chd_220.dat
 FILE TYPE:OPEN/CLOSE   UNIT 1720   STATUS:OLD                 
 FORMAT:FORMATTED              ACCESS:SEQUENTIAL          
 ACTION:READ                

 INITIAL TIME STEP SIZE =   1.000000    

 SLN_1 OUTER ITERATION SUMMARY
 ----------------------------------------------------------------------------------------------------------
                                OUTER      INNER                    STEP   MAXIMUM CHANGE MODEL-(CELLID) OR
 OUTER ITERATION STEP       ITERATION  ITERATION  MAXIMUM CHANGE SUCCESS             MODEL-PACKAGE-(NUMBER)
 ----------------------------------------------------------------------------------------------------------
 Model                              1         17 -9.04828524E-02                           1_GWF-(1,102,26)
 Model                              2          4  1.18197934E-02                            1_GWF-(5,74,40)
 Model                              3          3  1.18290502E-03       *                    1_GWF-(5,74,40)
 ----------------------------------------------------------------------------------------------------------


 3 CALLS TO NUMERICAL SOLUTION IN TIME STEP 1 STRESS PERIOD 220
 24 TOTAL ITERATIONS

 SLN_2 OUTER ITERATION SUMMARY
 ----------------------------------------------------------------------------------------------------------
                                OUTER      INNER                    STEP   MAXIMUM CHANGE MODEL-(CELLID) OR
 OUTER ITERATION STEP       ITERATION  ITERATION  MAXIMUM CHANGE SUCCESS             MODEL-PACKAGE-(NUMBER)
 ----------------------------------------------------------------------------------------------------------
 Model                              1          2      0.18110509                           2_GWT-(13,44,72)
 Model                              2          1  1.26121336E-13       *                    2_GWT-(15,41,1)
 ----------------------------------------------------------------------------------------------------------


 2 CALLS TO NUMERICAL SOLUTION IN TIME STEP 1 STRESS PERIOD 220
 3 TOTAL ITERATIONS
 
    Solving:  Stress period:   221    Time step:     1
 
1
 STRESS PERIOD NO. 221, LENGTH =   1.000000    
 ------------------------------------------
 NUMBER OF TIME STEPS = 1
 MULTIPLIER FOR DELT =     1.000

 OPENED ./external/chd_221.dat
 FILE TYPE:OPEN/CLOSE   UNIT 1722   STATUS:OLD                 
 FORMAT:FORMATTED              ACCESS:SEQUENTIAL          
 ACTION:READ                

 INITIAL TIME STEP SIZE =   1.000000    

 SLN_1 OUTER ITERATION SUMMARY
 ----------------------------------------------------------------------------------------------------------
                                OUTER      INNER                    STEP   MAXIMUM CHANGE MODEL-(CELLID) OR
 OUTER ITERATION STEP       ITERATION  ITERATION  MAXIMUM CHANGE SUCCESS             MODEL-PACKAGE-(NUMBER)
 ----------------------------------------------------------------------------------------------------------
 Model                              1         17 -4.79139825E-02                            1_GWF-(1,92,79)
 Model                              2          5 -6.78903348E-02                           1_GWF-(1,101,66)
 Model                              3          3  7.39668687E-03       *                    1_GWF-(1,79,73)
 ----------------------------------------------------------------------------------------------------------


 3 CALLS TO NUMERICAL SOLUTION IN TIME STEP 1 STRESS PERIOD 221
 25 TOTAL ITERATIONS

 SLN_2 OUTER ITERATION SUMMARY
 ----------------------------------------------------------------------------------------------------------
                                OUTER      INNER                    STEP   MAXIMUM CHANGE MODEL-(CELLID) OR
 OUTER ITERATION STEP       ITERATION  ITERATION  MAXIMUM CHANGE SUCCESS             MODEL-PACKAGE-(NUMBER)
 ----------------------------------------------------------------------------------------------------------
 Model                              1          2      0.20031232                           2_GWT-(13,44,72)
 Model                              2          1  1.06581410E-13       *                    2_GWT-(15,41,1)
 ----------------------------------------------------------------------------------------------------------


 2 CALLS TO NUMERICAL SOLUTION IN TIME STEP 1 STRESS PERIOD 221
 3 TOTAL ITERATIONS
 
    Solving:  Stress period:   222    Time step:     1
 
1
 STRESS PERIOD NO. 222, LENGTH =   1.000000    
 ------------------------------------------
 NUMBER OF TIME STEPS = 1
 MULTIPLIER FOR DELT =     1.000

 OPENED ./external/chd_222.dat
 FILE TYPE:OPEN/CLOSE   UNIT 1724   STATUS:OLD                 
 FORMAT:FORMATTED              ACCESS:SEQUENTIAL          
 ACTION:READ                

 INITIAL TIME STEP SIZE =   1.000000    

 SLN_1 OUTER ITERATION SUMMARY
 ----------------------------------------------------------------------------------------------------------
                                OUTER      INNER                    STEP   MAXIMUM CHANGE MODEL-(CELLID) OR
 OUTER ITERATION STEP       ITERATION  ITERATION  MAXIMUM CHANGE SUCCESS             MODEL-PACKAGE-(NUMBER)
 ----------------------------------------------------------------------------------------------------------
 Model                              1         17     -0.15114758                           1_GWF-(1,101,66)
 Model                              2          4  9.61182373E-03       *                    1_GWF-(3,75,26)
 ----------------------------------------------------------------------------------------------------------


 2 CALLS TO NUMERICAL SOLUTION IN TIME STEP 1 STRESS PERIOD 222
 21 TOTAL ITERATIONS

 SLN_2 OUTER ITERATION SUMMARY
 ----------------------------------------------------------------------------------------------------------
                                OUTER      INNER                    STEP   MAXIMUM CHANGE MODEL-(CELLID) OR
 OUTER ITERATION STEP       ITERATION  ITERATION  MAXIMUM CHANGE SUCCESS             MODEL-PACKAGE-(NUMBER)
 ----------------------------------------------------------------------------------------------------------
 Model                              1          2      0.22185730                           2_GWT-(13,44,72)
 Model                              2          1  5.86197757E-14       *                    2_GWT-(15,41,1)
 ----------------------------------------------------------------------------------------------------------


 2 CALLS TO NUMERICAL SOLUTION IN TIME STEP 1 STRESS PERIOD 222
 3 TOTAL ITERATIONS
 
    Solving:  Stress period:   223    Time step:     1
 
1
 STRESS PERIOD NO. 223, LENGTH =   1.000000    
 ------------------------------------------
 NUMBER OF TIME STEPS = 1
 MULTIPLIER FOR DELT =     1.000

 OPENED ./external/chd_223.dat
 FILE TYPE:OPEN/CLOSE   UNIT 1726   STATUS:OLD                 
 FORMAT:FORMATTED              ACCESS:SEQUENTIAL          
 ACTION:READ                

 INITIAL TIME STEP SIZE =   1.000000    

 SLN_1 OUTER ITERATION SUMMARY
 ----------------------------------------------------------------------------------------------------------
                                OUTER      INNER                    STEP   MAXIMUM CHANGE MODEL-(CELLID) OR
 OUTER ITERATION STEP       ITERATION  ITERATION  MAXIMUM CHANGE SUCCESS             MODEL-PACKAGE-(NUMBER)
 ----------------------------------------------------------------------------------------------------------
 Model                              1         18 -4.79285876E-02                            1_GWF-(1,92,79)
 Model                              2          5     -0.15115883                           1_GWF-(1,110,37)
 Model                              3          3  3.72761243E-03       *                   1_GWF-(1,110,37)
 ----------------------------------------------------------------------------------------------------------


 3 CALLS TO NUMERICAL SOLUTION IN TIME STEP 1 STRESS PERIOD 223
 26 TOTAL ITERATIONS

 SLN_2 OUTER ITERATION SUMMARY
 ----------------------------------------------------------------------------------------------------------
                                OUTER      INNER                    STEP   MAXIMUM CHANGE MODEL-(CELLID) OR
 OUTER ITERATION STEP       ITERATION  ITERATION  MAXIMUM CHANGE SUCCESS             MODEL-PACKAGE-(NUMBER)
 ----------------------------------------------------------------------------------------------------------
 Model                              1          2      0.24701304                           2_GWT-(13,44,72)
 Model                              2          1  2.84217094E-14       *                    2_GWT-(15,33,7)
 ----------------------------------------------------------------------------------------------------------


 2 CALLS TO NUMERICAL SOLUTION IN TIME STEP 1 STRESS PERIOD 223
 3 TOTAL ITERATIONS
 
    Solving:  Stress period:   224    Time step:     1
 
1
 STRESS PERIOD NO. 224, LENGTH =   1.000000    
 ------------------------------------------
 NUMBER OF TIME STEPS = 1
 MULTIPLIER FOR DELT =     1.000

 OPENED ./external/chd_224.dat
 FILE TYPE:OPEN/CLOSE   UNIT 1728   STATUS:OLD                 
 FORMAT:FORMATTED              ACCESS:SEQUENTIAL          
 ACTION:READ                

 INITIAL TIME STEP SIZE =   1.000000    

 SLN_1 OUTER ITERATION SUMMARY
 ----------------------------------------------------------------------------------------------------------
                                OUTER      INNER                    STEP   MAXIMUM CHANGE MODEL-(CELLID) OR
 OUTER ITERATION STEP       ITERATION  ITERATION  MAXIMUM CHANGE SUCCESS             MODEL-PACKAGE-(NUMBER)
 ----------------------------------------------------------------------------------------------------------
 Model                              1         16      0.90585699                            1_GWF-(1,92,79)
 Model                              2          7     -0.20180212                            1_GWF-(1,91,82)
 Model                              3          5 -2.08747932E-02                            1_GWF-(1,91,82)
 Model                              4          4 -2.09340514E-03       *                    1_GWF-(1,91,82)
 ----------------------------------------------------------------------------------------------------------


 4 CALLS TO NUMERICAL SOLUTION IN TIME STEP 1 STRESS PERIOD 224
 32 TOTAL ITERATIONS

 SLN_2 OUTER ITERATION SUMMARY
 ----------------------------------------------------------------------------------------------------------
                                OUTER      INNER                    STEP   MAXIMUM CHANGE MODEL-(CELLID) OR
 OUTER ITERATION STEP       ITERATION  ITERATION  MAXIMUM CHANGE SUCCESS             MODEL-PACKAGE-(NUMBER)
 ----------------------------------------------------------------------------------------------------------
 Model                              1          2      0.27118107                           2_GWT-(13,44,72)
 Model                              2          1  2.69359095E-14       *                    2_GWT-(1,42,29)
 ----------------------------------------------------------------------------------------------------------


 2 CALLS TO NUMERICAL SOLUTION IN TIME STEP 1 STRESS PERIOD 224
 3 TOTAL ITERATIONS
 
    Solving:  Stress period:   225    Time step:     1
 
1
 STRESS PERIOD NO. 225, LENGTH =   1.000000    
 ------------------------------------------
 NUMBER OF TIME STEPS = 1
 MULTIPLIER FOR DELT =     1.000

 OPENED ./external/chd_225.dat
 FILE TYPE:OPEN/CLOSE   UNIT 1730   STATUS:OLD                 
 FORMAT:FORMATTED              ACCESS:SEQUENTIAL          
 ACTION:READ                

 INITIAL TIME STEP SIZE =   1.000000    

 SLN_1 OUTER ITERATION SUMMARY
 ----------------------------------------------------------------------------------------------------------
                                OUTER      INNER                    STEP   MAXIMUM CHANGE MODEL-(CELLID) OR
 OUTER ITERATION STEP       ITERATION  ITERATION  MAXIMUM CHANGE SUCCESS             MODEL-PACKAGE-(NUMBER)
 ----------------------------------------------------------------------------------------------------------
 Model                              1         13      0.26182039                            1_GWF-(1,98,16)
 Model                              2          9 -3.72967679E-02                           1_GWF-(3,100,15)
 Model                              3          5 -3.75634376E-03       *                   1_GWF-(3,100,15)
 ----------------------------------------------------------------------------------------------------------


 3 CALLS TO NUMERICAL SOLUTION IN TIME STEP 1 STRESS PERIOD 225
 27 TOTAL ITERATIONS

 SLN_2 OUTER ITERATION SUMMARY
 ----------------------------------------------------------------------------------------------------------
                                OUTER      INNER                    STEP   MAXIMUM CHANGE MODEL-(CELLID) OR
 OUTER ITERATION STEP       ITERATION  ITERATION  MAXIMUM CHANGE SUCCESS             MODEL-PACKAGE-(NUMBER)
 ----------------------------------------------------------------------------------------------------------
 Model                              1          2     -0.31509719                            2_GWT-(1,42,35)
 Model                              2          1  3.73921297E-14       *                    2_GWT-(1,42,29)
 ----------------------------------------------------------------------------------------------------------


 2 CALLS TO NUMERICAL SOLUTION IN TIME STEP 1 STRESS PERIOD 225
 3 TOTAL ITERATIONS
 
    Solving:  Stress period:   226    Time step:     1
 
1
 STRESS PERIOD NO. 226, LENGTH =   1.000000    
 ------------------------------------------
 NUMBER OF TIME STEPS = 1
 MULTIPLIER FOR DELT =     1.000

 OPENED ./external/chd_226.dat
 FILE TYPE:OPEN/CLOSE   UNIT 1732   STATUS:OLD                 
 FORMAT:FORMATTED              ACCESS:SEQUENTIAL          
 ACTION:READ                

 INITIAL TIME STEP SIZE =   1.000000    

 SLN_1 OUTER ITERATION SUMMARY
 ----------------------------------------------------------------------------------------------------------
                                OUTER      INNER                    STEP   MAXIMUM CHANGE MODEL-(CELLID) OR
 OUTER ITERATION STEP       ITERATION  ITERATION  MAXIMUM CHANGE SUCCESS             MODEL-PACKAGE-(NUMBER)
 ----------------------------------------------------------------------------------------------------------
 Model                              1         19       1.5065327                            1_GWF-(1,92,79)
 Model                              2          8      0.53239367                            1_GWF-(1,92,79)
 Model                              3          4 -2.09157642E-02                           1_GWF-(1,110,37)
 Model                              4          4 -2.09468741E-03       *                   1_GWF-(1,110,37)
 ----------------------------------------------------------------------------------------------------------


 4 CALLS TO NUMERICAL SOLUTION IN TIME STEP 1 STRESS PERIOD 226
 35 TOTAL ITERATIONS

 SLN_2 OUTER ITERATION SUMMARY
 ----------------------------------------------------------------------------------------------------------
                                OUTER      INNER                    STEP   MAXIMUM CHANGE MODEL-(CELLID) OR
 OUTER ITERATION STEP       ITERATION  ITERATION  MAXIMUM CHANGE SUCCESS             MODEL-PACKAGE-(NUMBER)
 ----------------------------------------------------------------------------------------------------------
 Model                              1          2     -0.43779074                            2_GWT-(1,42,35)
 Model                              2          1  2.13162821E-14       *                     2_GWT-(2,8,31)
 ----------------------------------------------------------------------------------------------------------


 2 CALLS TO NUMERICAL SOLUTION IN TIME STEP 1 STRESS PERIOD 226
 3 TOTAL ITERATIONS
 
    Solving:  Stress period:   227    Time step:     1
 
1
 STRESS PERIOD NO. 227, LENGTH =   1.000000    
 ------------------------------------------
 NUMBER OF TIME STEPS = 1
 MULTIPLIER FOR DELT =     1.000

 OPENED ./external/chd_227.dat
 FILE TYPE:OPEN/CLOSE   UNIT 1734   STATUS:OLD                 
 FORMAT:FORMATTED              ACCESS:SEQUENTIAL          
 ACTION:READ                

 INITIAL TIME STEP SIZE =   1.000000    

 SLN_1 OUTER ITERATION SUMMARY
 ----------------------------------------------------------------------------------------------------------
                                OUTER      INNER                    STEP   MAXIMUM CHANGE MODEL-(CELLID) OR
 OUTER ITERATION STEP       ITERATION  ITERATION  MAXIMUM CHANGE SUCCESS             MODEL-PACKAGE-(NUMBER)
 ----------------------------------------------------------------------------------------------------------
 Model                              1         19      -3.6951624                            1_GWF-(1,92,79)
 Model                              2          6      0.90286523                            1_GWF-(1,92,79)
 Model                              3          4  9.40889310E-02                            1_GWF-(1,92,79)
 Model                              4          3  9.46854809E-03       *                    1_GWF-(1,92,79)
 ----------------------------------------------------------------------------------------------------------


 4 CALLS TO NUMERICAL SOLUTION IN TIME STEP 1 STRESS PERIOD 227
 32 TOTAL ITERATIONS

 SLN_2 OUTER ITERATION SUMMARY
 ----------------------------------------------------------------------------------------------------------
                                OUTER      INNER                    STEP   MAXIMUM CHANGE MODEL-(CELLID) OR
 OUTER ITERATION STEP       ITERATION  ITERATION  MAXIMUM CHANGE SUCCESS             MODEL-PACKAGE-(NUMBER)
 ----------------------------------------------------------------------------------------------------------
 Model                              1          2      0.72916449                            2_GWT-(1,42,35)
 Model                              2          1  2.15784610E-13       *                    2_GWT-(1,42,29)
 ----------------------------------------------------------------------------------------------------------


 2 CALLS TO NUMERICAL SOLUTION IN TIME STEP 1 STRESS PERIOD 227
 3 TOTAL ITERATIONS
 
    Solving:  Stress period:   228    Time step:     1
 
1
 STRESS PERIOD NO. 228, LENGTH =   1.000000    
 ------------------------------------------
 NUMBER OF TIME STEPS = 1
 MULTIPLIER FOR DELT =     1.000

 OPENED ./external/chd_228.dat
 FILE TYPE:OPEN/CLOSE   UNIT 1736   STATUS:OLD                 
 FORMAT:FORMATTED              ACCESS:SEQUENTIAL          
 ACTION:READ                

 INITIAL TIME STEP SIZE =   1.000000    

 SLN_1 OUTER ITERATION SUMMARY
 ----------------------------------------------------------------------------------------------------------
                                OUTER      INNER                    STEP   MAXIMUM CHANGE MODEL-(CELLID) OR
 OUTER ITERATION STEP       ITERATION  ITERATION  MAXIMUM CHANGE SUCCESS             MODEL-PACKAGE-(NUMBER)
 ----------------------------------------------------------------------------------------------------------
 Model                              1         18     -0.23416306                           1_GWF-(1,110,37)
 Model                              2          4 -2.94352822E-02                            1_GWF-(2,85,40)
 Model                              3          3  9.22675244E-04       *                    1_GWF-(4,78,22)
 ----------------------------------------------------------------------------------------------------------


 3 CALLS TO NUMERICAL SOLUTION IN TIME STEP 1 STRESS PERIOD 228
 25 TOTAL ITERATIONS

 SLN_2 OUTER ITERATION SUMMARY
 ----------------------------------------------------------------------------------------------------------
                                OUTER      INNER                    STEP   MAXIMUM CHANGE MODEL-(CELLID) OR
 OUTER ITERATION STEP       ITERATION  ITERATION  MAXIMUM CHANGE SUCCESS             MODEL-PACKAGE-(NUMBER)
 ----------------------------------------------------------------------------------------------------------
 Model                              1          2      0.17815561                           2_GWT-(13,44,72)
 Model                              2          1 -2.13162821E-14       *                    2_GWT-(4,13,18)
 ----------------------------------------------------------------------------------------------------------


 2 CALLS TO NUMERICAL SOLUTION IN TIME STEP 1 STRESS PERIOD 228
 3 TOTAL ITERATIONS
 
    Solving:  Stress period:   229    Time step:     1
 
1
 STRESS PERIOD NO. 229, LENGTH =   1.000000    
 ------------------------------------------
 NUMBER OF TIME STEPS = 1
 MULTIPLIER FOR DELT =     1.000

 OPENED ./external/chd_229.dat
 FILE TYPE:OPEN/CLOSE   UNIT 1738   STATUS:OLD                 
 FORMAT:FORMATTED              ACCESS:SEQUENTIAL          
 ACTION:READ                

 INITIAL TIME STEP SIZE =   1.000000    

 SLN_1 OUTER ITERATION SUMMARY
 ----------------------------------------------------------------------------------------------------------
                                OUTER      INNER                    STEP   MAXIMUM CHANGE MODEL-(CELLID) OR
 OUTER ITERATION STEP       ITERATION  ITERATION  MAXIMUM CHANGE SUCCESS             MODEL-PACKAGE-(NUMBER)
 ----------------------------------------------------------------------------------------------------------
 Model                              1         17 -6.21983731E-02                            1_GWF-(1,91,82)
 Model                              2          4 -6.76622315E-02                           1_GWF-(1,102,21)
 Model                              3          3  1.31375344E-03       *                   1_GWF-(2,102,21)
 ----------------------------------------------------------------------------------------------------------


 3 CALLS TO NUMERICAL SOLUTION IN TIME STEP 1 STRESS PERIOD 229
 24 TOTAL ITERATIONS

 SLN_2 OUTER ITERATION SUMMARY
 ----------------------------------------------------------------------------------------------------------
                                OUTER      INNER                    STEP   MAXIMUM CHANGE MODEL-(CELLID) OR
 OUTER ITERATION STEP       ITERATION  ITERATION  MAXIMUM CHANGE SUCCESS             MODEL-PACKAGE-(NUMBER)
 ----------------------------------------------------------------------------------------------------------
 Model                              1          2      0.16230555                           2_GWT-(13,44,72)
 Model                              2          1 -2.84217094E-14       *                   2_GWT-(15,38,67)
 ----------------------------------------------------------------------------------------------------------


 2 CALLS TO NUMERICAL SOLUTION IN TIME STEP 1 STRESS PERIOD 229
 3 TOTAL ITERATIONS
 
    Solving:  Stress period:   230    Time step:     1
 
1
 STRESS PERIOD NO. 230, LENGTH =   1.000000    
 ------------------------------------------
 NUMBER OF TIME STEPS = 1
 MULTIPLIER FOR DELT =     1.000

 OPENED ./external/chd_230.dat
 FILE TYPE:OPEN/CLOSE   UNIT 1740   STATUS:OLD                 
 FORMAT:FORMATTED              ACCESS:SEQUENTIAL          
 ACTION:READ                

 INITIAL TIME STEP SIZE =   1.000000    

 SLN_1 OUTER ITERATION SUMMARY
 ----------------------------------------------------------------------------------------------------------
                                OUTER      INNER                    STEP   MAXIMUM CHANGE MODEL-(CELLID) OR
 OUTER ITERATION STEP       ITERATION  ITERATION  MAXIMUM CHANGE SUCCESS             MODEL-PACKAGE-(NUMBER)
 ----------------------------------------------------------------------------------------------------------
 Model                              1         15       1.2999181                            1_GWF-(1,92,79)
 Model                              2          7 -3.68090285E-02                            1_GWF-(3,82,76)
 Model                              3          3 -3.70065897E-03       *                    1_GWF-(3,82,76)
 ----------------------------------------------------------------------------------------------------------


 3 CALLS TO NUMERICAL SOLUTION IN TIME STEP 1 STRESS PERIOD 230
 25 TOTAL ITERATIONS

 SLN_2 OUTER ITERATION SUMMARY
 ----------------------------------------------------------------------------------------------------------
                                OUTER      INNER                    STEP   MAXIMUM CHANGE MODEL-(CELLID) OR
 OUTER ITERATION STEP       ITERATION  ITERATION  MAXIMUM CHANGE SUCCESS             MODEL-PACKAGE-(NUMBER)
 ----------------------------------------------------------------------------------------------------------
 Model                              1          2      -2.7450055                            2_GWT-(1,38,66)
 Model                              2          1 -4.61083999E-14       *                    2_GWT-(1,38,66)
 ----------------------------------------------------------------------------------------------------------


 2 CALLS TO NUMERICAL SOLUTION IN TIME STEP 1 STRESS PERIOD 230
 3 TOTAL ITERATIONS
 
    Solving:  Stress period:   231    Time step:     1
 
1
 STRESS PERIOD NO. 231, LENGTH =   1.000000    
 ------------------------------------------
 NUMBER OF TIME STEPS = 1
 MULTIPLIER FOR DELT =     1.000

 OPENED ./external/chd_231.dat
 FILE TYPE:OPEN/CLOSE   UNIT 1742   STATUS:OLD                 
 FORMAT:FORMATTED              ACCESS:SEQUENTIAL          
 ACTION:READ                

 INITIAL TIME STEP SIZE =   1.000000    

 SLN_1 OUTER ITERATION SUMMARY
 ----------------------------------------------------------------------------------------------------------
                                OUTER      INNER                    STEP   MAXIMUM CHANGE MODEL-(CELLID) OR
 OUTER ITERATION STEP       ITERATION  ITERATION  MAXIMUM CHANGE SUCCESS             MODEL-PACKAGE-(NUMBER)
 ----------------------------------------------------------------------------------------------------------
 Model                              1         21       4.1492133                            1_GWF-(1,92,79)
 Model                              2          9      -2.2126029                            1_GWF-(1,92,79)
 Model                              3          5     -0.36795530                            1_GWF-(1,92,79)
 Model                              4          5  4.37398136E-02                            1_GWF-(1,92,78)
 Model                              5          4  8.48268638E-03       *                    1_GWF-(1,92,78)
 ----------------------------------------------------------------------------------------------------------


 5 CALLS TO NUMERICAL SOLUTION IN TIME STEP 1 STRESS PERIOD 231
 44 TOTAL ITERATIONS

 SLN_2 OUTER ITERATION SUMMARY
 ----------------------------------------------------------------------------------------------------------
                                OUTER      INNER                    STEP   MAXIMUM CHANGE MODEL-(CELLID) OR
 OUTER ITERATION STEP       ITERATION  ITERATION  MAXIMUM CHANGE SUCCESS             MODEL-PACKAGE-(NUMBER)
 ----------------------------------------------------------------------------------------------------------
 Model                              1          2     -0.18931734                            2_GWT-(1,42,35)
 Model                              2          1  3.73034936E-14       *                    2_GWT-(15,41,1)
 ----------------------------------------------------------------------------------------------------------


 2 CALLS TO NUMERICAL SOLUTION IN TIME STEP 1 STRESS PERIOD 231
 3 TOTAL ITERATIONS
 
    Solving:  Stress period:   232    Time step:     1
 
1
 STRESS PERIOD NO. 232, LENGTH =   1.000000    
 ------------------------------------------
 NUMBER OF TIME STEPS = 1
 MULTIPLIER FOR DELT =     1.000

 OPENED ./external/chd_232.dat
 FILE TYPE:OPEN/CLOSE   UNIT 1744   STATUS:OLD                 
 FORMAT:FORMATTED              ACCESS:SEQUENTIAL          
 ACTION:READ                

 INITIAL TIME STEP SIZE =   1.000000    

 SLN_1 OUTER ITERATION SUMMARY
 ----------------------------------------------------------------------------------------------------------
                                OUTER      INNER                    STEP   MAXIMUM CHANGE MODEL-(CELLID) OR
 OUTER ITERATION STEP       ITERATION  ITERATION  MAXIMUM CHANGE SUCCESS             MODEL-PACKAGE-(NUMBER)
 ----------------------------------------------------------------------------------------------------------
 Model                              1         14      -1.2917264                            1_GWF-(1,76,77)
 Model                              2          8     -0.32488728                            1_GWF-(1,72,71)
 Model                              3          4  5.42352859E-03       *                    1_GWF-(3,81,78)
 ----------------------------------------------------------------------------------------------------------


 3 CALLS TO NUMERICAL SOLUTION IN TIME STEP 1 STRESS PERIOD 232
 26 TOTAL ITERATIONS

 SLN_2 OUTER ITERATION SUMMARY
 ----------------------------------------------------------------------------------------------------------
                                OUTER      INNER                    STEP   MAXIMUM CHANGE MODEL-(CELLID) OR
 OUTER ITERATION STEP       ITERATION  ITERATION  MAXIMUM CHANGE SUCCESS             MODEL-PACKAGE-(NUMBER)
 ----------------------------------------------------------------------------------------------------------
 Model                              1          2      0.12579408                           2_GWT-(13,44,72)
 Model                              2          1  3.19744231E-14       *                    2_GWT-(15,41,1)
 ----------------------------------------------------------------------------------------------------------


 2 CALLS TO NUMERICAL SOLUTION IN TIME STEP 1 STRESS PERIOD 232
 3 TOTAL ITERATIONS
 
    Solving:  Stress period:   233    Time step:     1
 
1
 STRESS PERIOD NO. 233, LENGTH =   1.000000    
 ------------------------------------------
 NUMBER OF TIME STEPS = 1
 MULTIPLIER FOR DELT =     1.000

 OPENED ./external/chd_233.dat
 FILE TYPE:OPEN/CLOSE   UNIT 1746   STATUS:OLD                 
 FORMAT:FORMATTED              ACCESS:SEQUENTIAL          
 ACTION:READ                

 INITIAL TIME STEP SIZE =   1.000000    

 SLN_1 OUTER ITERATION SUMMARY
 ----------------------------------------------------------------------------------------------------------
                                OUTER      INNER                    STEP   MAXIMUM CHANGE MODEL-(CELLID) OR
 OUTER ITERATION STEP       ITERATION  ITERATION  MAXIMUM CHANGE SUCCESS             MODEL-PACKAGE-(NUMBER)
 ----------------------------------------------------------------------------------------------------------
 Model                              1         20     -0.88656261                            1_GWF-(1,62,75)
 Model                              2          6      -1.2671261                            1_GWF-(1,92,79)
 Model                              3          4  9.40471419E-03       *                    1_GWF-(1,92,79)
 ----------------------------------------------------------------------------------------------------------


 3 CALLS TO NUMERICAL SOLUTION IN TIME STEP 1 STRESS PERIOD 233
 30 TOTAL ITERATIONS

 SLN_2 OUTER ITERATION SUMMARY
 ----------------------------------------------------------------------------------------------------------
                                OUTER      INNER                    STEP   MAXIMUM CHANGE MODEL-(CELLID) OR
 OUTER ITERATION STEP       ITERATION  ITERATION  MAXIMUM CHANGE SUCCESS             MODEL-PACKAGE-(NUMBER)
 ----------------------------------------------------------------------------------------------------------
 Model                              1          2       2.7358530                            2_GWT-(1,38,66)
 Model                              2          1  5.15143483E-14       *                    2_GWT-(1,38,66)
 ----------------------------------------------------------------------------------------------------------


 2 CALLS TO NUMERICAL SOLUTION IN TIME STEP 1 STRESS PERIOD 233
 3 TOTAL ITERATIONS
 
    Solving:  Stress period:   234    Time step:     1
 
1
 STRESS PERIOD NO. 234, LENGTH =   1.000000    
 ------------------------------------------
 NUMBER OF TIME STEPS = 1
 MULTIPLIER FOR DELT =     1.000

 OPENED ./external/chd_234.dat
 FILE TYPE:OPEN/CLOSE   UNIT 1748   STATUS:OLD                 
 FORMAT:FORMATTED              ACCESS:SEQUENTIAL          
 ACTION:READ                

 INITIAL TIME STEP SIZE =   1.000000    

 SLN_1 OUTER ITERATION SUMMARY
 ----------------------------------------------------------------------------------------------------------
                                OUTER      INNER                    STEP   MAXIMUM CHANGE MODEL-(CELLID) OR
 OUTER ITERATION STEP       ITERATION  ITERATION  MAXIMUM CHANGE SUCCESS             MODEL-PACKAGE-(NUMBER)
 ----------------------------------------------------------------------------------------------------------
 Model                              1         17      -1.4510792                            1_GWF-(1,92,79)
 Model                              2          6 -8.33877304E-02                           1_GWF-(1,110,37)
 Model                              3          3  3.70051565E-03       *                    1_GWF-(1,92,79)
 ----------------------------------------------------------------------------------------------------------


 3 CALLS TO NUMERICAL SOLUTION IN TIME STEP 1 STRESS PERIOD 234
 26 TOTAL ITERATIONS

 SLN_2 OUTER ITERATION SUMMARY
 ----------------------------------------------------------------------------------------------------------
                                OUTER      INNER                    STEP   MAXIMUM CHANGE MODEL-(CELLID) OR
 OUTER ITERATION STEP       ITERATION  ITERATION  MAXIMUM CHANGE SUCCESS             MODEL-PACKAGE-(NUMBER)
 ----------------------------------------------------------------------------------------------------------
 Model                              1          2      0.10845034                           2_GWT-(13,44,72)
 Model                              2          1  3.19744231E-14       *                    2_GWT-(15,41,1)
 ----------------------------------------------------------------------------------------------------------


 2 CALLS TO NUMERICAL SOLUTION IN TIME STEP 1 STRESS PERIOD 234
 3 TOTAL ITERATIONS
 
    Solving:  Stress period:   235    Time step:     1
 
1
 STRESS PERIOD NO. 235, LENGTH =   1.000000    
 ------------------------------------------
 NUMBER OF TIME STEPS = 1
 MULTIPLIER FOR DELT =     1.000

 OPENED ./external/chd_235.dat
 FILE TYPE:OPEN/CLOSE   UNIT 1750   STATUS:OLD                 
 FORMAT:FORMATTED              ACCESS:SEQUENTIAL          
 ACTION:READ                

 INITIAL TIME STEP SIZE =   1.000000    

 SLN_1 OUTER ITERATION SUMMARY
 ----------------------------------------------------------------------------------------------------------
                                OUTER      INNER                    STEP   MAXIMUM CHANGE MODEL-(CELLID) OR
 OUTER ITERATION STEP       ITERATION  ITERATION  MAXIMUM CHANGE SUCCESS             MODEL-PACKAGE-(NUMBER)
 ----------------------------------------------------------------------------------------------------------
 Model                              1         17     -0.15426902                           1_GWF-(1,110,37)
 Model                              2          5 -8.67825056E-02                           1_GWF-(1,101,66)
 Model                              3          3  1.05659806E-03       *                    1_GWF-(5,85,40)
 ----------------------------------------------------------------------------------------------------------


 3 CALLS TO NUMERICAL SOLUTION IN TIME STEP 1 STRESS PERIOD 235
 25 TOTAL ITERATIONS

 SLN_2 OUTER ITERATION SUMMARY
 ----------------------------------------------------------------------------------------------------------
                                OUTER      INNER                    STEP   MAXIMUM CHANGE MODEL-(CELLID) OR
 OUTER ITERATION STEP       ITERATION  ITERATION  MAXIMUM CHANGE SUCCESS             MODEL-PACKAGE-(NUMBER)
 ----------------------------------------------------------------------------------------------------------
 Model                              1          2      0.10107044                           2_GWT-(13,44,72)
 Model                              2          1  3.19744231E-14       *                    2_GWT-(15,41,1)
 ----------------------------------------------------------------------------------------------------------


 2 CALLS TO NUMERICAL SOLUTION IN TIME STEP 1 STRESS PERIOD 235
 3 TOTAL ITERATIONS
 
    Solving:  Stress period:   236    Time step:     1
 
1
 STRESS PERIOD NO. 236, LENGTH =   1.000000    
 ------------------------------------------
 NUMBER OF TIME STEPS = 1
 MULTIPLIER FOR DELT =     1.000

 OPENED ./external/chd_236.dat
 FILE TYPE:OPEN/CLOSE   UNIT 1752   STATUS:OLD                 
 FORMAT:FORMATTED              ACCESS:SEQUENTIAL          
 ACTION:READ                

 INITIAL TIME STEP SIZE =   1.000000    

 SLN_1 OUTER ITERATION SUMMARY
 ----------------------------------------------------------------------------------------------------------
                                OUTER      INNER                    STEP   MAXIMUM CHANGE MODEL-(CELLID) OR
 OUTER ITERATION STEP       ITERATION  ITERATION  MAXIMUM CHANGE SUCCESS             MODEL-PACKAGE-(NUMBER)
 ----------------------------------------------------------------------------------------------------------
 Model                              1         17     -0.19160031                           1_GWF-(1,101,66)
 Model                              2          6     -0.12950802                            1_GWF-(3,70,72)
 Model                              3          4  1.10160125E-03       *                   1_GWF-(4,102,27)
 ----------------------------------------------------------------------------------------------------------


 3 CALLS TO NUMERICAL SOLUTION IN TIME STEP 1 STRESS PERIOD 236
 27 TOTAL ITERATIONS

 SLN_2 OUTER ITERATION SUMMARY
 ----------------------------------------------------------------------------------------------------------
                                OUTER      INNER                    STEP   MAXIMUM CHANGE MODEL-(CELLID) OR
 OUTER ITERATION STEP       ITERATION  ITERATION  MAXIMUM CHANGE SUCCESS             MODEL-PACKAGE-(NUMBER)
 ----------------------------------------------------------------------------------------------------------
 Model                              1          2  9.46343193E-02                           2_GWT-(13,44,72)
 Model                              2          1  2.84217094E-14       *                    2_GWT-(15,41,1)
 ----------------------------------------------------------------------------------------------------------


 2 CALLS TO NUMERICAL SOLUTION IN TIME STEP 1 STRESS PERIOD 236
 3 TOTAL ITERATIONS
 
    Solving:  Stress period:   237    Time step:     1
 
1
 STRESS PERIOD NO. 237, LENGTH =   1.000000    
 ------------------------------------------
 NUMBER OF TIME STEPS = 1
 MULTIPLIER FOR DELT =     1.000

 OPENED ./external/chd_237.dat
 FILE TYPE:OPEN/CLOSE   UNIT 1754   STATUS:OLD                 
 FORMAT:FORMATTED              ACCESS:SEQUENTIAL          
 ACTION:READ                

 INITIAL TIME STEP SIZE =   1.000000    

 SLN_1 OUTER ITERATION SUMMARY
 ----------------------------------------------------------------------------------------------------------
                                OUTER      INNER                    STEP   MAXIMUM CHANGE MODEL-(CELLID) OR
 OUTER ITERATION STEP       ITERATION  ITERATION  MAXIMUM CHANGE SUCCESS             MODEL-PACKAGE-(NUMBER)
 ----------------------------------------------------------------------------------------------------------
 Model                              1         17     -0.13187597                           1_GWF-(1,110,31)
 Model                              2          5     -0.10399204                            1_GWF-(1,79,73)
 Model                              3          3  1.05035251E-02                            1_GWF-(1,79,73)
 Model                              4          3  1.04670611E-03       *                    1_GWF-(3,79,73)
 ----------------------------------------------------------------------------------------------------------


 4 CALLS TO NUMERICAL SOLUTION IN TIME STEP 1 STRESS PERIOD 237
 28 TOTAL ITERATIONS

 SLN_2 OUTER ITERATION SUMMARY
 ----------------------------------------------------------------------------------------------------------
                                OUTER      INNER                    STEP   MAXIMUM CHANGE MODEL-(CELLID) OR
 OUTER ITERATION STEP       ITERATION  ITERATION  MAXIMUM CHANGE SUCCESS             MODEL-PACKAGE-(NUMBER)
 ----------------------------------------------------------------------------------------------------------
 Model                              1          2  9.11979212E-02                           2_GWT-(12,44,72)
 Model                              2          1  3.01980663E-14       *                    2_GWT-(15,41,1)
 ----------------------------------------------------------------------------------------------------------


 2 CALLS TO NUMERICAL SOLUTION IN TIME STEP 1 STRESS PERIOD 237
 3 TOTAL ITERATIONS
 
    Solving:  Stress period:   238    Time step:     1
 
1
 STRESS PERIOD NO. 238, LENGTH =   1.000000    
 ------------------------------------------
 NUMBER OF TIME STEPS = 1
 MULTIPLIER FOR DELT =     1.000

 OPENED ./external/chd_238.dat
 FILE TYPE:OPEN/CLOSE   UNIT 1756   STATUS:OLD                 
 FORMAT:FORMATTED              ACCESS:SEQUENTIAL          
 ACTION:READ                

 INITIAL TIME STEP SIZE =   1.000000    

 SLN_1 OUTER ITERATION SUMMARY
 ----------------------------------------------------------------------------------------------------------
                                OUTER      INNER                    STEP   MAXIMUM CHANGE MODEL-(CELLID) OR
 OUTER ITERATION STEP       ITERATION  ITERATION  MAXIMUM CHANGE SUCCESS             MODEL-PACKAGE-(NUMBER)
 ----------------------------------------------------------------------------------------------------------
 Model                              1         17 -8.19877263E-02                            1_GWF-(4,85,40)
 Model                              2          4 -8.69122127E-02                            1_GWF-(1,97,73)
 Model                              3          2  7.74652957E-04       *                   1_GWF-(4,100,55)
 ----------------------------------------------------------------------------------------------------------


 3 CALLS TO NUMERICAL SOLUTION IN TIME STEP 1 STRESS PERIOD 238
 23 TOTAL ITERATIONS

 SLN_2 OUTER ITERATION SUMMARY
 ----------------------------------------------------------------------------------------------------------
                                OUTER      INNER                    STEP   MAXIMUM CHANGE MODEL-(CELLID) OR
 OUTER ITERATION STEP       ITERATION  ITERATION  MAXIMUM CHANGE SUCCESS             MODEL-PACKAGE-(NUMBER)
 ----------------------------------------------------------------------------------------------------------
 Model                              1          2  8.79713496E-02                           2_GWT-(12,44,72)
 Model                              2          1  5.15143483E-14       *                    2_GWT-(15,41,1)
 ----------------------------------------------------------------------------------------------------------


 2 CALLS TO NUMERICAL SOLUTION IN TIME STEP 1 STRESS PERIOD 238
 3 TOTAL ITERATIONS
 
    Solving:  Stress period:   239    Time step:     1
 
1
 STRESS PERIOD NO. 239, LENGTH =   1.000000    
 ------------------------------------------
 NUMBER OF TIME STEPS = 1
 MULTIPLIER FOR DELT =     1.000

 OPENED ./external/chd_239.dat
 FILE TYPE:OPEN/CLOSE   UNIT 1758   STATUS:OLD                 
 FORMAT:FORMATTED              ACCESS:SEQUENTIAL          
 ACTION:READ                

 INITIAL TIME STEP SIZE =   1.000000    

 SLN_1 OUTER ITERATION SUMMARY
 ----------------------------------------------------------------------------------------------------------
                                OUTER      INNER                    STEP   MAXIMUM CHANGE MODEL-(CELLID) OR
 OUTER ITERATION STEP       ITERATION  ITERATION  MAXIMUM CHANGE SUCCESS             MODEL-PACKAGE-(NUMBER)
 ----------------------------------------------------------------------------------------------------------
 Model                              1         17 -7.16887807E-02                            1_GWF-(1,97,73)
 Model                              2          6 -4.17775329E-02                           1_GWF-(1,104,16)
 Model                              3          3  1.06725167E-03       *                    1_GWF-(5,70,40)
 ----------------------------------------------------------------------------------------------------------


 3 CALLS TO NUMERICAL SOLUTION IN TIME STEP 1 STRESS PERIOD 239
 26 TOTAL ITERATIONS

 SLN_2 OUTER ITERATION SUMMARY
 ----------------------------------------------------------------------------------------------------------
                                OUTER      INNER                    STEP   MAXIMUM CHANGE MODEL-(CELLID) OR
 OUTER ITERATION STEP       ITERATION  ITERATION  MAXIMUM CHANGE SUCCESS             MODEL-PACKAGE-(NUMBER)
 ----------------------------------------------------------------------------------------------------------
 Model                              1          2  8.56333482E-02                           2_GWT-(12,44,72)
 Model                              2          1  5.50670620E-14       *                    2_GWT-(15,41,1)
 ----------------------------------------------------------------------------------------------------------


 2 CALLS TO NUMERICAL SOLUTION IN TIME STEP 1 STRESS PERIOD 239
 3 TOTAL ITERATIONS
 
    Solving:  Stress period:   240    Time step:     1
 
1
 STRESS PERIOD NO. 240, LENGTH =   1.000000    
 ------------------------------------------
 NUMBER OF TIME STEPS = 1
 MULTIPLIER FOR DELT =     1.000

 OPENED ./external/chd_240.dat
 FILE TYPE:OPEN/CLOSE   UNIT 1760   STATUS:OLD                 
 FORMAT:FORMATTED              ACCESS:SEQUENTIAL          
 ACTION:READ                

 INITIAL TIME STEP SIZE =   1.000000    

 SLN_1 OUTER ITERATION SUMMARY
 ----------------------------------------------------------------------------------------------------------
                                OUTER      INNER                    STEP   MAXIMUM CHANGE MODEL-(CELLID) OR
 OUTER ITERATION STEP       ITERATION  ITERATION  MAXIMUM CHANGE SUCCESS             MODEL-PACKAGE-(NUMBER)
 ----------------------------------------------------------------------------------------------------------
 Model                              1         17     -0.10284231                            1_GWF-(1,81,79)
 Model                              2          7 -7.24445312E-02                           1_GWF-(3,102,27)
 Model                              3          4  1.12566704E-03       *                    1_GWF-(3,71,27)
 ----------------------------------------------------------------------------------------------------------


 3 CALLS TO NUMERICAL SOLUTION IN TIME STEP 1 STRESS PERIOD 240
 28 TOTAL ITERATIONS

 SLN_2 OUTER ITERATION SUMMARY
 ----------------------------------------------------------------------------------------------------------
                                OUTER      INNER                    STEP   MAXIMUM CHANGE MODEL-(CELLID) OR
 OUTER ITERATION STEP       ITERATION  ITERATION  MAXIMUM CHANGE SUCCESS             MODEL-PACKAGE-(NUMBER)
 ----------------------------------------------------------------------------------------------------------
 Model                              1          2  8.24336481E-02                           2_GWT-(12,44,72)
 Model                              2          1  4.79616347E-14       *                    2_GWT-(15,41,1)
 ----------------------------------------------------------------------------------------------------------


 2 CALLS TO NUMERICAL SOLUTION IN TIME STEP 1 STRESS PERIOD 240
 3 TOTAL ITERATIONS
 
    Solving:  Stress period:   241    Time step:     1
 
1
 STRESS PERIOD NO. 241, LENGTH =   1.000000    
 ------------------------------------------
 NUMBER OF TIME STEPS = 1
 MULTIPLIER FOR DELT =     1.000

 OPENED ./external/chd_241.dat
 FILE TYPE:OPEN/CLOSE   UNIT 1762   STATUS:OLD                 
 FORMAT:FORMATTED              ACCESS:SEQUENTIAL          
 ACTION:READ                

 INITIAL TIME STEP SIZE =   1.000000    

 SLN_1 OUTER ITERATION SUMMARY
 ----------------------------------------------------------------------------------------------------------
                                OUTER      INNER                    STEP   MAXIMUM CHANGE MODEL-(CELLID) OR
 OUTER ITERATION STEP       ITERATION  ITERATION  MAXIMUM CHANGE SUCCESS             MODEL-PACKAGE-(NUMBER)
 ----------------------------------------------------------------------------------------------------------
 Model                              1         17     -0.11954088                           1_GWF-(1,104,40)
 Model                              2          4     -0.41561361                            1_GWF-(1,91,82)
 Model                              3          3  2.69651463E-04       *                    1_GWF-(4,68,72)
 ----------------------------------------------------------------------------------------------------------


 3 CALLS TO NUMERICAL SOLUTION IN TIME STEP 1 STRESS PERIOD 241
 24 TOTAL ITERATIONS

 SLN_2 OUTER ITERATION SUMMARY
 ----------------------------------------------------------------------------------------------------------
                                OUTER      INNER                    STEP   MAXIMUM CHANGE MODEL-(CELLID) OR
 OUTER ITERATION STEP       ITERATION  ITERATION  MAXIMUM CHANGE SUCCESS             MODEL-PACKAGE-(NUMBER)
 ----------------------------------------------------------------------------------------------------------
 Model                              1          2  7.96169149E-02                           2_GWT-(12,44,72)
 Model                              2          1  3.37507799E-14       *                    2_GWT-(15,41,1)
 ----------------------------------------------------------------------------------------------------------


 2 CALLS TO NUMERICAL SOLUTION IN TIME STEP 1 STRESS PERIOD 241
 3 TOTAL ITERATIONS
 
    Solving:  Stress period:   242    Time step:     1
 
1
 STRESS PERIOD NO. 242, LENGTH =   1.000000    
 ------------------------------------------
 NUMBER OF TIME STEPS = 1
 MULTIPLIER FOR DELT =     1.000

 OPENED ./external/chd_242.dat
 FILE TYPE:OPEN/CLOSE   UNIT 1764   STATUS:OLD                 
 FORMAT:FORMATTED              ACCESS:SEQUENTIAL          
 ACTION:READ                

 INITIAL TIME STEP SIZE =   1.000000    

 SLN_1 OUTER ITERATION SUMMARY
 ----------------------------------------------------------------------------------------------------------
                                OUTER      INNER                    STEP   MAXIMUM CHANGE MODEL-(CELLID) OR
 OUTER ITERATION STEP       ITERATION  ITERATION  MAXIMUM CHANGE SUCCESS             MODEL-PACKAGE-(NUMBER)
 ----------------------------------------------------------------------------------------------------------
 Model                              1         17     -0.26460598                            1_GWF-(1,91,82)
 Model                              2          5 -4.45120406E-02                            1_GWF-(2,83,48)
 Model                              3          3  5.69244667E-04       *                    1_GWF-(4,79,30)
 ----------------------------------------------------------------------------------------------------------


 3 CALLS TO NUMERICAL SOLUTION IN TIME STEP 1 STRESS PERIOD 242
 25 TOTAL ITERATIONS

 SLN_2 OUTER ITERATION SUMMARY
 ----------------------------------------------------------------------------------------------------------
                                OUTER      INNER                    STEP   MAXIMUM CHANGE MODEL-(CELLID) OR
 OUTER ITERATION STEP       ITERATION  ITERATION  MAXIMUM CHANGE SUCCESS             MODEL-PACKAGE-(NUMBER)
 ----------------------------------------------------------------------------------------------------------
 Model                              1          2  7.65704608E-02                           2_GWT-(12,44,72)
 Model                              2          1  2.30926389E-14       *                    2_GWT-(15,41,1)
 ----------------------------------------------------------------------------------------------------------


 2 CALLS TO NUMERICAL SOLUTION IN TIME STEP 1 STRESS PERIOD 242
 3 TOTAL ITERATIONS
 
    Solving:  Stress period:   243    Time step:     1
 
1
 STRESS PERIOD NO. 243, LENGTH =   1.000000    
 ------------------------------------------
 NUMBER OF TIME STEPS = 1
 MULTIPLIER FOR DELT =     1.000

 OPENED ./external/chd_243.dat
 FILE TYPE:OPEN/CLOSE   UNIT 1766   STATUS:OLD                 
 FORMAT:FORMATTED              ACCESS:SEQUENTIAL          
 ACTION:READ                

 INITIAL TIME STEP SIZE =   1.000000    

 SLN_1 OUTER ITERATION SUMMARY
 ----------------------------------------------------------------------------------------------------------
                                OUTER      INNER                    STEP   MAXIMUM CHANGE MODEL-(CELLID) OR
 OUTER ITERATION STEP       ITERATION  ITERATION  MAXIMUM CHANGE SUCCESS             MODEL-PACKAGE-(NUMBER)
 ----------------------------------------------------------------------------------------------------------
 Model                              1         17     -0.10575020                            1_GWF-(1,82,76)
 Model                              2          5 -1.92323682E-02                             1_GWF-(2,86,7)
 Model                              3          3  8.66373762E-04       *                    1_GWF-(4,81,26)
 ----------------------------------------------------------------------------------------------------------


 3 CALLS TO NUMERICAL SOLUTION IN TIME STEP 1 STRESS PERIOD 243
 25 TOTAL ITERATIONS

 SLN_2 OUTER ITERATION SUMMARY
 ----------------------------------------------------------------------------------------------------------
                                OUTER      INNER                    STEP   MAXIMUM CHANGE MODEL-(CELLID) OR
 OUTER ITERATION STEP       ITERATION  ITERATION  MAXIMUM CHANGE SUCCESS             MODEL-PACKAGE-(NUMBER)
 ----------------------------------------------------------------------------------------------------------
 Model                              1          2  7.36703022E-02                           2_GWT-(12,44,72)
 Model                              2          1  2.84217094E-14       *                   2_GWT-(15,37,36)
 ----------------------------------------------------------------------------------------------------------


 2 CALLS TO NUMERICAL SOLUTION IN TIME STEP 1 STRESS PERIOD 243
 3 TOTAL ITERATIONS
 
    Solving:  Stress period:   244    Time step:     1
 
1
 STRESS PERIOD NO. 244, LENGTH =   1.000000    
 ------------------------------------------
 NUMBER OF TIME STEPS = 1
 MULTIPLIER FOR DELT =     1.000

 OPENED ./external/chd_244.dat
 FILE TYPE:OPEN/CLOSE   UNIT 1768   STATUS:OLD                 
 FORMAT:FORMATTED              ACCESS:SEQUENTIAL          
 ACTION:READ                

 INITIAL TIME STEP SIZE =   1.000000    

 SLN_1 OUTER ITERATION SUMMARY
 ----------------------------------------------------------------------------------------------------------
                                OUTER      INNER                    STEP   MAXIMUM CHANGE MODEL-(CELLID) OR
 OUTER ITERATION STEP       ITERATION  ITERATION  MAXIMUM CHANGE SUCCESS             MODEL-PACKAGE-(NUMBER)
 ----------------------------------------------------------------------------------------------------------
 Model                              1         17 -5.67130106E-02                            1_GWF-(1,79,30)
 Model                              2          5     -0.34851059                            1_GWF-(1,92,80)
 Model                              3          3  1.23110890E-03       *                   1_GWF-(2,109,22)
 ----------------------------------------------------------------------------------------------------------


 3 CALLS TO NUMERICAL SOLUTION IN TIME STEP 1 STRESS PERIOD 244
 25 TOTAL ITERATIONS

 SLN_2 OUTER ITERATION SUMMARY
 ----------------------------------------------------------------------------------------------------------
                                OUTER      INNER                    STEP   MAXIMUM CHANGE MODEL-(CELLID) OR
 OUTER ITERATION STEP       ITERATION  ITERATION  MAXIMUM CHANGE SUCCESS             MODEL-PACKAGE-(NUMBER)
 ----------------------------------------------------------------------------------------------------------
 Model                              1          2  7.17760836E-02                           2_GWT-(12,44,72)
 Model                              2          1 -2.84217094E-14       *                    2_GWT-(9,29,50)
 ----------------------------------------------------------------------------------------------------------


 2 CALLS TO NUMERICAL SOLUTION IN TIME STEP 1 STRESS PERIOD 244
 3 TOTAL ITERATIONS
 
    Solving:  Stress period:   245    Time step:     1
 
1
 STRESS PERIOD NO. 245, LENGTH =   1.000000    
 ------------------------------------------
 NUMBER OF TIME STEPS = 1
 MULTIPLIER FOR DELT =     1.000
 #k i j q boundname

 OPENED .\external\wel_274.dat
 FILE TYPE:OPEN/CLOSE   UNIT 1769   STATUS:OLD                 
 FORMAT:FORMATTED              ACCESS:SEQUENTIAL          
 ACTION:READ                


 OPENED ./external/chd_245.dat
 FILE TYPE:OPEN/CLOSE   UNIT 1771   STATUS:OLD                 
 FORMAT:FORMATTED              ACCESS:SEQUENTIAL          
 ACTION:READ                

 INITIAL TIME STEP SIZE =   1.000000    

 SLN_1 OUTER ITERATION SUMMARY
 ----------------------------------------------------------------------------------------------------------
                                OUTER      INNER                    STEP   MAXIMUM CHANGE MODEL-(CELLID) OR
 OUTER ITERATION STEP       ITERATION  ITERATION  MAXIMUM CHANGE SUCCESS             MODEL-PACKAGE-(NUMBER)
 ----------------------------------------------------------------------------------------------------------
 Model                              1         22       6.3248520                          1_GWF-(14,147,59)
 Model                              2          5     -0.21686216                            1_GWF-(1,93,78)
 Model                              3          3  5.77283195E-04       *                    1_GWF-(5,64,56)
 ----------------------------------------------------------------------------------------------------------


 3 CALLS TO NUMERICAL SOLUTION IN TIME STEP 1 STRESS PERIOD 245
 30 TOTAL ITERATIONS

 SLN_2 OUTER ITERATION SUMMARY
 ----------------------------------------------------------------------------------------------------------
                                OUTER      INNER                    STEP   MAXIMUM CHANGE MODEL-(CELLID) OR
 OUTER ITERATION STEP       ITERATION  ITERATION  MAXIMUM CHANGE SUCCESS             MODEL-PACKAGE-(NUMBER)
 ----------------------------------------------------------------------------------------------------------
 Model                              1          2  6.95477444E-02                           2_GWT-(12,44,72)
 Model                              2          1  2.84217094E-14       *                    2_GWT-(15,41,1)
 ----------------------------------------------------------------------------------------------------------


 2 CALLS TO NUMERICAL SOLUTION IN TIME STEP 1 STRESS PERIOD 245
 3 TOTAL ITERATIONS
 
    Solving:  Stress period:   246    Time step:     1
 
1
 STRESS PERIOD NO. 246, LENGTH =   1.000000    
 ------------------------------------------
 NUMBER OF TIME STEPS = 1
 MULTIPLIER FOR DELT =     1.000

 OPENED ./external/chd_246.dat
 FILE TYPE:OPEN/CLOSE   UNIT 1773   STATUS:OLD                 
 FORMAT:FORMATTED              ACCESS:SEQUENTIAL          
 ACTION:READ                

 INITIAL TIME STEP SIZE =   1.000000    

 SLN_1 OUTER ITERATION SUMMARY
 ----------------------------------------------------------------------------------------------------------
                                OUTER      INNER                    STEP   MAXIMUM CHANGE MODEL-(CELLID) OR
 OUTER ITERATION STEP       ITERATION  ITERATION  MAXIMUM CHANGE SUCCESS             MODEL-PACKAGE-(NUMBER)
 ----------------------------------------------------------------------------------------------------------
 Model                              1         17     -0.18125480                            1_GWF-(1,93,78)
 Model                              2          5 -9.54117965E-02                            1_GWF-(1,96,74)
 Model                              3          3  5.69369114E-04       *                     1_GWF-(2,42,3)
 ----------------------------------------------------------------------------------------------------------


 3 CALLS TO NUMERICAL SOLUTION IN TIME STEP 1 STRESS PERIOD 246
 25 TOTAL ITERATIONS

 SLN_2 OUTER ITERATION SUMMARY
 ----------------------------------------------------------------------------------------------------------
                                OUTER      INNER                    STEP   MAXIMUM CHANGE MODEL-(CELLID) OR
 OUTER ITERATION STEP       ITERATION  ITERATION  MAXIMUM CHANGE SUCCESS             MODEL-PACKAGE-(NUMBER)
 ----------------------------------------------------------------------------------------------------------
 Model                              1          2  6.68930320E-02                           2_GWT-(12,44,72)
 Model                              2          1 -2.13162821E-14       *                     2_GWT-(4,7,26)
 ----------------------------------------------------------------------------------------------------------


 2 CALLS TO NUMERICAL SOLUTION IN TIME STEP 1 STRESS PERIOD 246
 3 TOTAL ITERATIONS
 
    Solving:  Stress period:   247    Time step:     1
 
1
 STRESS PERIOD NO. 247, LENGTH =   1.000000    
 ------------------------------------------
 NUMBER OF TIME STEPS = 1
 MULTIPLIER FOR DELT =     1.000

 OPENED ./external/chd_247.dat
 FILE TYPE:OPEN/CLOSE   UNIT 1775   STATUS:OLD                 
 FORMAT:FORMATTED              ACCESS:SEQUENTIAL          
 ACTION:READ                

 INITIAL TIME STEP SIZE =   1.000000    

 SLN_1 OUTER ITERATION SUMMARY
 ----------------------------------------------------------------------------------------------------------
                                OUTER      INNER                    STEP   MAXIMUM CHANGE MODEL-(CELLID) OR
 OUTER ITERATION STEP       ITERATION  ITERATION  MAXIMUM CHANGE SUCCESS             MODEL-PACKAGE-(NUMBER)
 ----------------------------------------------------------------------------------------------------------
 Model                              1         17 -7.94240762E-02                           1_GWF-(1,100,68)
 Model                              2          4  9.66595524E-03       *                   1_GWF-(3,104,50)
 ----------------------------------------------------------------------------------------------------------


 2 CALLS TO NUMERICAL SOLUTION IN TIME STEP 1 STRESS PERIOD 247
 21 TOTAL ITERATIONS

 SLN_2 OUTER ITERATION SUMMARY
 ----------------------------------------------------------------------------------------------------------
                                OUTER      INNER                    STEP   MAXIMUM CHANGE MODEL-(CELLID) OR
 OUTER ITERATION STEP       ITERATION  ITERATION  MAXIMUM CHANGE SUCCESS             MODEL-PACKAGE-(NUMBER)
 ----------------------------------------------------------------------------------------------------------
 Model                              1          2  6.47817476E-02                           2_GWT-(12,44,72)
 Model                              2          1  2.13162821E-14       *                    2_GWT-(4,10,31)
 ----------------------------------------------------------------------------------------------------------


 2 CALLS TO NUMERICAL SOLUTION IN TIME STEP 1 STRESS PERIOD 247
 3 TOTAL ITERATIONS
 
    Solving:  Stress period:   248    Time step:     1
 
1
 STRESS PERIOD NO. 248, LENGTH =   1.000000    
 ------------------------------------------
 NUMBER OF TIME STEPS = 1
 MULTIPLIER FOR DELT =     1.000

 OPENED ./external/chd_248.dat
 FILE TYPE:OPEN/CLOSE   UNIT 1777   STATUS:OLD                 
 FORMAT:FORMATTED              ACCESS:SEQUENTIAL          
 ACTION:READ                

 INITIAL TIME STEP SIZE =   1.000000    

 SLN_1 OUTER ITERATION SUMMARY
 ----------------------------------------------------------------------------------------------------------
                                OUTER      INNER                    STEP   MAXIMUM CHANGE MODEL-(CELLID) OR
 OUTER ITERATION STEP       ITERATION  ITERATION  MAXIMUM CHANGE SUCCESS             MODEL-PACKAGE-(NUMBER)
 ----------------------------------------------------------------------------------------------------------
 Model                              1         17 -4.21169126E-02                            1_GWF-(1,92,79)
 Model                              2          4 -5.42755440E-02                            1_GWF-(3,68,72)
 Model                              3          3  7.03495428E-04       *                    1_GWF-(5,84,47)
 ----------------------------------------------------------------------------------------------------------


 3 CALLS TO NUMERICAL SOLUTION IN TIME STEP 1 STRESS PERIOD 248
 24 TOTAL ITERATIONS

 SLN_2 OUTER ITERATION SUMMARY
 ----------------------------------------------------------------------------------------------------------
                                OUTER      INNER                    STEP   MAXIMUM CHANGE MODEL-(CELLID) OR
 OUTER ITERATION STEP       ITERATION  ITERATION  MAXIMUM CHANGE SUCCESS             MODEL-PACKAGE-(NUMBER)
 ----------------------------------------------------------------------------------------------------------
 Model                              1          2  6.21043406E-02                           2_GWT-(12,44,72)
 Model                              2          1  2.13162821E-14       *                     2_GWT-(6,9,26)
 ----------------------------------------------------------------------------------------------------------


 2 CALLS TO NUMERICAL SOLUTION IN TIME STEP 1 STRESS PERIOD 248
 3 TOTAL ITERATIONS
 
    Solving:  Stress period:   249    Time step:     1
 
1
 STRESS PERIOD NO. 249, LENGTH =   1.000000    
 ------------------------------------------
 NUMBER OF TIME STEPS = 1
 MULTIPLIER FOR DELT =     1.000

 OPENED ./external/chd_249.dat
 FILE TYPE:OPEN/CLOSE   UNIT 1779   STATUS:OLD                 
 FORMAT:FORMATTED              ACCESS:SEQUENTIAL          
 ACTION:READ                

 INITIAL TIME STEP SIZE =   1.000000    

 SLN_1 OUTER ITERATION SUMMARY
 ----------------------------------------------------------------------------------------------------------
                                OUTER      INNER                    STEP   MAXIMUM CHANGE MODEL-(CELLID) OR
 OUTER ITERATION STEP       ITERATION  ITERATION  MAXIMUM CHANGE SUCCESS             MODEL-PACKAGE-(NUMBER)
 ----------------------------------------------------------------------------------------------------------
 Model                              1         18 -4.16245675E-02                            1_GWF-(1,92,79)
 Model                              2          4 -2.95946273E-02                            1_GWF-(3,81,21)
 Model                              3          3  7.39449813E-04       *                   1_GWF-(3,105,46)
 ----------------------------------------------------------------------------------------------------------


 3 CALLS TO NUMERICAL SOLUTION IN TIME STEP 1 STRESS PERIOD 249
 25 TOTAL ITERATIONS

 SLN_2 OUTER ITERATION SUMMARY
 ----------------------------------------------------------------------------------------------------------
                                OUTER      INNER                    STEP   MAXIMUM CHANGE MODEL-(CELLID) OR
 OUTER ITERATION STEP       ITERATION  ITERATION  MAXIMUM CHANGE SUCCESS             MODEL-PACKAGE-(NUMBER)
 ----------------------------------------------------------------------------------------------------------
 Model                              1          2  6.07922258E-02                           2_GWT-(12,44,72)
 Model                              2          1  2.84217094E-14       *                   2_GWT-(15,36,59)
 ----------------------------------------------------------------------------------------------------------


 2 CALLS TO NUMERICAL SOLUTION IN TIME STEP 1 STRESS PERIOD 249
 3 TOTAL ITERATIONS
 
    Solving:  Stress period:   250    Time step:     1
 
1
 STRESS PERIOD NO. 250, LENGTH =   1.000000    
 ------------------------------------------
 NUMBER OF TIME STEPS = 1
 MULTIPLIER FOR DELT =     1.000

 OPENED ./external/chd_250.dat
 FILE TYPE:OPEN/CLOSE   UNIT 1781   STATUS:OLD                 
 FORMAT:FORMATTED              ACCESS:SEQUENTIAL          
 ACTION:READ                

 INITIAL TIME STEP SIZE =   1.000000    

 SLN_1 OUTER ITERATION SUMMARY
 ----------------------------------------------------------------------------------------------------------
                                OUTER      INNER                    STEP   MAXIMUM CHANGE MODEL-(CELLID) OR
 OUTER ITERATION STEP       ITERATION  ITERATION  MAXIMUM CHANGE SUCCESS             MODEL-PACKAGE-(NUMBER)
 ----------------------------------------------------------------------------------------------------------
 Model                              1         16      0.52377902                            1_GWF-(1,92,79)
 Model                              2          5  1.66191772E-02                            1_GWF-(3,76,72)
 Model                              3          3  3.86600210E-04       *                    1_GWF-(2,41,27)
 ----------------------------------------------------------------------------------------------------------


 3 CALLS TO NUMERICAL SOLUTION IN TIME STEP 1 STRESS PERIOD 250
 24 TOTAL ITERATIONS

 SLN_2 OUTER ITERATION SUMMARY
 ----------------------------------------------------------------------------------------------------------
                                OUTER      INNER                    STEP   MAXIMUM CHANGE MODEL-(CELLID) OR
 OUTER ITERATION STEP       ITERATION  ITERATION  MAXIMUM CHANGE SUCCESS             MODEL-PACKAGE-(NUMBER)
 ----------------------------------------------------------------------------------------------------------
 Model                              1          2      -2.7331131                            2_GWT-(1,38,66)
 Model                              2          1 -2.88176593E-14       *                    2_GWT-(1,38,66)
 ----------------------------------------------------------------------------------------------------------


 2 CALLS TO NUMERICAL SOLUTION IN TIME STEP 1 STRESS PERIOD 250
 3 TOTAL ITERATIONS
 
    Solving:  Stress period:   251    Time step:     1
 
1
 STRESS PERIOD NO. 251, LENGTH =   1.000000    
 ------------------------------------------
 NUMBER OF TIME STEPS = 1
 MULTIPLIER FOR DELT =     1.000

 OPENED ./external/chd_251.dat
 FILE TYPE:OPEN/CLOSE   UNIT 1783   STATUS:OLD                 
 FORMAT:FORMATTED              ACCESS:SEQUENTIAL          
 ACTION:READ                

 INITIAL TIME STEP SIZE =   1.000000    

 SLN_1 OUTER ITERATION SUMMARY
 ----------------------------------------------------------------------------------------------------------
                                OUTER      INNER                    STEP   MAXIMUM CHANGE MODEL-(CELLID) OR
 OUTER ITERATION STEP       ITERATION  ITERATION  MAXIMUM CHANGE SUCCESS             MODEL-PACKAGE-(NUMBER)
 ----------------------------------------------------------------------------------------------------------
 Model                              1         15      0.60480415                            1_GWF-(1,92,79)
 Model                              2          7 -8.56559052E-02                            1_GWF-(1,92,80)
 Model                              3          5 -8.75183499E-03       *                    1_GWF-(1,92,80)
 ----------------------------------------------------------------------------------------------------------


 3 CALLS TO NUMERICAL SOLUTION IN TIME STEP 1 STRESS PERIOD 251
 27 TOTAL ITERATIONS

 SLN_2 OUTER ITERATION SUMMARY
 ----------------------------------------------------------------------------------------------------------
                                OUTER      INNER                    STEP   MAXIMUM CHANGE MODEL-(CELLID) OR
 OUTER ITERATION STEP       ITERATION  ITERATION  MAXIMUM CHANGE SUCCESS             MODEL-PACKAGE-(NUMBER)
 ----------------------------------------------------------------------------------------------------------
 Model                              1          2 -9.06195545E-02                            2_GWT-(1,42,35)
 Model                              2          1  2.13162821E-14       *                    2_GWT-(4,15,33)
 ----------------------------------------------------------------------------------------------------------


 2 CALLS TO NUMERICAL SOLUTION IN TIME STEP 1 STRESS PERIOD 251
 3 TOTAL ITERATIONS
 
    Solving:  Stress period:   252    Time step:     1
 
1
 STRESS PERIOD NO. 252, LENGTH =   1.000000    
 ------------------------------------------
 NUMBER OF TIME STEPS = 1
 MULTIPLIER FOR DELT =     1.000

 OPENED ./external/chd_252.dat
 FILE TYPE:OPEN/CLOSE   UNIT 1785   STATUS:OLD                 
 FORMAT:FORMATTED              ACCESS:SEQUENTIAL          
 ACTION:READ                

 INITIAL TIME STEP SIZE =   1.000000    

 SLN_1 OUTER ITERATION SUMMARY
 ----------------------------------------------------------------------------------------------------------
                                OUTER      INNER                    STEP   MAXIMUM CHANGE MODEL-(CELLID) OR
 OUTER ITERATION STEP       ITERATION  ITERATION  MAXIMUM CHANGE SUCCESS             MODEL-PACKAGE-(NUMBER)
 ----------------------------------------------------------------------------------------------------------
 Model                              1         16      -1.1701255                            1_GWF-(1,92,79)
 Model                              2          4     -0.59694500                            1_GWF-(1,92,80)
 Model                              3          3 -1.47397861E-03       *                    1_GWF-(1,92,80)
 ----------------------------------------------------------------------------------------------------------


 3 CALLS TO NUMERICAL SOLUTION IN TIME STEP 1 STRESS PERIOD 252
 23 TOTAL ITERATIONS

 SLN_2 OUTER ITERATION SUMMARY
 ----------------------------------------------------------------------------------------------------------
                                OUTER      INNER                    STEP   MAXIMUM CHANGE MODEL-(CELLID) OR
 OUTER ITERATION STEP       ITERATION  ITERATION  MAXIMUM CHANGE SUCCESS             MODEL-PACKAGE-(NUMBER)
 ----------------------------------------------------------------------------------------------------------
 Model                              1          2       2.7289081                            2_GWT-(1,38,66)
 Model                              2          1  4.31266485E-13       *                    2_GWT-(1,42,29)
 ----------------------------------------------------------------------------------------------------------


 2 CALLS TO NUMERICAL SOLUTION IN TIME STEP 1 STRESS PERIOD 252
 3 TOTAL ITERATIONS
 
    Solving:  Stress period:   253    Time step:     1
 
1
 STRESS PERIOD NO. 253, LENGTH =   1.000000    
 ------------------------------------------
 NUMBER OF TIME STEPS = 1
 MULTIPLIER FOR DELT =     1.000

 OPENED ./external/chd_253.dat
 FILE TYPE:OPEN/CLOSE   UNIT 1787   STATUS:OLD                 
 FORMAT:FORMATTED              ACCESS:SEQUENTIAL          
 ACTION:READ                

 INITIAL TIME STEP SIZE =   1.000000    

 SLN_1 OUTER ITERATION SUMMARY
 ----------------------------------------------------------------------------------------------------------
                                OUTER      INNER                    STEP   MAXIMUM CHANGE MODEL-(CELLID) OR
 OUTER ITERATION STEP       ITERATION  ITERATION  MAXIMUM CHANGE SUCCESS             MODEL-PACKAGE-(NUMBER)
 ----------------------------------------------------------------------------------------------------------
 Model                              1         16       1.4598220                            1_GWF-(1,92,79)
 Model                              2          6     -0.25584158                            1_GWF-(1,92,80)
 Model                              3          5 -2.72172799E-02                            1_GWF-(1,92,80)
 Model                              4          4 -2.73243031E-03       *                    1_GWF-(1,92,80)
 ----------------------------------------------------------------------------------------------------------


 4 CALLS TO NUMERICAL SOLUTION IN TIME STEP 1 STRESS PERIOD 253
 31 TOTAL ITERATIONS

 SLN_2 OUTER ITERATION SUMMARY
 ----------------------------------------------------------------------------------------------------------
                                OUTER      INNER                    STEP   MAXIMUM CHANGE MODEL-(CELLID) OR
 OUTER ITERATION STEP       ITERATION  ITERATION  MAXIMUM CHANGE SUCCESS             MODEL-PACKAGE-(NUMBER)
 ----------------------------------------------------------------------------------------------------------
 Model                              1          2      -2.7289081                            2_GWT-(1,38,66)
 Model                              2          1 -2.39412933E-14       *                    2_GWT-(1,38,66)
 ----------------------------------------------------------------------------------------------------------


 2 CALLS TO NUMERICAL SOLUTION IN TIME STEP 1 STRESS PERIOD 253
 3 TOTAL ITERATIONS
 
    Solving:  Stress period:   254    Time step:     1
 
1
 STRESS PERIOD NO. 254, LENGTH =   1.000000    
 ------------------------------------------
 NUMBER OF TIME STEPS = 1
 MULTIPLIER FOR DELT =     1.000

 OPENED ./external/chd_254.dat
 FILE TYPE:OPEN/CLOSE   UNIT 1789   STATUS:OLD                 
 FORMAT:FORMATTED              ACCESS:SEQUENTIAL          
 ACTION:READ                

 INITIAL TIME STEP SIZE =   1.000000    

 SLN_1 OUTER ITERATION SUMMARY
 ----------------------------------------------------------------------------------------------------------
                                OUTER      INNER                    STEP   MAXIMUM CHANGE MODEL-(CELLID) OR
 OUTER ITERATION STEP       ITERATION  ITERATION  MAXIMUM CHANGE SUCCESS             MODEL-PACKAGE-(NUMBER)
 ----------------------------------------------------------------------------------------------------------
 Model                              1         20       3.5309077                            1_GWF-(1,92,79)
 Model                              2          9      -1.3771370                            1_GWF-(1,92,79)
 Model                              3          6     -0.19608233                            1_GWF-(1,92,79)
 Model                              4          5 -2.10736373E-02                            1_GWF-(1,92,79)
 Model                              5          4  3.20708691E-03       *                    1_GWF-(1,92,78)
 ----------------------------------------------------------------------------------------------------------


 5 CALLS TO NUMERICAL SOLUTION IN TIME STEP 1 STRESS PERIOD 254
 44 TOTAL ITERATIONS

 SLN_2 OUTER ITERATION SUMMARY
 ----------------------------------------------------------------------------------------------------------
                                OUTER      INNER                    STEP   MAXIMUM CHANGE MODEL-(CELLID) OR
 OUTER ITERATION STEP       ITERATION  ITERATION  MAXIMUM CHANGE SUCCESS             MODEL-PACKAGE-(NUMBER)
 ----------------------------------------------------------------------------------------------------------
 Model                              1          2     -0.20890624                            2_GWT-(1,42,35)
 Model                              2          1 -2.13162821E-14       *                     2_GWT-(6,9,24)
 ----------------------------------------------------------------------------------------------------------


 2 CALLS TO NUMERICAL SOLUTION IN TIME STEP 1 STRESS PERIOD 254
 3 TOTAL ITERATIONS
 
    Solving:  Stress period:   255    Time step:     1
 
1
 STRESS PERIOD NO. 255, LENGTH =   1.000000    
 ------------------------------------------
 NUMBER OF TIME STEPS = 1
 MULTIPLIER FOR DELT =     1.000

 OPENED ./external/chd_255.dat
 FILE TYPE:OPEN/CLOSE   UNIT 1791   STATUS:OLD                 
 FORMAT:FORMATTED              ACCESS:SEQUENTIAL          
 ACTION:READ                

 INITIAL TIME STEP SIZE =   1.000000    

 SLN_1 OUTER ITERATION SUMMARY
 ----------------------------------------------------------------------------------------------------------
                                OUTER      INNER                    STEP   MAXIMUM CHANGE MODEL-(CELLID) OR
 OUTER ITERATION STEP       ITERATION  ITERATION  MAXIMUM CHANGE SUCCESS             MODEL-PACKAGE-(NUMBER)
 ----------------------------------------------------------------------------------------------------------
 Model                              1         19     -0.96319673                           1_GWF-(1,103,42)
 Model                              2          8     -0.59968868                            1_GWF-(1,94,77)
 Model                              3          4 -8.03276744E-03       *                    1_GWF-(1,40,66)
 ----------------------------------------------------------------------------------------------------------


 3 CALLS TO NUMERICAL SOLUTION IN TIME STEP 1 STRESS PERIOD 255
 31 TOTAL ITERATIONS

 SLN_2 OUTER ITERATION SUMMARY
 ----------------------------------------------------------------------------------------------------------
                                OUTER      INNER                    STEP   MAXIMUM CHANGE MODEL-(CELLID) OR
 OUTER ITERATION STEP       ITERATION  ITERATION  MAXIMUM CHANGE SUCCESS             MODEL-PACKAGE-(NUMBER)
 ----------------------------------------------------------------------------------------------------------
 Model                              1          2 -8.76527806E-02                            2_GWT-(6,21,20)
 Model                              2          1  2.13162821E-14       *                    2_GWT-(5,13,47)
 ----------------------------------------------------------------------------------------------------------


 2 CALLS TO NUMERICAL SOLUTION IN TIME STEP 1 STRESS PERIOD 255
 3 TOTAL ITERATIONS
 
    Solving:  Stress period:   256    Time step:     1
 
1
 STRESS PERIOD NO. 256, LENGTH =   1.000000    
 ------------------------------------------
 NUMBER OF TIME STEPS = 1
 MULTIPLIER FOR DELT =     1.000

 OPENED ./external/chd_256.dat
 FILE TYPE:OPEN/CLOSE   UNIT 1793   STATUS:OLD                 
 FORMAT:FORMATTED              ACCESS:SEQUENTIAL          
 ACTION:READ                

 INITIAL TIME STEP SIZE =   1.000000    

 SLN_1 OUTER ITERATION SUMMARY
 ----------------------------------------------------------------------------------------------------------
                                OUTER      INNER                    STEP   MAXIMUM CHANGE MODEL-(CELLID) OR
 OUTER ITERATION STEP       ITERATION  ITERATION  MAXIMUM CHANGE SUCCESS             MODEL-PACKAGE-(NUMBER)
 ----------------------------------------------------------------------------------------------------------
 Model                              1         27       3.5953046                            1_GWF-(1,76,77)
 Model                              2         11      -1.5423747                            1_GWF-(1,94,77)
 Model                              3          6     -0.21410597                            1_GWF-(1,94,77)
 Model                              4          5 -2.29500274E-02                            1_GWF-(1,94,77)
 Model                              5          4  4.21879067E-03       *                    1_GWF-(1,93,77)
 ----------------------------------------------------------------------------------------------------------


 5 CALLS TO NUMERICAL SOLUTION IN TIME STEP 1 STRESS PERIOD 256
 53 TOTAL ITERATIONS

 SLN_2 OUTER ITERATION SUMMARY
 ----------------------------------------------------------------------------------------------------------
                                OUTER      INNER                    STEP   MAXIMUM CHANGE MODEL-(CELLID) OR
 OUTER ITERATION STEP       ITERATION  ITERATION  MAXIMUM CHANGE SUCCESS             MODEL-PACKAGE-(NUMBER)
 ----------------------------------------------------------------------------------------------------------
 Model                              1          2     -0.40786099                            2_GWT-(1,17,28)
 Model                              2          1  2.13162821E-14       *                     2_GWT-(6,5,26)
 ----------------------------------------------------------------------------------------------------------


 2 CALLS TO NUMERICAL SOLUTION IN TIME STEP 1 STRESS PERIOD 256
 3 TOTAL ITERATIONS
 
    Solving:  Stress period:   257    Time step:     1
 
1
 STRESS PERIOD NO. 257, LENGTH =   1.000000    
 ------------------------------------------
 NUMBER OF TIME STEPS = 1
 MULTIPLIER FOR DELT =     1.000

 OPENED ./external/chd_257.dat
 FILE TYPE:OPEN/CLOSE   UNIT 1795   STATUS:OLD                 
 FORMAT:FORMATTED              ACCESS:SEQUENTIAL          
 ACTION:READ                

 INITIAL TIME STEP SIZE =   1.000000    

 SLN_1 OUTER ITERATION SUMMARY
 ----------------------------------------------------------------------------------------------------------
                                OUTER      INNER                    STEP   MAXIMUM CHANGE MODEL-(CELLID) OR
 OUTER ITERATION STEP       ITERATION  ITERATION  MAXIMUM CHANGE SUCCESS             MODEL-PACKAGE-(NUMBER)
 ----------------------------------------------------------------------------------------------------------
 Model                              1         21      -3.6934230                            1_GWF-(1,76,77)
 Model                              2         11      -2.0770290                           1_GWF-(1,107,50)
 Model                              3          7      0.47071178                           1_GWF-(1,107,50)
 Model                              4          5  4.80432344E-02                           1_GWF-(1,107,50)
 Model                              5          4  4.80953393E-03       *                   1_GWF-(1,107,50)
 ----------------------------------------------------------------------------------------------------------


 5 CALLS TO NUMERICAL SOLUTION IN TIME STEP 1 STRESS PERIOD 257
 48 TOTAL ITERATIONS

 SLN_2 OUTER ITERATION SUMMARY
 ----------------------------------------------------------------------------------------------------------
                                OUTER      INNER                    STEP   MAXIMUM CHANGE MODEL-(CELLID) OR
 OUTER ITERATION STEP       ITERATION  ITERATION  MAXIMUM CHANGE SUCCESS             MODEL-PACKAGE-(NUMBER)
 ----------------------------------------------------------------------------------------------------------
 Model                              1          2     -0.25369698                            2_GWT-(6,21,20)
 Model                              2          1 -2.13162821E-14       *                     2_GWT-(6,7,24)
 ----------------------------------------------------------------------------------------------------------


 2 CALLS TO NUMERICAL SOLUTION IN TIME STEP 1 STRESS PERIOD 257
 3 TOTAL ITERATIONS
 
    Solving:  Stress period:   258    Time step:     1
 
1
 STRESS PERIOD NO. 258, LENGTH =   1.000000    
 ------------------------------------------
 NUMBER OF TIME STEPS = 1
 MULTIPLIER FOR DELT =     1.000

 OPENED ./external/chd_258.dat
 FILE TYPE:OPEN/CLOSE   UNIT 1797   STATUS:OLD                 
 FORMAT:FORMATTED              ACCESS:SEQUENTIAL          
 ACTION:READ                

 INITIAL TIME STEP SIZE =   1.000000    

 SLN_1 OUTER ITERATION SUMMARY
 ----------------------------------------------------------------------------------------------------------
                                OUTER      INNER                    STEP   MAXIMUM CHANGE MODEL-(CELLID) OR
 OUTER ITERATION STEP       ITERATION  ITERATION  MAXIMUM CHANGE SUCCESS             MODEL-PACKAGE-(NUMBER)
 ----------------------------------------------------------------------------------------------------------
 Model                              1         20     -0.88175951                            1_GWF-(1,80,80)
 Model                              2          7     -0.38920995                            1_GWF-(1,62,71)
 Model                              3          4  8.52018792E-03       *                   1_GWF-(1,103,44)
 ----------------------------------------------------------------------------------------------------------


 3 CALLS TO NUMERICAL SOLUTION IN TIME STEP 1 STRESS PERIOD 258
 31 TOTAL ITERATIONS

 SLN_2 OUTER ITERATION SUMMARY
 ----------------------------------------------------------------------------------------------------------
                                OUTER      INNER                    STEP   MAXIMUM CHANGE MODEL-(CELLID) OR
 OUTER ITERATION STEP       ITERATION  ITERATION  MAXIMUM CHANGE SUCCESS             MODEL-PACKAGE-(NUMBER)
 ----------------------------------------------------------------------------------------------------------
 Model                              1          2       1.1622179                            2_GWT-(1,45,64)
 Model                              2          1  2.13162821E-14       *                    2_GWT-(4,15,34)
 ----------------------------------------------------------------------------------------------------------


 2 CALLS TO NUMERICAL SOLUTION IN TIME STEP 1 STRESS PERIOD 258
 3 TOTAL ITERATIONS
 
    Solving:  Stress period:   259    Time step:     1
 
1
 STRESS PERIOD NO. 259, LENGTH =   1.000000    
 ------------------------------------------
 NUMBER OF TIME STEPS = 1
 MULTIPLIER FOR DELT =     1.000

 OPENED ./external/chd_259.dat
 FILE TYPE:OPEN/CLOSE   UNIT 1799   STATUS:OLD                 
 FORMAT:FORMATTED              ACCESS:SEQUENTIAL          
 ACTION:READ                

 INITIAL TIME STEP SIZE =   1.000000    

 SLN_1 OUTER ITERATION SUMMARY
 ----------------------------------------------------------------------------------------------------------
                                OUTER      INNER                    STEP   MAXIMUM CHANGE MODEL-(CELLID) OR
 OUTER ITERATION STEP       ITERATION  ITERATION  MAXIMUM CHANGE SUCCESS             MODEL-PACKAGE-(NUMBER)
 ----------------------------------------------------------------------------------------------------------
 Model                              1         17     -0.68625431                            1_GWF-(1,94,77)
 Model                              2          6     -0.96517139                            1_GWF-(1,92,79)
 Model                              3          4 -2.52013994E-03       *                    1_GWF-(2,92,79)
 ----------------------------------------------------------------------------------------------------------


 3 CALLS TO NUMERICAL SOLUTION IN TIME STEP 1 STRESS PERIOD 259
 27 TOTAL ITERATIONS

 SLN_2 OUTER ITERATION SUMMARY
 ----------------------------------------------------------------------------------------------------------
                                OUTER      INNER                    STEP   MAXIMUM CHANGE MODEL-(CELLID) OR
 OUTER ITERATION STEP       ITERATION  ITERATION  MAXIMUM CHANGE SUCCESS             MODEL-PACKAGE-(NUMBER)
 ----------------------------------------------------------------------------------------------------------
 Model                              1          2       2.6922946                            2_GWT-(1,38,66)
 Model                              2          1 -2.13162821E-14       *                     2_GWT-(4,9,27)
 ----------------------------------------------------------------------------------------------------------


 2 CALLS TO NUMERICAL SOLUTION IN TIME STEP 1 STRESS PERIOD 259
 3 TOTAL ITERATIONS
 
    Solving:  Stress period:   260    Time step:     1
 
1
 STRESS PERIOD NO. 260, LENGTH =   1.000000    
 ------------------------------------------
 NUMBER OF TIME STEPS = 1
 MULTIPLIER FOR DELT =     1.000

 OPENED ./external/chd_260.dat
 FILE TYPE:OPEN/CLOSE   UNIT 1801   STATUS:OLD                 
 FORMAT:FORMATTED              ACCESS:SEQUENTIAL          
 ACTION:READ                

 INITIAL TIME STEP SIZE =   1.000000    

 SLN_1 OUTER ITERATION SUMMARY
 ----------------------------------------------------------------------------------------------------------
                                OUTER      INNER                    STEP   MAXIMUM CHANGE MODEL-(CELLID) OR
 OUTER ITERATION STEP       ITERATION  ITERATION  MAXIMUM CHANGE SUCCESS             MODEL-PACKAGE-(NUMBER)
 ----------------------------------------------------------------------------------------------------------
 Model                              1         16      -2.6832000                            1_GWF-(1,92,79)
 Model                              2          5      0.98044202                            1_GWF-(1,92,79)
 Model                              3          3      0.10244101                            1_GWF-(1,92,79)
 Model                              4          3  1.02841813E-02                            1_GWF-(1,92,79)
 Model                              5          1  1.01368803E-03       *                    1_GWF-(1,92,79)
 ----------------------------------------------------------------------------------------------------------


 5 CALLS TO NUMERICAL SOLUTION IN TIME STEP 1 STRESS PERIOD 260
 28 TOTAL ITERATIONS

 SLN_2 OUTER ITERATION SUMMARY
 ----------------------------------------------------------------------------------------------------------
                                OUTER      INNER                    STEP   MAXIMUM CHANGE MODEL-(CELLID) OR
 OUTER ITERATION STEP       ITERATION  ITERATION  MAXIMUM CHANGE SUCCESS             MODEL-PACKAGE-(NUMBER)
 ----------------------------------------------------------------------------------------------------------
 Model                              1          2      0.76906546                            2_GWT-(1,42,35)
 Model                              2          1  2.13162821E-14       *                    2_GWT-(4,12,20)
 ----------------------------------------------------------------------------------------------------------


 2 CALLS TO NUMERICAL SOLUTION IN TIME STEP 1 STRESS PERIOD 260
 3 TOTAL ITERATIONS
 
    Solving:  Stress period:   261    Time step:     1
 
1
 STRESS PERIOD NO. 261, LENGTH =   1.000000    
 ------------------------------------------
 NUMBER OF TIME STEPS = 1
 MULTIPLIER FOR DELT =     1.000

 OPENED ./external/chd_261.dat
 FILE TYPE:OPEN/CLOSE   UNIT 1803   STATUS:OLD                 
 FORMAT:FORMATTED              ACCESS:SEQUENTIAL          
 ACTION:READ                

 INITIAL TIME STEP SIZE =   1.000000    

 SLN_1 OUTER ITERATION SUMMARY
 ----------------------------------------------------------------------------------------------------------
                                OUTER      INNER                    STEP   MAXIMUM CHANGE MODEL-(CELLID) OR
 OUTER ITERATION STEP       ITERATION  ITERATION  MAXIMUM CHANGE SUCCESS             MODEL-PACKAGE-(NUMBER)
 ----------------------------------------------------------------------------------------------------------
 Model                              1         16     -0.15787652                            1_GWF-(2,62,75)
 Model                              2          8     -0.16997980                            1_GWF-(3,74,71)
 Model                              3          4 -2.03936533E-03       *                    1_GWF-(2,61,54)
 ----------------------------------------------------------------------------------------------------------


 3 CALLS TO NUMERICAL SOLUTION IN TIME STEP 1 STRESS PERIOD 261
 28 TOTAL ITERATIONS

 SLN_2 OUTER ITERATION SUMMARY
 ----------------------------------------------------------------------------------------------------------
                                OUTER      INNER                    STEP   MAXIMUM CHANGE MODEL-(CELLID) OR
 OUTER ITERATION STEP       ITERATION  ITERATION  MAXIMUM CHANGE SUCCESS             MODEL-PACKAGE-(NUMBER)
 ----------------------------------------------------------------------------------------------------------
 Model                              1          2     -0.18112689                            2_GWT-(6,21,20)
 Model                              2          1  2.13162821E-14       *                     2_GWT-(5,3,25)
 ----------------------------------------------------------------------------------------------------------


 2 CALLS TO NUMERICAL SOLUTION IN TIME STEP 1 STRESS PERIOD 261
 3 TOTAL ITERATIONS
 
    Solving:  Stress period:   262    Time step:     1
 
1
 STRESS PERIOD NO. 262, LENGTH =   1.000000    
 ------------------------------------------
 NUMBER OF TIME STEPS = 1
 MULTIPLIER FOR DELT =     1.000

 OPENED ./external/chd_262.dat
 FILE TYPE:OPEN/CLOSE   UNIT 1805   STATUS:OLD                 
 FORMAT:FORMATTED              ACCESS:SEQUENTIAL          
 ACTION:READ                

 INITIAL TIME STEP SIZE =   1.000000    

 SLN_1 OUTER ITERATION SUMMARY
 ----------------------------------------------------------------------------------------------------------
                                OUTER      INNER                    STEP   MAXIMUM CHANGE MODEL-(CELLID) OR
 OUTER ITERATION STEP       ITERATION  ITERATION  MAXIMUM CHANGE SUCCESS             MODEL-PACKAGE-(NUMBER)
 ----------------------------------------------------------------------------------------------------------
 Model                              1         25       6.2154389                            1_GWF-(1,92,79)
 Model                              2         13      -3.0324175                            1_GWF-(1,92,79)
 Model                              3          6     -0.57001338                            1_GWF-(1,92,79)
 Model                              4          6  8.36107920E-02                            1_GWF-(1,92,78)
 Model                              5          5  1.64046921E-02                            1_GWF-(1,92,78)
 Model                              6          4  3.12102857E-03       *                    1_GWF-(1,92,78)
 ----------------------------------------------------------------------------------------------------------


 6 CALLS TO NUMERICAL SOLUTION IN TIME STEP 1 STRESS PERIOD 262
 59 TOTAL ITERATIONS

 SLN_2 OUTER ITERATION SUMMARY
 ----------------------------------------------------------------------------------------------------------
                                OUTER      INNER                    STEP   MAXIMUM CHANGE MODEL-(CELLID) OR
 OUTER ITERATION STEP       ITERATION  ITERATION  MAXIMUM CHANGE SUCCESS             MODEL-PACKAGE-(NUMBER)
 ----------------------------------------------------------------------------------------------------------
 Model                              1          2      -2.4630729                            2_GWT-(1,38,66)
 Model                              2          1 -2.84217094E-14       *                    2_GWT-(15,40,6)
 ----------------------------------------------------------------------------------------------------------


 2 CALLS TO NUMERICAL SOLUTION IN TIME STEP 1 STRESS PERIOD 262
 3 TOTAL ITERATIONS
 
    Solving:  Stress period:   263    Time step:     1
 
1
 STRESS PERIOD NO. 263, LENGTH =   1.000000    
 ------------------------------------------
 NUMBER OF TIME STEPS = 1
 MULTIPLIER FOR DELT =     1.000

 OPENED ./external/chd_263.dat
 FILE TYPE:OPEN/CLOSE   UNIT 1807   STATUS:OLD                 
 FORMAT:FORMATTED              ACCESS:SEQUENTIAL          
 ACTION:READ                

 INITIAL TIME STEP SIZE =   1.000000    

 SLN_1 OUTER ITERATION SUMMARY
 ----------------------------------------------------------------------------------------------------------
                                OUTER      INNER                    STEP   MAXIMUM CHANGE MODEL-(CELLID) OR
 OUTER ITERATION STEP       ITERATION  ITERATION  MAXIMUM CHANGE SUCCESS             MODEL-PACKAGE-(NUMBER)
 ----------------------------------------------------------------------------------------------------------
 Model                              1         16      -2.6422147                            1_GWF-(1,76,77)
 Model                              2         12     -0.98857595                            1_GWF-(3,69,74)
 Model                              3          6  4.49341972E-02                            1_GWF-(1,63,75)
 Model                              4          4  4.48794730E-03       *                    1_GWF-(1,63,75)
 ----------------------------------------------------------------------------------------------------------


 4 CALLS TO NUMERICAL SOLUTION IN TIME STEP 1 STRESS PERIOD 263
 38 TOTAL ITERATIONS

 SLN_2 OUTER ITERATION SUMMARY
 ----------------------------------------------------------------------------------------------------------
                                OUTER      INNER                    STEP   MAXIMUM CHANGE MODEL-(CELLID) OR
 OUTER ITERATION STEP       ITERATION  ITERATION  MAXIMUM CHANGE SUCCESS             MODEL-PACKAGE-(NUMBER)
 ----------------------------------------------------------------------------------------------------------
 Model                              1          2       1.1498511                            2_GWT-(1,45,64)
 Model                              2          1 -2.84217094E-14       *                   2_GWT-(12,41,53)
 ----------------------------------------------------------------------------------------------------------


 2 CALLS TO NUMERICAL SOLUTION IN TIME STEP 1 STRESS PERIOD 263
 3 TOTAL ITERATIONS
 
    Solving:  Stress period:   264    Time step:     1
 
1
 STRESS PERIOD NO. 264, LENGTH =   1.000000    
 ------------------------------------------
 NUMBER OF TIME STEPS = 1
 MULTIPLIER FOR DELT =     1.000

 OPENED ./external/chd_264.dat
 FILE TYPE:OPEN/CLOSE   UNIT 1809   STATUS:OLD                 
 FORMAT:FORMATTED              ACCESS:SEQUENTIAL          
 ACTION:READ                

 INITIAL TIME STEP SIZE =   1.000000    

 SLN_1 OUTER ITERATION SUMMARY
 ----------------------------------------------------------------------------------------------------------
                                OUTER      INNER                    STEP   MAXIMUM CHANGE MODEL-(CELLID) OR
 OUTER ITERATION STEP       ITERATION  ITERATION  MAXIMUM CHANGE SUCCESS             MODEL-PACKAGE-(NUMBER)
 ----------------------------------------------------------------------------------------------------------
 Model                              1         18     -0.42805339                            1_GWF-(1,62,71)
 Model                              2          8      -1.3868767                            1_GWF-(1,92,79)
 Model                              3          5      0.10676284                            1_GWF-(1,92,79)
 Model                              4          3  1.06905707E-02                            1_GWF-(1,92,79)
 Model                              5          2  1.13573932E-03       *                    1_GWF-(1,92,79)
 ----------------------------------------------------------------------------------------------------------


 5 CALLS TO NUMERICAL SOLUTION IN TIME STEP 1 STRESS PERIOD 264
 36 TOTAL ITERATIONS

 SLN_2 OUTER ITERATION SUMMARY
 ----------------------------------------------------------------------------------------------------------
                                OUTER      INNER                    STEP   MAXIMUM CHANGE MODEL-(CELLID) OR
 OUTER ITERATION STEP       ITERATION  ITERATION  MAXIMUM CHANGE SUCCESS             MODEL-PACKAGE-(NUMBER)
 ----------------------------------------------------------------------------------------------------------
 Model                              1          2     -0.26501732                            2_GWT-(6,20,21)
 Model                              2          1  2.13162821E-14       *                    2_GWT-(3,27,54)
 ----------------------------------------------------------------------------------------------------------


 2 CALLS TO NUMERICAL SOLUTION IN TIME STEP 1 STRESS PERIOD 264
 3 TOTAL ITERATIONS
 
    Solving:  Stress period:   265    Time step:     1
 
1
 STRESS PERIOD NO. 265, LENGTH =   1.000000    
 ------------------------------------------
 NUMBER OF TIME STEPS = 1
 MULTIPLIER FOR DELT =     1.000

 OPENED ./external/chd_265.dat
 FILE TYPE:OPEN/CLOSE   UNIT 1811   STATUS:OLD                 
 FORMAT:FORMATTED              ACCESS:SEQUENTIAL          
 ACTION:READ                

 INITIAL TIME STEP SIZE =   1.000000    

 SLN_1 OUTER ITERATION SUMMARY
 ----------------------------------------------------------------------------------------------------------
                                OUTER      INNER                    STEP   MAXIMUM CHANGE MODEL-(CELLID) OR
 OUTER ITERATION STEP       ITERATION  ITERATION  MAXIMUM CHANGE SUCCESS             MODEL-PACKAGE-(NUMBER)
 ----------------------------------------------------------------------------------------------------------
 Model                              1         18      -1.2506705                            1_GWF-(1,92,79)
 Model                              2          5 -7.94906276E-02                            1_GWF-(1,45,65)
 Model                              3          3  5.39145084E-03       *                    1_GWF-(1,92,79)
 ----------------------------------------------------------------------------------------------------------


 3 CALLS TO NUMERICAL SOLUTION IN TIME STEP 1 STRESS PERIOD 265
 26 TOTAL ITERATIONS

 SLN_2 OUTER ITERATION SUMMARY
 ----------------------------------------------------------------------------------------------------------
                                OUTER      INNER                    STEP   MAXIMUM CHANGE MODEL-(CELLID) OR
 OUTER ITERATION STEP       ITERATION  ITERATION  MAXIMUM CHANGE SUCCESS             MODEL-PACKAGE-(NUMBER)
 ----------------------------------------------------------------------------------------------------------
 Model                              1          2     -0.29910846                            2_GWT-(6,20,21)
 Model                              2          1  2.13162821E-14       *                     2_GWT-(6,4,22)
 ----------------------------------------------------------------------------------------------------------


 2 CALLS TO NUMERICAL SOLUTION IN TIME STEP 1 STRESS PERIOD 265
 3 TOTAL ITERATIONS
 
    Solving:  Stress period:   266    Time step:     1
 
1
 STRESS PERIOD NO. 266, LENGTH =   1.000000    
 ------------------------------------------
 NUMBER OF TIME STEPS = 1
 MULTIPLIER FOR DELT =     1.000

 OPENED ./external/chd_266.dat
 FILE TYPE:OPEN/CLOSE   UNIT 1813   STATUS:OLD                 
 FORMAT:FORMATTED              ACCESS:SEQUENTIAL          
 ACTION:READ                

 INITIAL TIME STEP SIZE =   1.000000    

 SLN_1 OUTER ITERATION SUMMARY
 ----------------------------------------------------------------------------------------------------------
                                OUTER      INNER                    STEP   MAXIMUM CHANGE MODEL-(CELLID) OR
 OUTER ITERATION STEP       ITERATION  ITERATION  MAXIMUM CHANGE SUCCESS             MODEL-PACKAGE-(NUMBER)
 ----------------------------------------------------------------------------------------------------------
 Model                              1         16 -9.25446104E-02                            1_GWF-(1,45,65)
 Model                              2          6 -3.79983665E-02                           1_GWF-(1,102,21)
 Model                              3          4  1.62370704E-03       *                    1_GWF-(3,58,68)
 ----------------------------------------------------------------------------------------------------------


 3 CALLS TO NUMERICAL SOLUTION IN TIME STEP 1 STRESS PERIOD 266
 26 TOTAL ITERATIONS

 SLN_2 OUTER ITERATION SUMMARY
 ----------------------------------------------------------------------------------------------------------
                                OUTER      INNER                    STEP   MAXIMUM CHANGE MODEL-(CELLID) OR
 OUTER ITERATION STEP       ITERATION  ITERATION  MAXIMUM CHANGE SUCCESS             MODEL-PACKAGE-(NUMBER)
 ----------------------------------------------------------------------------------------------------------
 Model                              1          2       2.4403500                            2_GWT-(1,38,66)
 Model                              2          1  2.13162821E-14       *                     2_GWT-(3,5,28)
 ----------------------------------------------------------------------------------------------------------


 2 CALLS TO NUMERICAL SOLUTION IN TIME STEP 1 STRESS PERIOD 266
 3 TOTAL ITERATIONS
 
    Solving:  Stress period:   267    Time step:     1
 
1
 STRESS PERIOD NO. 267, LENGTH =   1.000000    
 ------------------------------------------
 NUMBER OF TIME STEPS = 1
 MULTIPLIER FOR DELT =     1.000

 OPENED ./external/chd_267.dat
 FILE TYPE:OPEN/CLOSE   UNIT 1815   STATUS:OLD                 
 FORMAT:FORMATTED              ACCESS:SEQUENTIAL          
 ACTION:READ                

 INITIAL TIME STEP SIZE =   1.000000    

 SLN_1 OUTER ITERATION SUMMARY
 ----------------------------------------------------------------------------------------------------------
                                OUTER      INNER                    STEP   MAXIMUM CHANGE MODEL-(CELLID) OR
 OUTER ITERATION STEP       ITERATION  ITERATION  MAXIMUM CHANGE SUCCESS             MODEL-PACKAGE-(NUMBER)
 ----------------------------------------------------------------------------------------------------------
 Model                              1         19 -6.67959452E-02                            1_GWF-(4,82,49)
 Model                              2          6     -0.10960644                           1_GWF-(1,101,66)
 Model                              3          4  1.94932789E-03       *                    1_GWF-(1,76,16)
 ----------------------------------------------------------------------------------------------------------


 3 CALLS TO NUMERICAL SOLUTION IN TIME STEP 1 STRESS PERIOD 267
 29 TOTAL ITERATIONS

 SLN_2 OUTER ITERATION SUMMARY
 ----------------------------------------------------------------------------------------------------------
                                OUTER      INNER                    STEP   MAXIMUM CHANGE MODEL-(CELLID) OR
 OUTER ITERATION STEP       ITERATION  ITERATION  MAXIMUM CHANGE SUCCESS             MODEL-PACKAGE-(NUMBER)
 ----------------------------------------------------------------------------------------------------------
 Model                              1          2     -0.27443665                            2_GWT-(6,20,21)
 Model                              2          1  2.84217094E-14       *                    2_GWT-(9,32,47)
 ----------------------------------------------------------------------------------------------------------


 2 CALLS TO NUMERICAL SOLUTION IN TIME STEP 1 STRESS PERIOD 267
 3 TOTAL ITERATIONS
 
    Solving:  Stress period:   268    Time step:     1
 
1
 STRESS PERIOD NO. 268, LENGTH =   1.000000    
 ------------------------------------------
 NUMBER OF TIME STEPS = 1
 MULTIPLIER FOR DELT =     1.000

 OPENED ./external/chd_268.dat
 FILE TYPE:OPEN/CLOSE   UNIT 1817   STATUS:OLD                 
 FORMAT:FORMATTED              ACCESS:SEQUENTIAL          
 ACTION:READ                

 INITIAL TIME STEP SIZE =   1.000000    

 SLN_1 OUTER ITERATION SUMMARY
 ----------------------------------------------------------------------------------------------------------
                                OUTER      INNER                    STEP   MAXIMUM CHANGE MODEL-(CELLID) OR
 OUTER ITERATION STEP       ITERATION  ITERATION  MAXIMUM CHANGE SUCCESS             MODEL-PACKAGE-(NUMBER)
 ----------------------------------------------------------------------------------------------------------
 Model                              1         17     -0.11561507                           1_GWF-(1,101,66)
 Model                              2          6     -0.12305515                            1_GWF-(2,62,75)
 Model                              3          3  7.86636646E-04       *                    1_GWF-(2,44,29)
 ----------------------------------------------------------------------------------------------------------


 3 CALLS TO NUMERICAL SOLUTION IN TIME STEP 1 STRESS PERIOD 268
 26 TOTAL ITERATIONS

 SLN_2 OUTER ITERATION SUMMARY
 ----------------------------------------------------------------------------------------------------------
                                OUTER      INNER                    STEP   MAXIMUM CHANGE MODEL-(CELLID) OR
 OUTER ITERATION STEP       ITERATION  ITERATION  MAXIMUM CHANGE SUCCESS             MODEL-PACKAGE-(NUMBER)
 ----------------------------------------------------------------------------------------------------------
 Model                              1          2     -0.25046985                            2_GWT-(6,20,21)
 Model                              2          1  2.84217094E-14       *                   2_GWT-(11,35,34)
 ----------------------------------------------------------------------------------------------------------


 2 CALLS TO NUMERICAL SOLUTION IN TIME STEP 1 STRESS PERIOD 268
 3 TOTAL ITERATIONS
 
    Solving:  Stress period:   269    Time step:     1
 
1
 STRESS PERIOD NO. 269, LENGTH =   1.000000    
 ------------------------------------------
 NUMBER OF TIME STEPS = 1
 MULTIPLIER FOR DELT =     1.000

 OPENED ./external/chd_269.dat
 FILE TYPE:OPEN/CLOSE   UNIT 1819   STATUS:OLD                 
 FORMAT:FORMATTED              ACCESS:SEQUENTIAL          
 ACTION:READ                

 INITIAL TIME STEP SIZE =   1.000000    

 SLN_1 OUTER ITERATION SUMMARY
 ----------------------------------------------------------------------------------------------------------
                                OUTER      INNER                    STEP   MAXIMUM CHANGE MODEL-(CELLID) OR
 OUTER ITERATION STEP       ITERATION  ITERATION  MAXIMUM CHANGE SUCCESS             MODEL-PACKAGE-(NUMBER)
 ----------------------------------------------------------------------------------------------------------
 Model                              1         26       16.779150                            1_GWF-(1,92,79)
 Model                              2         17      -10.732976                            1_GWF-(1,92,79)
 Model                              3          8      -3.3433565                            1_GWF-(1,92,79)
 Model                              4          7       1.1437497                            1_GWF-(1,92,78)
 Model                              5          5      0.33549849                            1_GWF-(1,92,78)
 Model                              6          5  6.63073530E-02                            1_GWF-(1,92,78)
 Model                              7          4  1.26292830E-02                            1_GWF-(1,92,78)
 Model                              8          3  2.39554374E-03       *                    1_GWF-(1,92,78)
 ----------------------------------------------------------------------------------------------------------


 8 CALLS TO NUMERICAL SOLUTION IN TIME STEP 1 STRESS PERIOD 269
 75 TOTAL ITERATIONS

 SLN_2 OUTER ITERATION SUMMARY
 ----------------------------------------------------------------------------------------------------------
                                OUTER      INNER                    STEP   MAXIMUM CHANGE MODEL-(CELLID) OR
 OUTER ITERATION STEP       ITERATION  ITERATION  MAXIMUM CHANGE SUCCESS             MODEL-PACKAGE-(NUMBER)
 ----------------------------------------------------------------------------------------------------------
 Model                              1          2      -2.3268154                            2_GWT-(1,38,66)
 Model                              2          1 -7.17648163E-13       *                    2_GWT-(15,41,1)
 ----------------------------------------------------------------------------------------------------------


 2 CALLS TO NUMERICAL SOLUTION IN TIME STEP 1 STRESS PERIOD 269
 3 TOTAL ITERATIONS
 
    Solving:  Stress period:   270    Time step:     1
 
1
 STRESS PERIOD NO. 270, LENGTH =   1.000000    
 ------------------------------------------
 NUMBER OF TIME STEPS = 1
 MULTIPLIER FOR DELT =     1.000

 OPENED ./external/chd_270.dat
 FILE TYPE:OPEN/CLOSE   UNIT 1821   STATUS:OLD                 
 FORMAT:FORMATTED              ACCESS:SEQUENTIAL          
 ACTION:READ                

 INITIAL TIME STEP SIZE =   1.000000    

 SLN_1 OUTER ITERATION SUMMARY
 ----------------------------------------------------------------------------------------------------------
                                OUTER      INNER                    STEP   MAXIMUM CHANGE MODEL-(CELLID) OR
 OUTER ITERATION STEP       ITERATION  ITERATION  MAXIMUM CHANGE SUCCESS             MODEL-PACKAGE-(NUMBER)
 ----------------------------------------------------------------------------------------------------------
 Model                              1         20      -3.1451846                           1_GWF-(1,103,42)
 Model                              2         13     -0.88743015                           1_GWF-(1,107,15)
 Model                              3          6  1.12747711E-02                            1_GWF-(1,59,41)
 Model                              4          3  1.12525664E-03       *                    1_GWF-(1,59,41)
 ----------------------------------------------------------------------------------------------------------


 4 CALLS TO NUMERICAL SOLUTION IN TIME STEP 1 STRESS PERIOD 270
 42 TOTAL ITERATIONS

 SLN_2 OUTER ITERATION SUMMARY
 ----------------------------------------------------------------------------------------------------------
                                OUTER      INNER                    STEP   MAXIMUM CHANGE MODEL-(CELLID) OR
 OUTER ITERATION STEP       ITERATION  ITERATION  MAXIMUM CHANGE SUCCESS             MODEL-PACKAGE-(NUMBER)
 ----------------------------------------------------------------------------------------------------------
 Model                              1          2     -0.41827491                            2_GWT-(6,20,21)
 Model                              2          1  3.73034936E-14       *                    2_GWT-(15,41,1)
 ----------------------------------------------------------------------------------------------------------


 2 CALLS TO NUMERICAL SOLUTION IN TIME STEP 1 STRESS PERIOD 270
 3 TOTAL ITERATIONS
 
    Solving:  Stress period:   271    Time step:     1
 
1
 STRESS PERIOD NO. 271, LENGTH =   1.000000    
 ------------------------------------------
 NUMBER OF TIME STEPS = 1
 MULTIPLIER FOR DELT =     1.000

 OPENED ./external/chd_271.dat
 FILE TYPE:OPEN/CLOSE   UNIT 1823   STATUS:OLD                 
 FORMAT:FORMATTED              ACCESS:SEQUENTIAL          
 ACTION:READ                

 INITIAL TIME STEP SIZE =   1.000000    

 SLN_1 OUTER ITERATION SUMMARY
 ----------------------------------------------------------------------------------------------------------
                                OUTER      INNER                    STEP   MAXIMUM CHANGE MODEL-(CELLID) OR
 OUTER ITERATION STEP       ITERATION  ITERATION  MAXIMUM CHANGE SUCCESS             MODEL-PACKAGE-(NUMBER)
 ----------------------------------------------------------------------------------------------------------
 Model                              1         19      0.65030512                             1_GWF-(1,43,7)
 Model                              2         13      0.37679873                            1_GWF-(1,45,19)
 Model                              3          6  2.09155333E-02                            1_GWF-(2,62,10)
 Model                              4          4  3.97583772E-03       *                    1_GWF-(2,62,10)
 ----------------------------------------------------------------------------------------------------------


 4 CALLS TO NUMERICAL SOLUTION IN TIME STEP 1 STRESS PERIOD 271
 42 TOTAL ITERATIONS

 SLN_2 OUTER ITERATION SUMMARY
 ----------------------------------------------------------------------------------------------------------
                                OUTER      INNER                    STEP   MAXIMUM CHANGE MODEL-(CELLID) OR
 OUTER ITERATION STEP       ITERATION  ITERATION  MAXIMUM CHANGE SUCCESS             MODEL-PACKAGE-(NUMBER)
 ----------------------------------------------------------------------------------------------------------
 Model                              1          2     -0.46238432                            2_GWT-(6,20,21)
 Model                              2          1  4.44089210E-14       *                    2_GWT-(15,41,1)
 ----------------------------------------------------------------------------------------------------------


 2 CALLS TO NUMERICAL SOLUTION IN TIME STEP 1 STRESS PERIOD 271
 3 TOTAL ITERATIONS
 
    Solving:  Stress period:   272    Time step:     1
 
1
 STRESS PERIOD NO. 272, LENGTH =   1.000000    
 ------------------------------------------
 NUMBER OF TIME STEPS = 1
 MULTIPLIER FOR DELT =     1.000

 OPENED ./external/chd_272.dat
 FILE TYPE:OPEN/CLOSE   UNIT 1825   STATUS:OLD                 
 FORMAT:FORMATTED              ACCESS:SEQUENTIAL          
 ACTION:READ                

 INITIAL TIME STEP SIZE =   1.000000    

 SLN_1 OUTER ITERATION SUMMARY
 ----------------------------------------------------------------------------------------------------------
                                OUTER      INNER                    STEP   MAXIMUM CHANGE MODEL-(CELLID) OR
 OUTER ITERATION STEP       ITERATION  ITERATION  MAXIMUM CHANGE SUCCESS             MODEL-PACKAGE-(NUMBER)
 ----------------------------------------------------------------------------------------------------------
 Model                              1         21      -1.1620154                           1_GWF-(1,103,42)
 Model                              2         11     -0.33804091                            1_GWF-(1,72,76)
 Model                              3          6  1.71006471E-02                           1_GWF-(1,108,46)
 Model                              4          4  1.71157848E-03       *                   1_GWF-(1,108,46)
 ----------------------------------------------------------------------------------------------------------


 4 CALLS TO NUMERICAL SOLUTION IN TIME STEP 1 STRESS PERIOD 272
 42 TOTAL ITERATIONS

 SLN_2 OUTER ITERATION SUMMARY
 ----------------------------------------------------------------------------------------------------------
                                OUTER      INNER                    STEP   MAXIMUM CHANGE MODEL-(CELLID) OR
 OUTER ITERATION STEP       ITERATION  ITERATION  MAXIMUM CHANGE SUCCESS             MODEL-PACKAGE-(NUMBER)
 ----------------------------------------------------------------------------------------------------------
 Model                              1          2     -0.44173497                            2_GWT-(6,20,21)
 Model                              2          1 -5.32907052E-14       *                    2_GWT-(1,17,27)
 ----------------------------------------------------------------------------------------------------------


 2 CALLS TO NUMERICAL SOLUTION IN TIME STEP 1 STRESS PERIOD 272
 3 TOTAL ITERATIONS
 
    Solving:  Stress period:   273    Time step:     1
 
1
 STRESS PERIOD NO. 273, LENGTH =   1.000000    
 ------------------------------------------
 NUMBER OF TIME STEPS = 1
 MULTIPLIER FOR DELT =     1.000

 OPENED ./external/chd_273.dat
 FILE TYPE:OPEN/CLOSE   UNIT 1827   STATUS:OLD                 
 FORMAT:FORMATTED              ACCESS:SEQUENTIAL          
 ACTION:READ                

 INITIAL TIME STEP SIZE =   1.000000    

 SLN_1 OUTER ITERATION SUMMARY
 ----------------------------------------------------------------------------------------------------------
                                OUTER      INNER                    STEP   MAXIMUM CHANGE MODEL-(CELLID) OR
 OUTER ITERATION STEP       ITERATION  ITERATION  MAXIMUM CHANGE SUCCESS             MODEL-PACKAGE-(NUMBER)
 ----------------------------------------------------------------------------------------------------------
 Model                              1         18      -2.1054064                            1_GWF-(1,76,79)
 Model                              2          9     -0.83609629                            1_GWF-(1,70,73)
 Model                              3          8  2.80116999E-02                            1_GWF-(1,44,18)
 Model                              4          5  2.79234026E-03       *                    1_GWF-(1,44,18)
 ----------------------------------------------------------------------------------------------------------


 4 CALLS TO NUMERICAL SOLUTION IN TIME STEP 1 STRESS PERIOD 273
 40 TOTAL ITERATIONS

 SLN_2 OUTER ITERATION SUMMARY
 ----------------------------------------------------------------------------------------------------------
                                OUTER      INNER                    STEP   MAXIMUM CHANGE MODEL-(CELLID) OR
 OUTER ITERATION STEP       ITERATION  ITERATION  MAXIMUM CHANGE SUCCESS             MODEL-PACKAGE-(NUMBER)
 ----------------------------------------------------------------------------------------------------------
 Model                              1          2       1.0834359                            2_GWT-(1,45,64)
 Model                              2          1  6.57252031E-14       *                    2_GWT-(1,17,27)
 ----------------------------------------------------------------------------------------------------------


 2 CALLS TO NUMERICAL SOLUTION IN TIME STEP 1 STRESS PERIOD 273
 3 TOTAL ITERATIONS
 
    Solving:  Stress period:   274    Time step:     1
 
1
 STRESS PERIOD NO. 274, LENGTH =   1.000000    
 ------------------------------------------
 NUMBER OF TIME STEPS = 1
 MULTIPLIER FOR DELT =     1.000

 OPENED ./external/chd_274.dat
 FILE TYPE:OPEN/CLOSE   UNIT 1829   STATUS:OLD                 
 FORMAT:FORMATTED              ACCESS:SEQUENTIAL          
 ACTION:READ                

 INITIAL TIME STEP SIZE =   1.000000    

 SLN_1 OUTER ITERATION SUMMARY
 ----------------------------------------------------------------------------------------------------------
                                OUTER      INNER                    STEP   MAXIMUM CHANGE MODEL-(CELLID) OR
 OUTER ITERATION STEP       ITERATION  ITERATION  MAXIMUM CHANGE SUCCESS             MODEL-PACKAGE-(NUMBER)
 ----------------------------------------------------------------------------------------------------------
 Model                              1         19     -0.67893880                            1_GWF-(1,68,74)
 Model                              2          7     -0.46649667                            1_GWF-(1,71,75)
 Model                              3          5  3.26834950E-02                            1_GWF-(1,65,75)
 Model                              4          3  3.25246683E-03       *                    1_GWF-(1,65,75)
 ----------------------------------------------------------------------------------------------------------


 4 CALLS TO NUMERICAL SOLUTION IN TIME STEP 1 STRESS PERIOD 274
 34 TOTAL ITERATIONS

 SLN_2 OUTER ITERATION SUMMARY
 ----------------------------------------------------------------------------------------------------------
                                OUTER      INNER                    STEP   MAXIMUM CHANGE MODEL-(CELLID) OR
 OUTER ITERATION STEP       ITERATION  ITERATION  MAXIMUM CHANGE SUCCESS             MODEL-PACKAGE-(NUMBER)
 ----------------------------------------------------------------------------------------------------------
 Model                              1          2     -0.29215230                            2_GWT-(6,21,21)
 Model                              2          1  6.75015599E-14       *                    2_GWT-(1,17,27)
 ----------------------------------------------------------------------------------------------------------


 2 CALLS TO NUMERICAL SOLUTION IN TIME STEP 1 STRESS PERIOD 274
 3 TOTAL ITERATIONS
 
    Solving:  Stress period:   275    Time step:     1
 
1
 STRESS PERIOD NO. 275, LENGTH =   1.000000    
 ------------------------------------------
 NUMBER OF TIME STEPS = 1
 MULTIPLIER FOR DELT =     1.000
 #k i j q boundname

 OPENED .\external\wel_305.dat
 FILE TYPE:OPEN/CLOSE   UNIT 1830   STATUS:OLD                 
 FORMAT:FORMATTED              ACCESS:SEQUENTIAL          
 ACTION:READ                


 OPENED ./external/chd_275.dat
 FILE TYPE:OPEN/CLOSE   UNIT 1832   STATUS:OLD                 
 FORMAT:FORMATTED              ACCESS:SEQUENTIAL          
 ACTION:READ                

 INITIAL TIME STEP SIZE =   1.000000    

 SLN_1 OUTER ITERATION SUMMARY
 ----------------------------------------------------------------------------------------------------------
                                OUTER      INNER                    STEP   MAXIMUM CHANGE MODEL-(CELLID) OR
 OUTER ITERATION STEP       ITERATION  ITERATION  MAXIMUM CHANGE SUCCESS             MODEL-PACKAGE-(NUMBER)
 ----------------------------------------------------------------------------------------------------------
 Model                              1         22       12.690110                          1_GWF-(14,147,59)
 Model                              2          7     -0.25527336                            1_GWF-(3,64,75)
 Model                              3          6 -1.85564987E-02                            1_GWF-(1,25,27)
 Model                              4          5 -3.52726948E-03       *                    1_GWF-(1,25,27)
 ----------------------------------------------------------------------------------------------------------


 4 CALLS TO NUMERICAL SOLUTION IN TIME STEP 1 STRESS PERIOD 275
 40 TOTAL ITERATIONS

 SLN_2 OUTER ITERATION SUMMARY
 ----------------------------------------------------------------------------------------------------------
                                OUTER      INNER                    STEP   MAXIMUM CHANGE MODEL-(CELLID) OR
 OUTER ITERATION STEP       ITERATION  ITERATION  MAXIMUM CHANGE SUCCESS             MODEL-PACKAGE-(NUMBER)
 ----------------------------------------------------------------------------------------------------------
 Model                              1          2     -0.26621516                            2_GWT-(6,21,21)
 Model                              2          1  2.01438866E-12       *                    2_GWT-(15,41,1)
 ----------------------------------------------------------------------------------------------------------


 2 CALLS TO NUMERICAL SOLUTION IN TIME STEP 1 STRESS PERIOD 275
 3 TOTAL ITERATIONS
 
    Solving:  Stress period:   276    Time step:     1
 
1
 STRESS PERIOD NO. 276, LENGTH =   1.000000    
 ------------------------------------------
 NUMBER OF TIME STEPS = 1
 MULTIPLIER FOR DELT =     1.000

 OPENED ./external/chd_276.dat
 FILE TYPE:OPEN/CLOSE   UNIT 1834   STATUS:OLD                 
 FORMAT:FORMATTED              ACCESS:SEQUENTIAL          
 ACTION:READ                

 INITIAL TIME STEP SIZE =   1.000000    

 SLN_1 OUTER ITERATION SUMMARY
 ----------------------------------------------------------------------------------------------------------
                                OUTER      INNER                    STEP   MAXIMUM CHANGE MODEL-(CELLID) OR
 OUTER ITERATION STEP       ITERATION  ITERATION  MAXIMUM CHANGE SUCCESS             MODEL-PACKAGE-(NUMBER)
 ----------------------------------------------------------------------------------------------------------
 Model                              1         25       3.1925167                            1_GWF-(1,76,77)
 Model                              2         11     -0.92889309                            1_GWF-(1,79,80)
 Model                              3          6     -0.11834029                            1_GWF-(1,79,80)
 Model                              4          5 -1.20568040E-02                            1_GWF-(1,79,80)
 Model                              5          4  1.69735614E-03       *                    1_GWF-(4,95,20)
 ----------------------------------------------------------------------------------------------------------


 5 CALLS TO NUMERICAL SOLUTION IN TIME STEP 1 STRESS PERIOD 276
 51 TOTAL ITERATIONS

 SLN_2 OUTER ITERATION SUMMARY
 ----------------------------------------------------------------------------------------------------------
                                OUTER      INNER                    STEP   MAXIMUM CHANGE MODEL-(CELLID) OR
 OUTER ITERATION STEP       ITERATION  ITERATION  MAXIMUM CHANGE SUCCESS             MODEL-PACKAGE-(NUMBER)
 ----------------------------------------------------------------------------------------------------------
 Model                              1          2      -1.0834359                            2_GWT-(1,45,64)
 Model                              2          1  8.52651283E-14       *                    2_GWT-(1,17,27)
 ----------------------------------------------------------------------------------------------------------


 2 CALLS TO NUMERICAL SOLUTION IN TIME STEP 1 STRESS PERIOD 276
 3 TOTAL ITERATIONS
 
    Solving:  Stress period:   277    Time step:     1
 
1
 STRESS PERIOD NO. 277, LENGTH =   1.000000    
 ------------------------------------------
 NUMBER OF TIME STEPS = 1
 MULTIPLIER FOR DELT =     1.000

 OPENED ./external/chd_277.dat
 FILE TYPE:OPEN/CLOSE   UNIT 1836   STATUS:OLD                 
 FORMAT:FORMATTED              ACCESS:SEQUENTIAL          
 ACTION:READ                

 INITIAL TIME STEP SIZE =   1.000000    

 SLN_1 OUTER ITERATION SUMMARY
 ----------------------------------------------------------------------------------------------------------
                                OUTER      INNER                    STEP   MAXIMUM CHANGE MODEL-(CELLID) OR
 OUTER ITERATION STEP       ITERATION  ITERATION  MAXIMUM CHANGE SUCCESS             MODEL-PACKAGE-(NUMBER)
 ----------------------------------------------------------------------------------------------------------
 Model                              1         23      -2.8859500                            1_GWF-(1,76,77)
 Model                              2         12     -0.93198807                            1_GWF-(1,80,79)
 Model                              3          8  6.59285470E-02                           1_GWF-(1,109,24)
 Model                              4          4  6.60372668E-03       *                   1_GWF-(1,109,24)
 ----------------------------------------------------------------------------------------------------------


 4 CALLS TO NUMERICAL SOLUTION IN TIME STEP 1 STRESS PERIOD 277
 47 TOTAL ITERATIONS

 SLN_2 OUTER ITERATION SUMMARY
 ----------------------------------------------------------------------------------------------------------
                                OUTER      INNER                    STEP   MAXIMUM CHANGE MODEL-(CELLID) OR
 OUTER ITERATION STEP       ITERATION  ITERATION  MAXIMUM CHANGE SUCCESS             MODEL-PACKAGE-(NUMBER)
 ----------------------------------------------------------------------------------------------------------
 Model                              1          2       1.0705337                            2_GWT-(1,45,64)
 Model                              2          1  4.45865567E-13       *                    2_GWT-(1,17,27)
 ----------------------------------------------------------------------------------------------------------


 2 CALLS TO NUMERICAL SOLUTION IN TIME STEP 1 STRESS PERIOD 277
 3 TOTAL ITERATIONS
 
    Solving:  Stress period:   278    Time step:     1
 
1
 STRESS PERIOD NO. 278, LENGTH =   1.000000    
 ------------------------------------------
 NUMBER OF TIME STEPS = 1
 MULTIPLIER FOR DELT =     1.000

 OPENED ./external/chd_278.dat
 FILE TYPE:OPEN/CLOSE   UNIT 1838   STATUS:OLD                 
 FORMAT:FORMATTED              ACCESS:SEQUENTIAL          
 ACTION:READ                

 INITIAL TIME STEP SIZE =   1.000000    

 SLN_1 OUTER ITERATION SUMMARY
 ----------------------------------------------------------------------------------------------------------
                                OUTER      INNER                    STEP   MAXIMUM CHANGE MODEL-(CELLID) OR
 OUTER ITERATION STEP       ITERATION  ITERATION  MAXIMUM CHANGE SUCCESS             MODEL-PACKAGE-(NUMBER)
 ----------------------------------------------------------------------------------------------------------
 Model                              1         19     -0.74379640                           1_GWF-(1,107,50)
 Model                              2          8     -0.43571983                            1_GWF-(1,71,75)
 Model                              3          5  2.41877965E-02                            1_GWF-(1,71,75)
 Model                              4          4 -3.15646298E-03       *                    1_GWF-(1,25,27)
 ----------------------------------------------------------------------------------------------------------


 4 CALLS TO NUMERICAL SOLUTION IN TIME STEP 1 STRESS PERIOD 278
 36 TOTAL ITERATIONS

 SLN_2 OUTER ITERATION SUMMARY
 ----------------------------------------------------------------------------------------------------------
                                OUTER      INNER                    STEP   MAXIMUM CHANGE MODEL-(CELLID) OR
 OUTER ITERATION STEP       ITERATION  ITERATION  MAXIMUM CHANGE SUCCESS             MODEL-PACKAGE-(NUMBER)
 ----------------------------------------------------------------------------------------------------------
 Model                              1          2     -0.26225873                            2_GWT-(6,21,21)
 Model                              2          1 -2.14939178E-13       *                    2_GWT-(15,41,1)
 ----------------------------------------------------------------------------------------------------------


 2 CALLS TO NUMERICAL SOLUTION IN TIME STEP 1 STRESS PERIOD 278
 3 TOTAL ITERATIONS
 
    Solving:  Stress period:   279    Time step:     1
 
1
 STRESS PERIOD NO. 279, LENGTH =   1.000000    
 ------------------------------------------
 NUMBER OF TIME STEPS = 1
 MULTIPLIER FOR DELT =     1.000

 OPENED ./external/chd_279.dat
 FILE TYPE:OPEN/CLOSE   UNIT 1840   STATUS:OLD                 
 FORMAT:FORMATTED              ACCESS:SEQUENTIAL          
 ACTION:READ                

 INITIAL TIME STEP SIZE =   1.000000    

 SLN_1 OUTER ITERATION SUMMARY
 ----------------------------------------------------------------------------------------------------------
                                OUTER      INNER                    STEP   MAXIMUM CHANGE MODEL-(CELLID) OR
 OUTER ITERATION STEP       ITERATION  ITERATION  MAXIMUM CHANGE SUCCESS             MODEL-PACKAGE-(NUMBER)
 ----------------------------------------------------------------------------------------------------------
 Model                              1         19     -0.24301389                            1_GWF-(1,80,74)
 Model                              2          6     -0.12543855                            1_GWF-(1,81,75)
 Model                              3          4  3.51594436E-03       *                    1_GWF-(2,49,42)
 ----------------------------------------------------------------------------------------------------------


 3 CALLS TO NUMERICAL SOLUTION IN TIME STEP 1 STRESS PERIOD 279
 29 TOTAL ITERATIONS

 SLN_2 OUTER ITERATION SUMMARY
 ----------------------------------------------------------------------------------------------------------
                                OUTER      INNER                    STEP   MAXIMUM CHANGE MODEL-(CELLID) OR
 OUTER ITERATION STEP       ITERATION  ITERATION  MAXIMUM CHANGE SUCCESS             MODEL-PACKAGE-(NUMBER)
 ----------------------------------------------------------------------------------------------------------
 Model                              1          2     -0.23836029                            2_GWT-(6,22,20)
 Model                              2          1 -1.22568622E-13       *                    2_GWT-(15,41,1)
 ----------------------------------------------------------------------------------------------------------


 2 CALLS TO NUMERICAL SOLUTION IN TIME STEP 1 STRESS PERIOD 279
 3 TOTAL ITERATIONS
 
    Solving:  Stress period:   280    Time step:     1
 
1
 STRESS PERIOD NO. 280, LENGTH =   1.000000    
 ------------------------------------------
 NUMBER OF TIME STEPS = 1
 MULTIPLIER FOR DELT =     1.000

 OPENED ./external/chd_280.dat
 FILE TYPE:OPEN/CLOSE   UNIT 1842   STATUS:OLD                 
 FORMAT:FORMATTED              ACCESS:SEQUENTIAL          
 ACTION:READ                

 INITIAL TIME STEP SIZE =   1.000000    

 SLN_1 OUTER ITERATION SUMMARY
 ----------------------------------------------------------------------------------------------------------
                                OUTER      INNER                    STEP   MAXIMUM CHANGE MODEL-(CELLID) OR
 OUTER ITERATION STEP       ITERATION  ITERATION  MAXIMUM CHANGE SUCCESS             MODEL-PACKAGE-(NUMBER)
 ----------------------------------------------------------------------------------------------------------
 Model                              1         20     -0.24680183                            1_GWF-(1,64,75)
 Model                              2          5      0.10529273                            1_GWF-(2,93,78)
 Model                              3          4  5.14538044E-03       *                    1_GWF-(3,79,80)
 ----------------------------------------------------------------------------------------------------------


 3 CALLS TO NUMERICAL SOLUTION IN TIME STEP 1 STRESS PERIOD 280
 29 TOTAL ITERATIONS

 SLN_2 OUTER ITERATION SUMMARY
 ----------------------------------------------------------------------------------------------------------
                                OUTER      INNER                    STEP   MAXIMUM CHANGE MODEL-(CELLID) OR
 OUTER ITERATION STEP       ITERATION  ITERATION  MAXIMUM CHANGE SUCCESS             MODEL-PACKAGE-(NUMBER)
 ----------------------------------------------------------------------------------------------------------
 Model                              1          2     -0.21825879                            2_GWT-(6,22,20)
 Model                              2          1 -1.72306613E-13       *                    2_GWT-(15,41,1)
 ----------------------------------------------------------------------------------------------------------


 2 CALLS TO NUMERICAL SOLUTION IN TIME STEP 1 STRESS PERIOD 280
 3 TOTAL ITERATIONS
 
    Solving:  Stress period:   281    Time step:     1
 
1
 STRESS PERIOD NO. 281, LENGTH =   1.000000    
 ------------------------------------------
 NUMBER OF TIME STEPS = 1
 MULTIPLIER FOR DELT =     1.000

 OPENED ./external/chd_281.dat
 FILE TYPE:OPEN/CLOSE   UNIT 1844   STATUS:OLD                 
 FORMAT:FORMATTED              ACCESS:SEQUENTIAL          
 ACTION:READ                

 INITIAL TIME STEP SIZE =   1.000000    

 SLN_1 OUTER ITERATION SUMMARY
 ----------------------------------------------------------------------------------------------------------
                                OUTER      INNER                    STEP   MAXIMUM CHANGE MODEL-(CELLID) OR
 OUTER ITERATION STEP       ITERATION  ITERATION  MAXIMUM CHANGE SUCCESS             MODEL-PACKAGE-(NUMBER)
 ----------------------------------------------------------------------------------------------------------
 Model                              1         19     -0.18531745                            1_GWF-(1,49,42)
 Model                              2          6 -9.97259841E-02                            1_GWF-(3,78,80)
 Model                              3          4  5.21067898E-03       *                    1_GWF-(3,78,80)
 ----------------------------------------------------------------------------------------------------------


 3 CALLS TO NUMERICAL SOLUTION IN TIME STEP 1 STRESS PERIOD 281
 29 TOTAL ITERATIONS

 SLN_2 OUTER ITERATION SUMMARY
 ----------------------------------------------------------------------------------------------------------
                                OUTER      INNER                    STEP   MAXIMUM CHANGE MODEL-(CELLID) OR
 OUTER ITERATION STEP       ITERATION  ITERATION  MAXIMUM CHANGE SUCCESS             MODEL-PACKAGE-(NUMBER)
 ----------------------------------------------------------------------------------------------------------
 Model                              1          2     -0.19894248                            2_GWT-(6,22,20)
 Model                              2          1  2.13162821E-14       *                     2_GWT-(5,4,28)
 ----------------------------------------------------------------------------------------------------------


 2 CALLS TO NUMERICAL SOLUTION IN TIME STEP 1 STRESS PERIOD 281
 3 TOTAL ITERATIONS
 
    Solving:  Stress period:   282    Time step:     1
 
1
 STRESS PERIOD NO. 282, LENGTH =   1.000000    
 ------------------------------------------
 NUMBER OF TIME STEPS = 1
 MULTIPLIER FOR DELT =     1.000

 OPENED ./external/chd_282.dat
 FILE TYPE:OPEN/CLOSE   UNIT 1846   STATUS:OLD                 
 FORMAT:FORMATTED              ACCESS:SEQUENTIAL          
 ACTION:READ                

 INITIAL TIME STEP SIZE =   1.000000    

 SLN_1 OUTER ITERATION SUMMARY
 ----------------------------------------------------------------------------------------------------------
                                OUTER      INNER                    STEP   MAXIMUM CHANGE MODEL-(CELLID) OR
 OUTER ITERATION STEP       ITERATION  ITERATION  MAXIMUM CHANGE SUCCESS             MODEL-PACKAGE-(NUMBER)
 ----------------------------------------------------------------------------------------------------------
 Model                              1         15     -0.13389115                            1_GWF-(1,78,80)
 Model                              2          9 -5.19616465E-02                            1_GWF-(1,95,20)
 Model                              3          5 -6.36448686E-03       *                     1_GWF-(1,39,4)
 ----------------------------------------------------------------------------------------------------------


 3 CALLS TO NUMERICAL SOLUTION IN TIME STEP 1 STRESS PERIOD 282
 29 TOTAL ITERATIONS

 SLN_2 OUTER ITERATION SUMMARY
 ----------------------------------------------------------------------------------------------------------
                                OUTER      INNER                    STEP   MAXIMUM CHANGE MODEL-(CELLID) OR
 OUTER ITERATION STEP       ITERATION  ITERATION  MAXIMUM CHANGE SUCCESS             MODEL-PACKAGE-(NUMBER)
 ----------------------------------------------------------------------------------------------------------
 Model                              1          2     -0.22723774                           2_GWT-(12,42,70)
 Model                              2          1  2.13162821E-14       *                     2_GWT-(2,4,27)
 ----------------------------------------------------------------------------------------------------------


 2 CALLS TO NUMERICAL SOLUTION IN TIME STEP 1 STRESS PERIOD 282
 3 TOTAL ITERATIONS
 
    Solving:  Stress period:   283    Time step:     1
 
1
 STRESS PERIOD NO. 283, LENGTH =   1.000000    
 ------------------------------------------
 NUMBER OF TIME STEPS = 1
 MULTIPLIER FOR DELT =     1.000

 OPENED ./external/chd_283.dat
 FILE TYPE:OPEN/CLOSE   UNIT 1848   STATUS:OLD                 
 FORMAT:FORMATTED              ACCESS:SEQUENTIAL          
 ACTION:READ                

 INITIAL TIME STEP SIZE =   1.000000    

 SLN_1 OUTER ITERATION SUMMARY
 ----------------------------------------------------------------------------------------------------------
                                OUTER      INNER                    STEP   MAXIMUM CHANGE MODEL-(CELLID) OR
 OUTER ITERATION STEP       ITERATION  ITERATION  MAXIMUM CHANGE SUCCESS             MODEL-PACKAGE-(NUMBER)
 ----------------------------------------------------------------------------------------------------------
 Model                              1         19     -0.12370566                            1_GWF-(1,60,68)
 Model                              2          6 -7.69823727E-02                            1_GWF-(1,87,68)
 Model                              3          4  1.46355617E-03       *                    1_GWF-(5,63,47)
 ----------------------------------------------------------------------------------------------------------


 3 CALLS TO NUMERICAL SOLUTION IN TIME STEP 1 STRESS PERIOD 283
 29 TOTAL ITERATIONS

 SLN_2 OUTER ITERATION SUMMARY
 ----------------------------------------------------------------------------------------------------------
                                OUTER      INNER                    STEP   MAXIMUM CHANGE MODEL-(CELLID) OR
 OUTER ITERATION STEP       ITERATION  ITERATION  MAXIMUM CHANGE SUCCESS             MODEL-PACKAGE-(NUMBER)
 ----------------------------------------------------------------------------------------------------------
 Model                              1          2     -0.25379115                           2_GWT-(12,42,70)
 Model                              2          1 -2.13162821E-14       *                     2_GWT-(4,9,28)
 ----------------------------------------------------------------------------------------------------------


 2 CALLS TO NUMERICAL SOLUTION IN TIME STEP 1 STRESS PERIOD 283
 3 TOTAL ITERATIONS
 
    Solving:  Stress period:   284    Time step:     1
 
1
 STRESS PERIOD NO. 284, LENGTH =   1.000000    
 ------------------------------------------
 NUMBER OF TIME STEPS = 1
 MULTIPLIER FOR DELT =     1.000

 OPENED ./external/chd_284.dat
 FILE TYPE:OPEN/CLOSE   UNIT 1850   STATUS:OLD                 
 FORMAT:FORMATTED              ACCESS:SEQUENTIAL          
 ACTION:READ                

 INITIAL TIME STEP SIZE =   1.000000    

 SLN_1 OUTER ITERATION SUMMARY
 ----------------------------------------------------------------------------------------------------------
                                OUTER      INNER                    STEP   MAXIMUM CHANGE MODEL-(CELLID) OR
 OUTER ITERATION STEP       ITERATION  ITERATION  MAXIMUM CHANGE SUCCESS             MODEL-PACKAGE-(NUMBER)
 ----------------------------------------------------------------------------------------------------------
 Model                              1         19     -0.11694159                            1_GWF-(1,40,26)
 Model                              2          6 -5.66481517E-02                            1_GWF-(1,54,40)
 Model                              3          4  1.55723305E-03       *                    1_GWF-(2,40,32)
 ----------------------------------------------------------------------------------------------------------


 3 CALLS TO NUMERICAL SOLUTION IN TIME STEP 1 STRESS PERIOD 284
 29 TOTAL ITERATIONS

 SLN_2 OUTER ITERATION SUMMARY
 ----------------------------------------------------------------------------------------------------------
                                OUTER      INNER                    STEP   MAXIMUM CHANGE MODEL-(CELLID) OR
 OUTER ITERATION STEP       ITERATION  ITERATION  MAXIMUM CHANGE SUCCESS             MODEL-PACKAGE-(NUMBER)
 ----------------------------------------------------------------------------------------------------------
 Model                              1          2     -0.27550779                           2_GWT-(12,42,70)
 Model                              2          1  2.13162821E-14       *                     2_GWT-(3,8,24)
 ----------------------------------------------------------------------------------------------------------


 2 CALLS TO NUMERICAL SOLUTION IN TIME STEP 1 STRESS PERIOD 284
 3 TOTAL ITERATIONS
 
    Solving:  Stress period:   285    Time step:     1
 
1
 STRESS PERIOD NO. 285, LENGTH =   1.000000    
 ------------------------------------------
 NUMBER OF TIME STEPS = 1
 MULTIPLIER FOR DELT =     1.000

 OPENED ./external/chd_285.dat
 FILE TYPE:OPEN/CLOSE   UNIT 1852   STATUS:OLD                 
 FORMAT:FORMATTED              ACCESS:SEQUENTIAL          
 ACTION:READ                

 INITIAL TIME STEP SIZE =   1.000000    

 SLN_1 OUTER ITERATION SUMMARY
 ----------------------------------------------------------------------------------------------------------
                                OUTER      INNER                    STEP   MAXIMUM CHANGE MODEL-(CELLID) OR
 OUTER ITERATION STEP       ITERATION  ITERATION  MAXIMUM CHANGE SUCCESS             MODEL-PACKAGE-(NUMBER)
 ----------------------------------------------------------------------------------------------------------
 Model                              1         21       3.1322025                           1_GWF-(1,103,42)
 Model                              2         12      -1.1098347                           1_GWF-(1,108,18)
 Model                              3          7     -0.12425755                           1_GWF-(1,108,18)
 Model                              4          5  1.30577601E-02                            1_GWF-(4,97,21)
 Model                              5          4  2.47880951E-03       *                    1_GWF-(4,97,21)
 ----------------------------------------------------------------------------------------------------------


 5 CALLS TO NUMERICAL SOLUTION IN TIME STEP 1 STRESS PERIOD 285
 49 TOTAL ITERATIONS

 SLN_2 OUTER ITERATION SUMMARY
 ----------------------------------------------------------------------------------------------------------
                                OUTER      INNER                    STEP   MAXIMUM CHANGE MODEL-(CELLID) OR
 OUTER ITERATION STEP       ITERATION  ITERATION  MAXIMUM CHANGE SUCCESS             MODEL-PACKAGE-(NUMBER)
 ----------------------------------------------------------------------------------------------------------
 Model                              1          2      -1.0706776                            2_GWT-(1,45,64)
 Model                              2          1  2.13162821E-14       *                     2_GWT-(5,7,26)
 ----------------------------------------------------------------------------------------------------------


 2 CALLS TO NUMERICAL SOLUTION IN TIME STEP 1 STRESS PERIOD 285
 3 TOTAL ITERATIONS
 
    Solving:  Stress period:   286    Time step:     1
 
1
 STRESS PERIOD NO. 286, LENGTH =   1.000000    
 ------------------------------------------
 NUMBER OF TIME STEPS = 1
 MULTIPLIER FOR DELT =     1.000

 OPENED ./external/chd_286.dat
 FILE TYPE:OPEN/CLOSE   UNIT 1854   STATUS:OLD                 
 FORMAT:FORMATTED              ACCESS:SEQUENTIAL          
 ACTION:READ                

 INITIAL TIME STEP SIZE =   1.000000    

 SLN_1 OUTER ITERATION SUMMARY
 ----------------------------------------------------------------------------------------------------------
                                OUTER      INNER                    STEP   MAXIMUM CHANGE MODEL-(CELLID) OR
 OUTER ITERATION STEP       ITERATION  ITERATION  MAXIMUM CHANGE SUCCESS             MODEL-PACKAGE-(NUMBER)
 ----------------------------------------------------------------------------------------------------------
 Model                              1         18      -2.2019860                           1_GWF-(1,103,42)
 Model                              2          8     -0.80648415                           1_GWF-(1,108,46)
 Model                              3          6      0.18083582                           1_GWF-(1,108,46)
 Model                              4          5  1.82239355E-02                           1_GWF-(1,108,46)
 Model                              5          4  1.82258646E-03       *                   1_GWF-(1,108,46)
 ----------------------------------------------------------------------------------------------------------


 5 CALLS TO NUMERICAL SOLUTION IN TIME STEP 1 STRESS PERIOD 286
 41 TOTAL ITERATIONS

 SLN_2 OUTER ITERATION SUMMARY
 ----------------------------------------------------------------------------------------------------------
                                OUTER      INNER                    STEP   MAXIMUM CHANGE MODEL-(CELLID) OR
 OUTER ITERATION STEP       ITERATION  ITERATION  MAXIMUM CHANGE SUCCESS             MODEL-PACKAGE-(NUMBER)
 ----------------------------------------------------------------------------------------------------------
 Model                              1          2     -0.30770207                           2_GWT-(12,42,70)
 Model                              2          1 -2.11386464E-13       *                     2_GWT-(6,29,8)
 ----------------------------------------------------------------------------------------------------------


 2 CALLS TO NUMERICAL SOLUTION IN TIME STEP 1 STRESS PERIOD 286
 3 TOTAL ITERATIONS
 
    Solving:  Stress period:   287    Time step:     1
 
1
 STRESS PERIOD NO. 287, LENGTH =   1.000000    
 ------------------------------------------
 NUMBER OF TIME STEPS = 1
 MULTIPLIER FOR DELT =     1.000

 OPENED ./external/chd_287.dat
 FILE TYPE:OPEN/CLOSE   UNIT 1856   STATUS:OLD                 
 FORMAT:FORMATTED              ACCESS:SEQUENTIAL          
 ACTION:READ                

 INITIAL TIME STEP SIZE =   1.000000    

 SLN_1 OUTER ITERATION SUMMARY
 ----------------------------------------------------------------------------------------------------------
                                OUTER      INNER                    STEP   MAXIMUM CHANGE MODEL-(CELLID) OR
 OUTER ITERATION STEP       ITERATION  ITERATION  MAXIMUM CHANGE SUCCESS             MODEL-PACKAGE-(NUMBER)
 ----------------------------------------------------------------------------------------------------------
 Model                              1         23     -0.96281252                            1_GWF-(1,76,79)
 Model                              2          8     -0.38329369                            1_GWF-(1,68,73)
 Model                              3          5  8.14882958E-03       *                    1_GWF-(1,31,59)
 ----------------------------------------------------------------------------------------------------------


 3 CALLS TO NUMERICAL SOLUTION IN TIME STEP 1 STRESS PERIOD 287
 36 TOTAL ITERATIONS

 SLN_2 OUTER ITERATION SUMMARY
 ----------------------------------------------------------------------------------------------------------
                                OUTER      INNER                    STEP   MAXIMUM CHANGE MODEL-(CELLID) OR
 OUTER ITERATION STEP       ITERATION  ITERATION  MAXIMUM CHANGE SUCCESS             MODEL-PACKAGE-(NUMBER)
 ----------------------------------------------------------------------------------------------------------
 Model                              1          2     -0.31396331                           2_GWT-(12,42,70)
 Model                              2          1 -3.42836870E-13       *                     2_GWT-(6,29,8)
 ----------------------------------------------------------------------------------------------------------


 2 CALLS TO NUMERICAL SOLUTION IN TIME STEP 1 STRESS PERIOD 287
 3 TOTAL ITERATIONS
 
    Solving:  Stress period:   288    Time step:     1
 
1
 STRESS PERIOD NO. 288, LENGTH =   1.000000    
 ------------------------------------------
 NUMBER OF TIME STEPS = 1
 MULTIPLIER FOR DELT =     1.000

 OPENED ./external/chd_288.dat
 FILE TYPE:OPEN/CLOSE   UNIT 1858   STATUS:OLD                 
 FORMAT:FORMATTED              ACCESS:SEQUENTIAL          
 ACTION:READ                

 INITIAL TIME STEP SIZE =   1.000000    

 SLN_1 OUTER ITERATION SUMMARY
 ----------------------------------------------------------------------------------------------------------
                                OUTER      INNER                    STEP   MAXIMUM CHANGE MODEL-(CELLID) OR
 OUTER ITERATION STEP       ITERATION  ITERATION  MAXIMUM CHANGE SUCCESS             MODEL-PACKAGE-(NUMBER)
 ----------------------------------------------------------------------------------------------------------
 Model                              1         18     -0.57228001                            1_GWF-(1,97,72)
 Model                              2          6     -0.34174063                            1_GWF-(1,71,75)
 Model                              3          4  2.67410193E-02                            1_GWF-(3,71,75)
 Model                              4          4  2.68327028E-03       *                    1_GWF-(2,71,75)
 ----------------------------------------------------------------------------------------------------------


 4 CALLS TO NUMERICAL SOLUTION IN TIME STEP 1 STRESS PERIOD 288
 32 TOTAL ITERATIONS

 SLN_2 OUTER ITERATION SUMMARY
 ----------------------------------------------------------------------------------------------------------
                                OUTER      INNER                    STEP   MAXIMUM CHANGE MODEL-(CELLID) OR
 OUTER ITERATION STEP       ITERATION  ITERATION  MAXIMUM CHANGE SUCCESS             MODEL-PACKAGE-(NUMBER)
 ----------------------------------------------------------------------------------------------------------
 Model                              1          2     -0.31115324                           2_GWT-(12,42,70)
 Model                              2          1 -3.19744231E-14       *                    2_GWT-(12,32,3)
 ----------------------------------------------------------------------------------------------------------


 2 CALLS TO NUMERICAL SOLUTION IN TIME STEP 1 STRESS PERIOD 288
 3 TOTAL ITERATIONS
 
    Solving:  Stress period:   289    Time step:     1
 
1
 STRESS PERIOD NO. 289, LENGTH =   1.000000    
 ------------------------------------------
 NUMBER OF TIME STEPS = 1
 MULTIPLIER FOR DELT =     1.000

 OPENED ./external/chd_289.dat
 FILE TYPE:OPEN/CLOSE   UNIT 1860   STATUS:OLD                 
 FORMAT:FORMATTED              ACCESS:SEQUENTIAL          
 ACTION:READ                

 INITIAL TIME STEP SIZE =   1.000000    

 SLN_1 OUTER ITERATION SUMMARY
 ----------------------------------------------------------------------------------------------------------
                                OUTER      INNER                    STEP   MAXIMUM CHANGE MODEL-(CELLID) OR
 OUTER ITERATION STEP       ITERATION  ITERATION  MAXIMUM CHANGE SUCCESS             MODEL-PACKAGE-(NUMBER)
 ----------------------------------------------------------------------------------------------------------
 Model                              1         19     -0.46951353                           1_GWF-(1,107,50)
 Model                              2          5     -0.18512841                           1_GWF-(1,109,42)
 Model                              3          3 -1.86453431E-03       *                   1_GWF-(2,109,42)
 ----------------------------------------------------------------------------------------------------------


 3 CALLS TO NUMERICAL SOLUTION IN TIME STEP 1 STRESS PERIOD 289
 27 TOTAL ITERATIONS

 SLN_2 OUTER ITERATION SUMMARY
 ----------------------------------------------------------------------------------------------------------
                                OUTER      INNER                    STEP   MAXIMUM CHANGE MODEL-(CELLID) OR
 OUTER ITERATION STEP       ITERATION  ITERATION  MAXIMUM CHANGE SUCCESS             MODEL-PACKAGE-(NUMBER)
 ----------------------------------------------------------------------------------------------------------
 Model                              1          2     -0.35474989                            2_GWT-(14,38,1)
 Model                              2          1 -2.13162821E-14       *                    2_GWT-(6,23,66)
 ----------------------------------------------------------------------------------------------------------


 2 CALLS TO NUMERICAL SOLUTION IN TIME STEP 1 STRESS PERIOD 289
 3 TOTAL ITERATIONS
 
    Solving:  Stress period:   290    Time step:     1
 
1
 STRESS PERIOD NO. 290, LENGTH =   1.000000    
 ------------------------------------------
 NUMBER OF TIME STEPS = 1
 MULTIPLIER FOR DELT =     1.000

 OPENED ./external/chd_290.dat
 FILE TYPE:OPEN/CLOSE   UNIT 1862   STATUS:OLD                 
 FORMAT:FORMATTED              ACCESS:SEQUENTIAL          
 ACTION:READ                

 INITIAL TIME STEP SIZE =   1.000000    

 SLN_1 OUTER ITERATION SUMMARY
 ----------------------------------------------------------------------------------------------------------
                                OUTER      INNER                    STEP   MAXIMUM CHANGE MODEL-(CELLID) OR
 OUTER ITERATION STEP       ITERATION  ITERATION  MAXIMUM CHANGE SUCCESS             MODEL-PACKAGE-(NUMBER)
 ----------------------------------------------------------------------------------------------------------
 Model                              1         19     -0.21599758                            1_GWF-(1,64,75)
 Model                              2          6     -0.12672488                            1_GWF-(3,80,74)
 Model                              3          5 -6.71312357E-03       *                    1_GWF-(1,67,31)
 ----------------------------------------------------------------------------------------------------------


 3 CALLS TO NUMERICAL SOLUTION IN TIME STEP 1 STRESS PERIOD 290
 30 TOTAL ITERATIONS

 SLN_2 OUTER ITERATION SUMMARY
 ----------------------------------------------------------------------------------------------------------
                                OUTER      INNER                    STEP   MAXIMUM CHANGE MODEL-(CELLID) OR
 OUTER ITERATION STEP       ITERATION  ITERATION  MAXIMUM CHANGE SUCCESS             MODEL-PACKAGE-(NUMBER)
 ----------------------------------------------------------------------------------------------------------
 Model                              1          2       1.0586395                            2_GWT-(1,45,64)
 Model                              2          1  2.13162821E-14       *                     2_GWT-(2,7,31)
 ----------------------------------------------------------------------------------------------------------


 2 CALLS TO NUMERICAL SOLUTION IN TIME STEP 1 STRESS PERIOD 290
 3 TOTAL ITERATIONS
 
    Solving:  Stress period:   291    Time step:     1
 
1
 STRESS PERIOD NO. 291, LENGTH =   1.000000    
 ------------------------------------------
 NUMBER OF TIME STEPS = 1
 MULTIPLIER FOR DELT =     1.000

 OPENED ./external/chd_291.dat
 FILE TYPE:OPEN/CLOSE   UNIT 1864   STATUS:OLD                 
 FORMAT:FORMATTED              ACCESS:SEQUENTIAL          
 ACTION:READ                

 INITIAL TIME STEP SIZE =   1.000000    

 SLN_1 OUTER ITERATION SUMMARY
 ----------------------------------------------------------------------------------------------------------
                                OUTER      INNER                    STEP   MAXIMUM CHANGE MODEL-(CELLID) OR
 OUTER ITERATION STEP       ITERATION  ITERATION  MAXIMUM CHANGE SUCCESS             MODEL-PACKAGE-(NUMBER)
 ----------------------------------------------------------------------------------------------------------
 Model                              1         19 -7.62057131E-02                            1_GWF-(1,46,17)
 Model                              2          6 -5.17091747E-02                             1_GWF-(1,39,4)
 Model                              3          4  1.37094177E-03       *                    1_GWF-(2,48,42)
 ----------------------------------------------------------------------------------------------------------


 3 CALLS TO NUMERICAL SOLUTION IN TIME STEP 1 STRESS PERIOD 291
 29 TOTAL ITERATIONS

 SLN_2 OUTER ITERATION SUMMARY
 ----------------------------------------------------------------------------------------------------------
                                OUTER      INNER                    STEP   MAXIMUM CHANGE MODEL-(CELLID) OR
 OUTER ITERATION STEP       ITERATION  ITERATION  MAXIMUM CHANGE SUCCESS             MODEL-PACKAGE-(NUMBER)
 ----------------------------------------------------------------------------------------------------------
 Model                              1          2     -0.51988516                            2_GWT-(14,38,1)
 Model                              2          1 -2.13162821E-14       *                    2_GWT-(4,26,60)
 ----------------------------------------------------------------------------------------------------------


 2 CALLS TO NUMERICAL SOLUTION IN TIME STEP 1 STRESS PERIOD 291
 3 TOTAL ITERATIONS
 
    Solving:  Stress period:   292    Time step:     1
 
1
 STRESS PERIOD NO. 292, LENGTH =   1.000000    
 ------------------------------------------
 NUMBER OF TIME STEPS = 1
 MULTIPLIER FOR DELT =     1.000

 OPENED ./external/chd_292.dat
 FILE TYPE:OPEN/CLOSE   UNIT 1866   STATUS:OLD                 
 FORMAT:FORMATTED              ACCESS:SEQUENTIAL          
 ACTION:READ                

 INITIAL TIME STEP SIZE =   1.000000    

 SLN_1 OUTER ITERATION SUMMARY
 ----------------------------------------------------------------------------------------------------------
                                OUTER      INNER                    STEP   MAXIMUM CHANGE MODEL-(CELLID) OR
 OUTER ITERATION STEP       ITERATION  ITERATION  MAXIMUM CHANGE SUCCESS             MODEL-PACKAGE-(NUMBER)
 ----------------------------------------------------------------------------------------------------------
 Model                              1         19     -0.17360515                            1_GWF-(2,41,65)
 Model                              2          4  4.79885576E-03       *                    1_GWF-(5,63,47)
 ----------------------------------------------------------------------------------------------------------


 2 CALLS TO NUMERICAL SOLUTION IN TIME STEP 1 STRESS PERIOD 292
 23 TOTAL ITERATIONS

 SLN_2 OUTER ITERATION SUMMARY
 ----------------------------------------------------------------------------------------------------------
                                OUTER      INNER                    STEP   MAXIMUM CHANGE MODEL-(CELLID) OR
 OUTER ITERATION STEP       ITERATION  ITERATION  MAXIMUM CHANGE SUCCESS             MODEL-PACKAGE-(NUMBER)
 ----------------------------------------------------------------------------------------------------------
 Model                              1          2     -0.59492924                            2_GWT-(14,38,1)
 Model                              2          1  2.13162821E-14       *                     2_GWT-(1,8,32)
 ----------------------------------------------------------------------------------------------------------


 2 CALLS TO NUMERICAL SOLUTION IN TIME STEP 1 STRESS PERIOD 292
 3 TOTAL ITERATIONS
 
    Solving:  Stress period:   293    Time step:     1
 
1
 STRESS PERIOD NO. 293, LENGTH =   1.000000    
 ------------------------------------------
 NUMBER OF TIME STEPS = 1
 MULTIPLIER FOR DELT =     1.000

 OPENED ./external/chd_293.dat
 FILE TYPE:OPEN/CLOSE   UNIT 1868   STATUS:OLD                 
 FORMAT:FORMATTED              ACCESS:SEQUENTIAL          
 ACTION:READ                

 INITIAL TIME STEP SIZE =   1.000000    

 SLN_1 OUTER ITERATION SUMMARY
 ----------------------------------------------------------------------------------------------------------
                                OUTER      INNER                    STEP   MAXIMUM CHANGE MODEL-(CELLID) OR
 OUTER ITERATION STEP       ITERATION  ITERATION  MAXIMUM CHANGE SUCCESS             MODEL-PACKAGE-(NUMBER)
 ----------------------------------------------------------------------------------------------------------
 Model                              1         15 -6.60003382E-02                             1_GWF-(1,31,3)
 Model                              2          9     -0.11075987                            1_GWF-(1,81,75)
 Model                              3          3  4.11673148E-03       *                    1_GWF-(1,81,75)
 ----------------------------------------------------------------------------------------------------------


 3 CALLS TO NUMERICAL SOLUTION IN TIME STEP 1 STRESS PERIOD 293
 27 TOTAL ITERATIONS

 SLN_2 OUTER ITERATION SUMMARY
 ----------------------------------------------------------------------------------------------------------
                                OUTER      INNER                    STEP   MAXIMUM CHANGE MODEL-(CELLID) OR
 OUTER ITERATION STEP       ITERATION  ITERATION  MAXIMUM CHANGE SUCCESS             MODEL-PACKAGE-(NUMBER)
 ----------------------------------------------------------------------------------------------------------
 Model                              1          2     -0.64702912                            2_GWT-(14,38,1)
 Model                              2          1 -2.84217094E-14       *                    2_GWT-(8,15,35)
 ----------------------------------------------------------------------------------------------------------


 2 CALLS TO NUMERICAL SOLUTION IN TIME STEP 1 STRESS PERIOD 293
 3 TOTAL ITERATIONS
 
    Solving:  Stress period:   294    Time step:     1
 
1
 STRESS PERIOD NO. 294, LENGTH =   1.000000    
 ------------------------------------------
 NUMBER OF TIME STEPS = 1
 MULTIPLIER FOR DELT =     1.000

 OPENED ./external/chd_294.dat
 FILE TYPE:OPEN/CLOSE   UNIT 1870   STATUS:OLD                 
 FORMAT:FORMATTED              ACCESS:SEQUENTIAL          
 ACTION:READ                

 INITIAL TIME STEP SIZE =   1.000000    

 SLN_1 OUTER ITERATION SUMMARY
 ----------------------------------------------------------------------------------------------------------
                                OUTER      INNER                    STEP   MAXIMUM CHANGE MODEL-(CELLID) OR
 OUTER ITERATION STEP       ITERATION  ITERATION  MAXIMUM CHANGE SUCCESS             MODEL-PACKAGE-(NUMBER)
 ----------------------------------------------------------------------------------------------------------
 Model                              1         19     -0.13168823                            1_GWF-(1,79,80)
 Model                              2          6 -8.20732728E-02                           1_GWF-(1,106,54)
 Model                              3          4  1.29014189E-03       *                    1_GWF-(2,53,17)
 ----------------------------------------------------------------------------------------------------------


 3 CALLS TO NUMERICAL SOLUTION IN TIME STEP 1 STRESS PERIOD 294
 29 TOTAL ITERATIONS

 SLN_2 OUTER ITERATION SUMMARY
 ----------------------------------------------------------------------------------------------------------
                                OUTER      INNER                    STEP   MAXIMUM CHANGE MODEL-(CELLID) OR
 OUTER ITERATION STEP       ITERATION  ITERATION  MAXIMUM CHANGE SUCCESS             MODEL-PACKAGE-(NUMBER)
 ----------------------------------------------------------------------------------------------------------
 Model                              1          2     -0.66738965                            2_GWT-(14,38,1)
 Model                              2          1 -2.13162821E-14       *                     2_GWT-(3,3,25)
 ----------------------------------------------------------------------------------------------------------


 2 CALLS TO NUMERICAL SOLUTION IN TIME STEP 1 STRESS PERIOD 294
 3 TOTAL ITERATIONS
 
    Solving:  Stress period:   295    Time step:     1
 
1
 STRESS PERIOD NO. 295, LENGTH =   1.000000    
 ------------------------------------------
 NUMBER OF TIME STEPS = 1
 MULTIPLIER FOR DELT =     1.000

 OPENED ./external/chd_295.dat
 FILE TYPE:OPEN/CLOSE   UNIT 1872   STATUS:OLD                 
 FORMAT:FORMATTED              ACCESS:SEQUENTIAL          
 ACTION:READ                

 INITIAL TIME STEP SIZE =   1.000000    

 SLN_1 OUTER ITERATION SUMMARY
 ----------------------------------------------------------------------------------------------------------
                                OUTER      INNER                    STEP   MAXIMUM CHANGE MODEL-(CELLID) OR
 OUTER ITERATION STEP       ITERATION  ITERATION  MAXIMUM CHANGE SUCCESS             MODEL-PACKAGE-(NUMBER)
 ----------------------------------------------------------------------------------------------------------
 Model                              1         15 -9.04869218E-02                            1_GWF-(1,78,80)
 Model                              2          7     -0.47358252                            1_GWF-(1,92,79)
 Model                              3          3  4.19407013E-03       *                    1_GWF-(1,92,79)
 ----------------------------------------------------------------------------------------------------------


 3 CALLS TO NUMERICAL SOLUTION IN TIME STEP 1 STRESS PERIOD 295
 25 TOTAL ITERATIONS

 SLN_2 OUTER ITERATION SUMMARY
 ----------------------------------------------------------------------------------------------------------
                                OUTER      INNER                    STEP   MAXIMUM CHANGE MODEL-(CELLID) OR
 OUTER ITERATION STEP       ITERATION  ITERATION  MAXIMUM CHANGE SUCCESS             MODEL-PACKAGE-(NUMBER)
 ----------------------------------------------------------------------------------------------------------
 Model                              1          2     -0.65156399                            2_GWT-(14,38,1)
 Model                              2          1 -2.13162821E-14       *                     2_GWT-(2,7,30)
 ----------------------------------------------------------------------------------------------------------


 2 CALLS TO NUMERICAL SOLUTION IN TIME STEP 1 STRESS PERIOD 295
 3 TOTAL ITERATIONS
 
    Solving:  Stress period:   296    Time step:     1
 
1
 STRESS PERIOD NO. 296, LENGTH =   1.000000    
 ------------------------------------------
 NUMBER OF TIME STEPS = 1
 MULTIPLIER FOR DELT =     1.000

 OPENED ./external/chd_296.dat
 FILE TYPE:OPEN/CLOSE   UNIT 1874   STATUS:OLD                 
 FORMAT:FORMATTED              ACCESS:SEQUENTIAL          
 ACTION:READ                

 INITIAL TIME STEP SIZE =   1.000000    

 SLN_1 OUTER ITERATION SUMMARY
 ----------------------------------------------------------------------------------------------------------
                                OUTER      INNER                    STEP   MAXIMUM CHANGE MODEL-(CELLID) OR
 OUTER ITERATION STEP       ITERATION  ITERATION  MAXIMUM CHANGE SUCCESS             MODEL-PACKAGE-(NUMBER)
 ----------------------------------------------------------------------------------------------------------
 Model                              1         18     -0.14235118                            1_GWF-(1,92,79)
 Model                              2          6 -2.83241394E-02                            1_GWF-(1,41,28)
 Model                              3          7 -7.24818293E-03       *                    1_GWF-(1,40,25)
 ----------------------------------------------------------------------------------------------------------


 3 CALLS TO NUMERICAL SOLUTION IN TIME STEP 1 STRESS PERIOD 296
 31 TOTAL ITERATIONS

 SLN_2 OUTER ITERATION SUMMARY
 ----------------------------------------------------------------------------------------------------------
                                OUTER      INNER                    STEP   MAXIMUM CHANGE MODEL-(CELLID) OR
 OUTER ITERATION STEP       ITERATION  ITERATION  MAXIMUM CHANGE SUCCESS             MODEL-PACKAGE-(NUMBER)
 ----------------------------------------------------------------------------------------------------------
 Model                              1          2     -0.60255845                            2_GWT-(14,38,1)
 Model                              2          1 -2.13162821E-14       *                     2_GWT-(4,7,27)
 ----------------------------------------------------------------------------------------------------------


 2 CALLS TO NUMERICAL SOLUTION IN TIME STEP 1 STRESS PERIOD 296
 3 TOTAL ITERATIONS
 
    Solving:  Stress period:   297    Time step:     1
 
1
 STRESS PERIOD NO. 297, LENGTH =   1.000000    
 ------------------------------------------
 NUMBER OF TIME STEPS = 1
 MULTIPLIER FOR DELT =     1.000

 OPENED ./external/chd_297.dat
 FILE TYPE:OPEN/CLOSE   UNIT 1876   STATUS:OLD                 
 FORMAT:FORMATTED              ACCESS:SEQUENTIAL          
 ACTION:READ                

 INITIAL TIME STEP SIZE =   1.000000    

 SLN_1 OUTER ITERATION SUMMARY
 ----------------------------------------------------------------------------------------------------------
                                OUTER      INNER                    STEP   MAXIMUM CHANGE MODEL-(CELLID) OR
 OUTER ITERATION STEP       ITERATION  ITERATION  MAXIMUM CHANGE SUCCESS             MODEL-PACKAGE-(NUMBER)
 ----------------------------------------------------------------------------------------------------------
 Model                              1         16 -7.35556709E-02                            1_GWF-(1,41,28)
 Model                              2          6 -3.94084148E-02                            1_GWF-(1,40,25)
 Model                              3          3  1.35194118E-03       *                    1_GWF-(2,46,28)
 ----------------------------------------------------------------------------------------------------------


 3 CALLS TO NUMERICAL SOLUTION IN TIME STEP 1 STRESS PERIOD 297
 25 TOTAL ITERATIONS

 SLN_2 OUTER ITERATION SUMMARY
 ----------------------------------------------------------------------------------------------------------
                                OUTER      INNER                    STEP   MAXIMUM CHANGE MODEL-(CELLID) OR
 OUTER ITERATION STEP       ITERATION  ITERATION  MAXIMUM CHANGE SUCCESS             MODEL-PACKAGE-(NUMBER)
 ----------------------------------------------------------------------------------------------------------
 Model                              1          2     -0.53013350                            2_GWT-(14,38,1)
 Model                              2          1  2.13162821E-14       *                    2_GWT-(4,13,31)
 ----------------------------------------------------------------------------------------------------------


 2 CALLS TO NUMERICAL SOLUTION IN TIME STEP 1 STRESS PERIOD 297
 3 TOTAL ITERATIONS
 
    Solving:  Stress period:   298    Time step:     1
 
1
 STRESS PERIOD NO. 298, LENGTH =   1.000000    
 ------------------------------------------
 NUMBER OF TIME STEPS = 1
 MULTIPLIER FOR DELT =     1.000

 OPENED ./external/chd_298.dat
 FILE TYPE:OPEN/CLOSE   UNIT 1878   STATUS:OLD                 
 FORMAT:FORMATTED              ACCESS:SEQUENTIAL          
 ACTION:READ                

 INITIAL TIME STEP SIZE =   1.000000    

 SLN_1 OUTER ITERATION SUMMARY
 ----------------------------------------------------------------------------------------------------------
                                OUTER      INNER                    STEP   MAXIMUM CHANGE MODEL-(CELLID) OR
 OUTER ITERATION STEP       ITERATION  ITERATION  MAXIMUM CHANGE SUCCESS             MODEL-PACKAGE-(NUMBER)
 ----------------------------------------------------------------------------------------------------------
 Model                              1         18 -7.74481099E-02                            1_GWF-(1,25,17)
 Model                              2          5 -2.76016135E-02                            1_GWF-(1,38,66)
 Model                              3          3  8.87181636E-04       *                    1_GWF-(3,45,65)
 ----------------------------------------------------------------------------------------------------------


 3 CALLS TO NUMERICAL SOLUTION IN TIME STEP 1 STRESS PERIOD 298
 26 TOTAL ITERATIONS

 SLN_2 OUTER ITERATION SUMMARY
 ----------------------------------------------------------------------------------------------------------
                                OUTER      INNER                    STEP   MAXIMUM CHANGE MODEL-(CELLID) OR
 OUTER ITERATION STEP       ITERATION  ITERATION  MAXIMUM CHANGE SUCCESS             MODEL-PACKAGE-(NUMBER)
 ----------------------------------------------------------------------------------------------------------
 Model                              1          2     -0.44647256                            2_GWT-(14,38,1)
 Model                              2          1 -2.13162821E-14       *                     2_GWT-(6,8,15)
 ----------------------------------------------------------------------------------------------------------


 2 CALLS TO NUMERICAL SOLUTION IN TIME STEP 1 STRESS PERIOD 298
 3 TOTAL ITERATIONS
 
    Solving:  Stress period:   299    Time step:     1
 
1
 STRESS PERIOD NO. 299, LENGTH =   1.000000    
 ------------------------------------------
 NUMBER OF TIME STEPS = 1
 MULTIPLIER FOR DELT =     1.000

 OPENED ./external/chd_299.dat
 FILE TYPE:OPEN/CLOSE   UNIT 1880   STATUS:OLD                 
 FORMAT:FORMATTED              ACCESS:SEQUENTIAL          
 ACTION:READ                

 INITIAL TIME STEP SIZE =   1.000000    

 SLN_1 OUTER ITERATION SUMMARY
 ----------------------------------------------------------------------------------------------------------
                                OUTER      INNER                    STEP   MAXIMUM CHANGE MODEL-(CELLID) OR
 OUTER ITERATION STEP       ITERATION  ITERATION  MAXIMUM CHANGE SUCCESS             MODEL-PACKAGE-(NUMBER)
 ----------------------------------------------------------------------------------------------------------
 Model                              1         18 -9.00264167E-02                           1_GWF-(1,108,18)
 Model                              2          5 -5.97100117E-02                            1_GWF-(3,87,68)
 Model                              3          4 -3.88628626E-03       *                    1_GWF-(1,79,32)
 ----------------------------------------------------------------------------------------------------------


 3 CALLS TO NUMERICAL SOLUTION IN TIME STEP 1 STRESS PERIOD 299
 27 TOTAL ITERATIONS

 SLN_2 OUTER ITERATION SUMMARY
 ----------------------------------------------------------------------------------------------------------
                                OUTER      INNER                    STEP   MAXIMUM CHANGE MODEL-(CELLID) OR
 OUTER ITERATION STEP       ITERATION  ITERATION  MAXIMUM CHANGE SUCCESS             MODEL-PACKAGE-(NUMBER)
 ----------------------------------------------------------------------------------------------------------
 Model                              1          2       2.3781682                            2_GWT-(1,38,66)
 Model                              2          1  2.97539771E-14       *                    2_GWT-(1,38,66)
 ----------------------------------------------------------------------------------------------------------


 2 CALLS TO NUMERICAL SOLUTION IN TIME STEP 1 STRESS PERIOD 299
 3 TOTAL ITERATIONS
 
    Solving:  Stress period:   300    Time step:     1
 
1
 STRESS PERIOD NO. 300, LENGTH =   1.000000    
 ------------------------------------------
 NUMBER OF TIME STEPS = 1
 MULTIPLIER FOR DELT =     1.000

 OPENED ./external/chd_300.dat
 FILE TYPE:OPEN/CLOSE   UNIT 1882   STATUS:OLD                 
 FORMAT:FORMATTED              ACCESS:SEQUENTIAL          
 ACTION:READ                

 INITIAL TIME STEP SIZE =   1.000000    

 SLN_1 OUTER ITERATION SUMMARY
 ----------------------------------------------------------------------------------------------------------
                                OUTER      INNER                    STEP   MAXIMUM CHANGE MODEL-(CELLID) OR
 OUTER ITERATION STEP       ITERATION  ITERATION  MAXIMUM CHANGE SUCCESS             MODEL-PACKAGE-(NUMBER)
 ----------------------------------------------------------------------------------------------------------
 Model                              1         21       2.0003193                            1_GWF-(1,92,79)
 Model                              2          7      -1.1228137                            1_GWF-(1,92,79)
 Model                              3          6     -0.15373959                            1_GWF-(1,92,79)
 Model                              4          4 -1.19969318E-02                            1_GWF-(1,92,79)
 Model                              5          2  2.15717349E-03       *                    1_GWF-(1,92,78)
 ----------------------------------------------------------------------------------------------------------


 5 CALLS TO NUMERICAL SOLUTION IN TIME STEP 1 STRESS PERIOD 300
 40 TOTAL ITERATIONS

 SLN_2 OUTER ITERATION SUMMARY
 ----------------------------------------------------------------------------------------------------------
                                OUTER      INNER                    STEP   MAXIMUM CHANGE MODEL-(CELLID) OR
 OUTER ITERATION STEP       ITERATION  ITERATION  MAXIMUM CHANGE SUCCESS             MODEL-PACKAGE-(NUMBER)
 ----------------------------------------------------------------------------------------------------------
 Model                              1          2      -2.2511954                            2_GWT-(1,38,66)
 Model                              2          1 -2.89490654E-14       *                    2_GWT-(1,38,66)
 ----------------------------------------------------------------------------------------------------------


 2 CALLS TO NUMERICAL SOLUTION IN TIME STEP 1 STRESS PERIOD 300
 3 TOTAL ITERATIONS
 
    Solving:  Stress period:   301    Time step:     1
 
1
 STRESS PERIOD NO. 301, LENGTH =   1.000000    
 ------------------------------------------
 NUMBER OF TIME STEPS = 1
 MULTIPLIER FOR DELT =     1.000

 OPENED ./external/chd_301.dat
 FILE TYPE:OPEN/CLOSE   UNIT 1884   STATUS:OLD                 
 FORMAT:FORMATTED              ACCESS:SEQUENTIAL          
 ACTION:READ                

 INITIAL TIME STEP SIZE =   1.000000    

 SLN_1 OUTER ITERATION SUMMARY
 ----------------------------------------------------------------------------------------------------------
                                OUTER      INNER                    STEP   MAXIMUM CHANGE MODEL-(CELLID) OR
 OUTER ITERATION STEP       ITERATION  ITERATION  MAXIMUM CHANGE SUCCESS             MODEL-PACKAGE-(NUMBER)
 ----------------------------------------------------------------------------------------------------------
 Model                              1         21       2.4943170                            1_GWF-(1,68,73)
 Model                              2         12      -1.2936889                           1_GWF-(1,107,50)
 Model                              3          8     -0.14384713                           1_GWF-(1,107,50)
 Model                              4          5 -1.46824909E-02                           1_GWF-(1,107,50)
 Model                              5          4  2.74534992E-03       *                   1_GWF-(1,107,49)
 ----------------------------------------------------------------------------------------------------------


 5 CALLS TO NUMERICAL SOLUTION IN TIME STEP 1 STRESS PERIOD 301
 50 TOTAL ITERATIONS

 SLN_2 OUTER ITERATION SUMMARY
 ----------------------------------------------------------------------------------------------------------
                                OUTER      INNER                    STEP   MAXIMUM CHANGE MODEL-(CELLID) OR
 OUTER ITERATION STEP       ITERATION  ITERATION  MAXIMUM CHANGE SUCCESS             MODEL-PACKAGE-(NUMBER)
 ----------------------------------------------------------------------------------------------------------
 Model                              1          2     -0.31211017                           2_GWT-(13,43,72)
 Model                              2          1  2.13162821E-14       *                    2_GWT-(4,10,24)
 ----------------------------------------------------------------------------------------------------------


 2 CALLS TO NUMERICAL SOLUTION IN TIME STEP 1 STRESS PERIOD 301
 3 TOTAL ITERATIONS
 
    Solving:  Stress period:   302    Time step:     1
 
1
 STRESS PERIOD NO. 302, LENGTH =   1.000000    
 ------------------------------------------
 NUMBER OF TIME STEPS = 1
 MULTIPLIER FOR DELT =     1.000

 OPENED ./external/chd_302.dat
 FILE TYPE:OPEN/CLOSE   UNIT 1886   STATUS:OLD                 
 FORMAT:FORMATTED              ACCESS:SEQUENTIAL          
 ACTION:READ                

 INITIAL TIME STEP SIZE =   1.000000    

 SLN_1 OUTER ITERATION SUMMARY
 ----------------------------------------------------------------------------------------------------------
                                OUTER      INNER                    STEP   MAXIMUM CHANGE MODEL-(CELLID) OR
 OUTER ITERATION STEP       ITERATION  ITERATION  MAXIMUM CHANGE SUCCESS             MODEL-PACKAGE-(NUMBER)
 ----------------------------------------------------------------------------------------------------------
 Model                              1         19      -2.6037723                            1_GWF-(1,76,77)
 Model                              2          9     -0.96173047                           1_GWF-(1,109,25)
 Model                              3          6      0.10405325                           1_GWF-(1,107,15)
 Model                              4          4  1.04639543E-02                           1_GWF-(1,107,15)
 Model                              5          3  1.04617585E-03       *                   1_GWF-(1,107,15)
 ----------------------------------------------------------------------------------------------------------


 5 CALLS TO NUMERICAL SOLUTION IN TIME STEP 1 STRESS PERIOD 302
 41 TOTAL ITERATIONS

 SLN_2 OUTER ITERATION SUMMARY
 ----------------------------------------------------------------------------------------------------------
                                OUTER      INNER                    STEP   MAXIMUM CHANGE MODEL-(CELLID) OR
 OUTER ITERATION STEP       ITERATION  ITERATION  MAXIMUM CHANGE SUCCESS             MODEL-PACKAGE-(NUMBER)
 ----------------------------------------------------------------------------------------------------------
 Model                              1          2     -0.30971849                           2_GWT-(13,43,72)
 Model                              2          1  2.13162821E-14       *                     2_GWT-(6,5,26)
 ----------------------------------------------------------------------------------------------------------


 2 CALLS TO NUMERICAL SOLUTION IN TIME STEP 1 STRESS PERIOD 302
 3 TOTAL ITERATIONS
 
    Solving:  Stress period:   303    Time step:     1
 
1
 STRESS PERIOD NO. 303, LENGTH =   1.000000    
 ------------------------------------------
 NUMBER OF TIME STEPS = 1
 MULTIPLIER FOR DELT =     1.000

 OPENED ./external/chd_303.dat
 FILE TYPE:OPEN/CLOSE   UNIT 1888   STATUS:OLD                 
 FORMAT:FORMATTED              ACCESS:SEQUENTIAL          
 ACTION:READ                

 INITIAL TIME STEP SIZE =   1.000000    

 SLN_1 OUTER ITERATION SUMMARY
 ----------------------------------------------------------------------------------------------------------
                                OUTER      INNER                    STEP   MAXIMUM CHANGE MODEL-(CELLID) OR
 OUTER ITERATION STEP       ITERATION  ITERATION  MAXIMUM CHANGE SUCCESS             MODEL-PACKAGE-(NUMBER)
 ----------------------------------------------------------------------------------------------------------
 Model                              1         19     -0.98728294                            1_GWF-(1,80,79)
 Model                              2          8     -0.69234897                            1_GWF-(3,76,79)
 Model                              3          4  2.73779417E-02                            1_GWF-(1,62,74)
 Model                              4          3  2.74639737E-03       *                    1_GWF-(1,62,74)
 ----------------------------------------------------------------------------------------------------------


 4 CALLS TO NUMERICAL SOLUTION IN TIME STEP 1 STRESS PERIOD 303
 34 TOTAL ITERATIONS

 SLN_2 OUTER ITERATION SUMMARY
 ----------------------------------------------------------------------------------------------------------
                                OUTER      INNER                    STEP   MAXIMUM CHANGE MODEL-(CELLID) OR
 OUTER ITERATION STEP       ITERATION  ITERATION  MAXIMUM CHANGE SUCCESS             MODEL-PACKAGE-(NUMBER)
 ----------------------------------------------------------------------------------------------------------
 Model                              1          2       1.0425668                            2_GWT-(1,45,64)
 Model                              2          1 -2.13162821E-14       *                    2_GWT-(3,16,34)
 ----------------------------------------------------------------------------------------------------------


 2 CALLS TO NUMERICAL SOLUTION IN TIME STEP 1 STRESS PERIOD 303
 3 TOTAL ITERATIONS
 
    Solving:  Stress period:   304    Time step:     1
 
1
 STRESS PERIOD NO. 304, LENGTH =   1.000000    
 ------------------------------------------
 NUMBER OF TIME STEPS = 1
 MULTIPLIER FOR DELT =     1.000

 OPENED ./external/chd_304.dat
 FILE TYPE:OPEN/CLOSE   UNIT 1890   STATUS:OLD                 
 FORMAT:FORMATTED              ACCESS:SEQUENTIAL          
 ACTION:READ                

 INITIAL TIME STEP SIZE =   1.000000    

 SLN_1 OUTER ITERATION SUMMARY
 ----------------------------------------------------------------------------------------------------------
                                OUTER      INNER                    STEP   MAXIMUM CHANGE MODEL-(CELLID) OR
 OUTER ITERATION STEP       ITERATION  ITERATION  MAXIMUM CHANGE SUCCESS             MODEL-PACKAGE-(NUMBER)
 ----------------------------------------------------------------------------------------------------------
 Model                              1         19     -0.56674282                            1_GWF-(1,97,72)
 Model                              2          5     -0.26666280                            1_GWF-(1,71,75)
 Model                              3          4  2.24006843E-02                            1_GWF-(1,71,75)
 Model                              4          3  2.24462885E-03       *                    1_GWF-(1,71,75)
 ----------------------------------------------------------------------------------------------------------


 4 CALLS TO NUMERICAL SOLUTION IN TIME STEP 1 STRESS PERIOD 304
 31 TOTAL ITERATIONS

 SLN_2 OUTER ITERATION SUMMARY
 ----------------------------------------------------------------------------------------------------------
                                OUTER      INNER                    STEP   MAXIMUM CHANGE MODEL-(CELLID) OR
 OUTER ITERATION STEP       ITERATION  ITERATION  MAXIMUM CHANGE SUCCESS             MODEL-PACKAGE-(NUMBER)
 ----------------------------------------------------------------------------------------------------------
 Model                              1          2     -0.29402661                           2_GWT-(13,43,72)
 Model                              2          1 -2.13162821E-14       *                     2_GWT-(3,5,27)
 ----------------------------------------------------------------------------------------------------------


 2 CALLS TO NUMERICAL SOLUTION IN TIME STEP 1 STRESS PERIOD 304
 3 TOTAL ITERATIONS
 
    Solving:  Stress period:   305    Time step:     1
 
1
 STRESS PERIOD NO. 305, LENGTH =   1.000000    
 ------------------------------------------
 NUMBER OF TIME STEPS = 1
 MULTIPLIER FOR DELT =     1.000

 OPENED ./external/chd_305.dat
 FILE TYPE:OPEN/CLOSE   UNIT 1892   STATUS:OLD                 
 FORMAT:FORMATTED              ACCESS:SEQUENTIAL          
 ACTION:READ                

 INITIAL TIME STEP SIZE =   1.000000    

 SLN_1 OUTER ITERATION SUMMARY
 ----------------------------------------------------------------------------------------------------------
                                OUTER      INNER                    STEP   MAXIMUM CHANGE MODEL-(CELLID) OR
 OUTER ITERATION STEP       ITERATION  ITERATION  MAXIMUM CHANGE SUCCESS             MODEL-PACKAGE-(NUMBER)
 ----------------------------------------------------------------------------------------------------------
 Model                              1         19     -0.20833199                            1_GWF-(1,70,74)
 Model                              2          6     -0.20791490                           1_GWF-(1,107,50)
 Model                              3          3  2.83937645E-03       *                   1_GWF-(1,107,50)
 ----------------------------------------------------------------------------------------------------------


 3 CALLS TO NUMERICAL SOLUTION IN TIME STEP 1 STRESS PERIOD 305
 28 TOTAL ITERATIONS

 SLN_2 OUTER ITERATION SUMMARY
 ----------------------------------------------------------------------------------------------------------
                                OUTER      INNER                    STEP   MAXIMUM CHANGE MODEL-(CELLID) OR
 OUTER ITERATION STEP       ITERATION  ITERATION  MAXIMUM CHANGE SUCCESS             MODEL-PACKAGE-(NUMBER)
 ----------------------------------------------------------------------------------------------------------
 Model                              1          2     -0.28831899                           2_GWT-(12,43,71)
 Model                              2          1 -2.84217094E-14       *                    2_GWT-(15,38,6)
 ----------------------------------------------------------------------------------------------------------


 2 CALLS TO NUMERICAL SOLUTION IN TIME STEP 1 STRESS PERIOD 305
 3 TOTAL ITERATIONS
 
    Solving:  Stress period:   306    Time step:     1
 
1
 STRESS PERIOD NO. 306, LENGTH =   1.000000    
 ------------------------------------------
 NUMBER OF TIME STEPS = 1
 MULTIPLIER FOR DELT =     1.000
 #k i j q boundname

 OPENED .\external\wel_335.dat
 FILE TYPE:OPEN/CLOSE   UNIT 1893   STATUS:OLD                 
 FORMAT:FORMATTED              ACCESS:SEQUENTIAL          
 ACTION:READ                


 OPENED ./external/chd_306.dat
 FILE TYPE:OPEN/CLOSE   UNIT 1895   STATUS:OLD                 
 FORMAT:FORMATTED              ACCESS:SEQUENTIAL          
 ACTION:READ                

 INITIAL TIME STEP SIZE =   1.000000    

 SLN_1 OUTER ITERATION SUMMARY
 ----------------------------------------------------------------------------------------------------------
                                OUTER      INNER                    STEP   MAXIMUM CHANGE MODEL-(CELLID) OR
 OUTER ITERATION STEP       ITERATION  ITERATION  MAXIMUM CHANGE SUCCESS             MODEL-PACKAGE-(NUMBER)
 ----------------------------------------------------------------------------------------------------------
 Model                              1         18       8.4349129                          1_GWF-(14,147,59)
 Model                              2          6 -7.74467066E-02                            1_GWF-(1,48,42)
 Model                              3          4  1.62530766E-03       *                    1_GWF-(1,45,34)
 ----------------------------------------------------------------------------------------------------------


 3 CALLS TO NUMERICAL SOLUTION IN TIME STEP 1 STRESS PERIOD 306
 28 TOTAL ITERATIONS

 SLN_2 OUTER ITERATION SUMMARY
 ----------------------------------------------------------------------------------------------------------
                                OUTER      INNER                    STEP   MAXIMUM CHANGE MODEL-(CELLID) OR
 OUTER ITERATION STEP       ITERATION  ITERATION  MAXIMUM CHANGE SUCCESS             MODEL-PACKAGE-(NUMBER)
 ----------------------------------------------------------------------------------------------------------
 Model                              1          2     -0.30070474                           2_GWT-(12,43,71)
 Model                              2          1  2.13162821E-14       *                    2_GWT-(2,12,29)
 ----------------------------------------------------------------------------------------------------------


 2 CALLS TO NUMERICAL SOLUTION IN TIME STEP 1 STRESS PERIOD 306
 3 TOTAL ITERATIONS
 
    Solving:  Stress period:   307    Time step:     1
 
1
 STRESS PERIOD NO. 307, LENGTH =   1.000000    
 ------------------------------------------
 NUMBER OF TIME STEPS = 1
 MULTIPLIER FOR DELT =     1.000

 OPENED ./external/chd_307.dat
 FILE TYPE:OPEN/CLOSE   UNIT 1897   STATUS:OLD                 
 FORMAT:FORMATTED              ACCESS:SEQUENTIAL          
 ACTION:READ                

 INITIAL TIME STEP SIZE =   1.000000    

 SLN_1 OUTER ITERATION SUMMARY
 ----------------------------------------------------------------------------------------------------------
                                OUTER      INNER                    STEP   MAXIMUM CHANGE MODEL-(CELLID) OR
 OUTER ITERATION STEP       ITERATION  ITERATION  MAXIMUM CHANGE SUCCESS             MODEL-PACKAGE-(NUMBER)
 ----------------------------------------------------------------------------------------------------------
 Model                              1         21       1.6604035                            1_GWF-(1,76,77)
 Model                              2          8     -0.48896377                           1_GWF-(1,107,50)
 Model                              3          6 -5.32399918E-02                           1_GWF-(1,107,50)
 Model                              4          4 -5.38433322E-03       *                   1_GWF-(1,107,50)
 ----------------------------------------------------------------------------------------------------------


 4 CALLS TO NUMERICAL SOLUTION IN TIME STEP 1 STRESS PERIOD 307
 39 TOTAL ITERATIONS

 SLN_2 OUTER ITERATION SUMMARY
 ----------------------------------------------------------------------------------------------------------
                                OUTER      INNER                    STEP   MAXIMUM CHANGE MODEL-(CELLID) OR
 OUTER ITERATION STEP       ITERATION  ITERATION  MAXIMUM CHANGE SUCCESS             MODEL-PACKAGE-(NUMBER)
 ----------------------------------------------------------------------------------------------------------
 Model                              1          2      -1.0433231                            2_GWT-(1,45,64)
 Model                              2          1 -2.13162821E-14       *                     2_GWT-(1,4,27)
 ----------------------------------------------------------------------------------------------------------


 2 CALLS TO NUMERICAL SOLUTION IN TIME STEP 1 STRESS PERIOD 307
 3 TOTAL ITERATIONS
 
    Solving:  Stress period:   308    Time step:     1
 
1
 STRESS PERIOD NO. 308, LENGTH =   1.000000    
 ------------------------------------------
 NUMBER OF TIME STEPS = 1
 MULTIPLIER FOR DELT =     1.000

 OPENED ./external/chd_308.dat
 FILE TYPE:OPEN/CLOSE   UNIT 1899   STATUS:OLD                 
 FORMAT:FORMATTED              ACCESS:SEQUENTIAL          
 ACTION:READ                

 INITIAL TIME STEP SIZE =   1.000000    

 SLN_1 OUTER ITERATION SUMMARY
 ----------------------------------------------------------------------------------------------------------
                                OUTER      INNER                    STEP   MAXIMUM CHANGE MODEL-(CELLID) OR
 OUTER ITERATION STEP       ITERATION  ITERATION  MAXIMUM CHANGE SUCCESS             MODEL-PACKAGE-(NUMBER)
 ----------------------------------------------------------------------------------------------------------
 Model                              1         19     -0.44014380                           1_GWF-(1,103,42)
 Model                              2          8  6.59401922E-02                             1_GWF-(1,43,7)
 Model                              3          5  5.72475356E-03       *                   1_GWF-(1,109,25)
 ----------------------------------------------------------------------------------------------------------


 3 CALLS TO NUMERICAL SOLUTION IN TIME STEP 1 STRESS PERIOD 308
 32 TOTAL ITERATIONS

 SLN_2 OUTER ITERATION SUMMARY
 ----------------------------------------------------------------------------------------------------------
                                OUTER      INNER                    STEP   MAXIMUM CHANGE MODEL-(CELLID) OR
 OUTER ITERATION STEP       ITERATION  ITERATION  MAXIMUM CHANGE SUCCESS             MODEL-PACKAGE-(NUMBER)
 ----------------------------------------------------------------------------------------------------------
 Model                              1          2     -0.31409779                           2_GWT-(12,43,71)
 Model                              2          1  2.13162821E-14       *                    2_GWT-(4,11,29)
 ----------------------------------------------------------------------------------------------------------


 2 CALLS TO NUMERICAL SOLUTION IN TIME STEP 1 STRESS PERIOD 308
 3 TOTAL ITERATIONS
 
    Solving:  Stress period:   309    Time step:     1
 
1
 STRESS PERIOD NO. 309, LENGTH =   1.000000    
 ------------------------------------------
 NUMBER OF TIME STEPS = 1
 MULTIPLIER FOR DELT =     1.000

 OPENED ./external/chd_309.dat
 FILE TYPE:OPEN/CLOSE   UNIT 1901   STATUS:OLD                 
 FORMAT:FORMATTED              ACCESS:SEQUENTIAL          
 ACTION:READ                

 INITIAL TIME STEP SIZE =   1.000000    

 SLN_1 OUTER ITERATION SUMMARY
 ----------------------------------------------------------------------------------------------------------
                                OUTER      INNER                    STEP   MAXIMUM CHANGE MODEL-(CELLID) OR
 OUTER ITERATION STEP       ITERATION  ITERATION  MAXIMUM CHANGE SUCCESS             MODEL-PACKAGE-(NUMBER)
 ----------------------------------------------------------------------------------------------------------
 Model                              1         18      -1.1382457                            1_GWF-(1,76,77)
 Model                              2          8     -0.25588698                            1_GWF-(1,68,74)
 Model                              3          4  2.97371168E-03       *                    1_GWF-(1,29,53)
 ----------------------------------------------------------------------------------------------------------


 3 CALLS TO NUMERICAL SOLUTION IN TIME STEP 1 STRESS PERIOD 309
 30 TOTAL ITERATIONS

 SLN_2 OUTER ITERATION SUMMARY
 ----------------------------------------------------------------------------------------------------------
                                OUTER      INNER                    STEP   MAXIMUM CHANGE MODEL-(CELLID) OR
 OUTER ITERATION STEP       ITERATION  ITERATION  MAXIMUM CHANGE SUCCESS             MODEL-PACKAGE-(NUMBER)
 ----------------------------------------------------------------------------------------------------------
 Model                              1          2       1.0345311                            2_GWT-(1,45,64)
 Model                              2          1 -2.13162821E-14       *                     2_GWT-(4,4,28)
 ----------------------------------------------------------------------------------------------------------


 2 CALLS TO NUMERICAL SOLUTION IN TIME STEP 1 STRESS PERIOD 309
 3 TOTAL ITERATIONS
 
    Solving:  Stress period:   310    Time step:     1
 
1
 STRESS PERIOD NO. 310, LENGTH =   1.000000    
 ------------------------------------------
 NUMBER OF TIME STEPS = 1
 MULTIPLIER FOR DELT =     1.000

 OPENED ./external/chd_310.dat
 FILE TYPE:OPEN/CLOSE   UNIT 1903   STATUS:OLD                 
 FORMAT:FORMATTED              ACCESS:SEQUENTIAL          
 ACTION:READ                

 INITIAL TIME STEP SIZE =   1.000000    

 SLN_1 OUTER ITERATION SUMMARY
 ----------------------------------------------------------------------------------------------------------
                                OUTER      INNER                    STEP   MAXIMUM CHANGE MODEL-(CELLID) OR
 OUTER ITERATION STEP       ITERATION  ITERATION  MAXIMUM CHANGE SUCCESS             MODEL-PACKAGE-(NUMBER)
 ----------------------------------------------------------------------------------------------------------
 Model                              1         18      0.40610289                            1_GWF-(1,77,77)
 Model                              2          6 -6.35765066E-02                            1_GWF-(1,41,65)
 Model                              3          4 -6.36006931E-03       *                    1_GWF-(1,41,65)
 ----------------------------------------------------------------------------------------------------------


 3 CALLS TO NUMERICAL SOLUTION IN TIME STEP 1 STRESS PERIOD 310
 28 TOTAL ITERATIONS

 SLN_2 OUTER ITERATION SUMMARY
 ----------------------------------------------------------------------------------------------------------
                                OUTER      INNER                    STEP   MAXIMUM CHANGE MODEL-(CELLID) OR
 OUTER ITERATION STEP       ITERATION  ITERATION  MAXIMUM CHANGE SUCCESS             MODEL-PACKAGE-(NUMBER)
 ----------------------------------------------------------------------------------------------------------
 Model                              1          2      -1.0345311                            2_GWT-(1,45,64)
 Model                              2          1  2.13162821E-14       *                     2_GWT-(3,5,25)
 ----------------------------------------------------------------------------------------------------------


 2 CALLS TO NUMERICAL SOLUTION IN TIME STEP 1 STRESS PERIOD 310
 3 TOTAL ITERATIONS
 
    Solving:  Stress period:   311    Time step:     1
 
1
 STRESS PERIOD NO. 311, LENGTH =   1.000000    
 ------------------------------------------
 NUMBER OF TIME STEPS = 1
 MULTIPLIER FOR DELT =     1.000

 OPENED ./external/chd_311.dat
 FILE TYPE:OPEN/CLOSE   UNIT 1905   STATUS:OLD                 
 FORMAT:FORMATTED              ACCESS:SEQUENTIAL          
 ACTION:READ                

 INITIAL TIME STEP SIZE =   1.000000    

 SLN_1 OUTER ITERATION SUMMARY
 ----------------------------------------------------------------------------------------------------------
                                OUTER      INNER                    STEP   MAXIMUM CHANGE MODEL-(CELLID) OR
 OUTER ITERATION STEP       ITERATION  ITERATION  MAXIMUM CHANGE SUCCESS             MODEL-PACKAGE-(NUMBER)
 ----------------------------------------------------------------------------------------------------------
 Model                              1         23      0.98249338                            1_GWF-(1,77,77)
 Model                              2          9     -0.41459799                            1_GWF-(1,97,72)
 Model                              3          5 -4.51530227E-02                            1_GWF-(1,97,72)
 Model                              4          4 -4.55945154E-03       *                    1_GWF-(1,97,72)
 ----------------------------------------------------------------------------------------------------------


 4 CALLS TO NUMERICAL SOLUTION IN TIME STEP 1 STRESS PERIOD 311
 41 TOTAL ITERATIONS

 SLN_2 OUTER ITERATION SUMMARY
 ----------------------------------------------------------------------------------------------------------
                                OUTER      INNER                    STEP   MAXIMUM CHANGE MODEL-(CELLID) OR
 OUTER ITERATION STEP       ITERATION  ITERATION  MAXIMUM CHANGE SUCCESS             MODEL-PACKAGE-(NUMBER)
 ----------------------------------------------------------------------------------------------------------
 Model                              1          2     -0.29931141                           2_GWT-(12,43,71)
 Model                              2          1  2.84217094E-13       *                   2_GWT-(13,43,71)
 ----------------------------------------------------------------------------------------------------------


 2 CALLS TO NUMERICAL SOLUTION IN TIME STEP 1 STRESS PERIOD 311
 3 TOTAL ITERATIONS
 
    Solving:  Stress period:   312    Time step:     1
 
1
 STRESS PERIOD NO. 312, LENGTH =   1.000000    
 ------------------------------------------
 NUMBER OF TIME STEPS = 1
 MULTIPLIER FOR DELT =     1.000

 OPENED ./external/chd_312.dat
 FILE TYPE:OPEN/CLOSE   UNIT 1907   STATUS:OLD                 
 FORMAT:FORMATTED              ACCESS:SEQUENTIAL          
 ACTION:READ                

 INITIAL TIME STEP SIZE =   1.000000    

 SLN_1 OUTER ITERATION SUMMARY
 ----------------------------------------------------------------------------------------------------------
                                OUTER      INNER                    STEP   MAXIMUM CHANGE MODEL-(CELLID) OR
 OUTER ITERATION STEP       ITERATION  ITERATION  MAXIMUM CHANGE SUCCESS             MODEL-PACKAGE-(NUMBER)
 ----------------------------------------------------------------------------------------------------------
 Model                              1         19      -1.2763354                            1_GWF-(1,76,77)
 Model                              2          7     -0.47100177                            1_GWF-(1,76,79)
 Model                              3          4  1.17767994E-02                            1_GWF-(3,76,79)
 Model                              4          3  1.17927876E-03       *                    1_GWF-(1,76,79)
 ----------------------------------------------------------------------------------------------------------


 4 CALLS TO NUMERICAL SOLUTION IN TIME STEP 1 STRESS PERIOD 312
 33 TOTAL ITERATIONS

 SLN_2 OUTER ITERATION SUMMARY
 ----------------------------------------------------------------------------------------------------------
                                OUTER      INNER                    STEP   MAXIMUM CHANGE MODEL-(CELLID) OR
 OUTER ITERATION STEP       ITERATION  ITERATION  MAXIMUM CHANGE SUCCESS             MODEL-PACKAGE-(NUMBER)
 ----------------------------------------------------------------------------------------------------------
 Model                              1          2       1.0297688                            2_GWT-(1,45,64)
 Model                              2          1 -3.19744231E-13       *                    2_GWT-(1,45,64)
 ----------------------------------------------------------------------------------------------------------


 2 CALLS TO NUMERICAL SOLUTION IN TIME STEP 1 STRESS PERIOD 312
 3 TOTAL ITERATIONS
 
    Solving:  Stress period:   313    Time step:     1
 
1
 STRESS PERIOD NO. 313, LENGTH =   1.000000    
 ------------------------------------------
 NUMBER OF TIME STEPS = 1
 MULTIPLIER FOR DELT =     1.000

 OPENED ./external/chd_313.dat
 FILE TYPE:OPEN/CLOSE   UNIT 1909   STATUS:OLD                 
 FORMAT:FORMATTED              ACCESS:SEQUENTIAL          
 ACTION:READ                

 INITIAL TIME STEP SIZE =   1.000000    

 SLN_1 OUTER ITERATION SUMMARY
 ----------------------------------------------------------------------------------------------------------
                                OUTER      INNER                    STEP   MAXIMUM CHANGE MODEL-(CELLID) OR
 OUTER ITERATION STEP       ITERATION  ITERATION  MAXIMUM CHANGE SUCCESS             MODEL-PACKAGE-(NUMBER)
 ----------------------------------------------------------------------------------------------------------
 Model                              1         16     -0.24814793                            1_GWF-(1,65,75)
 Model                              2          7     -0.20056145                            1_GWF-(1,97,72)
 Model                              3          5  1.16166903E-02                            1_GWF-(1,97,72)
 Model                              4          3  1.16043751E-03       *                    1_GWF-(1,97,72)
 ----------------------------------------------------------------------------------------------------------


 4 CALLS TO NUMERICAL SOLUTION IN TIME STEP 1 STRESS PERIOD 313
 31 TOTAL ITERATIONS

 SLN_2 OUTER ITERATION SUMMARY
 ----------------------------------------------------------------------------------------------------------
                                OUTER      INNER                    STEP   MAXIMUM CHANGE MODEL-(CELLID) OR
 OUTER ITERATION STEP       ITERATION  ITERATION  MAXIMUM CHANGE SUCCESS             MODEL-PACKAGE-(NUMBER)
 ----------------------------------------------------------------------------------------------------------
 Model                              1          2     -0.26976392                           2_GWT-(12,43,71)
 Model                              2          1  1.27897692E-13       *                   2_GWT-(13,43,71)
 ----------------------------------------------------------------------------------------------------------


 2 CALLS TO NUMERICAL SOLUTION IN TIME STEP 1 STRESS PERIOD 313
 3 TOTAL ITERATIONS
 
    Solving:  Stress period:   314    Time step:     1
 
1
 STRESS PERIOD NO. 314, LENGTH =   1.000000    
 ------------------------------------------
 NUMBER OF TIME STEPS = 1
 MULTIPLIER FOR DELT =     1.000

 OPENED ./external/chd_314.dat
 FILE TYPE:OPEN/CLOSE   UNIT 1911   STATUS:OLD                 
 FORMAT:FORMATTED              ACCESS:SEQUENTIAL          
 ACTION:READ                

 INITIAL TIME STEP SIZE =   1.000000    

 SLN_1 OUTER ITERATION SUMMARY
 ----------------------------------------------------------------------------------------------------------
                                OUTER      INNER                    STEP   MAXIMUM CHANGE MODEL-(CELLID) OR
 OUTER ITERATION STEP       ITERATION  ITERATION  MAXIMUM CHANGE SUCCESS             MODEL-PACKAGE-(NUMBER)
 ----------------------------------------------------------------------------------------------------------
 Model                              1         21       3.3670692                            1_GWF-(1,76,77)
 Model                              2         14      -1.4837910                            1_GWF-(1,97,72)
 Model                              3          6     -0.16865336                            1_GWF-(1,97,72)
 Model                              4          5  2.85191170E-02                            1_GWF-(1,97,71)
 Model                              5          4  5.41391768E-03       *                    1_GWF-(1,97,71)
 ----------------------------------------------------------------------------------------------------------


 5 CALLS TO NUMERICAL SOLUTION IN TIME STEP 1 STRESS PERIOD 314
 50 TOTAL ITERATIONS

 SLN_2 OUTER ITERATION SUMMARY
 ----------------------------------------------------------------------------------------------------------
                                OUTER      INNER                    STEP   MAXIMUM CHANGE MODEL-(CELLID) OR
 OUTER ITERATION STEP       ITERATION  ITERATION  MAXIMUM CHANGE SUCCESS             MODEL-PACKAGE-(NUMBER)
 ----------------------------------------------------------------------------------------------------------
 Model                              1          2      -1.0297688                            2_GWT-(1,45,64)
 Model                              2          1  6.03961325E-14       *                   2_GWT-(13,43,71)
 ----------------------------------------------------------------------------------------------------------


 2 CALLS TO NUMERICAL SOLUTION IN TIME STEP 1 STRESS PERIOD 314
 3 TOTAL ITERATIONS
 
    Solving:  Stress period:   315    Time step:     1
 
1
 STRESS PERIOD NO. 315, LENGTH =   1.000000    
 ------------------------------------------
 NUMBER OF TIME STEPS = 1
 MULTIPLIER FOR DELT =     1.000

 OPENED ./external/chd_315.dat
 FILE TYPE:OPEN/CLOSE   UNIT 1913   STATUS:OLD                 
 FORMAT:FORMATTED              ACCESS:SEQUENTIAL          
 ACTION:READ                

 INITIAL TIME STEP SIZE =   1.000000    

 SLN_1 OUTER ITERATION SUMMARY
 ----------------------------------------------------------------------------------------------------------
                                OUTER      INNER                    STEP   MAXIMUM CHANGE MODEL-(CELLID) OR
 OUTER ITERATION STEP       ITERATION  ITERATION  MAXIMUM CHANGE SUCCESS             MODEL-PACKAGE-(NUMBER)
 ----------------------------------------------------------------------------------------------------------
 Model                              1         20      -1.5760380                           1_GWF-(1,103,42)
 Model                              2          8     -0.68664109                           1_GWF-(1,108,19)
 Model                              3          6  7.33659011E-02                           1_GWF-(1,108,19)
 Model                              4          6  7.36885874E-03       *                   1_GWF-(1,108,19)
 ----------------------------------------------------------------------------------------------------------


 4 CALLS TO NUMERICAL SOLUTION IN TIME STEP 1 STRESS PERIOD 315
 40 TOTAL ITERATIONS

 SLN_2 OUTER ITERATION SUMMARY
 ----------------------------------------------------------------------------------------------------------
                                OUTER      INNER                    STEP   MAXIMUM CHANGE MODEL-(CELLID) OR
 OUTER ITERATION STEP       ITERATION  ITERATION  MAXIMUM CHANGE SUCCESS             MODEL-PACKAGE-(NUMBER)
 ----------------------------------------------------------------------------------------------------------
 Model                              1          2     -0.28902495                            2_GWT-(6,21,19)
 Model                              2          1  5.68434189E-14       *                   2_GWT-(13,43,71)
 ----------------------------------------------------------------------------------------------------------


 2 CALLS TO NUMERICAL SOLUTION IN TIME STEP 1 STRESS PERIOD 315
 3 TOTAL ITERATIONS
 
    Solving:  Stress period:   316    Time step:     1
 
1
 STRESS PERIOD NO. 316, LENGTH =   1.000000    
 ------------------------------------------
 NUMBER OF TIME STEPS = 1
 MULTIPLIER FOR DELT =     1.000

 OPENED ./external/chd_316.dat
 FILE TYPE:OPEN/CLOSE   UNIT 1915   STATUS:OLD                 
 FORMAT:FORMATTED              ACCESS:SEQUENTIAL          
 ACTION:READ                

 INITIAL TIME STEP SIZE =   1.000000    

 SLN_1 OUTER ITERATION SUMMARY
 ----------------------------------------------------------------------------------------------------------
                                OUTER      INNER                    STEP   MAXIMUM CHANGE MODEL-(CELLID) OR
 OUTER ITERATION STEP       ITERATION  ITERATION  MAXIMUM CHANGE SUCCESS             MODEL-PACKAGE-(NUMBER)
 ----------------------------------------------------------------------------------------------------------
 Model                              1         18      -1.5690048                            1_GWF-(1,76,77)
 Model                              2          9     -0.71796400                            1_GWF-(1,74,78)
 Model                              3          6  1.72771576E-02                            1_GWF-(1,55,33)
 Model                              4          4  1.72722388E-03       *                    1_GWF-(1,55,33)
 ----------------------------------------------------------------------------------------------------------


 4 CALLS TO NUMERICAL SOLUTION IN TIME STEP 1 STRESS PERIOD 316
 37 TOTAL ITERATIONS

 SLN_2 OUTER ITERATION SUMMARY
 ----------------------------------------------------------------------------------------------------------
                                OUTER      INNER                    STEP   MAXIMUM CHANGE MODEL-(CELLID) OR
 OUTER ITERATION STEP       ITERATION  ITERATION  MAXIMUM CHANGE SUCCESS             MODEL-PACKAGE-(NUMBER)
 ----------------------------------------------------------------------------------------------------------
 Model                              1          2       1.0127846                            2_GWT-(1,45,64)
 Model                              2          1 -3.35731443E-13       *                    2_GWT-(1,45,64)
 ----------------------------------------------------------------------------------------------------------


 2 CALLS TO NUMERICAL SOLUTION IN TIME STEP 1 STRESS PERIOD 316
 3 TOTAL ITERATIONS
 
    Solving:  Stress period:   317    Time step:     1
 
1
 STRESS PERIOD NO. 317, LENGTH =   1.000000    
 ------------------------------------------
 NUMBER OF TIME STEPS = 1
 MULTIPLIER FOR DELT =     1.000

 OPENED ./external/chd_317.dat
 FILE TYPE:OPEN/CLOSE   UNIT 1917   STATUS:OLD                 
 FORMAT:FORMATTED              ACCESS:SEQUENTIAL          
 ACTION:READ                

 INITIAL TIME STEP SIZE =   1.000000    

 SLN_1 OUTER ITERATION SUMMARY
 ----------------------------------------------------------------------------------------------------------
                                OUTER      INNER                    STEP   MAXIMUM CHANGE MODEL-(CELLID) OR
 OUTER ITERATION STEP       ITERATION  ITERATION  MAXIMUM CHANGE SUCCESS             MODEL-PACKAGE-(NUMBER)
 ----------------------------------------------------------------------------------------------------------
 Model                              1         23       2.5897464                            1_GWF-(1,64,74)
 Model                              2         10     -0.50766173                           1_GWF-(1,109,25)
 Model                              3          6 -5.08691637E-02                           1_GWF-(1,109,25)
 Model                              4          4 -5.09935011E-03       *                   1_GWF-(1,109,25)
 ----------------------------------------------------------------------------------------------------------


 4 CALLS TO NUMERICAL SOLUTION IN TIME STEP 1 STRESS PERIOD 317
 43 TOTAL ITERATIONS

 SLN_2 OUTER ITERATION SUMMARY
 ----------------------------------------------------------------------------------------------------------
                                OUTER      INNER                    STEP   MAXIMUM CHANGE MODEL-(CELLID) OR
 OUTER ITERATION STEP       ITERATION  ITERATION  MAXIMUM CHANGE SUCCESS             MODEL-PACKAGE-(NUMBER)
 ----------------------------------------------------------------------------------------------------------
 Model                              1          2      -1.0127846                            2_GWT-(1,45,64)
 Model                              2          1 -7.99360578E-14       *                   2_GWT-(12,43,71)
 ----------------------------------------------------------------------------------------------------------


 2 CALLS TO NUMERICAL SOLUTION IN TIME STEP 1 STRESS PERIOD 317
 3 TOTAL ITERATIONS
 
    Solving:  Stress period:   318    Time step:     1
 
1
 STRESS PERIOD NO. 318, LENGTH =   1.000000    
 ------------------------------------------
 NUMBER OF TIME STEPS = 1
 MULTIPLIER FOR DELT =     1.000

 OPENED ./external/chd_318.dat
 FILE TYPE:OPEN/CLOSE   UNIT 1919   STATUS:OLD                 
 FORMAT:FORMATTED              ACCESS:SEQUENTIAL          
 ACTION:READ                

 INITIAL TIME STEP SIZE =   1.000000    

 SLN_1 OUTER ITERATION SUMMARY
 ----------------------------------------------------------------------------------------------------------
                                OUTER      INNER                    STEP   MAXIMUM CHANGE MODEL-(CELLID) OR
 OUTER ITERATION STEP       ITERATION  ITERATION  MAXIMUM CHANGE SUCCESS             MODEL-PACKAGE-(NUMBER)
 ----------------------------------------------------------------------------------------------------------
 Model                              1         19       1.8855785                            1_GWF-(1,77,77)
 Model                              2         13     -0.82046025                            1_GWF-(1,74,78)
 Model                              3          6 -9.76652993E-02                            1_GWF-(1,74,78)
 Model                              4          4 -9.90441480E-03       *                    1_GWF-(1,74,78)
 ----------------------------------------------------------------------------------------------------------


 4 CALLS TO NUMERICAL SOLUTION IN TIME STEP 1 STRESS PERIOD 318
 42 TOTAL ITERATIONS

 SLN_2 OUTER ITERATION SUMMARY
 ----------------------------------------------------------------------------------------------------------
                                OUTER      INNER                    STEP   MAXIMUM CHANGE MODEL-(CELLID) OR
 OUTER ITERATION STEP       ITERATION  ITERATION  MAXIMUM CHANGE SUCCESS             MODEL-PACKAGE-(NUMBER)
 ----------------------------------------------------------------------------------------------------------
 Model                              1          2     -0.41677304                            2_GWT-(6,21,19)
 Model                              2          1 -1.19015908E-13       *                   2_GWT-(12,43,71)
 ----------------------------------------------------------------------------------------------------------


 2 CALLS TO NUMERICAL SOLUTION IN TIME STEP 1 STRESS PERIOD 318
 3 TOTAL ITERATIONS
 
    Solving:  Stress period:   319    Time step:     1
 
1
 STRESS PERIOD NO. 319, LENGTH =   1.000000    
 ------------------------------------------
 NUMBER OF TIME STEPS = 1
 MULTIPLIER FOR DELT =     1.000

 OPENED ./external/chd_319.dat
 FILE TYPE:OPEN/CLOSE   UNIT 1921   STATUS:OLD                 
 FORMAT:FORMATTED              ACCESS:SEQUENTIAL          
 ACTION:READ                

 INITIAL TIME STEP SIZE =   1.000000    

 SLN_1 OUTER ITERATION SUMMARY
 ----------------------------------------------------------------------------------------------------------
                                OUTER      INNER                    STEP   MAXIMUM CHANGE MODEL-(CELLID) OR
 OUTER ITERATION STEP       ITERATION  ITERATION  MAXIMUM CHANGE SUCCESS             MODEL-PACKAGE-(NUMBER)
 ----------------------------------------------------------------------------------------------------------
 Model                              1         17      -3.0365951                            1_GWF-(1,76,77)
 Model                              2         10     -0.73147470                            1_GWF-(3,73,77)
 Model                              3          8  4.08113933E-02                            1_GWF-(3,67,74)
 Model                              4          4  4.08045204E-03       *                    1_GWF-(3,67,74)
 ----------------------------------------------------------------------------------------------------------


 4 CALLS TO NUMERICAL SOLUTION IN TIME STEP 1 STRESS PERIOD 319
 39 TOTAL ITERATIONS

 SLN_2 OUTER ITERATION SUMMARY
 ----------------------------------------------------------------------------------------------------------
                                OUTER      INNER                    STEP   MAXIMUM CHANGE MODEL-(CELLID) OR
 OUTER ITERATION STEP       ITERATION  ITERATION  MAXIMUM CHANGE SUCCESS             MODEL-PACKAGE-(NUMBER)
 ----------------------------------------------------------------------------------------------------------
 Model                              1          2      0.99510258                            2_GWT-(1,45,64)
 Model                              2          1 -7.79820652E-13       *                    2_GWT-(1,45,64)
 ----------------------------------------------------------------------------------------------------------


 2 CALLS TO NUMERICAL SOLUTION IN TIME STEP 1 STRESS PERIOD 319
 3 TOTAL ITERATIONS
 
    Solving:  Stress period:   320    Time step:     1
 
1
 STRESS PERIOD NO. 320, LENGTH =   1.000000    
 ------------------------------------------
 NUMBER OF TIME STEPS = 1
 MULTIPLIER FOR DELT =     1.000

 OPENED ./external/chd_320.dat
 FILE TYPE:OPEN/CLOSE   UNIT 1923   STATUS:OLD                 
 FORMAT:FORMATTED              ACCESS:SEQUENTIAL          
 ACTION:READ                

 INITIAL TIME STEP SIZE =   1.000000    

 SLN_1 OUTER ITERATION SUMMARY
 ----------------------------------------------------------------------------------------------------------
                                OUTER      INNER                    STEP   MAXIMUM CHANGE MODEL-(CELLID) OR
 OUTER ITERATION STEP       ITERATION  ITERATION  MAXIMUM CHANGE SUCCESS             MODEL-PACKAGE-(NUMBER)
 ----------------------------------------------------------------------------------------------------------
 Model                              1         24      0.48067063                            1_GWF-(1,66,73)
 Model                              2          6      0.12065262                            1_GWF-(1,55,33)
 Model                              3          5 -7.13343967E-03       *                    1_GWF-(1,74,78)
 ----------------------------------------------------------------------------------------------------------


 3 CALLS TO NUMERICAL SOLUTION IN TIME STEP 1 STRESS PERIOD 320
 35 TOTAL ITERATIONS

 SLN_2 OUTER ITERATION SUMMARY
 ----------------------------------------------------------------------------------------------------------
                                OUTER      INNER                    STEP   MAXIMUM CHANGE MODEL-(CELLID) OR
 OUTER ITERATION STEP       ITERATION  ITERATION  MAXIMUM CHANGE SUCCESS             MODEL-PACKAGE-(NUMBER)
 ----------------------------------------------------------------------------------------------------------
 Model                              1          2     -0.99510258                            2_GWT-(1,45,64)
 Model                              2          1  6.29534431E-13       *                    2_GWT-(1,45,64)
 ----------------------------------------------------------------------------------------------------------


 2 CALLS TO NUMERICAL SOLUTION IN TIME STEP 1 STRESS PERIOD 320
 3 TOTAL ITERATIONS
 
    Solving:  Stress period:   321    Time step:     1
 
1
 STRESS PERIOD NO. 321, LENGTH =   1.000000    
 ------------------------------------------
 NUMBER OF TIME STEPS = 1
 MULTIPLIER FOR DELT =     1.000

 OPENED ./external/chd_321.dat
 FILE TYPE:OPEN/CLOSE   UNIT 1925   STATUS:OLD                 
 FORMAT:FORMATTED              ACCESS:SEQUENTIAL          
 ACTION:READ                

 INITIAL TIME STEP SIZE =   1.000000    

 SLN_1 OUTER ITERATION SUMMARY
 ----------------------------------------------------------------------------------------------------------
                                OUTER      INNER                    STEP   MAXIMUM CHANGE MODEL-(CELLID) OR
 OUTER ITERATION STEP       ITERATION  ITERATION  MAXIMUM CHANGE SUCCESS             MODEL-PACKAGE-(NUMBER)
 ----------------------------------------------------------------------------------------------------------
 Model                              1         21       2.8796757                            1_GWF-(1,76,77)
 Model                              2         14      -1.0589678                            1_GWF-(1,74,78)
 Model                              3          7     -0.13173765                            1_GWF-(1,74,78)
 Model                              4          5 -1.34294447E-02                            1_GWF-(1,74,78)
 Model                              5          3  1.69597144E-03       *                    1_GWF-(4,93,19)
 ----------------------------------------------------------------------------------------------------------


 5 CALLS TO NUMERICAL SOLUTION IN TIME STEP 1 STRESS PERIOD 321
 50 TOTAL ITERATIONS

 SLN_2 OUTER ITERATION SUMMARY
 ----------------------------------------------------------------------------------------------------------
                                OUTER      INNER                    STEP   MAXIMUM CHANGE MODEL-(CELLID) OR
 OUTER ITERATION STEP       ITERATION  ITERATION  MAXIMUM CHANGE SUCCESS             MODEL-PACKAGE-(NUMBER)
 ----------------------------------------------------------------------------------------------------------
 Model                              1          2     -0.53900568                            2_GWT-(6,21,19)
 Model                              2          1 -9.76996262E-14       *                    2_GWT-(6,21,19)
 ----------------------------------------------------------------------------------------------------------


 2 CALLS TO NUMERICAL SOLUTION IN TIME STEP 1 STRESS PERIOD 321
 3 TOTAL ITERATIONS
 
    Solving:  Stress period:   322    Time step:     1
 
1
 STRESS PERIOD NO. 322, LENGTH =   1.000000    
 ------------------------------------------
 NUMBER OF TIME STEPS = 1
 MULTIPLIER FOR DELT =     1.000

 OPENED ./external/chd_322.dat
 FILE TYPE:OPEN/CLOSE   UNIT 1927   STATUS:OLD                 
 FORMAT:FORMATTED              ACCESS:SEQUENTIAL          
 ACTION:READ                

 INITIAL TIME STEP SIZE =   1.000000    

 SLN_1 OUTER ITERATION SUMMARY
 ----------------------------------------------------------------------------------------------------------
                                OUTER      INNER                    STEP   MAXIMUM CHANGE MODEL-(CELLID) OR
 OUTER ITERATION STEP       ITERATION  ITERATION  MAXIMUM CHANGE SUCCESS             MODEL-PACKAGE-(NUMBER)
 ----------------------------------------------------------------------------------------------------------
 Model                              1         21      -1.8541201                            1_GWF-(1,66,73)
 Model                              2          9     -0.51241279                            1_GWF-(3,79,74)
 Model                              3          6  3.93340953E-02                           1_GWF-(1,109,41)
 Model                              4          4  3.93888556E-03       *                   1_GWF-(1,109,41)
 ----------------------------------------------------------------------------------------------------------


 4 CALLS TO NUMERICAL SOLUTION IN TIME STEP 1 STRESS PERIOD 322
 40 TOTAL ITERATIONS

 SLN_2 OUTER ITERATION SUMMARY
 ----------------------------------------------------------------------------------------------------------
                                OUTER      INNER                    STEP   MAXIMUM CHANGE MODEL-(CELLID) OR
 OUTER ITERATION STEP       ITERATION  ITERATION  MAXIMUM CHANGE SUCCESS             MODEL-PACKAGE-(NUMBER)
 ----------------------------------------------------------------------------------------------------------
 Model                              1          2     -0.55057223                            2_GWT-(6,21,19)
 Model                              2          1  2.13162821E-14       *                    2_GWT-(5,13,17)
 ----------------------------------------------------------------------------------------------------------


 2 CALLS TO NUMERICAL SOLUTION IN TIME STEP 1 STRESS PERIOD 322
 3 TOTAL ITERATIONS
 
    Solving:  Stress period:   323    Time step:     1
 
1
 STRESS PERIOD NO. 323, LENGTH =   1.000000    
 ------------------------------------------
 NUMBER OF TIME STEPS = 1
 MULTIPLIER FOR DELT =     1.000

 OPENED ./external/chd_323.dat
 FILE TYPE:OPEN/CLOSE   UNIT 1929   STATUS:OLD                 
 FORMAT:FORMATTED              ACCESS:SEQUENTIAL          
 ACTION:READ                

 INITIAL TIME STEP SIZE =   1.000000    

 SLN_1 OUTER ITERATION SUMMARY
 ----------------------------------------------------------------------------------------------------------
                                OUTER      INNER                    STEP   MAXIMUM CHANGE MODEL-(CELLID) OR
 OUTER ITERATION STEP       ITERATION  ITERATION  MAXIMUM CHANGE SUCCESS             MODEL-PACKAGE-(NUMBER)
 ----------------------------------------------------------------------------------------------------------
 Model                              1         19      -1.3852072                            1_GWF-(1,77,79)
 Model                              2         10     -0.53314313                            1_GWF-(1,63,74)
 Model                              3          7  3.07269334E-02                            1_GWF-(1,63,74)
 Model                              4          5  3.07111258E-03       *                    1_GWF-(2,63,74)
 ----------------------------------------------------------------------------------------------------------


 4 CALLS TO NUMERICAL SOLUTION IN TIME STEP 1 STRESS PERIOD 323
 41 TOTAL ITERATIONS

 SLN_2 OUTER ITERATION SUMMARY
 ----------------------------------------------------------------------------------------------------------
                                OUTER      INNER                    STEP   MAXIMUM CHANGE MODEL-(CELLID) OR
 OUTER ITERATION STEP       ITERATION  ITERATION  MAXIMUM CHANGE SUCCESS             MODEL-PACKAGE-(NUMBER)
 ----------------------------------------------------------------------------------------------------------
 Model                              1          2      0.97691308                            2_GWT-(1,45,64)
 Model                              2          1  2.84217094E-14       *                   2_GWT-(15,33,23)
 ----------------------------------------------------------------------------------------------------------


 2 CALLS TO NUMERICAL SOLUTION IN TIME STEP 1 STRESS PERIOD 323
 3 TOTAL ITERATIONS
 
    Solving:  Stress period:   324    Time step:     1
 
1
 STRESS PERIOD NO. 324, LENGTH =   1.000000    
 ------------------------------------------
 NUMBER OF TIME STEPS = 1
 MULTIPLIER FOR DELT =     1.000

 OPENED ./external/chd_324.dat
 FILE TYPE:OPEN/CLOSE   UNIT 1931   STATUS:OLD                 
 FORMAT:FORMATTED              ACCESS:SEQUENTIAL          
 ACTION:READ                

 INITIAL TIME STEP SIZE =   1.000000    

 SLN_1 OUTER ITERATION SUMMARY
 ----------------------------------------------------------------------------------------------------------
                                OUTER      INNER                    STEP   MAXIMUM CHANGE MODEL-(CELLID) OR
 OUTER ITERATION STEP       ITERATION  ITERATION  MAXIMUM CHANGE SUCCESS             MODEL-PACKAGE-(NUMBER)
 ----------------------------------------------------------------------------------------------------------
 Model                              1         19     -0.35015525                            1_GWF-(1,71,74)
 Model                              2          7     -0.38271242                            1_GWF-(1,67,73)
 Model                              3          4  5.08277003E-03       *                    1_GWF-(1,72,75)
 ----------------------------------------------------------------------------------------------------------


 3 CALLS TO NUMERICAL SOLUTION IN TIME STEP 1 STRESS PERIOD 324
 30 TOTAL ITERATIONS

 SLN_2 OUTER ITERATION SUMMARY
 ----------------------------------------------------------------------------------------------------------
                                OUTER      INNER                    STEP   MAXIMUM CHANGE MODEL-(CELLID) OR
 OUTER ITERATION STEP       ITERATION  ITERATION  MAXIMUM CHANGE SUCCESS             MODEL-PACKAGE-(NUMBER)
 ----------------------------------------------------------------------------------------------------------
 Model                              1          2     -0.51571455                            2_GWT-(6,21,19)
 Model                              2          1  2.84217094E-14       *                    2_GWT-(5,17,28)
 ----------------------------------------------------------------------------------------------------------


 2 CALLS TO NUMERICAL SOLUTION IN TIME STEP 1 STRESS PERIOD 324
 3 TOTAL ITERATIONS
 
    Solving:  Stress period:   325    Time step:     1
 
1
 STRESS PERIOD NO. 325, LENGTH =   1.000000    
 ------------------------------------------
 NUMBER OF TIME STEPS = 1
 MULTIPLIER FOR DELT =     1.000

 OPENED ./external/chd_325.dat
 FILE TYPE:OPEN/CLOSE   UNIT 1933   STATUS:OLD                 
 FORMAT:FORMATTED              ACCESS:SEQUENTIAL          
 ACTION:READ                

 INITIAL TIME STEP SIZE =   1.000000    

 SLN_1 OUTER ITERATION SUMMARY
 ----------------------------------------------------------------------------------------------------------
                                OUTER      INNER                    STEP   MAXIMUM CHANGE MODEL-(CELLID) OR
 OUTER ITERATION STEP       ITERATION  ITERATION  MAXIMUM CHANGE SUCCESS             MODEL-PACKAGE-(NUMBER)
 ----------------------------------------------------------------------------------------------------------
 Model                              1         19     -0.22955503                            1_GWF-(1,72,75)
 Model                              2          8     -0.29395372                            1_GWF-(1,71,72)
 Model                              3          5 -9.23514432E-03       *                     1_GWF-(1,42,2)
 ----------------------------------------------------------------------------------------------------------


 3 CALLS TO NUMERICAL SOLUTION IN TIME STEP 1 STRESS PERIOD 325
 32 TOTAL ITERATIONS

 SLN_2 OUTER ITERATION SUMMARY
 ----------------------------------------------------------------------------------------------------------
                                OUTER      INNER                    STEP   MAXIMUM CHANGE MODEL-(CELLID) OR
 OUTER ITERATION STEP       ITERATION  ITERATION  MAXIMUM CHANGE SUCCESS             MODEL-PACKAGE-(NUMBER)
 ----------------------------------------------------------------------------------------------------------
 Model                              1          2     -0.48052717                            2_GWT-(6,21,19)
 Model                              2          1  2.13162821E-14       *                     2_GWT-(6,3,21)
 ----------------------------------------------------------------------------------------------------------


 2 CALLS TO NUMERICAL SOLUTION IN TIME STEP 1 STRESS PERIOD 325
 3 TOTAL ITERATIONS
 
    Solving:  Stress period:   326    Time step:     1
 
1
 STRESS PERIOD NO. 326, LENGTH =   1.000000    
 ------------------------------------------
 NUMBER OF TIME STEPS = 1
 MULTIPLIER FOR DELT =     1.000

 OPENED ./external/chd_326.dat
 FILE TYPE:OPEN/CLOSE   UNIT 1935   STATUS:OLD                 
 FORMAT:FORMATTED              ACCESS:SEQUENTIAL          
 ACTION:READ                

 INITIAL TIME STEP SIZE =   1.000000    

 SLN_1 OUTER ITERATION SUMMARY
 ----------------------------------------------------------------------------------------------------------
                                OUTER      INNER                    STEP   MAXIMUM CHANGE MODEL-(CELLID) OR
 OUTER ITERATION STEP       ITERATION  ITERATION  MAXIMUM CHANGE SUCCESS             MODEL-PACKAGE-(NUMBER)
 ----------------------------------------------------------------------------------------------------------
 Model                              1         19     -0.22767090                            1_GWF-(1,81,76)
 Model                              2          6 -6.84278713E-02                            1_GWF-(1,38,21)
 Model                              3          3  6.28385832E-04       *                    1_GWF-(5,83,46)
 ----------------------------------------------------------------------------------------------------------


 3 CALLS TO NUMERICAL SOLUTION IN TIME STEP 1 STRESS PERIOD 326
 28 TOTAL ITERATIONS

 SLN_2 OUTER ITERATION SUMMARY
 ----------------------------------------------------------------------------------------------------------
                                OUTER      INNER                    STEP   MAXIMUM CHANGE MODEL-(CELLID) OR
 OUTER ITERATION STEP       ITERATION  ITERATION  MAXIMUM CHANGE SUCCESS             MODEL-PACKAGE-(NUMBER)
 ----------------------------------------------------------------------------------------------------------
 Model                              1          2     -0.36060182                            2_GWT-(13,38,1)
 Model                              2          1 -2.84217094E-14       *                    2_GWT-(15,33,6)
 ----------------------------------------------------------------------------------------------------------


 2 CALLS TO NUMERICAL SOLUTION IN TIME STEP 1 STRESS PERIOD 326
 3 TOTAL ITERATIONS
 
    Solving:  Stress period:   327    Time step:     1
 
1
 STRESS PERIOD NO. 327, LENGTH =   1.000000    
 ------------------------------------------
 NUMBER OF TIME STEPS = 1
 MULTIPLIER FOR DELT =     1.000

 OPENED ./external/chd_327.dat
 FILE TYPE:OPEN/CLOSE   UNIT 1937   STATUS:OLD                 
 FORMAT:FORMATTED              ACCESS:SEQUENTIAL          
 ACTION:READ                

 INITIAL TIME STEP SIZE =   1.000000    

 SLN_1 OUTER ITERATION SUMMARY
 ----------------------------------------------------------------------------------------------------------
                                OUTER      INNER                    STEP   MAXIMUM CHANGE MODEL-(CELLID) OR
 OUTER ITERATION STEP       ITERATION  ITERATION  MAXIMUM CHANGE SUCCESS             MODEL-PACKAGE-(NUMBER)
 ----------------------------------------------------------------------------------------------------------
 Model                              1         20     -0.10410933                            1_GWF-(1,46,17)
 Model                              2          6     -0.11635584                            1_GWF-(2,74,78)
 Model                              3          4  1.93963719E-03       *                    1_GWF-(1,63,29)
 ----------------------------------------------------------------------------------------------------------


 3 CALLS TO NUMERICAL SOLUTION IN TIME STEP 1 STRESS PERIOD 327
 30 TOTAL ITERATIONS

 SLN_2 OUTER ITERATION SUMMARY
 ----------------------------------------------------------------------------------------------------------
                                OUTER      INNER                    STEP   MAXIMUM CHANGE MODEL-(CELLID) OR
 OUTER ITERATION STEP       ITERATION  ITERATION  MAXIMUM CHANGE SUCCESS             MODEL-PACKAGE-(NUMBER)
 ----------------------------------------------------------------------------------------------------------
 Model                              1          2     -0.43754771                            2_GWT-(13,38,1)
 Model                              2          1  2.13162821E-14       *                    2_GWT-(4,13,17)
 ----------------------------------------------------------------------------------------------------------


 2 CALLS TO NUMERICAL SOLUTION IN TIME STEP 1 STRESS PERIOD 327
 3 TOTAL ITERATIONS
 
    Solving:  Stress period:   328    Time step:     1
 
1
 STRESS PERIOD NO. 328, LENGTH =   1.000000    
 ------------------------------------------
 NUMBER OF TIME STEPS = 1
 MULTIPLIER FOR DELT =     1.000

 OPENED ./external/chd_328.dat
 FILE TYPE:OPEN/CLOSE   UNIT 1939   STATUS:OLD                 
 FORMAT:FORMATTED              ACCESS:SEQUENTIAL          
 ACTION:READ                

 INITIAL TIME STEP SIZE =   1.000000    

 SLN_1 OUTER ITERATION SUMMARY
 ----------------------------------------------------------------------------------------------------------
                                OUTER      INNER                    STEP   MAXIMUM CHANGE MODEL-(CELLID) OR
 OUTER ITERATION STEP       ITERATION  ITERATION  MAXIMUM CHANGE SUCCESS             MODEL-PACKAGE-(NUMBER)
 ----------------------------------------------------------------------------------------------------------
 Model                              1         19     -0.12382794                            1_GWF-(3,74,78)
 Model                              2          7 -6.21399237E-02                            1_GWF-(1,80,49)
 Model                              3          4  3.02011345E-03       *                     1_GWF-(1,43,8)
 ----------------------------------------------------------------------------------------------------------


 3 CALLS TO NUMERICAL SOLUTION IN TIME STEP 1 STRESS PERIOD 328
 30 TOTAL ITERATIONS

 SLN_2 OUTER ITERATION SUMMARY
 ----------------------------------------------------------------------------------------------------------
                                OUTER      INNER                    STEP   MAXIMUM CHANGE MODEL-(CELLID) OR
 OUTER ITERATION STEP       ITERATION  ITERATION  MAXIMUM CHANGE SUCCESS             MODEL-PACKAGE-(NUMBER)
 ----------------------------------------------------------------------------------------------------------
 Model                              1          2     -0.54245354                            2_GWT-(13,38,1)
 Model                              2          1  2.84217094E-14       *                   2_GWT-(11,35,70)
 ----------------------------------------------------------------------------------------------------------


 2 CALLS TO NUMERICAL SOLUTION IN TIME STEP 1 STRESS PERIOD 328
 3 TOTAL ITERATIONS
 
    Solving:  Stress period:   329    Time step:     1
 
1
 STRESS PERIOD NO. 329, LENGTH =   1.000000    
 ------------------------------------------
 NUMBER OF TIME STEPS = 1
 MULTIPLIER FOR DELT =     1.000

 OPENED ./external/chd_329.dat
 FILE TYPE:OPEN/CLOSE   UNIT 1941   STATUS:OLD                 
 FORMAT:FORMATTED              ACCESS:SEQUENTIAL          
 ACTION:READ                

 INITIAL TIME STEP SIZE =   1.000000    

 SLN_1 OUTER ITERATION SUMMARY
 ----------------------------------------------------------------------------------------------------------
                                OUTER      INNER                    STEP   MAXIMUM CHANGE MODEL-(CELLID) OR
 OUTER ITERATION STEP       ITERATION  ITERATION  MAXIMUM CHANGE SUCCESS             MODEL-PACKAGE-(NUMBER)
 ----------------------------------------------------------------------------------------------------------
 Model                              1         20       1.0232606                            1_GWF-(1,76,77)
 Model                              2          9     -0.20882262                           1_GWF-(3,100,25)
 Model                              3          5 -1.80251476E-02                           1_GWF-(3,100,25)
 Model                              4          4 -1.80387796E-03       *                   1_GWF-(3,100,25)
 ----------------------------------------------------------------------------------------------------------


 4 CALLS TO NUMERICAL SOLUTION IN TIME STEP 1 STRESS PERIOD 329
 38 TOTAL ITERATIONS

 SLN_2 OUTER ITERATION SUMMARY
 ----------------------------------------------------------------------------------------------------------
                                OUTER      INNER                    STEP   MAXIMUM CHANGE MODEL-(CELLID) OR
 OUTER ITERATION STEP       ITERATION  ITERATION  MAXIMUM CHANGE SUCCESS             MODEL-PACKAGE-(NUMBER)
 ----------------------------------------------------------------------------------------------------------
 Model                              1          2     -0.97732849                            2_GWT-(1,45,64)
 Model                              2          1 -3.45806179E-14       *                    2_GWT-(1,45,64)
 ----------------------------------------------------------------------------------------------------------


 2 CALLS TO NUMERICAL SOLUTION IN TIME STEP 1 STRESS PERIOD 329
 3 TOTAL ITERATIONS
 
    Solving:  Stress period:   330    Time step:     1
 
1
 STRESS PERIOD NO. 330, LENGTH =   1.000000    
 ------------------------------------------
 NUMBER OF TIME STEPS = 1
 MULTIPLIER FOR DELT =     1.000

 OPENED ./external/chd_330.dat
 FILE TYPE:OPEN/CLOSE   UNIT 1943   STATUS:OLD                 
 FORMAT:FORMATTED              ACCESS:SEQUENTIAL          
 ACTION:READ                

 INITIAL TIME STEP SIZE =   1.000000    

 SLN_1 OUTER ITERATION SUMMARY
 ----------------------------------------------------------------------------------------------------------
                                OUTER      INNER                    STEP   MAXIMUM CHANGE MODEL-(CELLID) OR
 OUTER ITERATION STEP       ITERATION  ITERATION  MAXIMUM CHANGE SUCCESS             MODEL-PACKAGE-(NUMBER)
 ----------------------------------------------------------------------------------------------------------
 Model                              1         19       1.1610164                            1_GWF-(1,77,77)
 Model                              2         11     -0.50240668                            1_GWF-(1,71,72)
 Model                              3          6 -5.32572849E-02                            1_GWF-(1,71,72)
 Model                              4          4 -5.35525827E-03       *                    1_GWF-(1,71,72)
 ----------------------------------------------------------------------------------------------------------


 4 CALLS TO NUMERICAL SOLUTION IN TIME STEP 1 STRESS PERIOD 330
 40 TOTAL ITERATIONS

 SLN_2 OUTER ITERATION SUMMARY
 ----------------------------------------------------------------------------------------------------------
                                OUTER      INNER                    STEP   MAXIMUM CHANGE MODEL-(CELLID) OR
 OUTER ITERATION STEP       ITERATION  ITERATION  MAXIMUM CHANGE SUCCESS             MODEL-PACKAGE-(NUMBER)
 ----------------------------------------------------------------------------------------------------------
 Model                              1          2     -0.61333963                            2_GWT-(13,38,1)
 Model                              2          1 -4.79616347E-14       *                    2_GWT-(15,41,1)
 ----------------------------------------------------------------------------------------------------------


 2 CALLS TO NUMERICAL SOLUTION IN TIME STEP 1 STRESS PERIOD 330
 3 TOTAL ITERATIONS
 
    Solving:  Stress period:   331    Time step:     1
 
1
 STRESS PERIOD NO. 331, LENGTH =   1.000000    
 ------------------------------------------
 NUMBER OF TIME STEPS = 1
 MULTIPLIER FOR DELT =     1.000

 OPENED ./external/chd_331.dat
 FILE TYPE:OPEN/CLOSE   UNIT 1945   STATUS:OLD                 
 FORMAT:FORMATTED              ACCESS:SEQUENTIAL          
 ACTION:READ                

 INITIAL TIME STEP SIZE =   1.000000    

 SLN_1 OUTER ITERATION SUMMARY
 ----------------------------------------------------------------------------------------------------------
                                OUTER      INNER                    STEP   MAXIMUM CHANGE MODEL-(CELLID) OR
 OUTER ITERATION STEP       ITERATION  ITERATION  MAXIMUM CHANGE SUCCESS             MODEL-PACKAGE-(NUMBER)
 ----------------------------------------------------------------------------------------------------------
 Model                              1         22       1.8828837                            1_GWF-(1,77,77)
 Model                              2         11     -0.85538653                           1_GWF-(1,103,62)
 Model                              3          8     -0.10102740                            1_GWF-(1,77,79)
 Model                              4          5  1.19010687E-02                            1_GWF-(5,67,56)
 Model                              5          3  2.26214950E-03       *                    1_GWF-(5,67,56)
 ----------------------------------------------------------------------------------------------------------


 5 CALLS TO NUMERICAL SOLUTION IN TIME STEP 1 STRESS PERIOD 331
 49 TOTAL ITERATIONS

 SLN_2 OUTER ITERATION SUMMARY
 ----------------------------------------------------------------------------------------------------------
                                OUTER      INNER                    STEP   MAXIMUM CHANGE MODEL-(CELLID) OR
 OUTER ITERATION STEP       ITERATION  ITERATION  MAXIMUM CHANGE SUCCESS             MODEL-PACKAGE-(NUMBER)
 ----------------------------------------------------------------------------------------------------------
 Model                              1          2     -0.59147279                            2_GWT-(13,38,1)
 Model                              2          1 -4.97379915E-14       *                    2_GWT-(14,38,1)
 ----------------------------------------------------------------------------------------------------------


 2 CALLS TO NUMERICAL SOLUTION IN TIME STEP 1 STRESS PERIOD 331
 3 TOTAL ITERATIONS
 
    Solving:  Stress period:   332    Time step:     1
 
1
 STRESS PERIOD NO. 332, LENGTH =   1.000000    
 ------------------------------------------
 NUMBER OF TIME STEPS = 1
 MULTIPLIER FOR DELT =     1.000

 OPENED ./external/chd_332.dat
 FILE TYPE:OPEN/CLOSE   UNIT 1947   STATUS:OLD                 
 FORMAT:FORMATTED              ACCESS:SEQUENTIAL          
 ACTION:READ                

 INITIAL TIME STEP SIZE =   1.000000    

 SLN_1 OUTER ITERATION SUMMARY
 ----------------------------------------------------------------------------------------------------------
                                OUTER      INNER                    STEP   MAXIMUM CHANGE MODEL-(CELLID) OR
 OUTER ITERATION STEP       ITERATION  ITERATION  MAXIMUM CHANGE SUCCESS             MODEL-PACKAGE-(NUMBER)
 ----------------------------------------------------------------------------------------------------------
 Model                              1         20      -3.4232313                            1_GWF-(1,76,77)
 Model                              2         13      -1.7390101                            1_GWF-(1,93,77)
 Model                              3         10      0.40524509                            1_GWF-(1,93,77)
 Model                              4          6  4.15595292E-02                            1_GWF-(1,93,77)
 Model                              5          4  4.14324167E-03       *                    1_GWF-(1,93,77)
 ----------------------------------------------------------------------------------------------------------


 5 CALLS TO NUMERICAL SOLUTION IN TIME STEP 1 STRESS PERIOD 332
 53 TOTAL ITERATIONS

 SLN_2 OUTER ITERATION SUMMARY
 ----------------------------------------------------------------------------------------------------------
                                OUTER      INNER                    STEP   MAXIMUM CHANGE MODEL-(CELLID) OR
 OUTER ITERATION STEP       ITERATION  ITERATION  MAXIMUM CHANGE SUCCESS             MODEL-PACKAGE-(NUMBER)
 ----------------------------------------------------------------------------------------------------------
 Model                              1          2      0.95579222                            2_GWT-(1,45,64)
 Model                              2          1  2.81996648E-14       *                    2_GWT-(1,45,64)
 ----------------------------------------------------------------------------------------------------------


 2 CALLS TO NUMERICAL SOLUTION IN TIME STEP 1 STRESS PERIOD 332
 3 TOTAL ITERATIONS
 
    Solving:  Stress period:   333    Time step:     1
 
1
 STRESS PERIOD NO. 333, LENGTH =   1.000000    
 ------------------------------------------
 NUMBER OF TIME STEPS = 1
 MULTIPLIER FOR DELT =     1.000

 OPENED ./external/chd_333.dat
 FILE TYPE:OPEN/CLOSE   UNIT 1949   STATUS:OLD                 
 FORMAT:FORMATTED              ACCESS:SEQUENTIAL          
 ACTION:READ                

 INITIAL TIME STEP SIZE =   1.000000    

 SLN_1 OUTER ITERATION SUMMARY
 ----------------------------------------------------------------------------------------------------------
                                OUTER      INNER                    STEP   MAXIMUM CHANGE MODEL-(CELLID) OR
 OUTER ITERATION STEP       ITERATION  ITERATION  MAXIMUM CHANGE SUCCESS             MODEL-PACKAGE-(NUMBER)
 ----------------------------------------------------------------------------------------------------------
 Model                              1         19     -0.62899904                            1_GWF-(2,71,73)
 Model                              2          8     -0.50528496                            1_GWF-(2,77,79)
 Model                              3          5  9.99904494E-03       *                    1_GWF-(1,77,79)
 ----------------------------------------------------------------------------------------------------------


 3 CALLS TO NUMERICAL SOLUTION IN TIME STEP 1 STRESS PERIOD 333
 32 TOTAL ITERATIONS

 SLN_2 OUTER ITERATION SUMMARY
 ----------------------------------------------------------------------------------------------------------
                                OUTER      INNER                    STEP   MAXIMUM CHANGE MODEL-(CELLID) OR
 OUTER ITERATION STEP       ITERATION  ITERATION  MAXIMUM CHANGE SUCCESS             MODEL-PACKAGE-(NUMBER)
 ----------------------------------------------------------------------------------------------------------
 Model                              1          2      0.67265671                            2_GWT-(14,38,1)
 Model                              2          1  4.41868764E-14       *                    2_GWT-(1,43,64)
 ----------------------------------------------------------------------------------------------------------


 2 CALLS TO NUMERICAL SOLUTION IN TIME STEP 1 STRESS PERIOD 333
 3 TOTAL ITERATIONS
 
    Solving:  Stress period:   334    Time step:     1
 
1
 STRESS PERIOD NO. 334, LENGTH =   1.000000    
 ------------------------------------------
 NUMBER OF TIME STEPS = 1
 MULTIPLIER FOR DELT =     1.000

 OPENED ./external/chd_334.dat
 FILE TYPE:OPEN/CLOSE   UNIT 1951   STATUS:OLD                 
 FORMAT:FORMATTED              ACCESS:SEQUENTIAL          
 ACTION:READ                

 INITIAL TIME STEP SIZE =   1.000000    

 SLN_1 OUTER ITERATION SUMMARY
 ----------------------------------------------------------------------------------------------------------
                                OUTER      INNER                    STEP   MAXIMUM CHANGE MODEL-(CELLID) OR
 OUTER ITERATION STEP       ITERATION  ITERATION  MAXIMUM CHANGE SUCCESS             MODEL-PACKAGE-(NUMBER)
 ----------------------------------------------------------------------------------------------------------
 Model                              1         19     -0.24062977                            1_GWF-(1,63,74)
 Model                              2          7     -0.17301882                            1_GWF-(1,66,72)
 Model                              3          4  4.08079918E-03       *                    1_GWF-(1,73,77)
 ----------------------------------------------------------------------------------------------------------


 3 CALLS TO NUMERICAL SOLUTION IN TIME STEP 1 STRESS PERIOD 334
 30 TOTAL ITERATIONS

 SLN_2 OUTER ITERATION SUMMARY
 ----------------------------------------------------------------------------------------------------------
                                OUTER      INNER                    STEP   MAXIMUM CHANGE MODEL-(CELLID) OR
 OUTER ITERATION STEP       ITERATION  ITERATION  MAXIMUM CHANGE SUCCESS             MODEL-PACKAGE-(NUMBER)
 ----------------------------------------------------------------------------------------------------------
 Model                              1          2      0.69762815                            2_GWT-(14,38,1)
 Model                              2          1  2.84217094E-14       *                   2_GWT-(15,36,63)
 ----------------------------------------------------------------------------------------------------------


 2 CALLS TO NUMERICAL SOLUTION IN TIME STEP 1 STRESS PERIOD 334
 3 TOTAL ITERATIONS
 
    Solving:  Stress period:   335    Time step:     1
 
1
 STRESS PERIOD NO. 335, LENGTH =   1.000000    
 ------------------------------------------
 NUMBER OF TIME STEPS = 1
 MULTIPLIER FOR DELT =     1.000

 OPENED ./external/chd_335.dat
 FILE TYPE:OPEN/CLOSE   UNIT 1953   STATUS:OLD                 
 FORMAT:FORMATTED              ACCESS:SEQUENTIAL          
 ACTION:READ                

 INITIAL TIME STEP SIZE =   1.000000    

 SLN_1 OUTER ITERATION SUMMARY
 ----------------------------------------------------------------------------------------------------------
                                OUTER      INNER                    STEP   MAXIMUM CHANGE MODEL-(CELLID) OR
 OUTER ITERATION STEP       ITERATION  ITERATION  MAXIMUM CHANGE SUCCESS             MODEL-PACKAGE-(NUMBER)
 ----------------------------------------------------------------------------------------------------------
 Model                              1         19     -0.29934619                            1_GWF-(3,71,74)
 Model                              2          6     -0.11039061                           1_GWF-(1,109,26)
 Model                              3          4  2.18753712E-03       *                    1_GWF-(5,60,51)
 ----------------------------------------------------------------------------------------------------------


 3 CALLS TO NUMERICAL SOLUTION IN TIME STEP 1 STRESS PERIOD 335
 29 TOTAL ITERATIONS

 SLN_2 OUTER ITERATION SUMMARY
 ----------------------------------------------------------------------------------------------------------
                                OUTER      INNER                    STEP   MAXIMUM CHANGE MODEL-(CELLID) OR
 OUTER ITERATION STEP       ITERATION  ITERATION  MAXIMUM CHANGE SUCCESS             MODEL-PACKAGE-(NUMBER)
 ----------------------------------------------------------------------------------------------------------
 Model                              1          2      0.55830091                            2_GWT-(14,38,1)
 Model                              2          1 -2.13162821E-14       *                    2_GWT-(6,10,28)
 ----------------------------------------------------------------------------------------------------------


 2 CALLS TO NUMERICAL SOLUTION IN TIME STEP 1 STRESS PERIOD 335
 3 TOTAL ITERATIONS
 
    Solving:  Stress period:   336    Time step:     1
 
1
 STRESS PERIOD NO. 336, LENGTH =   1.000000    
 ------------------------------------------
 NUMBER OF TIME STEPS = 1
 MULTIPLIER FOR DELT =     1.000
 #k i j q boundname

 OPENED ./external/chd_336.dat
 FILE TYPE:OPEN/CLOSE   UNIT 1955   STATUS:OLD                 
 FORMAT:FORMATTED              ACCESS:SEQUENTIAL          
 ACTION:READ                

 INITIAL TIME STEP SIZE =   1.000000    

 SLN_1 OUTER ITERATION SUMMARY
 ----------------------------------------------------------------------------------------------------------
                                OUTER      INNER                    STEP   MAXIMUM CHANGE MODEL-(CELLID) OR
 OUTER ITERATION STEP       ITERATION  ITERATION  MAXIMUM CHANGE SUCCESS             MODEL-PACKAGE-(NUMBER)
 ----------------------------------------------------------------------------------------------------------
 Model                              1         19      0.80719064                           1_GWF-(1,102,42)
 Model                              2          8     -0.22026444                           1_GWF-(1,109,41)
 Model                              3          4 -2.28879181E-02                           1_GWF-(1,109,41)
 Model                              4          4 -2.29301024E-03       *                   1_GWF-(1,109,41)
 ----------------------------------------------------------------------------------------------------------


 4 CALLS TO NUMERICAL SOLUTION IN TIME STEP 1 STRESS PERIOD 336
 35 TOTAL ITERATIONS

 SLN_2 OUTER ITERATION SUMMARY
 ----------------------------------------------------------------------------------------------------------
                                OUTER      INNER                    STEP   MAXIMUM CHANGE MODEL-(CELLID) OR
 OUTER ITERATION STEP       ITERATION  ITERATION  MAXIMUM CHANGE SUCCESS             MODEL-PACKAGE-(NUMBER)
 ----------------------------------------------------------------------------------------------------------
 Model                              1          2     -0.95592398                            2_GWT-(1,45,64)
 Model                              2          1 -3.21443927E-14       *                    2_GWT-(1,45,64)
 ----------------------------------------------------------------------------------------------------------


 2 CALLS TO NUMERICAL SOLUTION IN TIME STEP 1 STRESS PERIOD 336
 3 TOTAL ITERATIONS
 
    Solving:  Stress period:   337    Time step:     1
 
1
 STRESS PERIOD NO. 337, LENGTH =   1.000000    
 ------------------------------------------
 NUMBER OF TIME STEPS = 1
 MULTIPLIER FOR DELT =     1.000

 OPENED ./external/chd_337.dat
 FILE TYPE:OPEN/CLOSE   UNIT 1957   STATUS:OLD                 
 FORMAT:FORMATTED              ACCESS:SEQUENTIAL          
 ACTION:READ                

 INITIAL TIME STEP SIZE =   1.000000    

 SLN_1 OUTER ITERATION SUMMARY
 ----------------------------------------------------------------------------------------------------------
                                OUTER      INNER                    STEP   MAXIMUM CHANGE MODEL-(CELLID) OR
 OUTER ITERATION STEP       ITERATION  ITERATION  MAXIMUM CHANGE SUCCESS             MODEL-PACKAGE-(NUMBER)
 ----------------------------------------------------------------------------------------------------------
 Model                              1         23       1.0078364                            1_GWF-(1,66,73)
 Model                              2          9     -0.43477794                            1_GWF-(1,67,73)
 Model                              3          6 -4.57468459E-02                            1_GWF-(1,67,73)
 Model                              4          4 -4.59636036E-03       *                    1_GWF-(1,67,73)
 ----------------------------------------------------------------------------------------------------------


 4 CALLS TO NUMERICAL SOLUTION IN TIME STEP 1 STRESS PERIOD 337
 42 TOTAL ITERATIONS

 SLN_2 OUTER ITERATION SUMMARY
 ----------------------------------------------------------------------------------------------------------
                                OUTER      INNER                    STEP   MAXIMUM CHANGE MODEL-(CELLID) OR
 OUTER ITERATION STEP       ITERATION  ITERATION  MAXIMUM CHANGE SUCCESS             MODEL-PACKAGE-(NUMBER)
 ----------------------------------------------------------------------------------------------------------
 Model                              1          2      0.38159792                            2_GWT-(14,38,1)
 Model                              2          1 -2.13162821E-14       *                     2_GWT-(2,4,26)
 ----------------------------------------------------------------------------------------------------------


 2 CALLS TO NUMERICAL SOLUTION IN TIME STEP 1 STRESS PERIOD 337
 3 TOTAL ITERATIONS
 
    Solving:  Stress period:   338    Time step:     1
 
1
 STRESS PERIOD NO. 338, LENGTH =   1.000000    
 ------------------------------------------
 NUMBER OF TIME STEPS = 1
 MULTIPLIER FOR DELT =     1.000

 OPENED ./external/chd_338.dat
 FILE TYPE:OPEN/CLOSE   UNIT 1959   STATUS:OLD                 
 FORMAT:FORMATTED              ACCESS:SEQUENTIAL          
 ACTION:READ                

 INITIAL TIME STEP SIZE =   1.000000    

 SLN_1 OUTER ITERATION SUMMARY
 ----------------------------------------------------------------------------------------------------------
                                OUTER      INNER                    STEP   MAXIMUM CHANGE MODEL-(CELLID) OR
 OUTER ITERATION STEP       ITERATION  ITERATION  MAXIMUM CHANGE SUCCESS             MODEL-PACKAGE-(NUMBER)
 ----------------------------------------------------------------------------------------------------------
 Model                              1         17      -1.5366048                            1_GWF-(1,76,77)
 Model                              2          9     -0.44359455                            1_GWF-(3,77,79)
 Model                              3          7  1.49772640E-02                            1_GWF-(1,44,18)
 Model                              4          4  1.49868368E-03       *                    1_GWF-(1,44,18)
 ----------------------------------------------------------------------------------------------------------


 4 CALLS TO NUMERICAL SOLUTION IN TIME STEP 1 STRESS PERIOD 338
 37 TOTAL ITERATIONS

 SLN_2 OUTER ITERATION SUMMARY
 ----------------------------------------------------------------------------------------------------------
                                OUTER      INNER                    STEP   MAXIMUM CHANGE MODEL-(CELLID) OR
 OUTER ITERATION STEP       ITERATION  ITERATION  MAXIMUM CHANGE SUCCESS             MODEL-PACKAGE-(NUMBER)
 ----------------------------------------------------------------------------------------------------------
 Model                              1          2      0.94941616                            2_GWT-(1,45,64)
 Model                              2          1  3.36397576E-14       *                    2_GWT-(1,45,64)
 ----------------------------------------------------------------------------------------------------------


 2 CALLS TO NUMERICAL SOLUTION IN TIME STEP 1 STRESS PERIOD 338
 3 TOTAL ITERATIONS
 
    Solving:  Stress period:   339    Time step:     1
 
1
 STRESS PERIOD NO. 339, LENGTH =   1.000000    
 ------------------------------------------
 NUMBER OF TIME STEPS = 1
 MULTIPLIER FOR DELT =     1.000

 OPENED ./external/chd_339.dat
 FILE TYPE:OPEN/CLOSE   UNIT 1961   STATUS:OLD                 
 FORMAT:FORMATTED              ACCESS:SEQUENTIAL          
 ACTION:READ                

 INITIAL TIME STEP SIZE =   1.000000    

 SLN_1 OUTER ITERATION SUMMARY
 ----------------------------------------------------------------------------------------------------------
                                OUTER      INNER                    STEP   MAXIMUM CHANGE MODEL-(CELLID) OR
 OUTER ITERATION STEP       ITERATION  ITERATION  MAXIMUM CHANGE SUCCESS             MODEL-PACKAGE-(NUMBER)
 ----------------------------------------------------------------------------------------------------------
 Model                              1         19     -0.27673643                            1_GWF-(3,66,72)
 Model                              2          7     -0.29262592                            1_GWF-(1,73,77)
 Model                              3          5  2.80642792E-02                            1_GWF-(1,73,77)
 Model                              4          4  2.81241716E-03       *                    1_GWF-(1,73,77)
 ----------------------------------------------------------------------------------------------------------


 4 CALLS TO NUMERICAL SOLUTION IN TIME STEP 1 STRESS PERIOD 339
 35 TOTAL ITERATIONS

 SLN_2 OUTER ITERATION SUMMARY
 ----------------------------------------------------------------------------------------------------------
                                OUTER      INNER                    STEP   MAXIMUM CHANGE MODEL-(CELLID) OR
 OUTER ITERATION STEP       ITERATION  ITERATION  MAXIMUM CHANGE SUCCESS             MODEL-PACKAGE-(NUMBER)
 ----------------------------------------------------------------------------------------------------------
 Model                              1          2      0.28615948                            2_GWT-(14,38,1)
 Model                              2          1 -2.13162821E-14       *                    2_GWT-(4,29,47)
 ----------------------------------------------------------------------------------------------------------


 2 CALLS TO NUMERICAL SOLUTION IN TIME STEP 1 STRESS PERIOD 339
 3 TOTAL ITERATIONS
 
    Solving:  Stress period:   340    Time step:     1
 
1
 STRESS PERIOD NO. 340, LENGTH =   1.000000    
 ------------------------------------------
 NUMBER OF TIME STEPS = 1
 MULTIPLIER FOR DELT =     1.000

 OPENED ./external/chd_340.dat
 FILE TYPE:OPEN/CLOSE   UNIT 1963   STATUS:OLD                 
 FORMAT:FORMATTED              ACCESS:SEQUENTIAL          
 ACTION:READ                

 INITIAL TIME STEP SIZE =   1.000000    

 SLN_1 OUTER ITERATION SUMMARY
 ----------------------------------------------------------------------------------------------------------
                                OUTER      INNER                    STEP   MAXIMUM CHANGE MODEL-(CELLID) OR
 OUTER ITERATION STEP       ITERATION  ITERATION  MAXIMUM CHANGE SUCCESS             MODEL-PACKAGE-(NUMBER)
 ----------------------------------------------------------------------------------------------------------
 Model                              1         17     -0.22435200                            1_GWF-(2,67,73)
 Model                              2          6 -6.18544065E-02                            1_GWF-(1,51,46)
 Model                              3          4 -3.81718825E-03       *                    1_GWF-(1,38,29)
 ----------------------------------------------------------------------------------------------------------


 3 CALLS TO NUMERICAL SOLUTION IN TIME STEP 1 STRESS PERIOD 340
 27 TOTAL ITERATIONS

 SLN_2 OUTER ITERATION SUMMARY
 ----------------------------------------------------------------------------------------------------------
                                OUTER      INNER                    STEP   MAXIMUM CHANGE MODEL-(CELLID) OR
 OUTER ITERATION STEP       ITERATION  ITERATION  MAXIMUM CHANGE SUCCESS             MODEL-PACKAGE-(NUMBER)
 ----------------------------------------------------------------------------------------------------------
 Model                              1          2      0.26729022                            2_GWT-(14,38,1)
 Model                              2          1 -2.13162821E-14       *                    2_GWT-(6,13,18)
 ----------------------------------------------------------------------------------------------------------


 2 CALLS TO NUMERICAL SOLUTION IN TIME STEP 1 STRESS PERIOD 340
 3 TOTAL ITERATIONS
 
    Solving:  Stress period:   341    Time step:     1
 
1
 STRESS PERIOD NO. 341, LENGTH =   1.000000    
 ------------------------------------------
 NUMBER OF TIME STEPS = 1
 MULTIPLIER FOR DELT =     1.000

 OPENED ./external/chd_341.dat
 FILE TYPE:OPEN/CLOSE   UNIT 1965   STATUS:OLD                 
 FORMAT:FORMATTED              ACCESS:SEQUENTIAL          
 ACTION:READ                

 INITIAL TIME STEP SIZE =   1.000000    

 SLN_1 OUTER ITERATION SUMMARY
 ----------------------------------------------------------------------------------------------------------
                                OUTER      INNER                    STEP   MAXIMUM CHANGE MODEL-(CELLID) OR
 OUTER ITERATION STEP       ITERATION  ITERATION  MAXIMUM CHANGE SUCCESS             MODEL-PACKAGE-(NUMBER)
 ----------------------------------------------------------------------------------------------------------
 Model                              1         19     -0.16972406                            1_GWF-(1,67,74)
 Model                              2          6 -5.62738133E-02                            1_GWF-(1,38,29)
 Model                              3          4  1.29567824E-03       *                    1_GWF-(3,59,34)
 ----------------------------------------------------------------------------------------------------------


 3 CALLS TO NUMERICAL SOLUTION IN TIME STEP 1 STRESS PERIOD 341
 29 TOTAL ITERATIONS

 SLN_2 OUTER ITERATION SUMMARY
 ----------------------------------------------------------------------------------------------------------
                                OUTER      INNER                    STEP   MAXIMUM CHANGE MODEL-(CELLID) OR
 OUTER ITERATION STEP       ITERATION  ITERATION  MAXIMUM CHANGE SUCCESS             MODEL-PACKAGE-(NUMBER)
 ----------------------------------------------------------------------------------------------------------
 Model                              1          2     -0.26340909                            2_GWT-(11,31,3)
 Model                              2          1  7.10542736E-14       *                    2_GWT-(13,38,1)
 ----------------------------------------------------------------------------------------------------------


 2 CALLS TO NUMERICAL SOLUTION IN TIME STEP 1 STRESS PERIOD 341
 3 TOTAL ITERATIONS
 
    Solving:  Stress period:   342    Time step:     1
 
1
 STRESS PERIOD NO. 342, LENGTH =   1.000000    
 ------------------------------------------
 NUMBER OF TIME STEPS = 1
 MULTIPLIER FOR DELT =     1.000

 OPENED ./external/chd_342.dat
 FILE TYPE:OPEN/CLOSE   UNIT 1967   STATUS:OLD                 
 FORMAT:FORMATTED              ACCESS:SEQUENTIAL          
 ACTION:READ                

 INITIAL TIME STEP SIZE =   1.000000    

 SLN_1 OUTER ITERATION SUMMARY
 ----------------------------------------------------------------------------------------------------------
                                OUTER      INNER                    STEP   MAXIMUM CHANGE MODEL-(CELLID) OR
 OUTER ITERATION STEP       ITERATION  ITERATION  MAXIMUM CHANGE SUCCESS             MODEL-PACKAGE-(NUMBER)
 ----------------------------------------------------------------------------------------------------------
 Model                              1         16     -0.11779268                            1_GWF-(1,32,21)
 Model                              2          6     -0.12848565                            1_GWF-(2,72,75)
 Model                              3          5  2.34175531E-03       *                    1_GWF-(1,51,14)
 ----------------------------------------------------------------------------------------------------------


 3 CALLS TO NUMERICAL SOLUTION IN TIME STEP 1 STRESS PERIOD 342
 27 TOTAL ITERATIONS

 SLN_2 OUTER ITERATION SUMMARY
 ----------------------------------------------------------------------------------------------------------
                                OUTER      INNER                    STEP   MAXIMUM CHANGE MODEL-(CELLID) OR
 OUTER ITERATION STEP       ITERATION  ITERATION  MAXIMUM CHANGE SUCCESS             MODEL-PACKAGE-(NUMBER)
 ----------------------------------------------------------------------------------------------------------
 Model                              1          2     -0.32262670                            2_GWT-(11,31,3)
 Model                              2          1  5.15143483E-14       *                    2_GWT-(13,38,1)
 ----------------------------------------------------------------------------------------------------------


 2 CALLS TO NUMERICAL SOLUTION IN TIME STEP 1 STRESS PERIOD 342
 3 TOTAL ITERATIONS
 
    Solving:  Stress period:   343    Time step:     1
 
1
 STRESS PERIOD NO. 343, LENGTH =   1.000000    
 ------------------------------------------
 NUMBER OF TIME STEPS = 1
 MULTIPLIER FOR DELT =     1.000

 OPENED ./external/chd_343.dat
 FILE TYPE:OPEN/CLOSE   UNIT 1969   STATUS:OLD                 
 FORMAT:FORMATTED              ACCESS:SEQUENTIAL          
 ACTION:READ                

 INITIAL TIME STEP SIZE =   1.000000    

 SLN_1 OUTER ITERATION SUMMARY
 ----------------------------------------------------------------------------------------------------------
                                OUTER      INNER                    STEP   MAXIMUM CHANGE MODEL-(CELLID) OR
 OUTER ITERATION STEP       ITERATION  ITERATION  MAXIMUM CHANGE SUCCESS             MODEL-PACKAGE-(NUMBER)
 ----------------------------------------------------------------------------------------------------------
 Model                              1         19     -0.11665222                            1_GWF-(3,72,75)
 Model                              2          6 -3.37481685E-02                            1_GWF-(1,90,74)
 Model                              3          4  1.92672396E-03       *                    1_GWF-(1,51,31)
 ----------------------------------------------------------------------------------------------------------


 3 CALLS TO NUMERICAL SOLUTION IN TIME STEP 1 STRESS PERIOD 343
 29 TOTAL ITERATIONS

 SLN_2 OUTER ITERATION SUMMARY
 ----------------------------------------------------------------------------------------------------------
                                OUTER      INNER                    STEP   MAXIMUM CHANGE MODEL-(CELLID) OR
 OUTER ITERATION STEP       ITERATION  ITERATION  MAXIMUM CHANGE SUCCESS             MODEL-PACKAGE-(NUMBER)
 ----------------------------------------------------------------------------------------------------------
 Model                              1          2     -0.35928400                            2_GWT-(11,31,3)
 Model                              2          1  3.55271368E-14       *                    2_GWT-(13,38,1)
 ----------------------------------------------------------------------------------------------------------


 2 CALLS TO NUMERICAL SOLUTION IN TIME STEP 1 STRESS PERIOD 343
 3 TOTAL ITERATIONS
 
    Solving:  Stress period:   344    Time step:     1
 
1
 STRESS PERIOD NO. 344, LENGTH =   1.000000    
 ------------------------------------------
 NUMBER OF TIME STEPS = 1
 MULTIPLIER FOR DELT =     1.000

 OPENED ./external/chd_344.dat
 FILE TYPE:OPEN/CLOSE   UNIT 1971   STATUS:OLD                 
 FORMAT:FORMATTED              ACCESS:SEQUENTIAL          
 ACTION:READ                

 INITIAL TIME STEP SIZE =   1.000000    

 SLN_1 OUTER ITERATION SUMMARY
 ----------------------------------------------------------------------------------------------------------
                                OUTER      INNER                    STEP   MAXIMUM CHANGE MODEL-(CELLID) OR
 OUTER ITERATION STEP       ITERATION  ITERATION  MAXIMUM CHANGE SUCCESS             MODEL-PACKAGE-(NUMBER)
 ----------------------------------------------------------------------------------------------------------
 Model                              1         18     -0.19633168                            1_GWF-(1,71,72)
 Model                              2          6 -2.21435014E-02                            1_GWF-(1,74,58)
 Model                              3          4  2.05718657E-03       *                    1_GWF-(2,49,31)
 ----------------------------------------------------------------------------------------------------------


 3 CALLS TO NUMERICAL SOLUTION IN TIME STEP 1 STRESS PERIOD 344
 28 TOTAL ITERATIONS

 SLN_2 OUTER ITERATION SUMMARY
 ----------------------------------------------------------------------------------------------------------
                                OUTER      INNER                    STEP   MAXIMUM CHANGE MODEL-(CELLID) OR
 OUTER ITERATION STEP       ITERATION  ITERATION  MAXIMUM CHANGE SUCCESS             MODEL-PACKAGE-(NUMBER)
 ----------------------------------------------------------------------------------------------------------
 Model                              1          2     -0.38770568                            2_GWT-(11,31,3)
 Model                              2          1 -2.13162821E-14       *                     2_GWT-(1,8,32)
 ----------------------------------------------------------------------------------------------------------


 2 CALLS TO NUMERICAL SOLUTION IN TIME STEP 1 STRESS PERIOD 344
 3 TOTAL ITERATIONS
 
    Solving:  Stress period:   345    Time step:     1
 
1
 STRESS PERIOD NO. 345, LENGTH =   1.000000    
 ------------------------------------------
 NUMBER OF TIME STEPS = 1
 MULTIPLIER FOR DELT =     1.000

 OPENED ./external/chd_345.dat
 FILE TYPE:OPEN/CLOSE   UNIT 1973   STATUS:OLD                 
 FORMAT:FORMATTED              ACCESS:SEQUENTIAL          
 ACTION:READ                

 INITIAL TIME STEP SIZE =   1.000000    

 SLN_1 OUTER ITERATION SUMMARY
 ----------------------------------------------------------------------------------------------------------
                                OUTER      INNER                    STEP   MAXIMUM CHANGE MODEL-(CELLID) OR
 OUTER ITERATION STEP       ITERATION  ITERATION  MAXIMUM CHANGE SUCCESS             MODEL-PACKAGE-(NUMBER)
 ----------------------------------------------------------------------------------------------------------
 Model                              1         15 -6.90000621E-02                             1_GWF-(1,31,3)
 Model                              2          5 -3.57134400E-02                            1_GWF-(1,84,43)
 Model                              3          3  1.09928102E-03       *                    1_GWF-(4,81,76)
 ----------------------------------------------------------------------------------------------------------


 3 CALLS TO NUMERICAL SOLUTION IN TIME STEP 1 STRESS PERIOD 345
 23 TOTAL ITERATIONS

 SLN_2 OUTER ITERATION SUMMARY
 ----------------------------------------------------------------------------------------------------------
                                OUTER      INNER                    STEP   MAXIMUM CHANGE MODEL-(CELLID) OR
 OUTER ITERATION STEP       ITERATION  ITERATION  MAXIMUM CHANGE SUCCESS             MODEL-PACKAGE-(NUMBER)
 ----------------------------------------------------------------------------------------------------------
 Model                              1          2     -0.41286076                            2_GWT-(11,31,3)
 Model                              2          1 -2.13162821E-14       *                     2_GWT-(5,8,26)
 ----------------------------------------------------------------------------------------------------------


 2 CALLS TO NUMERICAL SOLUTION IN TIME STEP 1 STRESS PERIOD 345
 3 TOTAL ITERATIONS
 
    Solving:  Stress period:   346    Time step:     1
 
1
 STRESS PERIOD NO. 346, LENGTH =   1.000000    
 ------------------------------------------
 NUMBER OF TIME STEPS = 1
 MULTIPLIER FOR DELT =     1.000

 OPENED ./external/chd_346.dat
 FILE TYPE:OPEN/CLOSE   UNIT 1975   STATUS:OLD                 
 FORMAT:FORMATTED              ACCESS:SEQUENTIAL          
 ACTION:READ                

 INITIAL TIME STEP SIZE =   1.000000    

 SLN_1 OUTER ITERATION SUMMARY
 ----------------------------------------------------------------------------------------------------------
                                OUTER      INNER                    STEP   MAXIMUM CHANGE MODEL-(CELLID) OR
 OUTER ITERATION STEP       ITERATION  ITERATION  MAXIMUM CHANGE SUCCESS             MODEL-PACKAGE-(NUMBER)
 ----------------------------------------------------------------------------------------------------------
 Model                              1         18     -0.10688950                             1_GWF-(1,41,3)
 Model                              2          6 -8.79454720E-02                            1_GWF-(1,41,65)
 Model                              3          4  1.22932927E-03       *                    1_GWF-(4,74,78)
 ----------------------------------------------------------------------------------------------------------


 3 CALLS TO NUMERICAL SOLUTION IN TIME STEP 1 STRESS PERIOD 346
 28 TOTAL ITERATIONS

 SLN_2 OUTER ITERATION SUMMARY
 ----------------------------------------------------------------------------------------------------------
                                OUTER      INNER                    STEP   MAXIMUM CHANGE MODEL-(CELLID) OR
 OUTER ITERATION STEP       ITERATION  ITERATION  MAXIMUM CHANGE SUCCESS             MODEL-PACKAGE-(NUMBER)
 ----------------------------------------------------------------------------------------------------------
 Model                              1          2      0.34544337                            2_GWT-(12,31,3)
 Model                              2          1 -2.13162821E-14       *                    2_GWT-(3,10,20)
 ----------------------------------------------------------------------------------------------------------


 2 CALLS TO NUMERICAL SOLUTION IN TIME STEP 1 STRESS PERIOD 346
 3 TOTAL ITERATIONS
 
    Solving:  Stress period:   347    Time step:     1
 
1
 STRESS PERIOD NO. 347, LENGTH =   1.000000    
 ------------------------------------------
 NUMBER OF TIME STEPS = 1
 MULTIPLIER FOR DELT =     1.000

 OPENED ./external/chd_347.dat
 FILE TYPE:OPEN/CLOSE   UNIT 1977   STATUS:OLD                 
 FORMAT:FORMATTED              ACCESS:SEQUENTIAL          
 ACTION:READ                

 INITIAL TIME STEP SIZE =   1.000000    

 SLN_1 OUTER ITERATION SUMMARY
 ----------------------------------------------------------------------------------------------------------
                                OUTER      INNER                    STEP   MAXIMUM CHANGE MODEL-(CELLID) OR
 OUTER ITERATION STEP       ITERATION  ITERATION  MAXIMUM CHANGE SUCCESS             MODEL-PACKAGE-(NUMBER)
 ----------------------------------------------------------------------------------------------------------
 Model                              1         16 -8.99934929E-02                            1_GWF-(1,40,26)
 Model                              2          7 -3.07245528E-02                            1_GWF-(4,81,40)
 Model                              3          3  2.79648913E-04       *                    1_GWF-(4,72,31)
 ----------------------------------------------------------------------------------------------------------


 3 CALLS TO NUMERICAL SOLUTION IN TIME STEP 1 STRESS PERIOD 347
 26 TOTAL ITERATIONS

 SLN_2 OUTER ITERATION SUMMARY
 ----------------------------------------------------------------------------------------------------------
                                OUTER      INNER                    STEP   MAXIMUM CHANGE MODEL-(CELLID) OR
 OUTER ITERATION STEP       ITERATION  ITERATION  MAXIMUM CHANGE SUCCESS             MODEL-PACKAGE-(NUMBER)
 ----------------------------------------------------------------------------------------------------------
 Model                              1          2      0.28302544                            2_GWT-(12,31,3)
 Model                              2          1  2.13162821E-14       *                     2_GWT-(4,9,29)
 ----------------------------------------------------------------------------------------------------------


 2 CALLS TO NUMERICAL SOLUTION IN TIME STEP 1 STRESS PERIOD 347
 3 TOTAL ITERATIONS
 
    Solving:  Stress period:   348    Time step:     1
 
1
 STRESS PERIOD NO. 348, LENGTH =   1.000000    
 ------------------------------------------
 NUMBER OF TIME STEPS = 1
 MULTIPLIER FOR DELT =     1.000

 OPENED ./external/chd_348.dat
 FILE TYPE:OPEN/CLOSE   UNIT 1979   STATUS:OLD                 
 FORMAT:FORMATTED              ACCESS:SEQUENTIAL          
 ACTION:READ                

 INITIAL TIME STEP SIZE =   1.000000    

 SLN_1 OUTER ITERATION SUMMARY
 ----------------------------------------------------------------------------------------------------------
                                OUTER      INNER                    STEP   MAXIMUM CHANGE MODEL-(CELLID) OR
 OUTER ITERATION STEP       ITERATION  ITERATION  MAXIMUM CHANGE SUCCESS             MODEL-PACKAGE-(NUMBER)
 ----------------------------------------------------------------------------------------------------------
 Model                              1         15 -7.31400397E-02                            1_GWF-(1,40,32)
 Model                              2          5 -2.76095567E-02                           1_GWF-(3,100,27)
 Model                              3          3  1.33089030E-03       *                    1_GWF-(2,73,61)
 ----------------------------------------------------------------------------------------------------------


 3 CALLS TO NUMERICAL SOLUTION IN TIME STEP 1 STRESS PERIOD 348
 23 TOTAL ITERATIONS

 SLN_2 OUTER ITERATION SUMMARY
 ----------------------------------------------------------------------------------------------------------
                                OUTER      INNER                    STEP   MAXIMUM CHANGE MODEL-(CELLID) OR
 OUTER ITERATION STEP       ITERATION  ITERATION  MAXIMUM CHANGE SUCCESS             MODEL-PACKAGE-(NUMBER)
 ----------------------------------------------------------------------------------------------------------
 Model                              1          2     -0.26157649                            2_GWT-(11,31,5)
 Model                              2          1  2.13162821E-14       *                    2_GWT-(5,13,47)
 ----------------------------------------------------------------------------------------------------------


 2 CALLS TO NUMERICAL SOLUTION IN TIME STEP 1 STRESS PERIOD 348
 3 TOTAL ITERATIONS
 
    Solving:  Stress period:   349    Time step:     1
 
1
 STRESS PERIOD NO. 349, LENGTH =   1.000000    
 ------------------------------------------
 NUMBER OF TIME STEPS = 1
 MULTIPLIER FOR DELT =     1.000

 OPENED ./external/chd_349.dat
 FILE TYPE:OPEN/CLOSE   UNIT 1981   STATUS:OLD                 
 FORMAT:FORMATTED              ACCESS:SEQUENTIAL          
 ACTION:READ                

 INITIAL TIME STEP SIZE =   1.000000    

 SLN_1 OUTER ITERATION SUMMARY
 ----------------------------------------------------------------------------------------------------------
                                OUTER      INNER                    STEP   MAXIMUM CHANGE MODEL-(CELLID) OR
 OUTER ITERATION STEP       ITERATION  ITERATION  MAXIMUM CHANGE SUCCESS             MODEL-PACKAGE-(NUMBER)
 ----------------------------------------------------------------------------------------------------------
 Model                              1         15 -6.31784503E-02                             1_GWF-(1,35,1)
 Model                              2          6 -3.50602848E-02                             1_GWF-(1,48,6)
 Model                              3          3  1.53950117E-03       *                   1_GWF-(1,109,41)
 ----------------------------------------------------------------------------------------------------------


 3 CALLS TO NUMERICAL SOLUTION IN TIME STEP 1 STRESS PERIOD 349
 24 TOTAL ITERATIONS

 SLN_2 OUTER ITERATION SUMMARY
 ----------------------------------------------------------------------------------------------------------
                                OUTER      INNER                    STEP   MAXIMUM CHANGE MODEL-(CELLID) OR
 OUTER ITERATION STEP       ITERATION  ITERATION  MAXIMUM CHANGE SUCCESS             MODEL-PACKAGE-(NUMBER)
 ----------------------------------------------------------------------------------------------------------
 Model                              1          2     -0.30559708                            2_GWT-(11,31,5)
 Model                              2          1 -2.13162821E-14       *                    2_GWT-(4,17,42)
 ----------------------------------------------------------------------------------------------------------


 2 CALLS TO NUMERICAL SOLUTION IN TIME STEP 1 STRESS PERIOD 349
 3 TOTAL ITERATIONS
 
    Solving:  Stress period:   350    Time step:     1
 
1
 STRESS PERIOD NO. 350, LENGTH =   1.000000    
 ------------------------------------------
 NUMBER OF TIME STEPS = 1
 MULTIPLIER FOR DELT =     1.000

 OPENED ./external/chd_350.dat
 FILE TYPE:OPEN/CLOSE   UNIT 1983   STATUS:OLD                 
 FORMAT:FORMATTED              ACCESS:SEQUENTIAL          
 ACTION:READ                

 INITIAL TIME STEP SIZE =   1.000000    

 SLN_1 OUTER ITERATION SUMMARY
 ----------------------------------------------------------------------------------------------------------
                                OUTER      INNER                    STEP   MAXIMUM CHANGE MODEL-(CELLID) OR
 OUTER ITERATION STEP       ITERATION  ITERATION  MAXIMUM CHANGE SUCCESS             MODEL-PACKAGE-(NUMBER)
 ----------------------------------------------------------------------------------------------------------
 Model                              1         14      0.53391161                            1_GWF-(1,76,77)
 Model                              2          6 -5.45495263E-02                           1_GWF-(1,109,41)
 Model                              3          4 -5.50734172E-03       *                   1_GWF-(1,109,41)
 ----------------------------------------------------------------------------------------------------------


 3 CALLS TO NUMERICAL SOLUTION IN TIME STEP 1 STRESS PERIOD 350
 24 TOTAL ITERATIONS

 SLN_2 OUTER ITERATION SUMMARY
 ----------------------------------------------------------------------------------------------------------
                                OUTER      INNER                    STEP   MAXIMUM CHANGE MODEL-(CELLID) OR
 OUTER ITERATION STEP       ITERATION  ITERATION  MAXIMUM CHANGE SUCCESS             MODEL-PACKAGE-(NUMBER)
 ----------------------------------------------------------------------------------------------------------
 Model                              1          2     -0.95279326                            2_GWT-(1,45,64)
 Model                              2          1  2.13162821E-14       *                     2_GWT-(4,9,31)
 ----------------------------------------------------------------------------------------------------------


 2 CALLS TO NUMERICAL SOLUTION IN TIME STEP 1 STRESS PERIOD 350
 3 TOTAL ITERATIONS
 
    Solving:  Stress period:   351    Time step:     1
 
1
 STRESS PERIOD NO. 351, LENGTH =   1.000000    
 ------------------------------------------
 NUMBER OF TIME STEPS = 1
 MULTIPLIER FOR DELT =     1.000

 OPENED ./external/chd_351.dat
 FILE TYPE:OPEN/CLOSE   UNIT 1985   STATUS:OLD                 
 FORMAT:FORMATTED              ACCESS:SEQUENTIAL          
 ACTION:READ                

 INITIAL TIME STEP SIZE =   1.000000    

 SLN_1 OUTER ITERATION SUMMARY
 ----------------------------------------------------------------------------------------------------------
                                OUTER      INNER                    STEP   MAXIMUM CHANGE MODEL-(CELLID) OR
 OUTER ITERATION STEP       ITERATION  ITERATION  MAXIMUM CHANGE SUCCESS             MODEL-PACKAGE-(NUMBER)
 ----------------------------------------------------------------------------------------------------------
 Model                              1         20       1.7644109                            1_GWF-(1,77,77)
 Model                              2         10     -0.70354298                           1_GWF-(1,109,26)
 Model                              3          6 -6.14808427E-02                           1_GWF-(1,109,26)
 Model                              4          5 -6.16829775E-03       *                   1_GWF-(1,109,26)
 ----------------------------------------------------------------------------------------------------------


 4 CALLS TO NUMERICAL SOLUTION IN TIME STEP 1 STRESS PERIOD 351
 41 TOTAL ITERATIONS

 SLN_2 OUTER ITERATION SUMMARY
 ----------------------------------------------------------------------------------------------------------
                                OUTER      INNER                    STEP   MAXIMUM CHANGE MODEL-(CELLID) OR
 OUTER ITERATION STEP       ITERATION  ITERATION  MAXIMUM CHANGE SUCCESS             MODEL-PACKAGE-(NUMBER)
 ----------------------------------------------------------------------------------------------------------
 Model                              1          2     -0.38429245                            2_GWT-(11,31,5)
 Model                              2          1 -2.13162821E-14       *                     2_GWT-(2,5,25)
 ----------------------------------------------------------------------------------------------------------


 2 CALLS TO NUMERICAL SOLUTION IN TIME STEP 1 STRESS PERIOD 351
 3 TOTAL ITERATIONS
 
    Solving:  Stress period:   352    Time step:     1
 
1
 STRESS PERIOD NO. 352, LENGTH =   1.000000    
 ------------------------------------------
 NUMBER OF TIME STEPS = 1
 MULTIPLIER FOR DELT =     1.000

 OPENED ./external/chd_352.dat
 FILE TYPE:OPEN/CLOSE   UNIT 1987   STATUS:OLD                 
 FORMAT:FORMATTED              ACCESS:SEQUENTIAL          
 ACTION:READ                

 INITIAL TIME STEP SIZE =   1.000000    

 SLN_1 OUTER ITERATION SUMMARY
 ----------------------------------------------------------------------------------------------------------
                                OUTER      INNER                    STEP   MAXIMUM CHANGE MODEL-(CELLID) OR
 OUTER ITERATION STEP       ITERATION  ITERATION  MAXIMUM CHANGE SUCCESS             MODEL-PACKAGE-(NUMBER)
 ----------------------------------------------------------------------------------------------------------
 Model                              1         18      -2.0506390                            1_GWF-(1,76,77)
 Model                              2          8     -0.66212289                            1_GWF-(1,77,79)
 Model                              3          5  2.39861673E-02                           1_GWF-(1,108,45)
 Model                              4          4  2.40335597E-03       *                   1_GWF-(1,108,45)
 ----------------------------------------------------------------------------------------------------------


 4 CALLS TO NUMERICAL SOLUTION IN TIME STEP 1 STRESS PERIOD 352
 35 TOTAL ITERATIONS

 SLN_2 OUTER ITERATION SUMMARY
 ----------------------------------------------------------------------------------------------------------
                                OUTER      INNER                    STEP   MAXIMUM CHANGE MODEL-(CELLID) OR
 OUTER ITERATION STEP       ITERATION  ITERATION  MAXIMUM CHANGE SUCCESS             MODEL-PACKAGE-(NUMBER)
 ----------------------------------------------------------------------------------------------------------
 Model                              1          2      0.94582370                            2_GWT-(1,45,64)
 Model                              2          1  3.84137167E-14       *                    2_GWT-(1,45,64)
 ----------------------------------------------------------------------------------------------------------


 2 CALLS TO NUMERICAL SOLUTION IN TIME STEP 1 STRESS PERIOD 352
 3 TOTAL ITERATIONS
 
    Solving:  Stress period:   353    Time step:     1
 
1
 STRESS PERIOD NO. 353, LENGTH =   1.000000    
 ------------------------------------------
 NUMBER OF TIME STEPS = 1
 MULTIPLIER FOR DELT =     1.000

 OPENED ./external/chd_353.dat
 FILE TYPE:OPEN/CLOSE   UNIT 1989   STATUS:OLD                 
 FORMAT:FORMATTED              ACCESS:SEQUENTIAL          
 ACTION:READ                

 INITIAL TIME STEP SIZE =   1.000000    

 SLN_1 OUTER ITERATION SUMMARY
 ----------------------------------------------------------------------------------------------------------
                                OUTER      INNER                    STEP   MAXIMUM CHANGE MODEL-(CELLID) OR
 OUTER ITERATION STEP       ITERATION  ITERATION  MAXIMUM CHANGE SUCCESS             MODEL-PACKAGE-(NUMBER)
 ----------------------------------------------------------------------------------------------------------
 Model                              1         18     -0.39233159                           1_GWF-(1,103,62)
 Model                              2          6     -0.26131724                            1_GWF-(3,72,75)
 Model                              3          4 -7.58833749E-03       *                    1_GWF-(1,57,11)
 ----------------------------------------------------------------------------------------------------------


 3 CALLS TO NUMERICAL SOLUTION IN TIME STEP 1 STRESS PERIOD 353
 28 TOTAL ITERATIONS

 SLN_2 OUTER ITERATION SUMMARY
 ----------------------------------------------------------------------------------------------------------
                                OUTER      INNER                    STEP   MAXIMUM CHANGE MODEL-(CELLID) OR
 OUTER ITERATION STEP       ITERATION  ITERATION  MAXIMUM CHANGE SUCCESS             MODEL-PACKAGE-(NUMBER)
 ----------------------------------------------------------------------------------------------------------
 Model                              1          2     -0.29980737                           2_GWT-(12,40,70)
 Model                              2          1  2.13162821E-14       *                     2_GWT-(1,3,24)
 ----------------------------------------------------------------------------------------------------------


 2 CALLS TO NUMERICAL SOLUTION IN TIME STEP 1 STRESS PERIOD 353
 3 TOTAL ITERATIONS
 
    Solving:  Stress period:   354    Time step:     1
 
1
 STRESS PERIOD NO. 354, LENGTH =   1.000000    
 ------------------------------------------
 NUMBER OF TIME STEPS = 1
 MULTIPLIER FOR DELT =     1.000

 OPENED ./external/chd_354.dat
 FILE TYPE:OPEN/CLOSE   UNIT 1991   STATUS:OLD                 
 FORMAT:FORMATTED              ACCESS:SEQUENTIAL          
 ACTION:READ                

 INITIAL TIME STEP SIZE =   1.000000    

 SLN_1 OUTER ITERATION SUMMARY
 ----------------------------------------------------------------------------------------------------------
                                OUTER      INNER                    STEP   MAXIMUM CHANGE MODEL-(CELLID) OR
 OUTER ITERATION STEP       ITERATION  ITERATION  MAXIMUM CHANGE SUCCESS             MODEL-PACKAGE-(NUMBER)
 ----------------------------------------------------------------------------------------------------------
 Model                              1         20     -0.17338077                            1_GWF-(1,71,72)
 Model                              2          6 -6.67682906E-02                           1_GWF-(1,106,40)
 Model                              3          3 -2.19431948E-03       *                     1_GWF-(1,48,6)
 ----------------------------------------------------------------------------------------------------------


 3 CALLS TO NUMERICAL SOLUTION IN TIME STEP 1 STRESS PERIOD 354
 29 TOTAL ITERATIONS

 SLN_2 OUTER ITERATION SUMMARY
 ----------------------------------------------------------------------------------------------------------
                                OUTER      INNER                    STEP   MAXIMUM CHANGE MODEL-(CELLID) OR
 OUTER ITERATION STEP       ITERATION  ITERATION  MAXIMUM CHANGE SUCCESS             MODEL-PACKAGE-(NUMBER)
 ----------------------------------------------------------------------------------------------------------
 Model                              1          2     -0.31533044                            2_GWT-(12,34,3)
 Model                              2          1 -2.13162821E-14       *                    2_GWT-(3,14,35)
 ----------------------------------------------------------------------------------------------------------


 2 CALLS TO NUMERICAL SOLUTION IN TIME STEP 1 STRESS PERIOD 354
 3 TOTAL ITERATIONS
 
    Solving:  Stress period:   355    Time step:     1
 
1
 STRESS PERIOD NO. 355, LENGTH =   1.000000    
 ------------------------------------------
 NUMBER OF TIME STEPS = 1
 MULTIPLIER FOR DELT =     1.000

 OPENED ./external/chd_355.dat
 FILE TYPE:OPEN/CLOSE   UNIT 1993   STATUS:OLD                 
 FORMAT:FORMATTED              ACCESS:SEQUENTIAL          
 ACTION:READ                

 INITIAL TIME STEP SIZE =   1.000000    

 SLN_1 OUTER ITERATION SUMMARY
 ----------------------------------------------------------------------------------------------------------
                                OUTER      INNER                    STEP   MAXIMUM CHANGE MODEL-(CELLID) OR
 OUTER ITERATION STEP       ITERATION  ITERATION  MAXIMUM CHANGE SUCCESS             MODEL-PACKAGE-(NUMBER)
 ----------------------------------------------------------------------------------------------------------
 Model                              1         23       1.6810720                            1_GWF-(1,76,77)
 Model                              2          9     -0.36083662                            1_GWF-(3,71,72)
 Model                              3          5 -3.76438631E-02                            1_GWF-(3,71,72)
 Model                              4          5  4.89027263E-03       *                    1_GWF-(4,83,24)
 ----------------------------------------------------------------------------------------------------------


 4 CALLS TO NUMERICAL SOLUTION IN TIME STEP 1 STRESS PERIOD 355
 42 TOTAL ITERATIONS

 SLN_2 OUTER ITERATION SUMMARY
 ----------------------------------------------------------------------------------------------------------
                                OUTER      INNER                    STEP   MAXIMUM CHANGE MODEL-(CELLID) OR
 OUTER ITERATION STEP       ITERATION  ITERATION  MAXIMUM CHANGE SUCCESS             MODEL-PACKAGE-(NUMBER)
 ----------------------------------------------------------------------------------------------------------
 Model                              1          2     -0.94653983                            2_GWT-(1,45,64)
 Model                              2          1 -5.28702807E-14       *                    2_GWT-(1,45,64)
 ----------------------------------------------------------------------------------------------------------


 2 CALLS TO NUMERICAL SOLUTION IN TIME STEP 1 STRESS PERIOD 355
 3 TOTAL ITERATIONS
 
    Solving:  Stress period:   356    Time step:     1
 
1
 STRESS PERIOD NO. 356, LENGTH =   1.000000    
 ------------------------------------------
 NUMBER OF TIME STEPS = 1
 MULTIPLIER FOR DELT =     1.000

 OPENED ./external/chd_356.dat
 FILE TYPE:OPEN/CLOSE   UNIT 1995   STATUS:OLD                 
 FORMAT:FORMATTED              ACCESS:SEQUENTIAL          
 ACTION:READ                

 INITIAL TIME STEP SIZE =   1.000000    

 SLN_1 OUTER ITERATION SUMMARY
 ----------------------------------------------------------------------------------------------------------
                                OUTER      INNER                    STEP   MAXIMUM CHANGE MODEL-(CELLID) OR
 OUTER ITERATION STEP       ITERATION  ITERATION  MAXIMUM CHANGE SUCCESS             MODEL-PACKAGE-(NUMBER)
 ----------------------------------------------------------------------------------------------------------
 Model                              1         23       3.7985418                            1_GWF-(1,76,77)
 Model                              2         14      -1.6413132                            1_GWF-(1,77,79)
 Model                              3          8     -0.23312741                            1_GWF-(1,77,79)
 Model                              4          6  2.43919870E-02                            1_GWF-(4,99,19)
 Model                              5          5  4.63024288E-03       *                    1_GWF-(4,99,19)
 ----------------------------------------------------------------------------------------------------------


 5 CALLS TO NUMERICAL SOLUTION IN TIME STEP 1 STRESS PERIOD 356
 56 TOTAL ITERATIONS

 SLN_2 OUTER ITERATION SUMMARY
 ----------------------------------------------------------------------------------------------------------
                                OUTER      INNER                    STEP   MAXIMUM CHANGE MODEL-(CELLID) OR
 OUTER ITERATION STEP       ITERATION  ITERATION  MAXIMUM CHANGE SUCCESS             MODEL-PACKAGE-(NUMBER)
 ----------------------------------------------------------------------------------------------------------
 Model                              1          2     -0.45474502                            2_GWT-(12,34,3)
 Model                              2          1  2.48689958E-14       *                   2_GWT-(12,40,70)
 ----------------------------------------------------------------------------------------------------------


 2 CALLS TO NUMERICAL SOLUTION IN TIME STEP 1 STRESS PERIOD 356
 3 TOTAL ITERATIONS
 
    Solving:  Stress period:   357    Time step:     1
 
1
 STRESS PERIOD NO. 357, LENGTH =   1.000000    
 ------------------------------------------
 NUMBER OF TIME STEPS = 1
 MULTIPLIER FOR DELT =     1.000

 OPENED ./external/chd_357.dat
 FILE TYPE:OPEN/CLOSE   UNIT 1997   STATUS:OLD                 
 FORMAT:FORMATTED              ACCESS:SEQUENTIAL          
 ACTION:READ                

 INITIAL TIME STEP SIZE =   1.000000    

 SLN_1 OUTER ITERATION SUMMARY
 ----------------------------------------------------------------------------------------------------------
                                OUTER      INNER                    STEP   MAXIMUM CHANGE MODEL-(CELLID) OR
 OUTER ITERATION STEP       ITERATION  ITERATION  MAXIMUM CHANGE SUCCESS             MODEL-PACKAGE-(NUMBER)
 ----------------------------------------------------------------------------------------------------------
 Model                              1         21      -4.8041134                            1_GWF-(1,77,77)
 Model                              2         13      -1.8664432                            1_GWF-(3,73,76)
 Model                              3          7      0.12514927                           1_GWF-(1,108,45)
 Model                              4          5  1.25774005E-02                           1_GWF-(1,108,45)
 Model                              5          3  1.25596487E-03       *                   1_GWF-(1,107,16)
 ----------------------------------------------------------------------------------------------------------


 5 CALLS TO NUMERICAL SOLUTION IN TIME STEP 1 STRESS PERIOD 357
 49 TOTAL ITERATIONS

 SLN_2 OUTER ITERATION SUMMARY
 ----------------------------------------------------------------------------------------------------------
                                OUTER      INNER                    STEP   MAXIMUM CHANGE MODEL-(CELLID) OR
 OUTER ITERATION STEP       ITERATION  ITERATION  MAXIMUM CHANGE SUCCESS             MODEL-PACKAGE-(NUMBER)
 ----------------------------------------------------------------------------------------------------------
 Model                              1          2     -0.48435023                            2_GWT-(12,34,3)
 Model                              2          1 -2.84217094E-14       *                   2_GWT-(14,33,30)
 ----------------------------------------------------------------------------------------------------------


 2 CALLS TO NUMERICAL SOLUTION IN TIME STEP 1 STRESS PERIOD 357
 3 TOTAL ITERATIONS
 
    Solving:  Stress period:   358    Time step:     1
 
1
 STRESS PERIOD NO. 358, LENGTH =   1.000000    
 ------------------------------------------
 NUMBER OF TIME STEPS = 1
 MULTIPLIER FOR DELT =     1.000

 OPENED ./external/chd_358.dat
 FILE TYPE:OPEN/CLOSE   UNIT 1999   STATUS:OLD                 
 FORMAT:FORMATTED              ACCESS:SEQUENTIAL          
 ACTION:READ                

 INITIAL TIME STEP SIZE =   1.000000    

 SLN_1 OUTER ITERATION SUMMARY
 ----------------------------------------------------------------------------------------------------------
                                OUTER      INNER                    STEP   MAXIMUM CHANGE MODEL-(CELLID) OR
 OUTER ITERATION STEP       ITERATION  ITERATION  MAXIMUM CHANGE SUCCESS             MODEL-PACKAGE-(NUMBER)
 ----------------------------------------------------------------------------------------------------------
 Model                              1         16     -0.84213327                            1_GWF-(3,75,78)
 Model                              2          9     -0.48297540                            1_GWF-(3,77,73)
 Model                              3          5 -1.13157275E-02                            1_GWF-(1,62,73)
 Model                              4          3 -1.12788527E-03       *                    1_GWF-(1,62,73)
 ----------------------------------------------------------------------------------------------------------


 4 CALLS TO NUMERICAL SOLUTION IN TIME STEP 1 STRESS PERIOD 358
 33 TOTAL ITERATIONS

 SLN_2 OUTER ITERATION SUMMARY
 ----------------------------------------------------------------------------------------------------------
                                OUTER      INNER                    STEP   MAXIMUM CHANGE MODEL-(CELLID) OR
 OUTER ITERATION STEP       ITERATION  ITERATION  MAXIMUM CHANGE SUCCESS             MODEL-PACKAGE-(NUMBER)
 ----------------------------------------------------------------------------------------------------------
 Model                              1          2     -0.49980052                            2_GWT-(12,34,3)
 Model                              2          1 -2.13162821E-14       *                     2_GWT-(6,3,20)
 ----------------------------------------------------------------------------------------------------------


 2 CALLS TO NUMERICAL SOLUTION IN TIME STEP 1 STRESS PERIOD 358
 3 TOTAL ITERATIONS
 
    Solving:  Stress period:   359    Time step:     1
 
1
 STRESS PERIOD NO. 359, LENGTH =   1.000000    
 ------------------------------------------
 NUMBER OF TIME STEPS = 1
 MULTIPLIER FOR DELT =     1.000

 OPENED ./external/chd_359.dat
 FILE TYPE:OPEN/CLOSE   UNIT 2001   STATUS:OLD                 
 FORMAT:FORMATTED              ACCESS:SEQUENTIAL          
 ACTION:READ                

 INITIAL TIME STEP SIZE =   1.000000    

 SLN_1 OUTER ITERATION SUMMARY
 ----------------------------------------------------------------------------------------------------------
                                OUTER      INNER                    STEP   MAXIMUM CHANGE MODEL-(CELLID) OR
 OUTER ITERATION STEP       ITERATION  ITERATION  MAXIMUM CHANGE SUCCESS             MODEL-PACKAGE-(NUMBER)
 ----------------------------------------------------------------------------------------------------------
 Model                              1         16     -0.48035292                            1_GWF-(1,63,74)
 Model                              2          8     -0.38038464                            1_GWF-(3,71,73)
 Model                              3          4 -3.09866597E-03       *                   1_GWF-(2,108,20)
 ----------------------------------------------------------------------------------------------------------


 3 CALLS TO NUMERICAL SOLUTION IN TIME STEP 1 STRESS PERIOD 359
 28 TOTAL ITERATIONS

 SLN_2 OUTER ITERATION SUMMARY
 ----------------------------------------------------------------------------------------------------------
                                OUTER      INNER                    STEP   MAXIMUM CHANGE MODEL-(CELLID) OR
 OUTER ITERATION STEP       ITERATION  ITERATION  MAXIMUM CHANGE SUCCESS             MODEL-PACKAGE-(NUMBER)
 ----------------------------------------------------------------------------------------------------------
 Model                              1          2     -0.45854152                            2_GWT-(12,34,3)
 Model                              2          1  2.13162821E-14       *                    2_GWT-(4,17,36)
 ----------------------------------------------------------------------------------------------------------


 2 CALLS TO NUMERICAL SOLUTION IN TIME STEP 1 STRESS PERIOD 359
 3 TOTAL ITERATIONS
 
    Solving:  Stress period:   360    Time step:     1
 
1
 STRESS PERIOD NO. 360, LENGTH =   1.000000    
 ------------------------------------------
 NUMBER OF TIME STEPS = 1
 MULTIPLIER FOR DELT =     1.000

 OPENED ./external/chd_360.dat
 FILE TYPE:OPEN/CLOSE   UNIT 2003   STATUS:OLD                 
 FORMAT:FORMATTED              ACCESS:SEQUENTIAL          
 ACTION:READ                

 INITIAL TIME STEP SIZE =   1.000000    

 SLN_1 OUTER ITERATION SUMMARY
 ----------------------------------------------------------------------------------------------------------
                                OUTER      INNER                    STEP   MAXIMUM CHANGE MODEL-(CELLID) OR
 OUTER ITERATION STEP       ITERATION  ITERATION  MAXIMUM CHANGE SUCCESS             MODEL-PACKAGE-(NUMBER)
 ----------------------------------------------------------------------------------------------------------
 Model                              1         18     -0.31364483                            1_GWF-(1,84,67)
 Model                              2          6     -0.32811770                            1_GWF-(1,79,74)
 Model                              3          4  4.01169537E-03       *                    1_GWF-(3,79,74)
 ----------------------------------------------------------------------------------------------------------


 3 CALLS TO NUMERICAL SOLUTION IN TIME STEP 1 STRESS PERIOD 360
 28 TOTAL ITERATIONS

 SLN_2 OUTER ITERATION SUMMARY
 ----------------------------------------------------------------------------------------------------------
                                OUTER      INNER                    STEP   MAXIMUM CHANGE MODEL-(CELLID) OR
 OUTER ITERATION STEP       ITERATION  ITERATION  MAXIMUM CHANGE SUCCESS             MODEL-PACKAGE-(NUMBER)
 ----------------------------------------------------------------------------------------------------------
 Model                              1          2      0.92342689                            2_GWT-(1,45,64)
 Model                              2          1  6.31716901E-14       *                    2_GWT-(1,45,64)
 ----------------------------------------------------------------------------------------------------------


 2 CALLS TO NUMERICAL SOLUTION IN TIME STEP 1 STRESS PERIOD 360
 3 TOTAL ITERATIONS
 
    Solving:  Stress period:   361    Time step:     1
 
1
 STRESS PERIOD NO. 361, LENGTH =   1.000000    
 ------------------------------------------
 NUMBER OF TIME STEPS = 1
 MULTIPLIER FOR DELT =     1.000

 OPENED ./external/chd_361.dat
 FILE TYPE:OPEN/CLOSE   UNIT 2005   STATUS:OLD                 
 FORMAT:FORMATTED              ACCESS:SEQUENTIAL          
 ACTION:READ                

 INITIAL TIME STEP SIZE =   1.000000    

 SLN_1 OUTER ITERATION SUMMARY
 ----------------------------------------------------------------------------------------------------------
                                OUTER      INNER                    STEP   MAXIMUM CHANGE MODEL-(CELLID) OR
 OUTER ITERATION STEP       ITERATION  ITERATION  MAXIMUM CHANGE SUCCESS             MODEL-PACKAGE-(NUMBER)
 ----------------------------------------------------------------------------------------------------------
 Model                              1         18     -0.32082849                            1_GWF-(3,77,79)
 Model                              2          5 -4.40446338E-02                            1_GWF-(2,81,47)
 Model                              3          3  2.38513272E-03       *                    1_GWF-(1,77,79)
 ----------------------------------------------------------------------------------------------------------


 3 CALLS TO NUMERICAL SOLUTION IN TIME STEP 1 STRESS PERIOD 361
 26 TOTAL ITERATIONS

 SLN_2 OUTER ITERATION SUMMARY
 ----------------------------------------------------------------------------------------------------------
                                OUTER      INNER                    STEP   MAXIMUM CHANGE MODEL-(CELLID) OR
 OUTER ITERATION STEP       ITERATION  ITERATION  MAXIMUM CHANGE SUCCESS             MODEL-PACKAGE-(NUMBER)
 ----------------------------------------------------------------------------------------------------------
 Model                              1          2      0.27798753                            2_GWT-(13,34,3)
 Model                              2          1  8.17124146E-14       *                   2_GWT-(12,40,70)
 ----------------------------------------------------------------------------------------------------------


 2 CALLS TO NUMERICAL SOLUTION IN TIME STEP 1 STRESS PERIOD 361
 3 TOTAL ITERATIONS
 
    Solving:  Stress period:   362    Time step:     1
 
1
 STRESS PERIOD NO. 362, LENGTH =   1.000000    
 ------------------------------------------
 NUMBER OF TIME STEPS = 1
 MULTIPLIER FOR DELT =     1.000

 OPENED ./external/chd_362.dat
 FILE TYPE:OPEN/CLOSE   UNIT 2007   STATUS:OLD                 
 FORMAT:FORMATTED              ACCESS:SEQUENTIAL          
 ACTION:READ                

 INITIAL TIME STEP SIZE =   1.000000    

 SLN_1 OUTER ITERATION SUMMARY
 ----------------------------------------------------------------------------------------------------------
                                OUTER      INNER                    STEP   MAXIMUM CHANGE MODEL-(CELLID) OR
 OUTER ITERATION STEP       ITERATION  ITERATION  MAXIMUM CHANGE SUCCESS             MODEL-PACKAGE-(NUMBER)
 ----------------------------------------------------------------------------------------------------------
 Model                              1         18     -0.10834704                            1_GWF-(1,51,46)
 Model                              2          6 -5.73829193E-02                            1_GWF-(4,69,55)
 Model                              3          4  1.06112725E-03       *                    1_GWF-(4,72,75)
 ----------------------------------------------------------------------------------------------------------


 3 CALLS TO NUMERICAL SOLUTION IN TIME STEP 1 STRESS PERIOD 362
 28 TOTAL ITERATIONS

 SLN_2 OUTER ITERATION SUMMARY
 ----------------------------------------------------------------------------------------------------------
                                OUTER      INNER                    STEP   MAXIMUM CHANGE MODEL-(CELLID) OR
 OUTER ITERATION STEP       ITERATION  ITERATION  MAXIMUM CHANGE SUCCESS             MODEL-PACKAGE-(NUMBER)
 ----------------------------------------------------------------------------------------------------------
 Model                              1          2      0.23398728                            2_GWT-(13,34,3)
 Model                              2          1  5.68434189E-14       *                   2_GWT-(12,40,70)
 ----------------------------------------------------------------------------------------------------------


 2 CALLS TO NUMERICAL SOLUTION IN TIME STEP 1 STRESS PERIOD 362
 3 TOTAL ITERATIONS
 
    Solving:  Stress period:   363    Time step:     1
 
1
 STRESS PERIOD NO. 363, LENGTH =   1.000000    
 ------------------------------------------
 NUMBER OF TIME STEPS = 1
 MULTIPLIER FOR DELT =     1.000

 OPENED ./external/chd_363.dat
 FILE TYPE:OPEN/CLOSE   UNIT 2009   STATUS:OLD                 
 FORMAT:FORMATTED              ACCESS:SEQUENTIAL          
 ACTION:READ                

 INITIAL TIME STEP SIZE =   1.000000    

 SLN_1 OUTER ITERATION SUMMARY
 ----------------------------------------------------------------------------------------------------------
                                OUTER      INNER                    STEP   MAXIMUM CHANGE MODEL-(CELLID) OR
 OUTER ITERATION STEP       ITERATION  ITERATION  MAXIMUM CHANGE SUCCESS             MODEL-PACKAGE-(NUMBER)
 ----------------------------------------------------------------------------------------------------------
 Model                              1         22       3.3629545                            1_GWF-(1,76,77)
 Model                              2         13     -0.92926312                            1_GWF-(2,77,79)
 Model                              3          8     -0.10710737                            1_GWF-(1,77,79)
 Model                              4          5  1.16477709E-02                            1_GWF-(4,99,21)
 Model                              5          4  2.21246265E-03       *                    1_GWF-(4,99,21)
 ----------------------------------------------------------------------------------------------------------


 5 CALLS TO NUMERICAL SOLUTION IN TIME STEP 1 STRESS PERIOD 363
 52 TOTAL ITERATIONS

 SLN_2 OUTER ITERATION SUMMARY
 ----------------------------------------------------------------------------------------------------------
                                OUTER      INNER                    STEP   MAXIMUM CHANGE MODEL-(CELLID) OR
 OUTER ITERATION STEP       ITERATION  ITERATION  MAXIMUM CHANGE SUCCESS             MODEL-PACKAGE-(NUMBER)
 ----------------------------------------------------------------------------------------------------------
 Model                              1          2     -0.92394541                            2_GWT-(1,45,64)
 Model                              2          1 -6.03961325E-14       *                    2_GWT-(12,34,3)
 ----------------------------------------------------------------------------------------------------------


 2 CALLS TO NUMERICAL SOLUTION IN TIME STEP 1 STRESS PERIOD 363
 3 TOTAL ITERATIONS
 
    Solving:  Stress period:   364    Time step:     1
 
1
 STRESS PERIOD NO. 364, LENGTH =   1.000000    
 ------------------------------------------
 NUMBER OF TIME STEPS = 1
 MULTIPLIER FOR DELT =     1.000

 OPENED ./external/chd_364.dat
 FILE TYPE:OPEN/CLOSE   UNIT 2011   STATUS:OLD                 
 FORMAT:FORMATTED              ACCESS:SEQUENTIAL          
 ACTION:READ                

 INITIAL TIME STEP SIZE =   1.000000    

 SLN_1 OUTER ITERATION SUMMARY
 ----------------------------------------------------------------------------------------------------------
                                OUTER      INNER                    STEP   MAXIMUM CHANGE MODEL-(CELLID) OR
 OUTER ITERATION STEP       ITERATION  ITERATION  MAXIMUM CHANGE SUCCESS             MODEL-PACKAGE-(NUMBER)
 ----------------------------------------------------------------------------------------------------------
 Model                              1         23      -3.0660917                            1_GWF-(1,76,77)
 Model                              2         13      -1.1179964                            1_GWF-(1,72,74)
 Model                              3          9      0.19060296                           1_GWF-(1,108,45)
 Model                              4          5  2.44956752E-02                           1_GWF-(1,108,45)
 Model                              5          4  2.45233618E-03       *                   1_GWF-(1,108,45)
 ----------------------------------------------------------------------------------------------------------


 5 CALLS TO NUMERICAL SOLUTION IN TIME STEP 1 STRESS PERIOD 364
 54 TOTAL ITERATIONS

 SLN_2 OUTER ITERATION SUMMARY
 ----------------------------------------------------------------------------------------------------------
                                OUTER      INNER                    STEP   MAXIMUM CHANGE MODEL-(CELLID) OR
 OUTER ITERATION STEP       ITERATION  ITERATION  MAXIMUM CHANGE SUCCESS             MODEL-PACKAGE-(NUMBER)
 ----------------------------------------------------------------------------------------------------------
 Model                              1          2      0.91490722                            2_GWT-(1,45,64)
 Model                              2          1  1.63868918E-13       *                    2_GWT-(1,45,64)
 ----------------------------------------------------------------------------------------------------------


 2 CALLS TO NUMERICAL SOLUTION IN TIME STEP 1 STRESS PERIOD 364
 3 TOTAL ITERATIONS
 
    Solving:  Stress period:   365    Time step:     1
 
1
 STRESS PERIOD NO. 365, LENGTH =   1.000000    
 ------------------------------------------
 NUMBER OF TIME STEPS = 1
 MULTIPLIER FOR DELT =     1.000

 OPENED ./external/chd_365.dat
 FILE TYPE:OPEN/CLOSE   UNIT 2013   STATUS:OLD                 
 FORMAT:FORMATTED              ACCESS:SEQUENTIAL          
 ACTION:READ                

 INITIAL TIME STEP SIZE =   1.000000    

 SLN_1 OUTER ITERATION SUMMARY
 ----------------------------------------------------------------------------------------------------------
                                OUTER      INNER                    STEP   MAXIMUM CHANGE MODEL-(CELLID) OR
 OUTER ITERATION STEP       ITERATION  ITERATION  MAXIMUM CHANGE SUCCESS             MODEL-PACKAGE-(NUMBER)
 ----------------------------------------------------------------------------------------------------------
 Model                              1         20     -0.56357308                            1_GWF-(3,74,72)
 Model                              2          6     -0.38998751                            1_GWF-(1,62,73)
 Model                              3          3  2.99595615E-03       *                    1_GWF-(1,75,78)
 ----------------------------------------------------------------------------------------------------------


 3 CALLS TO NUMERICAL SOLUTION IN TIME STEP 1 STRESS PERIOD 365
 29 TOTAL ITERATIONS

 SLN_2 OUTER ITERATION SUMMARY
 ----------------------------------------------------------------------------------------------------------
                                OUTER      INNER                    STEP   MAXIMUM CHANGE MODEL-(CELLID) OR
 OUTER ITERATION STEP       ITERATION  ITERATION  MAXIMUM CHANGE SUCCESS             MODEL-PACKAGE-(NUMBER)
 ----------------------------------------------------------------------------------------------------------
 Model                              1          2      0.16012657                            2_GWT-(12,34,3)
 Model                              2          1 -8.88178420E-14       *                    2_GWT-(12,34,3)
 ----------------------------------------------------------------------------------------------------------


 2 CALLS TO NUMERICAL SOLUTION IN TIME STEP 1 STRESS PERIOD 365
 3 TOTAL ITERATIONS
 
    Solving:  Stress period:   366    Time step:     1
 
1
 STRESS PERIOD NO. 366, LENGTH =   1.000000    
 ------------------------------------------
 NUMBER OF TIME STEPS = 1
 MULTIPLIER FOR DELT =     1.000
 INITIAL TIME STEP SIZE =   1.000000    

 SLN_1 OUTER ITERATION SUMMARY
 ----------------------------------------------------------------------------------------------------------
                                OUTER      INNER                    STEP   MAXIMUM CHANGE MODEL-(CELLID) OR
 OUTER ITERATION STEP       ITERATION  ITERATION  MAXIMUM CHANGE SUCCESS             MODEL-PACKAGE-(NUMBER)
 ----------------------------------------------------------------------------------------------------------
 Model                              1         21       1.4455269                            1_GWF-(1,66,73)
 Model                              2          9     -0.23805035                           1_GWF-(1,105,56)
 Model                              3          6 -2.48382521E-02                           1_GWF-(1,105,56)
 Model                              4          5 -2.49283271E-03       *                   1_GWF-(1,105,56)
 ----------------------------------------------------------------------------------------------------------


 4 CALLS TO NUMERICAL SOLUTION IN TIME STEP 1 STRESS PERIOD 366
 41 TOTAL ITERATIONS

 SLN_2 OUTER ITERATION SUMMARY
 ----------------------------------------------------------------------------------------------------------
                                OUTER      INNER                    STEP   MAXIMUM CHANGE MODEL-(CELLID) OR
 OUTER ITERATION STEP       ITERATION  ITERATION  MAXIMUM CHANGE SUCCESS             MODEL-PACKAGE-(NUMBER)
 ----------------------------------------------------------------------------------------------------------
 Model                              1          2     -0.91513839                            2_GWT-(1,45,64)
 Model                              2          1 -5.86197757E-13       *                    2_GWT-(15,41,1)
 ----------------------------------------------------------------------------------------------------------


 2 CALLS TO NUMERICAL SOLUTION IN TIME STEP 1 STRESS PERIOD 366
 3 TOTAL ITERATIONS

 MEMORY MANAGER TOTAL STORAGE BY DATA TYPE, IN MEGABYTES
 -------------------------------
                    ALLOCATED   
 DATA TYPE           MEMORY     
 -------------------------------
 Character        5.27040000E-02
 Logical          5.20000000E-05
 Integer          116.24744     
 Real             248.11173     
 -------------------------------
 Total            364.41192     
 Virtual          0.0000000     
 -------------------------------


 
 Run end date and time (yyyy/mm/dd hh:mm:ss): 2026/06/18 14:55:41
 Elapsed run time: 10 Minutes, 45.787 Seconds
 Normal termination of simulation.
