,Marina,ERT-MW-1A,ERT-MW-1B,MillCreek,ERT-MW-4B,MW-PD-17
2017-04-02 11:29:19.398496,0.33,11.91949697783519,12.56950957060853,9.249064294273232,14.32554357404074,18.72607921715124
2017-07-30 09:37:26.616544,0.33,11.66126086249777,12.32029513513609,9.077718265685476,14.09835765600006,18.40669004224211
2018-01-01 00:00:00.000000,0.33,11.54996403627391,12.20938308561338,8.999743445270223,13.99075818878072,18.25508916722809
2018-01-02 00:00:00.000000,0.33,11.53217199944341,12.1994913999439,8.927261989897445,13.98873738748518,18.24966792624031
2018-01-03 00:00:00.000000,0.33,11.51531493769611,12.18409666987433,8.914545050116189,13.97498515667501,18.23151395639341
2018-01-04 00:00:00.000000,0.33,11.49835944335449,12.16796013336593,8.902102661112625,13.95980226955758,18.21210631621299
2018-01-05 00:00:00.000000,0.33,11.48174340827241,12.15195310033794,8.890032331256863,13.94447606632026,18.19269800721266
2018-01-06 00:00:00.000000,0.33,11.46551087479068,12.13620409951343,8.878280097160497,13.92922375045577,18.17373041004978
2018-01-07 00:00:00.000000,0.33,11.44962595045243,12.12069535851476,8.866778273652095,13.91403780604046,18.15482735692474
2018-01-08 00:00:00.000000,0.33,11.43405063882815,12.10539934661234,8.85547327767375,13.89889210197773,18.13571875584393
2018-01-09 00:00:00.000000,0.33,11.41877063921375,12.09031939449991,8.844339065798598,13.88382806638664,18.11679478239786
2018-01-10 00:00:00.000000,0.33,11.46156578566661,12.12434110310157,9.029510716583982,13.91855740063133,18.1414547321638
2018-01-11 00:00:00.000000,0.33,11.42881377979611,12.09798078842123,8.856943368855372,13.89161912330954,18.12163974223298
2018-01-12 00:00:00.000000,0.33,11.63388130542832,12.27025382994948,9.590485534198045,14.06590579487383,18.27366557648296
2018-01-13 00:00:00.000000,0.33,11.79102235352413,12.41499891774046,9.8073627432214,14.2204574114325,18.44678423322838
2018-01-14 00:00:00.000000,0.33,11.69452477773657,12.34908004619226,9.060043852688917,14.15458005369855,18.42472001991239
2018-01-15 00:00:00.000000,0.33,11.67030568726082,12.32871992460411,9.04000596579169,14.13639324617385,18.40479552185013
2018-01-16 00:00:00.000000,0.33,11.64765049219777,12.30922609016878,9.022233393610962,14.11861467523559,18.38487816131347
2018-01-17 00:00:00.000000,0.33,11.62618981083736,12.29037573277517,9.005878778001932,14.10112148878975,18.36509277341366
2018-01-18 00:00:00.000000,0.33,11.60580902072456,12.27213218384442,8.991238888771116,14.08394411938915,18.34546028024162
2018-01-19 00:00:00.000000,0.33,11.58651957161855,12.2545490978313,8.97927714274502,14.06722344404828,18.32602013196613
2018-01-20 00:00:00.000000,0.33,11.56792147383138,12.23735671902657,8.966926458394173,14.05063980429668,18.30671139749644
2018-01-21 00:00:00.000000,0.33,11.56884500098089,12.23627096502715,9.022006765131072,14.05140889837041,18.30208166342308
2018-01-22 00:00:00.000000,0.33,11.55656409974599,12.2252276589792,8.996430962444196,14.04109404414472,18.29067026993369
2018-01-23 00:00:00.000000,0.33,11.54918246017792,12.21809844526947,9.000520274369126,14.03548865322969,18.28236643640393
2018-01-24 00:00:00.000000,0.33,11.86284221551909,12.4824746058185,10.13911430812697,14.30525505963546,18.52345764804815
2018-01-25 00:00:00.000000,0.33,11.74059465090938,12.40055636689828,9.103593293808975,14.22224323703651,18.50054165422894
2018-01-26 00:00:00.000000,0.33,11.716888065741,12.38032441696241,9.08356087836512,14.20395178413667,18.48138495414575
2018-01-27 00:00:00.000000,0.33,11.69455443480364,12.36084136963462,9.065581703506275,14.18570922425093,18.46141634835502
2018-01-28 00:00:00.000000,0.33,11.70769437261727,12.37059910458194,9.179985876820954,14.19799433931405,18.4654219777113
2018-01-29 00:00:00.000000,0.33,11.76414788014804,12.41869284347668,9.376571276692976,14.24803239656181,18.50925072025383
2018-01-30 00:00:00.000000,0.33,11.89475144974113,12.53273399964555,9.735399354573715,14.36523575178508,18.61951790946224
2018-01-31 00:00:00.000000,0.33,11.81300210382563,12.47445320424701,9.159716968091477,14.3054231285047,18.59609918931223
2018-02-01 00:00:00.000000,0.33,11.78825767787354,12.45318436719291,9.139355487558957,14.28580579542669,18.575523756464
2018-02-02 00:00:00.000000,0.33,11.84176475686016,12.49924267911476,9.393567612082531,14.33812097774303,18.61505500980845
2018-02-03 00:00:00.000000,0.33,11.7949986202535,12.46361964892009,9.145372300141986,14.30192795536757,18.59360324327911
2018-02-04 00:00:00.000000,0.33,11.7724696520238,12.44372719191269,9.127707036169735,14.28326939760047,18.57360910140303
2018-02-05 00:00:00.000000,0.33,11.91875543876589,12.56599033796268,9.710921560546108,14.41107292997165,18.67913026843345
2018-02-06 00:00:00.000000,0.33,12.00140854524478,12.64481982720447,9.753567857372465,14.49234221342502,18.77336987871416
2018-02-07 00:00:00.000000,0.33,11.9255134182871,12.59016281670583,9.248908556090631,14.4362174298235,18.74926401364741
2018-02-08 00:00:00.000000,0.33,12.06166079567241,12.70463700253314,9.808195672105258,14.55742444773666,18.8500378746767
2018-02-09 00:00:00.000000,0.33,11.98404650212332,12.64885773245839,9.29420395665927,14.50028571516085,18.82545841586641
2018-02-10 00:00:00.000000,0.33,11.95733273622268,12.62614527833756,9.272359568536393,14.47958465788416,18.80416820707999
2018-02-11 00:00:00.000000,0.33,12.30448052947525,12.91510341403869,10.59304751975553,14.78721122975367,19.08950363701198
2018-02-12 00:00:00.000000,0.33,12.62878008930128,13.21520466561961,11.07118975496062,15.09442382443149,19.40409853595281
2018-02-13 00:00:00.000000,0.33,12.43763162601728,13.09137048588716,9.628284638705223,14.9645415393596,19.37408580530811
2018-02-14 00:00:00.000000,0.33,12.40089734585071,13.06241349900028,9.602111317141757,14.94051896939366,19.35064427696199
2018-02-15 00:00:00.000000,0.33,12.44132316978295,13.09826333855965,9.849043901445627,14.98495863717631,19.38146109074869
2018-02-16 00:00:00.000000,0.33,12.43249083387914,13.09574606750256,9.772824592085046,14.98619688183645,19.39168484344708
2018-02-17 00:00:00.000000,0.33,12.40355107060638,13.0743121501078,9.674243855739284,14.96757229460694,19.379808843391
2018-02-18 00:00:00.000000,0.33,12.48621115068698,13.14400390757595,10.02395694830439,15.04567490785309,19.44212928086144
2018-02-19 00:00:00.000000,0.33,12.50531223076213,13.1669757871134,9.952974045530214,15.07163850164373,19.48042142342305
2018-02-20 00:00:00.000000,0.33,12.47721180191433,13.14913584557926,9.784346575443053,15.05431801955076,19.47837072897869
2018-02-21 00:00:00.000000,0.33,12.43193861460977,13.11263558128177,9.637650355366064,15.01665568459928,19.45227620988664
2018-02-22 00:00:00.000000,0.33,12.40140756068554,13.08620187390572,9.61429965521083,14.99222497076622,19.427938609284
2018-02-23 00:00:00.000000,0.33,12.37254314864859,13.06081974508742,9.592755870048531,14.96872339232822,19.40389548840225
2018-02-24 00:00:00.000000,0.33,12.38973821836228,13.0760531020779,9.719391660508967,14.99003753958893,19.41864004178016
2018-02-25 00:00:00.000000,0.33,12.55183719714321,13.21295081145289,10.29247206813275,15.13955188929778,19.54270631291331
2018-02-26 00:00:00.000000,0.33,12.74159881311105,13.37921625695367,10.69441292838136,15.31579225546262,19.71644487394623
2018-02-27 00:00:00.000000,0.33,12.60108150745482,13.2826555758927,9.766345725673265,15.20714186735819,19.68237443078419
2018-02-28 00:00:00.000000,0.33,12.56671810654553,13.25384642645403,9.739450819065997,15.18067575831289,19.65713186617409
2018-03-01 00:00:00.000000,0.33,12.53504611620892,13.22664929989738,9.71613207774533,15.15535015039423,19.63207360998741
2018-03-02 00:00:00.000000,0.33,13.2583013180123,13.8355048407663,12.23874195880567,15.81353306725521,20.18887411737668
2018-03-03 00:00:00.000000,0.33,13.68537325210624,14.24445740905925,12.54381092417102,16.23909231047518,20.67581699862439
2018-03-04 00:00:00.000000,0.33,13.3919185177945,14.05396720855179,10.37769039662908,16.02214584496629,20.6312776020131
2018-03-05 00:00:00.000000,0.33,13.33980445398604,14.01360492344196,10.33521425611968,15.98799811379255,20.6012974881026
2018-03-06 00:00:00.000000,0.33,13.29168672873504,13.97500061280787,10.29785016898224,15.95482888173187,20.57072989111686
2018-03-07 00:00:00.000000,0.33,13.24674353747081,13.93796482543239,10.26354819698659,15.92231952828142,20.54028711614499
2018-03-08 00:00:00.000000,0.33,13.77692991054949,14.3544517540134,12.33259309165033,16.35892338654536,20.87729662251511
2018-03-09 00:00:00.000000,0.33,13.52112766836418,14.18866600810022,10.4766803985971,16.17332224089044,20.8390639543962
2018-03-10 00:00:00.000000,0.33,13.47387882534928,14.15471589936864,10.43915369718971,16.14823857920387,20.81734321542194
2018-03-11 00:00:00.000000,0.33,13.43077804533409,14.12302534579621,10.40628473263622,16.12471927390429,20.79592779146631
2018-03-12 00:00:00.000000,0.33,13.39282083709964,14.09621113014254,10.37806613189267,16.10743624205256,20.78150771158431
2018-03-13 00:00:00.000000,0.33,13.41246607928893,14.11470179841675,10.55149188289599,16.13821300218995,20.80231251861528
2018-03-14 00:00:00.000000,0.33,13.51428572213868,14.19355903331406,10.96369582906283,16.22809845431107,20.87620335417045
2018-03-15 00:00:00.000000,0.33,13.41746532775992,14.1285647679732,10.40328065298354,16.15677572859752,20.85006096672416
2018-03-16 00:00:00.000000,0.33,13.37713769189937,14.09384654070401,10.37261456228209,16.12485565471955,20.81932976023575
2018-03-17 00:00:00.000000,0.33,13.33873189846523,14.06000440429787,10.34384509573156,16.09322902115825,20.78824291689531
2018-03-18 00:00:00.000000,0.33,13.30233863959679,14.02743529045415,10.31687030229419,16.06256867607745,20.75749481587901
2018-03-19 00:00:00.000000,0.33,13.26741243941842,13.99578649374085,10.2910076945756,16.03239154822673,20.72696176981158
2018-03-20 00:00:00.000000,0.33,13.23376013374982,13.96495983620681,10.266045373991,16.00265397997022,20.69665085379241
2018-03-21 00:00:00.000000,0.33,13.20135598423006,13.93497769401668,10.24201012632022,15.97348819581693,20.66663669013277
2018-03-22 00:00:00.000000,0.33,13.17008632420499,13.90579017798543,10.218798602076,15.94485493934612,20.63688817558169
2018-03-23 00:00:00.000000,0.33,13.47669520693344,14.15608399059841,11.38226235516616,16.21530520916125,20.8474626389898
2018-03-24 00:00:00.000000,0.33,13.54765771460717,14.23368883482079,11.14142152271098,16.29193471996327,20.96198313412379
2018-03-25 00:00:00.000000,0.33,13.46561762402607,14.18057174805188,10.53556979452121,16.23481769365662,20.96175449514402
2018-03-26 00:00:00.000000,0.33,13.41430526521434,14.13893303598475,10.40981803945937,16.19229662826628,20.92938905466276
2018-03-27 00:00:00.000000,0.33,13.37695501220603,14.10606687223821,10.3809432071315,16.16099097047564,20.89807386154643
2018-03-28 00:00:00.000000,0.33,13.34144497625839,14.07429885395004,10.35380387238165,16.13040878454978,20.86699336995469
2018-03-29 00:00:00.000000,0.33,13.30762951098101,14.04358867064503,10.32822289607141,16.10062055486112,20.8362200027781
2018-03-30 00:00:00.000000,0.33,13.27524530285208,14.01379924500678,10.3038814525737,16.07148271235972,20.8057572954956
2018-03-31 00:00:00.000000,0.33,13.24387157394344,13.98464336368881,10.2802462747896,16.04261284187742,20.77546772986091
2018-04-01 00:00:00.000000,0.33,13.21356941927234,13.95620921255536,10.25744498352183,16.01426031862776,20.74544369705336
2018-04-02 00:00:00.000000,0.33,13.18487467069315,13.92947580228527,10.23602421762576,15.98847343577434,20.71739685660213
2018-04-03 00:00:00.000000,0.33,13.25438901128471,13.98257517950568,10.55505392840668,16.04869246537295,20.75813078413368
2018-04-04 00:00:00.000000,0.33,13.31576912969292,14.03592544307112,10.6925361776212,16.10527344800552,20.81257354152976
2018-04-05 00:00:00.000000,0.33,13.30752675468259,14.03386256889016,10.53500751321986,16.10256546097646,20.82502460650348
2018-04-06 00:00:00.000000,0.33,13.24895477893058,13.98715643112968,10.28962171705358,16.05148844932049,20.79216818053226
2018-04-07 00:00:00.000000,0.33,13.21761890265641,13.95839434273328,10.26512083635276,16.02281526730146,20.76217289394906
2018-04-08 00:00:00.000000,0.33,13.1875944070981,13.93050800641329,10.24193270685053,15.9948267030511,20.73244618678673
2018-04-09 00:00:00.000000,0.33,13.15863011140431,13.9033018836917,10.21970119908888,15.96732007401896,20.70294695793864
2018-04-10 00:00:00.000000,0.33,13.13062999003999,13.87676022681269,10.19829629976505,15.94032851972514,20.67376150090397
2018-04-11 00:00:00.000000,0.33,13.10348564727266,13.85082081404648,10.17759120931058,15.91377722999245,20.6448270169158
2018-04-12 00:00:00.000000,0.33,13.0771180086907,13.82544616561786,10.1575164853635,15.88767412766163,20.61615388580247
2018-04-13 00:00:00.000000,0.33,13.05142610181333,13.80055075257971,10.13796801261908,15.86191849006654,20.5876945280348
2018-04-14 00:00:00.000000,0.33,13.02635101966134,13.77610793787304,10.11888957982185,15.83650785235269,20.55946218070421
2018-04-15 00:00:00.000000,0.33,13.00184220789322,13.75208950389982,10.10023078208305,15.8114089507036,20.53141881664741
2018-04-16 00:00:00.000000,0.33,13.38762940024303,14.07006607519261,11.48733433570137,16.1547881102394,20.81021627479896
2018-04-17 00:00:00.000000,0.33,13.8531948285885,14.4765955225706,12.57335355549907,16.58304020358453,21.2172697562361
2018-04-18 00:00:00.000000,0.33,13.58620421370504,14.30050970800701,10.55462683407137,16.3786183353012,21.17124453796146
2018-04-19 00:00:00.000000,0.33,13.54291000862132,14.26519233870281,10.51853109748753,16.34572380789743,21.13979221830873
2018-04-20 00:00:00.000000,0.33,13.52426597809772,14.24828142601033,10.57765249804926,16.33487234897249,21.12124045485816
2018-04-21 00:00:00.000000,0.33,13.47636934810223,14.20886087680159,10.46719916857209,16.29449410896902,21.08851451927784
2018-04-22 00:00:00.000000,0.33,13.43981736808048,14.17683490142475,10.43874978702375,16.2636989356434,21.05717108596147
2018-04-23 00:00:00.000000,0.33,13.40516942985613,14.14595366561394,10.41208066276763,16.2336796000887,21.02615120862473
2018-04-24 00:00:00.000000,0.33,13.37206083496741,14.11596247424112,10.38677404323089,16.20417444746784,20.99517265238338
2018-04-25 00:00:00.000000,0.33,13.34027471183695,14.08676043773888,10.3625975739366,16.17516849539291,20.96438563433217
2018-04-26 00:00:00.000000,0.33,13.30969322978529,14.05833130479505,10.33940811889301,16.14670107624413,20.93389760251467
2018-04-27 00:00:00.000000,0.33,13.28035237242991,14.03074854137333,10.31730225222379,16.11896050314207,20.90380851348121
2018-04-28 00:00:00.000000,0.33,13.34047131883424,14.07774362201233,10.5870001853232,16.17567325306881,20.94892985778949
2018-04-29 00:00:00.000000,0.33,13.28186279888848,14.03146484310243,10.32128421349784,16.12352477313972,20.91603184789345
2018-04-30 00:00:00.000000,0.33,13.25323374246098,14.00441499225519,10.29923603816328,16.09597286901206,20.88593136957999
2018-05-01 00:00:00.000000,0.33,13.22539312961598,13.97792292227676,10.27786736202951,16.06875233265639,20.85602197427679
2018-05-02 00:00:00.000000,0.33,13.18574518267029,13.93119484839923,10.24659636749293,16.00878910909579,20.79614048604514
2018-05-03 00:00:00.000000,0.33,13.15634794550514,13.90172216701282,10.22377125186598,15.9767871249107,20.76095000007452
2018-05-04 00:00:00.000000,0.33,13.12863873906021,13.8745340245258,10.2022734405327,15.94776729341537,20.72834167002717
2018-05-05 00:00:00.000000,0.33,13.10166087067202,13.84800420418867,10.18135668562138,15.91939755445044,20.69623669015334
2018-05-06 00:00:00.000000,0.33,13.07529936779843,13.82197722212348,10.16092730613098,15.89148066300894,20.66445477903126
2018-05-07 00:00:00.000000,0.33,13.04946952855583,13.79636020309766,10.14091541198704,15.86391611996881,20.63290886460291
2018-05-08 00:00:00.000000,0.33,13.02412333615211,13.77111724706924,10.12126864578411,15.83664865471508,20.60157612847442
2018-05-09 00:00:00.000000,0.33,12.9992208742835,13.74622100998808,10.10195821590913,15.80966799217176,20.57044890715553
2018-05-10 00:00:00.000000,0.33,12.97472458934367,13.72164136898031,10.08294121676632,15.78293499187787,20.53952095837759
2018-05-11 00:00:00.000000,0.33,12.95061508050578,13.69737379464982,10.06420067334612,15.756442800463,20.50876242601868
2018-05-12 00:00:00.000000,0.33,12.92687886220495,13.67341816195092,10.04573520033009,15.73022200489153,20.47820907381715
2018-05-13 00:00:00.000000,0.33,12.90350767398394,13.64978112103286,10.02753496129961,15.7042852878952,20.44788489555716
2018-05-14 00:00:00.000000,0.33,12.88046505056163,13.62642048585994,10.00957510629483,15.67859062194485,20.41775514698184
2018-05-15 00:00:00.000000,0.33,12.85774465123691,13.60334169124046,9.991845739898116,15.6531387849341,20.38782948045181
2018-05-16 00:00:00.000000,0.33,12.83531226005929,13.58050295909663,9.974324215878061,15.62789788805287,20.35809580281454
2018-05-17 00:00:00.000000,0.33,12.82928203806719,13.57226369472918,9.983320240054114,15.61883949769705,20.34991742725072
2018-05-18 00:00:00.000000,0.33,12.82161544746082,13.56300764956383,9.989501132798523,15.61002446702676,20.3398045754056
2018-05-19 00:00:00.000000,0.33,12.80067187207699,13.54224886245439,9.963226755085271,15.58729942408293,20.31459062228655
2018-05-20 00:00:00.000000,0.33,12.96671202957766,13.68812155822459,10.45162087238417,15.74912179727704,20.47117729564583
2018-05-21 00:00:00.000000,0.33,12.89330111414628,13.63401205683426,10.02123903627697,15.68342846079892,20.43694479440768
2018-05-22 00:00:00.000000,0.33,12.86962478954886,13.61019348048814,10.00183596184375,15.65740634985493,20.40584674710691
2018-05-23 00:00:00.000000,0.33,12.84630217179269,13.58671497207742,9.983085740664507,15.63171927971552,20.37495509058704
2018-05-24 00:00:00.000000,0.33,12.82325116646884,13.56348699806333,9.964708443348526,15.6062661918136,20.34431647779842
2018-05-25 00:00:00.000000,0.33,12.80050659177512,13.54054043167779,9.946701290005663,15.58110896053468,20.31396822502442
2018-05-26 00:00:00.000000,0.33,12.7781194521189,13.51793119284365,9.929109924937688,15.5563895428746,20.28402403871674
2018-05-27 00:00:00.000000,0.33,12.7560246837025,13.4955797094416,9.911796196850169,15.53187100592358,20.25430366227008
2018-05-28 00:00:00.000000,0.33,12.73415846896683,13.47342185194053,9.894614631164794,15.50733857950844,20.22462713468122
2018-05-29 00:00:00.000000,0.33,12.71260621115461,13.45155375639144,9.87768009698498,15.48306615592047,20.19519310108839
2018-05-30 00:00:00.000000,0.33,12.69134870817964,13.42995871307802,9.860983048567595,15.45905809567735,20.1660105899293
2018-05-31 00:00:00.000000,0.33,12.6703478916312,13.40858449151652,9.844493464311748,15.43525830524458,20.13704475639539
2018-06-01 00:00:00.000000,0.33,12.64955153361948,13.38737135694656,9.828185532218948,15.41163142056176,20.10827446043017
2018-06-02 00:00:00.000000,0.33,12.6178373307581,13.34797332097635,9.80265508910141,15.3585913384109,20.05231714166604
2018-06-03 00:00:00.000000,0.33,12.59475440008562,13.32350833091017,9.784311099830827,15.33024936598318,20.01863242744218
2018-06-04 00:00:00.000000,0.33,12.57376463139185,13.30203497986103,9.7677231294993,15.30564683046772,19.98872812612079
2018-06-05 00:00:00.000000,0.33,12.59950685783165,13.32140667858938,9.839593293856744,15.32973205460643,20.02009309282438
2018-06-06 00:00:00.000000,0.33,12.56789539458099,13.29267078387866,9.76333178656616,15.29419449305485,19.98705953575203
2018-06-07 00:00:00.000000,0.33,12.54604391661266,13.27008725051065,9.74574568506101,15.26852500374465,19.95505728157979
2018-06-08 00:00:00.000000,0.33,12.52444166924637,13.24777119679313,9.728675637849548,15.24316241223757,19.92331639637118
2018-06-09 00:00:00.000000,0.33,12.50347796890604,13.22591167665838,9.713212058043789,15.21824792930948,19.89186998323623
2018-06-10 00:00:00.000000,0.33,12.48257181468275,13.20417635809097,9.697367521005264,15.19346750960485,19.86065833397788
2018-06-11 00:00:00.000000,0.33,12.46175158699814,13.18256504646937,9.68132357820383,15.16881543446502,19.82965783539467
2018-06-12 00:00:00.000000,0.33,12.44105406519178,13.16110663808765,9.665207266012047,15.14432949674976,19.79888578051725
2018-06-13 00:00:00.000000,0.33,12.42048421414092,13.13978813368002,9.649083207546443,15.11999189027502,19.76833184263165
2018-06-14 00:00:00.000000,0.33,12.40020346171091,13.11871103000692,9.63302552006492,15.09582109097239,19.73797793773489
2018-06-15 00:00:00.000000,0.33,12.38015161080729,13.09783287841756,9.617057480420943,15.0718163617012,19.70782076392002
2018-06-16 00:00:00.000000,0.33,12.36023405072519,13.07710468945145,9.601187640322816,15.04799606250718,19.67786977989056
2018-06-17 00:00:00.000000,0.33,12.34045184447417,13.05651146134369,9.585416109018816,15.02432296640161,19.64809914649334
2018-06-18 00:00:00.000000,0.33,12.3205314103861,13.03587579516424,9.569707054238254,15.00078306370223,19.61851320134632
2018-06-19 00:00:00.000000,0.33,12.30077615231839,13.01539766615742,9.554106863618003,14.97739822577726,19.589100789006
2018-06-20 00:00:00.000000,0.33,12.28128433832501,12.99518182837977,9.53901079637016,14.95441267966655,19.55992322515326
2018-06-21 00:00:00.000000,0.33,12.27412444394052,12.98662763349379,9.541487324456769,14.94457646777613,19.54928984659421
2018-06-22 00:00:00.000000,0.33,12.27901242298723,12.98899035738522,9.568045843762079,14.94962228891018,19.55614159384243
2018-06-23 00:00:00.000000,0.33,12.25628626447705,12.96623408272066,9.522322737166792,14.92125988571857,19.52576465870813
2018-06-24 00:00:00.000000,0.33,12.23695968856837,12.94606388882172,9.50731266093224,14.89862537465538,19.49608292766186
2018-06-25 00:00:00.000000,0.33,12.21772110950773,12.92605531365312,9.492357972577866,14.87608780524085,19.46666309713591
2018-06-26 00:00:00.000000,0.33,12.19865209743446,12.90625430454358,9.477475414420125,14.85370634329802,19.4375326484093
2018-06-27 00:00:00.000000,0.33,12.17961757748217,12.88650121079132,9.462615108002447,14.83133203595486,19.40855247501965
2018-06-28 00:00:00.000000,0.33,12.16067913808617,12.8668546838727,9.447803405215213,14.80903162846137,19.37975404488992
2018-06-29 00:00:00.000000,0.33,12.14187248664384,12.84735339368903,9.433062222332302,14.78685151110601,19.35115339656791
2018-06-30 00:00:00.000000,0.33,12.12317653564764,12.82794970811979,9.418380331168574,14.76475631447465,19.32279750410921
2018-07-01 00:00:00.000000,0.33,12.10460944382029,12.80867412951515,9.403771170052504,14.74276635567655,19.29460569367158
2018-07-02 00:00:00.000000,0.33,12.07372146909478,12.76872472183871,9.37941334486692,14.68641005478355,19.23426122470831
2018-07-03 00:00:00.000000,0.33,12.05248670887795,12.74582308966014,9.362391202174951,14.65911253132761,19.20053897574945
2018-07-04 00:00:00.000000,0.33,12.03231877260424,12.72470649709588,9.346152722063634,14.63441083710306,19.16918648828902
2018-07-05 00:00:00.000000,0.33,12.01238430416985,12.70388732990611,9.330104752493302,14.6100909093125,19.13823644326281
2018-07-06 00:00:00.000000,0.33,11.99262720704597,12.68325267437588,9.31422112457585,14.58598973263772,19.10749392692379
2018-07-07 00:00:00.000000,0.33,11.97310066739938,12.66285031063118,9.298492876045097,14.56210433819115,19.07695359417357
2018-07-08 00:00:00.000000,0.33,11.95369079237281,12.64255300884443,9.282866843726248,14.53834115453484,19.04656686700052
2018-07-09 00:00:00.000000,0.33,11.93439565631669,12.6223579007972,9.267335857581148,14.51469109858992,19.0163425842417
2018-07-10 00:00:00.000000,0.33,11.91516574088343,12.60222734667088,9.251859374275291,14.49114678087632,18.98638727581654
2018-07-11 00:00:00.000000,0.33,11.89598854297562,12.58213623896662,9.236443121457071,14.46767229670286,18.95658659291029
2018-07-12 00:00:00.000000,0.33,11.87690817429536,12.56213178462417,9.221106243733173,14.44429148227878,18.92683521568668
2018-07-13 00:00:00.000000,0.33,11.85795878980492,12.54226881685525,9.205863650865204,14.42105266871361,18.89716136972794
2018-07-14 00:00:00.000000,0.33,11.83912233185078,12.52251721643767,9.190704324993478,14.39791722098221,18.86754807371579
2018-07-15 00:00:00.000000,0.33,11.82037438606612,12.50284411605845,9.175618969323294,14.37487195434449,18.83805139562968
2018-07-16 00:00:00.000000,0.33,11.80173252876907,12.48328039920844,9.1606231008415,14.35197120170394,18.80871380662927
2018-07-17 00:00:00.000000,0.33,11.78316473241534,12.46378656525461,9.14570397466605,14.32918146389256,18.77950918324827
2018-07-18 00:00:00.000000,0.33,11.92760849089268,12.60836688910019,9.383006570913023,14.4880064967305,18.97977041688928
2018-07-19 00:00:00.000000,0.33,11.89892547084435,12.58277631675736,9.237279921455952,14.45494855190164,18.95063004711884
2018-07-20 00:00:00.000000,0.33,11.88058566105436,12.5624848509402,9.22115640976672,14.43157878599247,18.91916686306668
2018-07-21 00:00:00.000000,0.33,11.86168844443637,12.54193011952487,9.20525973434322,14.40806527145918,18.88769657861411
2018-07-22 00:00:00.000000,0.33,11.90786017594384,12.5790103515742,9.39298668172989,14.44664541565704,18.91906367848653
2018-07-23 00:00:00.000000,0.33,11.9971988305887,12.65225013950491,9.687489904389745,14.5203464072379,18.98164451834299
2018-07-24 00:00:00.000000,0.33,11.94864881280314,12.61605519048301,9.31987807456244,14.48075834720037,18.95479237598896
2018-07-25 00:00:00.000000,0.33,11.92055746024805,12.58986038254885,9.251510704805806,14.4513467738587,18.9224703504185
2018-07-26 00:00:00.000000,0.33,11.91027423230437,12.58021916210978,9.262770840814676,14.43924203702391,18.90196317297466
2018-07-27 00:00:00.000000,0.33,11.8854784110062,12.5561983528944,9.221268332500115,14.41199644705272,18.87019809193627
2018-07-28 00:00:00.000000,0.33,11.86333638626604,12.53401235803248,9.203261814053617,14.38743241799238,18.83883962562689
2018-07-29 00:00:00.000000,0.33,11.84154793551287,12.51210236046685,9.185760304474353,14.36310164475969,18.80772855889042
2018-07-30 00:00:00.000000,0.33,11.82006282343968,12.49041672718986,9.168636792911407,14.33894499664385,18.77683442601296
2018-07-31 00:00:00.000000,0.33,11.79882299898451,12.46889525728514,9.151810079472186,14.31492350092991,18.74612717990904
2018-08-01 00:00:00.000000,0.33,11.7778501701706,12.4475855400872,9.135244620730992,14.29106933681548,18.71562483764447
2018-08-02 00:00:00.000000,0.33,11.76435475389931,12.43850890207267,9.124777899533203,14.2880067452524,18.70445413767683
2018-08-03 00:00:00.000000,0.33,11.74556514506694,12.41977910139371,9.11049674778261,14.26773533658812,18.67763404584748
2018-08-04 00:00:00.000000,0.33,11.72645508988692,12.4002902351891,9.095892622841179,14.24615185522426,18.64971456673528
2018-08-05 00:00:00.000000,0.33,11.70780319057729,12.38142896046703,9.081492852309804,14.22507917616153,18.62232103540403
2018-08-06 00:00:00.000000,0.33,11.68909677081612,12.36221913036725,9.067165049220506,14.20374107580801,18.59471141190555
2018-08-07 00:00:00.000000,0.33,11.67058837868695,12.34318160250515,9.05296625169311,14.18255010966728,18.56728117593995
2018-08-08 00:00:00.000000,0.33,11.65217840399882,12.32421353170357,9.038724138190364,14.16131138925367,18.53996092570901
2018-08-09 00:00:00.000000,0.33,11.63390538448027,12.30537501644498,9.024493436096476,14.1401359118274,18.51281855902687
2018-08-10 00:00:00.000000,0.33,11.61581639550045,12.28671701259634,9.010376668705861,14.11918219833688,18.48617993085928
2018-08-11 00:00:00.000000,0.33,11.5978767969947,12.26819158987793,8.996355116308376,14.09834261567002,18.45961524967611
2018-08-12 00:00:00.000000,0.33,11.58043949221046,12.2503943134851,8.982767320871398,14.07847022709404,18.43373322535713
2018-08-13 00:00:00.000000,0.33,11.56378729810464,12.23353787458139,8.971947054818598,14.05963828775558,18.40889495444883
2018-08-14 00:00:00.000000,0.33,11.57158063455701,12.24100666558762,8.989696750087727,14.0683901720158,18.42477792111929
2018-08-15 00:00:00.000000,0.33,11.55346752595724,12.22273376896141,8.964748202945378,14.04716358079684,18.39908163064946
2018-08-16 00:00:00.000000,0.33,11.53656598902493,12.20508860062,8.952445156238163,14.0272934671475,18.37297553496417
2018-08-17 00:00:00.000000,0.33,11.5196885022039,12.18750418145126,8.93973721199174,14.00745357750608,18.34697983841255
2018-08-18 00:00:00.000000,0.33,11.53036634665941,12.1986636278885,8.957635175409859,14.0186826489014,18.36169874658645
2018-08-19 00:00:00.000000,0.33,11.75642092816494,12.3957225499212,9.713968199986951,14.22036450681866,18.55423849461679
2018-08-20 00:00:00.000000,0.33,11.77364268128038,12.42043203110386,9.430185107000124,14.24440103251137,18.59703453291744
2018-08-21 00:00:00.000000,0.33,11.7211320079547,12.38048402465741,9.090394847609536,14.20270942874499,18.56866474670464
2018-08-22 00:00:00.000000,0.33,11.6987666062231,12.35923242851788,9.071461758464064,14.18084852231685,18.54130485794942
2018-08-23 00:00:00.000000,0.33,11.67711300935342,12.33840818149121,9.053920073303809,14.15923208017716,18.51410964100639
2018-08-24 00:00:00.000000,0.33,11.65595793628481,12.31787999103831,9.037094140553943,14.13768973293416,18.48736571584507
2018-08-25 00:00:00.000000,0.33,11.63525121680616,12.29762291111608,9.020829253724441,14.11622651301249,18.4606697345176
2018-08-26 00:00:00.000000,0.33,11.61495199128071,12.27761290238337,9.005035960713906,14.09485237389171,18.43381227923568
2018-08-27 00:00:00.000000,0.33,11.59504076864754,12.25786665299808,8.989635090828594,14.07365095850917,18.40715571086007
2018-08-28 00:00:00.000000,0.33,11.57565671009588,12.23847849062745,8.976280938170516,14.05277730346348,18.38070881942453
2018-08-29 00:00:00.000000,0.33,11.55668334754339,12.21937530756696,8.963701838825532,14.03213325528931,18.35444688076044
2018-08-30 00:00:00.000000,0.33,11.53796202717389,12.200459131226,8.950501020840113,14.01158786323125,18.32835506862836
2018-08-31 00:00:00.000000,0.33,11.51947108716873,12.18171274854261,8.936941397314285,13.9911346527673,18.30241099969257
2018-09-01 00:00:00.000000,0.33,11.50120109722435,12.16313742529518,8.923195051863013,13.97079263647482,18.27662331230172
2018-09-02 00:00:00.000000,0.33,11.49557104542335,12.16569469427818,8.917798590217863,13.98492677409664,18.28296672156781
2018-09-03 00:00:00.000000,0.33,11.4805950518696,12.15128686745161,8.90650388297376,13.97022542333656,18.2631727986184
2018-09-04 00:00:00.000000,0.33,11.46486949325536,12.1353588869603,8.894633455580342,13.9531815444219,18.24131589564541
2018-09-05 00:00:00.000000,0.33,11.44922188041384,12.11941365999826,8.882701188196274,13.93599669287266,18.21937608568421
2018-09-06 00:00:00.000000,0.33,11.43371117913016,12.10356613979671,8.870776598580907,13.91885463728541,18.1975307211522
2018-09-07 00:00:00.000000,0.33,11.43782876028293,12.10629861565185,8.880608462132068,13.92106991950751,18.20385190971522
2018-09-08 00:00:00.000000,0.33,11.44778912074789,12.11498336844589,8.89546751170803,13.93065585497411,18.21887041505521
2018-09-09 00:00:00.000000,0.33,11.43099195780366,12.09793943043909,8.872185358814136,13.9112480329653,18.19575480062024
2018-09-10 00:00:00.000000,0.33,11.44746975477104,12.11573726451239,8.894369084677283,13.93105356518887,18.2192428758945
2018-09-11 00:00:00.000000,0.33,11.62577993858535,12.27169748578395,9.47891829886679,14.09004834286322,18.37334772365471
2018-09-12 00:00:00.000000,0.33,11.66463416546086,12.31264435665739,9.359428883194713,14.13173365365258,18.42449207626383
2018-09-13 00:00:00.000000,0.33,12.18333541695086,12.75314527764406,11.09154330866458,14.58146478805406,18.83327935309023
2018-09-14 00:00:00.000000,0.33,12.01369520506706,12.64778976564755,9.407264754248022,14.47378777360916,18.82233813028228
2018-09-15 00:00:00.000000,0.33,11.97119859325956,12.61445931782816,9.282499756278153,14.44222853173047,18.79523776788072
2018-09-16 00:00:00.000000,0.33,11.94045828544288,12.58852815823677,9.256447274277953,14.41869776722106,18.76845353002039
2018-09-17 00:00:00.000000,0.33,11.91142516364071,12.5634303689035,9.232979326766896,14.39551521255389,18.74189379415884
2018-09-17 00:15:00.000003,0.33,11.91104735527005,12.5630377372326,9.23265382360188,14.39500493522281,18.74149371985838
2018-09-17 00:29:59.999997,0.33,11.91060984395871,12.56254021949056,9.232280024865569,14.39434150712597,18.74099702178962
2018-09-17 00:45:00.000000,0.33,11.9101540411385,12.56201121736046,9.23190613665613,14.39367757048794,18.74047272172345
2018-09-17 01:00:00.000003,0.33,11.90971914129826,12.56151663467381,9.231557148268408,14.3930952161645,18.73997949938929
2018-09-17 01:14:59.999997,0.33,11.90931159045838,12.56106984762842,9.231236094002588,14.39259995005906,18.73952972827563
2018-09-17 01:30:00.000000,0.33,11.90892743353546,12.56066458880267,9.23093741608357,14.39217324841503,18.73911850859314
2018-09-17 01:45:00.000003,0.33,11.90856651832437,12.56029933447624,9.230655965094297,14.39180388735873,18.73874409477352
2018-09-17 01:59:59.999997,0.33,11.9082282329594,12.55997233981891,9.230388924273377,14.39148395101463,18.73840418599112
2018-09-17 02:15:00.000000,0.33,11.90789844586615,12.55966242640165,9.230130286151345,14.39118807946707,18.73808046341803
2018-09-17 02:30:00.000003,0.33,11.90757748631987,12.55936760074946,9.229877830012473,14.39091176461391,18.73777124823255
2018-09-17 02:44:59.999997,0.33,11.90726332741423,12.559084468198,9.229629800209022,14.39065006544571,18.7374730975977
2018-09-17 03:00:00.000000,0.33,11.90695435096652,12.55881027976703,9.22938518631702,14.39039927308512,18.73718341138119
2018-09-17 03:15:00.000003,0.33,11.90664921064464,12.55854272978177,9.229143148371465,14.390156451812,18.73690003691454
2018-09-17 03:29:59.999997,0.33,11.90634696436767,12.55828014246027,9.228903070104732,14.38991950712933,18.73662141015345
2018-09-17 03:45:00.000000,0.33,11.90604693712422,12.55802130503178,9.228664506954088,14.38968694172523,18.73634638521587
2018-09-17 04:00:00.000003,0.33,11.90574863105116,12.5577653277609,9.22842714670735,14.38945767657467,18.73607411941821
2018-09-17 04:14:59.999997,0.33,11.90545168729288,12.55751156164119,9.228190758528436,14.3892309301163,18.73580399062456
2018-09-17 04:30:00.000000,0.33,11.90515583116316,12.55725951745003,9.227955178430843,14.38900612344696,18.7355355303201
2018-09-17 04:45:00.000003,0.33,11.90486087082081,12.55700884167702,9.227720280218662,14.38878283648586,18.73526839322433
2018-09-17 04:59:59.999997,0.33,11.90456665055539,12.55675925878448,9.227485975196801,14.3885607485633,18.73500231157834
2018-09-17 05:15:00.000000,0.33,11.90427305866013,12.55651056403059,9.227252192009352,14.38833962010756,18.7347370826176
2018-09-17 05:30:00.000003,0.33,11.90398000490113,12.55626259686326,9.227018879333444,14.38811926608805,18.73447254782716
2018-09-17 05:44:59.999997,0.33,11.90368742370581,12.55601523667993,9.226785995121258,14.38789954631684,18.73420858539113
2018-09-17 06:00:00.000000,0.33,11.90339526066653,12.55576838699841,9.226553508807024,14.38768035031838,18.73394509829803
2018-09-17 06:15:00.000003,0.33,11.90310347601992,12.55552197458719,9.226321394625918,14.38746159325171,18.73368201101581
2018-09-17 06:29:59.999997,0.33,11.90281203599759,12.55527593982547,9.226089633628208,14.38724320706551,18.73341926240016
2018-09-17 06:45:00.000000,0.33,11.90252091572482,12.55503023696207,9.225858209422707,14.38702513880491,18.7331568042263
2018-09-17 07:00:00.000003,0.33,11.90223009364059,12.55478482814487,9.225627109765922,14.38680734530331,18.73289459686906
2018-09-17 07:14:59.999997,0.33,11.90193955371312,12.55453968402113,9.225396323838536,14.38658979256375,18.73263260869986
2018-09-17 07:30:00.000000,0.33,11.90164928179833,12.55429477994727,9.225165843397086,14.38637245246258,18.73237081337466
2018-09-17 07:45:00.000003,0.33,11.90135926724261,12.55405009658348,9.22493566101693,14.38615530256923,18.73210918960491
2018-09-17 07:59:59.999997,0.33,11.90106950051014,12.55380561748184,9.224705770905398,14.38593832408452,18.73184771944489
2018-09-17 08:15:00.000000,0.33,11.90077997547457,12.55356133228736,9.224476169085092,14.38572150476062,18.73158639036578
2018-09-17 08:30:00.000003,0.33,11.90049068513385,12.55331722809123,9.224246849629804,14.38550482904222,18.73132518788113
2018-09-17 08:44:59.999997,0.33,11.90020162469485,12.55307329690129,9.224017809221895,14.38528828723633,18.73106410226704
2018-09-17 09:00:00.000000,0.33,11.89991278973076,12.55282953147883,9.223789044895003,14.38507187098009,18.7308031250767
2018-09-17 09:15:00.000003,0.33,11.89962417668351,12.55258592565113,9.223560553673527,14.38485557318799,18.73054224913059
2018-09-17 09:29:59.999997,0.33,11.89933578197932,12.55234247357878,9.223332333012461,14.38463938740817,18.73028146797211
2018-09-17 09:45:00.000000,0.33,11.89904760266906,12.55209917025987,9.223104380383804,14.38442330807322,18.73002077602971
2018-09-17 10:00:00.000003,0.33,11.89875963588872,12.55185601109857,9.22287669358063,14.38420733015721,18.72976016831194
2018-09-17 10:14:59.999997,0.33,11.8984718792676,12.55161299220485,9.222649270446086,14.38399144934329,18.72949964051615
2018-09-17 10:30:00.000000,0.33,11.89818433055233,12.55137011006769,9.22242210906584,14.38377566177646,18.72923918881228
2018-09-17 10:45:00.000003,0.33,11.89789698785787,12.55112736172003,9.222195207584862,14.38355996415314,18.7289788098993
2018-09-17 10:59:59.999997,0.33,11.89760984940642,12.55088474449754,9.221968564325799,14.38334435353524,18.72871850084508
2018-09-17 11:15:00.000000,0.33,11.89732291368187,12.55064225612901,9.221742177664458,14.38312882739205,18.72845825911041
2018-09-17 11:30:00.000003,0.33,11.89703617925655,12.55039989457326,9.221516046105386,14.38291338347272,18.72819808243924
2018-09-17 11:44:59.999997,0.33,11.89674964504921,12.55015765846009,9.221290168406552,14.38269802026481,18.72793796919933
2018-09-17 12:00:00.000000,0.33,11.89646330994058,12.54991554609756,9.221064542948382,14.38248273573226,18.72767791738263
2018-09-17 12:15:00.000003,0.33,11.89617568010308,12.54967164634815,9.220839185393718,14.3822658286901,18.72741659203408
2018-09-17 12:29:59.999997,0.33,11.89589039701765,12.54943021692801,9.220613617251495,14.38205096657956,18.72715693342844
2018-09-17 12:45:00.000000,0.33,11.89561368681375,12.54920209806382,9.220392337335541,14.38184960808302,18.726907783598
2018-09-17 13:00:00.000003,0.33,11.89532633396084,12.54895929741927,9.220167635839774,14.38163360623416,18.72664652179885
2018-09-17 13:14:59.999997,0.33,11.89503968875154,12.548715832418,9.219942866378327,14.38141671880888,18.72638532295728
2018-09-17 13:30:00.000000,0.33,11.89476189543598,12.54848542232609,9.219721559604565,14.38121296088977,18.72613440528186
2018-09-17 13:45:00.000003,0.33,11.89447429345969,12.54824128042356,9.219497115136647,14.38099540847246,18.7258720905833
2018-09-17 13:59:59.999997,0.33,11.89418778754337,12.54799718157814,9.219272656913404,14.38077767673304,18.7256102951394
2018-09-17 14:15:00.000000,0.33,11.89391038668118,12.54776666401224,9.21905220272002,14.38057361285342,18.7253592111597
2018-09-17 14:30:00.000003,0.33,11.89362250998842,12.54752168713312,9.218828018327264,14.38035514277473,18.72509611604628
2018-09-17 14:44:59.999997,0.33,11.89333586082569,12.54727678279118,9.218604021072993,14.38013648006762,18.72483362296967
2018-09-17 15:00:00.000000,0.33,11.89305843042358,12.54704558167898,9.218383776138982,14.37993158919475,18.72458189608097
2018-09-17 15:15:00.000003,0.33,11.89277103993703,12.5468005930015,9.21816030290136,14.37971291116811,18.72431870086564
2018-09-17 15:29:59.999997,0.33,11.89248487655979,12.546555826111,9.217936932495713,14.37949422824264,18.72405619259403
2018-09-17 15:45:00.000000,0.33,11.8922079396306,12.54632481758654,9.217717367209506,14.37928937904887,18.72380449563184
2018-09-17 16:00:00.000003,0.33,11.8919210057616,12.54607999881272,9.217494550757138,14.37907073686717,18.72354131115507
2018-09-17 16:14:59.999997,0.33,11.89163532107641,12.54583542326667,9.217271848522355,14.37885210607885,18.72327883338432
2018-09-17 16:30:00.000000,0.33,11.89135886652457,12.54560460750115,9.217052918721489,14.37864730588566,18.72302716665609
2018-09-17 16:45:00.000003,0.33,11.89107248532491,12.54536008281179,9.216830800159803,14.37842881501103,18.72276409483939
2018-09-17 16:59:59.999997,0.33,11.89078737345151,12.54511584432036,9.216608785078856,14.37821037951527,18.7225017585739
2018-09-17 17:15:00.000000,0.33,11.8905114851093,12.54488536330877,9.21639057175075,14.37800576995967,18.72225023711684
2018-09-17 17:30:00.000003,0.33,11.89022560648958,12.54464110881616,9.216169123461539,14.37778742277624,18.72198725846718
2018-09-17 17:44:59.999997,0.33,11.88994100409177,12.54439713097387,9.215947785779493,14.37756911464778,18.72172501216277
2018-09-17 18:00:00.000000,0.33,11.88966561455044,12.54416688469357,9.215730202055315,14.37736460115446,18.72147355802606
2018-09-17 18:15:00.000003,0.33,11.88938031469043,12.54392297397118,9.215509454339571,14.37714645751416,18.72121073612356
2018-09-17 18:29:59.999997,0.33,11.88909630361789,12.54367937372673,9.215288800860423,14.37692838854144,18.72094866714363
2018-09-17 18:45:00.000000,0.33,11.88882149249186,12.54344949259236,9.21507193114091,14.37672409915516,18.72069738596923
2018-09-17 19:00:00.000003,0.33,11.88853670064683,12.54320587248399,9.214851844452799,14.37650612322337,18.72043467678282
2018-09-17 19:14:59.999997,0.33,11.88825320234263,12.54296254795056,9.214631859146387,14.37628819952232,18.72017271307529
2018-09-17 19:30:00.000000,0.33,11.88797889031435,12.54273291136781,9.2144156094566,14.37608401866532,18.71992151018311
2018-09-17 19:45:00.000003,0.33,11.88769467340935,12.54248963857683,9.21419621071432,14.37586625232625,18.71965896362403
2018-09-17 19:59:59.999997,0.33,11.88741175913383,12.54224668935186,9.213976896616083,14.37564856796518,18.71939717872012
2018-09-17 20:15:00.000000,0.33,11.88713801683971,12.54201741224528,9.213761341481186,14.37544460778442,18.71914614673182
2018-09-17 20:30:00.000003,0.33,11.88685431215858,12.54177443960187,9.213542593728455,14.37522701918064,18.71888372306483
2018-09-17 20:44:59.999997,0.33,11.88657032079637,12.54152987009487,9.213324043621743,14.37500781646528,18.71862071071394
2018-09-17 21:00:00.000000,0.33,11.88628898965333,12.54128800203929,9.21310516824348,14.37479088357063,18.71835955628461
2018-09-17 21:15:00.000003,0.33,11.8860168215273,12.54106035630897,9.212890641166936,14.37458830643068,18.71810955856527
2018-09-17 21:29:59.999997,0.33,11.8857344265404,12.54081884986524,9.212673074493342,14.37437201108488,18.71784807033142
2018-09-17 21:45:00.000000,0.33,11.88545318953198,12.54057742052699,9.2124555322559,14.37415555542389,18.71758717804256
2018-09-17 22:00:00.000003,0.33,11.88518095748406,12.54034936927689,9.212241627099118,14.3739525217116,18.71733682537937
2018-09-17 22:14:59.999997,0.33,11.88489879724026,12.54010764206653,9.212024559448105,14.37373588092541,18.71707510739438
2018-09-17 22:30:00.000000,0.33,11.88461789812878,12.53986615139253,9.211807529738406,14.37351922552576,18.71681408597787
2018-09-17 22:45:00.000003,0.33,11.88434607392151,12.53963818159073,9.211594221366827,14.37331613507482,18.71656371041832
2018-09-17 22:59:59.999997,0.33,11.8840642736516,12.53939648832013,9.21137769214256,14.37309940377779,18.71630192364064
2018-09-17 23:15:00.000000,0.33,11.88378376082673,12.53915506729007,9.211161233060272,14.37288268879233,18.71604086242067
2018-09-17 23:30:00.000003,0.33,11.88351234032253,12.53892719292973,9.210948463562644,14.37267956026814,18.71579046077434
2018-09-17 23:44:59.999997,0.33,11.88323102686905,12.53868571092492,9.21073254829974,14.37246290422014,18.7155287405256
2018-09-18 00:00:00.000000,0.33,11.88295102275752,12.5384445531817,9.210516693408787,14.3722463188918,18.71526777933585
2018-09-18 00:15:00.000003,0.33,11.97148172315669,12.58934871689792,10.25512665940763,14.42884215551144,18.7219099100012
2018-09-18 00:29:59.999997,0.33,11.99109505741669,12.60835106013417,10.29873882727494,14.45223194980039,18.72884022696564
2018-09-18 00:45:00.000000,0.33,11.99839187974463,12.61751448998416,10.30590708117887,14.46381442848789,18.73499342282308
2018-09-18 01:00:00.000003,0.33,12.00326322717567,12.6238239403532,10.30984337553786,14.47150098928214,18.7403413675646
2018-09-18 01:14:59.999997,0.33,12.00729372022261,12.62885076087082,10.31298444429454,14.47731605534009,18.74497802276723
2018-09-18 01:30:00.000000,0.33,12.01084194567859,12.63306171679664,10.31572821730177,14.48196717377326,18.74903347321573
2018-09-18 01:45:00.000003,0.33,12.01405754425452,12.63669223174549,10.31821886964544,14.48583126264253,18.75263969370637
2018-09-18 01:59:59.999997,0.33,12.01704023935724,12.63991160829092,10.3205402080626,14.48915974753332,18.75591735469649
2018-09-18 02:15:00.000000,0.33,12.01985438342012,12.64283231803186,10.32274476687707,14.49211558576052,18.75895370327352
2018-09-18 02:30:00.000003,0.33,12.02254428803669,12.64553241113491,10.32486650629673,14.49480658594321,18.76181174393933
2018-09-18 02:44:59.999997,0.33,12.02514929345629,12.64808100143803,10.32693159122481,14.4973180779469,18.76454651960912
2018-09-18 03:00:00.000000,0.33,12.02768789246022,12.65051185291011,10.32895446660267,14.49969492163171,18.76718573046044
2018-09-18 03:15:00.000003,0.33,12.03018307191131,12.65286520794712,10.33094844121951,14.50198280468796,18.76976141409094
2018-09-18 03:29:59.999997,0.33,12.03264123899607,12.6551535305136,10.33291947529064,14.50419877869328,18.77228404883964
2018-09-18 03:45:00.000000,0.33,12.03507712962624,12.65740237671722,10.33487514163716,14.50636999407891,18.77477373231074
2018-09-18 04:00:00.000003,0.33,12.03749236520918,12.6596157469811,10.33681788938904,14.50850265563153,18.77723409442405
2018-09-18 04:14:59.999997,0.33,12.03989205871232,12.66180200838523,10.33875020844959,14.51060602686378,18.77967205941198
2018-09-18 04:30:00.000000,0.33,12.04228050821386,12.66396930664771,10.34067478220864,14.5126887541384,18.78209407285332
2018-09-18 04:45:00.000003,0.33,12.04466287418694,12.66612669836191,10.34259420047394,14.51476005489331,18.78450706705748
2018-09-18 04:59:59.999997,0.33,12.04703589755594,12.66826891044642,10.34450762802207,14.51681569277897,18.78690749535942
2018-09-18 05:15:00.000000,0.33,12.04940603988031,12.67040686686002,10.34641763135208,14.51886612818998,18.78930378150702
2018-09-18 05:30:00.000003,0.33,12.05176922351016,12.67253395119781,10.34832304450756,14.52090562887067,18.7916911765589
2018-09-18 05:44:59.999997,0.33,12.05413123944429,12.6746599059078,10.35022606154327,14.52294335815244,18.7940771117309
2018-09-18 06:00:00.000000,0.33,12.05648765608598,12.67677744683412,10.35212527854193,14.52497283625061,18.79645629034913
2018-09-18 06:15:00.000003,0.33,12.0588443123732,12.67889636060558,10.35402288056982,14.52700310084567,18.79883600099305
2018-09-18 06:29:59.999997,0.33,12.06119827641811,12.68101203798215,10.35591806663716,14.5290301188214,18.80121286515696
2018-09-18 06:45:00.000000,0.33,12.06354774959906,12.68312114828168,10.35780982302127,14.5310508763094,18.80358477672767
2018-09-18 07:00:00.000003,0.33,12.06589792315688,12.68523250073763,10.35970037297083,14.5330734431662,18.80595810248479
2018-09-18 07:14:59.999997,0.33,12.06824596316288,12.68734157712149,10.36158879652951,14.5350938423077,18.80832950072247
2018-09-18 07:30:00.000000,0.33,12.07059027354838,12.68944540112232,10.36347420911068,14.53710938688428,18.81069709011735
2018-09-18 07:45:00.000003,0.33,12.07293300746156,12.69154763426593,10.36535755441216,14.53912337323195,18.81306355595659
2018-09-18 07:59:59.999997,0.33,12.07528017495597,12.69365811138119,10.36724419264036,14.54115845571681,18.81545119919332
2018-09-18 08:15:00.000000,0.33,12.07762833589907,12.69577161199808,10.36913242646935,14.5432056009265,18.81784807087434
2018-09-18 08:30:00.000003,0.33,12.0799749425887,12.6978837480299,10.3710177908165,14.54524662793171,18.82023778657947
2018-09-18 08:44:59.999997,0.33,12.08231946245983,12.69999387785221,10.37289981066725,14.54727993363187,18.82262016783378
2018-09-18 09:00:00.000000,0.33,12.08466387061169,12.70210521846004,10.37477964966175,14.54931057452897,18.82499993972435
2018-09-18 09:15:00.000003,0.33,12.08700601118101,12.70421406091006,10.37665691230915,14.55133679808399,18.82737596516774
2018-09-18 09:29:59.999997,0.33,12.08934569505593,12.70631996488076,10.37853153843584,14.55335916560227,18.8297489846992
2018-09-18 09:45:00.000000,0.33,12.09168293454883,12.70842289173285,10.38040363864526,14.55537814147206,18.83211946108543
2018-09-18 10:00:00.000003,0.33,12.0940166730346,12.7105209550804,10.38227276309096,14.55739226776962,18.83448628647449
2018-09-18 10:14:59.999997,0.33,12.09634835482993,12.71261659378887,10.38413967823323,14.55940388585147,18.8368513418979
2018-09-18 10:30:00.000000,0.33,12.09868150489469,12.71471589972428,10.38600579144672,14.56141873023532,18.83921892619355
2018-09-18 10:45:00.000003,0.33,12.10101150452728,12.71681125500979,10.38786952664727,14.56342999600743,18.84158361160493
2018-09-18 10:59:59.999997,0.33,12.10334004099216,12.71890520267919,10.38973132214405,14.56543995060814,18.84394742593199
2018-09-18 11:15:00.000000,0.33,12.10566708911386,12.72099786022762,10.39159129362574,14.56744873299538,18.84631039600684
2018-09-18 11:30:00.000003,0.33,12.10799584643068,12.72309459424372,10.39345070276195,14.5694613037224,18.84867630293735
2018-09-18 11:44:59.999997,0.33,12.11032080847966,12.7251862868298,10.39530750139731,14.57146944347454,18.85103869360535
2018-09-18 12:00:00.000000,0.33,12.11264438127894,12.7272766836675,10.39716242399239,14.57347643316995,18.85340040500108
2018-09-18 12:15:00.000003,0.33,12.11496973673286,12.72937132152905,10.39901684837467,14.57548723742799,18.85576502890732
2018-09-18 12:29:59.999997,0.33,12.11729374837479,12.73146520215454,10.40086973539871,14.57749724782607,18.85812879589776
2018-09-18 12:45:00.000000,0.33,12.11961677972927,12.73355872639425,10.40272100866975,14.57950675665073,18.860492235012
2018-09-18 13:00:00.000003,0.33,12.12193818973348,12.73565111466162,10.4045699445092,14.58151518301094,18.86285505596542
2018-09-18 13:14:59.999997,0.33,12.12425781294884,12.73774129989746,10.40641649606573,14.58352168526032,18.86521648302055
2018-09-18 13:30:00.000000,0.33,12.12657637332643,12.73983101630164,10.40826143148113,14.58552790202844,18.86757779009388
2018-09-18 13:45:00.000003,0.33,12.12889357035938,12.7419196276561,10.41010474869221,14.58753331989084,18.8699385027218
2018-09-18 13:59:59.999997,0.33,12.13121228608774,12.74401192885894,10.41194752431365,14.58954239410002,18.87230205478489
2018-09-18 14:15:00.000000,0.33,12.13352958358454,12.74610314688537,10.41378887395324,14.59155075707539,18.87466491512271
2018-09-18 14:30:00.000003,0.33,12.13584550464498,12.74819330503424,10.41562851903497,14.59355805984051,18.87702688739298
2018-09-18 14:44:59.999997,0.33,12.13816062607087,12.75028342283463,10.41746668171272,14.59556481964707,18.87938819412663
2018-09-18 15:00:00.000000,0.33,12.14047521287809,12.75237396387522,10.41930351011838,14.59757144909781,18.88174905865401
2018-09-18 15:15:00.000003,0.33,12.14278825367022,12.75446325946644,10.42113867130947,14.59957676305334,18.88410869240579
2018-09-18 15:29:59.999997,0.33,12.14509939294972,12.75655014379884,10.42297174050418,14.60157997411401,18.88646667703543
2018-09-18 15:45:00.000000,0.33,12.14740922331818,12.7586359895966,10.42480328659157,14.6035825356777,18.88882430380206
2018-09-18 16:00:00.000003,0.33,12.14972044101417,12.76072527779514,10.42663447521131,14.60558913647646,18.89118510757913
2018-09-18 16:14:59.999997,0.33,12.15202820966408,12.76280995597824,10.42846331076162,14.60759224898953,18.89354332602095
2018-09-18 16:30:00.000000,0.33,12.15433425577645,12.76489262442234,10.43029025365284,14.6095937999564,18.89590077377257
2018-09-18 16:45:00.000003,0.33,12.15663816513844,12.76697302731128,10.43211530755143,14.61159358928422,18.89825720872175
2018-09-18 16:59:59.999997,0.33,12.15894237510696,12.76905582965061,10.43393950167357,14.61359607896849,18.90061603080146
2018-09-18 17:15:00.000000,0.33,12.16124222584306,12.77113302288047,10.43576108338053,14.61559393702229,18.90297139954335
2018-09-18 17:30:00.000003,0.33,12.16354253618721,12.77321257849177,10.43758186202802,14.6175943013929,18.90532900968767
2018-09-18 17:44:59.999997,0.33,12.16584049254521,12.77528996889885,10.43940085279015,14.61959311075224,18.90768546504919
2018-09-18 18:00:00.000000,0.33,12.16813465661318,12.77736250028049,10.44121721146507,14.62158787288068,18.91003899673314
2018-09-18 18:15:00.000003,0.33,12.17043060538593,12.7794397136739,10.44303434186659,14.6235874853077,18.91239451640254
2018-09-18 18:29:59.999997,0.33,12.17272461918587,12.78151544569779,10.44485012230666,14.6255863760121,18.91474820766938
2018-09-18 18:45:00.000000,0.33,12.17501919027036,12.78359374706111,10.44666512517492,14.62758786609027,18.91710410426055
2018-09-18 19:00:00.000003,0.33,12.17731144449529,12.7856698908493,10.44847804550372,14.62958756541134,18.91945918723133
2018-09-18 19:14:59.999997,0.33,12.17960131573022,12.78774357616563,10.45028875238199,14.63158510880028,18.92181334045186
2018-09-18 19:30:00.000000,0.33,12.1818896230028,12.78981614138654,10.45209771298743,14.63358156740948,18.92416715292414
2018-09-18 19:45:00.000003,0.33,12.18417553600363,12.79188640073125,10.45390466168387,14.63557592392135,18.92651968400165
2018-09-18 19:59:59.999997,0.33,12.18645880379472,12.7939535113806,10.45570931340572,14.63756740416607,18.92887020626095
2018-09-18 20:15:00.000000,0.33,12.1887405587617,12.79601966038645,10.45751243990605,14.63955809094455,18.93122031203898
2018-09-18 20:30:00.000003,0.33,12.1910231312539,12.79808878166419,10.45931500990707,14.64155175858267,18.93357280934823
2018-09-18 20:44:59.999997,0.33,12.19330405202374,12.80015672765763,10.46111618057899,14.6435447895136,18.93592478481694
2018-09-18 21:00:00.000000,0.33,12.1955814033413,12.80222005905553,10.46291487996914,14.64553415318871,18.93827411809386
2018-09-18 21:15:00.000003,0.33,12.19785688237951,12.80428152236209,10.46471184952384,14.64752221356596,18.94062275004749
2018-09-18 21:29:59.999997,0.33,12.2001327011332,12.80634507394913,10.46650810500724,14.64951258643592,18.94297334042002
2018-09-18 21:45:00.000000,0.33,12.20240468275442,12.80840359370901,10.46830193530015,14.65149880744196,18.94532076828624
2018-09-18 22:00:00.000003,0.33,12.20467712619328,12.81046428936816,10.47009500177364,14.65348735626122,18.94767024683745
2018-09-18 22:14:59.999997,0.33,12.20694578010687,12.8125200285471,10.47188566812722,14.65547175815868,18.95001654070031
2018-09-18 22:30:00.000000,0.33,12.20921497000586,12.8145780560812,10.47367560292319,14.65745852966869,18.95236488898976
2018-09-18 22:45:00.000003,0.33,12.21148045838981,12.81663126808282,10.47546317549826,14.65944123388996,18.95471008526493
2018-09-18 22:59:59.999997,0.33,12.21374653685623,12.81868686024871,10.4772500496792,14.66142635636517,18.95705734794156
2018-09-18 23:15:00.000000,0.33,12.21600898834454,12.82073775257509,10.47903459565691,14.66340748658791,18.95940149573488
2018-09-18 23:30:00.000003,0.33,12.21873922152774,12.82322529756163,10.48087799799333,14.66546398374502,18.96176421744181
2018-09-18 23:44:59.999997,0.33,12.2211283131054,12.82543437334436,10.48269024759116,14.66749923566272,18.96412635397819
2018-09-19 00:00:00.000000,0.33,12.22342937446782,12.8275436986323,10.48448500278471,14.66951213440029,18.96648375599981
2018-09-19 00:15:00.000003,0.33,12.13816598129356,12.78010287379884,9.444696387010945,14.61769533746477,18.96325915063358
2018-09-19 00:29:59.999997,0.33,12.12218623718642,12.76563662882307,9.404211478003548,14.60063435206579,18.96078682902456
2018-09-19 00:45:00.000000,0.33,12.11856017347094,12.76117273604577,9.400006317798868,14.5952984650501,18.95931563691783
2018-09-19 01:00:00.000003,0.33,12.11714828225136,12.75921862498227,9.398769481218324,14.59306068813458,18.95837213756601
2018-09-19 01:14:59.999997,0.33,12.11628567877212,12.75804497977704,9.398046573468056,14.5918056186724,18.9576988139896
2018-09-19 01:30:00.000000,0.33,12.1156294843831,12.75720684115177,9.397487001284464,14.59096666199621,18.95717759462262
2018-09-19 01:45:00.000003,0.33,12.11506765503635,12.7565453588616,9.397003146552745,14.59034540269899,18.95674852113782
2018-09-19 01:59:59.999997,0.33,12.11455729523847,12.75599482244155,9.396584719461512,14.58987339131521,18.9563809012051
2018-09-19 02:15:00.000000,0.33,12.11411813135833,12.75555391823014,9.39628760447213,14.58956887215065,18.95606405929987
2018-09-19 02:30:00.000003,0.33,12.11369338091542,12.75515542255196,9.39592622608927,14.58926616445006,18.95577217888298
2018-09-19 02:44:59.999997,0.33,12.11328134131933,12.75478685820462,9.395554727920485,14.58897352724705,18.95549574772381
2018-09-19 03:00:00.000000,0.33,12.11288193665396,12.75444297674335,9.395187405330137,14.58869788403062,18.95523029279153
2018-09-19 03:15:00.000003,0.33,12.11249117323843,12.75411524959611,9.394825114528762,14.58843477828873,18.95497074763249
2018-09-19 03:29:59.999997,0.33,12.11210850793469,12.75380184272385,9.394467422612438,14.58818344187526,18.95471666331296
2018-09-19 03:45:00.000000,0.33,12.11173247710161,12.75350007780394,9.394113843997696,14.58794187252243,18.95446703976715
2018-09-19 04:00:00.000003,0.33,12.11136243277674,12.75320852702506,9.393763783563186,14.58770902774335,18.95422169428434
2018-09-19 04:14:59.999997,0.33,12.11099361075157,12.75291958923837,9.393415627763515,14.58747802576851,18.9539760039436
2018-09-19 04:30:00.000000,0.33,12.11062901233359,12.75263696348391,9.393069538327659,14.58725233064368,18.95373313843976
2018-09-19 04:45:00.000003,0.33,12.11026540283652,12.75235629621341,9.39272507723194,14.58702811871149,18.95349027110521
2018-09-19 04:59:59.999997,0.33,12.10990023529862,12.75207297143706,9.392380852156544,14.58680095158045,18.95324446204238
2018-09-19 05:15:00.000000,0.33,12.10953945135634,12.75179581595144,9.39203837283236,14.58657921928885,18.95300229589319
2018-09-19 05:30:00.000003,0.33,12.10917601280383,12.75151477700205,9.391696145239301,14.58635320871502,18.95275610587592
2018-09-19 05:44:59.999997,0.33,12.10881374939151,12.7512347782916,9.391354434345425,14.58612749625697,18.95250982180616
2018-09-19 06:00:00.000000,0.33,12.10845308589702,12.75095709370306,9.391013887191502,14.58590355742746,18.9522644329565
2018-09-19 06:15:00.000003,0.33,12.10809435403095,12.75068204958434,9.39067473585666,14.5856818356501,18.95202030342667
2018-09-19 06:29:59.999997,0.33,12.1077327405974,12.75040252101607,9.390335544676066,14.58545559674438,18.95177233235588
2018-09-19 06:45:00.000000,0.33,12.10737246700693,12.75012424087569,9.389996938446814,14.58523024709975,18.95152491417662
2018-09-19 07:00:00.000003,0.33,12.10701447908651,12.74984921638376,9.389659709996227,14.58500783456604,18.95127940368373
2018-09-19 07:14:59.999997,0.33,12.10665392781371,12.74957017035384,9.389322637782406,14.58478143651713,18.95103048315571
2018-09-19 07:30:00.000000,0.33,12.10629643062571,12.74929505859859,9.388986673336888,14.58455858375519,18.95078417156153
2018-09-19 07:45:00.000003,0.33,12.10593708653617,12.74901718708527,9.388651156762036,14.58433299089233,18.95053538497426
2018-09-19 07:59:59.999997,0.33,12.10557961843702,12.74874149113519,9.388316600613237,14.5841092907842,18.95028791519348
2018-09-19 08:15:00.000000,0.33,12.10522073715245,12.7484634419653,9.387982233433288,14.58388319618806,18.95003834009056
2018-09-19 08:30:00.000003,0.33,12.10486184866154,12.74818478318479,9.387648490303665,14.58365638259546,18.94978794212941
2018-09-19 08:44:59.999997,0.33,12.10450543481096,12.74790923773798,9.387315601449565,14.58343235450102,18.94953943059716
2018-09-19 09:00:00.000000,0.33,12.10414586279684,12.74762895539673,9.386982897199173,14.58320373442093,18.94928703764766
2018-09-19 09:15:00.000003,0.33,12.1037875834415,12.74734980982664,9.38665068703377,14.58297598496425,18.9490352797281
2018-09-19 09:29:59.999997,0.33,12.10343155890051,12.74707384438462,9.386319788955737,14.58275116378159,18.94878551820494
2018-09-19 09:45:00.000000,0.33,12.10307371022005,12.74679513141682,9.385989290352606,14.58252364338661,18.94853339670312
2018-09-19 10:00:00.000003,0.33,12.10271773549507,12.74651858126356,9.385659701934669,14.58229802712799,18.94828265681139
2018-09-19 10:14:59.999997,0.33,12.10236030870288,12.74623964699927,9.385330293290691,14.58207000254871,18.94802984804252
2018-09-19 10:30:00.000000,0.33,12.10200302956587,12.74596036124839,9.385001523075406,14.58184150126393,18.9477765826198
2018-09-19 10:45:00.000003,0.33,12.10164650649926,12.74568164440357,9.384673105155992,14.58161333586075,18.94752345690247
2018-09-19 10:59:59.999997,0.33,12.1012916184463,12.74540528789071,9.384346082591852,14.58138736762596,18.94727177621644
2018-09-19 11:15:00.000000,0.33,12.10093528385293,12.74512656660767,9.384019224996594,14.58115902637394,18.94701805776705
2018-09-19 11:30:00.000003,0.33,12.10057859000744,12.74484654583183,9.383692653293359,14.58092925153885,18.94676318247794
2018-09-19 11:44:59.999997,0.33,12.10022465654851,12.74457039444633,9.383367323558899,14.58070305086177,18.94651091089632
2018-09-19 12:00:00.000000,0.33,12.09986829552727,12.74429052762697,9.38304221481042,14.58047320506927,18.94625555933646
2018-09-19 12:15:00.000003,0.33,12.09951251864907,12.7440108006373,9.382717324994521,14.58024317691732,18.94600018376591
2018-09-19 12:29:59.999997,0.33,12.09915810486599,12.74373299408878,9.38239351159511,14.58001479067346,18.94574600962745
2018-09-19 12:45:00.000000,0.33,12.09880379129094,12.74345500269511,9.382070099310939,14.57978599590254,18.94549142639305
2018-09-19 13:00:00.000003,0.33,12.09844921627102,12.74317631203373,9.381747408699356,14.57955642325703,18.94523614366558
2018-09-19 13:14:59.999997,0.33,12.09809708986557,12.74290077433583,9.381425536452676,14.57932967004722,18.94498295222464
2018-09-19 13:30:00.000000,0.33,12.09774199767078,12.74262083641865,9.381103873024896,14.57909856311919,18.94472610992099
2018-09-19 13:45:00.000003,0.33,12.09738753446165,12.74234099578755,9.380782335047424,14.57886709793994,18.94446892503181
2018-09-19 13:59:59.999997,0.33,12.09703387342544,12.74206206025615,9.380461575200727,14.57863617830587,18.94421193606935
2018-09-19 14:15:00.000000,0.33,12.09668239530579,12.74178621777916,9.380141969255977,14.57840801544498,18.94395684017142
2018-09-19 14:30:00.000003,0.33,12.0963291115921,12.74150769455374,9.379822748975409,14.57817716389205,18.9436994464096
2018-09-19 14:44:59.999997,0.33,12.09597767574168,12.74123128378462,9.379504326235091,14.57794817002225,18.94344343524417
2018-09-19 15:00:00.000000,0.33,12.09562471337794,12.74095243905159,9.379186064982703,14.5777167142115,18.9431853590565
2018-09-19 15:15:00.000003,0.33,12.09527389351923,12.74067608657713,9.378868686849893,14.57748750052987,18.942928968196
2018-09-19 15:29:59.999997,0.33,12.09492066276764,12.74039615437053,9.378551526155375,14.57725480396549,18.94266969782984
2018-09-19 15:45:00.000000,0.33,12.09457007725955,12.7401194837001,9.37823511766926,14.57702505926759,18.94241268902022
2018-09-19 16:00:00.000003,0.33,12.09421796907999,12.73984056278917,9.377919190440302,14.57679310304975,18.94215376404967
2018-09-19 16:14:59.999997,0.33,12.09386786363923,12.73956407016535,9.377604153315168,14.57656336210009,18.94189648657356
2018-09-19 16:30:00.000000,0.33,12.09351632994337,12.73928532847871,9.377289324579753,14.57633137024169,18.9416373066703
2018-09-19 16:45:00.000003,0.33,12.0931649638092,12.7390063246585,9.376975092718865,14.57609904933242,18.94137783470803
2018-09-19 16:59:59.999997,0.33,12.09281626731299,12.73873067401025,9.37666158053681,14.57586975558998,18.94112060093911
2018-09-19 17:15:00.000000,0.33,12.0924649152508,12.73845131409718,9.376348517294298,14.57563668414349,18.94085556288488
2018-09-19 17:30:00.000003,0.33,12.09211612722497,12.73817507284008,9.376036109689716,14.57540625586416,18.94059137661706
2018-09-19 17:44:59.999997,0.33,12.0917650159502,12.73789527189662,9.375723900608406,14.57517227091761,18.94032406601265
2018-09-19 18:00:00.000000,0.33,12.0914167652214,12.73761914227083,9.375412577095737,14.57494161202837,18.94005928472728
2018-09-19 18:15:00.000003,0.33,12.09106698852598,12.73734081249948,9.375101719771301,14.57470878291904,18.93979269489202
2018-09-19 18:29:59.999997,0.33,12.09071912354454,12.73706474188161,9.374791669853883,14.57447800518992,18.93952770448848
2018-09-19 18:45:00.000000,0.33,12.09036977237521,12.73678637976044,9.374481835287447,14.57424494609326,18.93926089333707
2018-09-19 19:00:00.000003,0.33,12.09002255590567,12.73651051115517,9.374172820848854,14.57401415503114,18.93899586343925
2018-09-19 19:14:59.999997,0.33,12.08967316618169,12.73623146168319,9.373864068251311,14.57378029010896,18.93872840282377
2018-09-19 19:30:00.000000,0.33,12.08932641631649,12.73595565273636,9.373556036126313,14.57354936852373,18.93846324354021
2018-09-19 19:45:00.000003,0.33,12.08897971561208,12.73567995708778,9.373248883354464,14.57331853911828,18.93819802703067
2018-09-19 19:59:59.999997,0.33,12.0886313794174,12.73540165288379,9.372941864966137,14.57308514512385,18.9379308485355
2018-09-19 20:15:00.000000,0.33,12.08828519351134,12.73512582347498,9.372635572341153,14.5728539907745,18.93766543229829
2018-09-19 20:30:00.000003,0.33,12.08793754320428,12.73484780103214,9.37232953646199,14.57262070893191,18.93739831046712
2018-09-19 20:44:59.999997,0.33,12.08759208746092,12.73457236214175,9.372024304977412,14.57238980871625,18.93713306252306
2018-09-19 21:00:00.000000,0.33,12.08724489102102,12.73429451385827,9.371719451799528,14.57215658982955,18.93686594570987
2018-09-19 21:15:00.000003,0.33,12.08689985120549,12.73401914609973,9.371415317161294,14.57192562837125,18.93660061099483
2018-09-19 21:29:59.999997,0.33,12.08655327424328,12.73374157070821,9.371111513045529,14.57169250713011,18.93633352872817
2018-09-19 21:45:00.000000,0.33,12.08620889927159,12.73346656021726,9.37080846459356,14.57146172355645,18.9360682827977
2018-09-19 22:00:00.000003,0.33,12.08586236491337,12.73318839800715,9.370505679854588,14.57122790705625,18.93580063531699
2018-09-19 22:14:59.999997,0.33,12.08551855300129,12.73291363182098,9.370203592557878,14.57099718186274,18.93553539928652
2018-09-19 22:30:00.000000,0.33,12.08517486919686,12.73263910512152,9.369902397970296,14.57076667581599,18.93527020156192
2018-09-19 22:45:00.000003,0.33,12.084831257632,12.73236445730802,9.369601737234765,14.57053600030484,18.93500485208278
2018-09-19 22:59:59.999997,0.33,12.08448775374189,12.73208966106582,9.369301544838834,14.57030510952103,18.93473932917344
2018-09-19 23:15:00.000000,0.33,12.08414282764976,12.73181262700018,9.369001638977252,14.57007205527081,18.93447215186431
2018-09-19 23:30:00.000003,0.33,12.08380039208101,12.73153827854984,9.368702072487682,14.56984131495189,18.93420679018105
2018-09-19 23:44:59.999997,0.33,12.08345566306554,12.73126095727708,9.368403176585595,14.56960782315795,18.93393922509121
2018-09-20 00:00:00.000000,0.33,12.08311397170988,12.7309870771009,9.368104605887059,14.56937736405118,18.93367404424849
2018-09-20 00:15:00.000003,-2.090202226827971,11.95134829399611,12.61197218514936,9.054094852624747,14.4906185038879,18.92629068797687
2018-09-20 00:29:59.999997,-2.297589633611254,11.8914413518088,12.53594123775232,8.97640475144893,14.43135951748034,18.91622400267733
2018-09-20 00:45:00.000000,-2.475566642811962,11.85404999771147,12.48234624785667,8.932639954035507,14.38750153499225,18.90577183305982
2018-09-20 01:00:00.000003,-2.61252054993246,11.82592068871029,12.4406223274182,8.900837179502487,14.35280224625544,18.89588092639493
2018-09-20 01:14:59.999997,-2.712456818445417,11.80391767229276,12.40750886094288,8.876869310916979,14.32492209722741,18.88699766901893
2018-09-20 01:30:00.000000,-2.759858567062155,11.78789071624127,12.38247286517022,8.861703984948312,14.303397989588,18.87936241694528
2018-09-20 01:45:00.000003,-2.755337086426081,11.77766721468639,12.36516508905786,8.85522966336273,14.28796682866798,18.87308318041079
2018-09-20 01:59:59.999997,-2.695634182298652,11.77325915112519,12.35545091716121,8.85773471711553,14.27850944528725,18.86820414200187
2018-09-20 02:15:00.000000,-2.571114968237258,11.77507901115342,12.35361851995236,8.870362102973283,14.2751973330897,18.86476029162527
2018-09-20 02:30:00.000003,-2.396467949987233,11.78255218615719,12.35916095916321,8.891520218360494,14.27769701818351,18.86274339838439
2018-09-20 02:44:59.999997,-2.170414847559233,11.79552730227067,12.37184091233293,8.921129290711841,14.28581055356642,18.86213088907495
2018-09-20 03:00:00.000000,-1.922311649230351,11.81245053091335,12.39014620338906,8.955594807862154,14.29851749524652,18.86281754030771
2018-09-20 03:15:00.000003,-1.647739871804858,11.83302314926835,12.41352029240755,8.994893850579949,14.31529319561523,18.86469371833435
2018-09-20 03:29:59.999997,-1.37190108503778,11.8557356074223,12.44034440519111,9.03588247504103,14.33500627155376,18.86758593184874
2018-09-20 03:45:00.000000,-1.088557147376077,11.88202326139288,12.47100315761557,9.081691466231183,14.35744342489746,18.87136019026641
2018-09-20 04:00:00.000003,-0.7956772059562028,11.90999601302291,12.50416762890669,9.129328504109369,14.38198394518608,18.87587352679663
2018-09-20 04:14:59.999997,-0.5107421201639913,11.93867251883291,12.53876104856972,9.177015983851916,14.40803898313886,18.88098863265132
2018-09-20 04:30:00.000000,-0.2176519098738355,11.96849185536136,12.57491757946741,9.226373127206896,14.43557160568789,18.88661360254352
2018-09-20 04:45:00.000003,0.06477707276447263,11.99861700050092,12.61175730586601,9.277162034517216,14.46428774722815,18.89265798457492
2018-09-20 04:59:59.999997,0.3628006541927769,12.02989794363585,12.64985610107203,9.330336103402598,14.49409173325054,18.89904341720969
2018-09-20 05:15:00.000000,0.6446966385609868,12.06053207104627,12.68768988850744,9.379890526157912,14.52345804338784,18.90559633917836
2018-09-20 05:30:00.000003,0.9394299127897676,12.09180727153119,12.72614907162005,9.430797770255582,14.55315997749823,18.91229888220401
2018-09-20 05:44:59.999997,1.214664159905211,12.12255317004081,12.7642548434314,9.479615171782275,14.58262225078774,18.9190838777931
2018-09-20 06:00:00.000000,1.494289194164012,12.15335403310609,12.80235895070497,9.52873519913798,14.61207545219658,18.92592425339101
2018-09-20 06:15:00.000003,1.748223282856497,12.18273997102959,12.83917328269551,9.574517922661544,14.64070365974824,18.93272899914035
2018-09-20 06:29:59.999997,1.976362116950876,12.21015708257974,12.87397141724341,9.616347465962065,14.66793757920314,18.93938940000665
2018-09-20 06:45:00.000000,2.164952037203593,12.23455720788636,12.9056225708936,9.652200217072153,14.69295950245926,18.94576391461496
2018-09-20 07:00:00.000003,2.318151643275543,12.25575676424511,12.93369774347019,9.682237389188202,14.71535983534793,18.95172624871664
2018-09-20 07:14:59.999997,2.417953385047004,12.27251241773703,12.95691142328416,9.703950481344435,14.73424554016242,18.95711589214077
2018-09-20 07:30:00.000000,2.47574143558449,12.2849552445557,12.97508770067007,9.71837516818372,14.74937397406456,18.9618093761837
2018-09-20 07:45:00.000003,2.478881909691755,12.2923090998775,12.98740873697443,9.723878697233568,14.76015532058633,18.96567490769071
2018-09-20 07:59:59.999997,2.427726148923206,12.29424454562059,12.99337969138308,9.720187220051448,14.76617761800469,18.96859319349959
2018-09-20 08:15:00.000000,2.315297189336752,12.29017356738263,12.99232622307333,9.706239706932834,14.76693061610517,18.97044143442175
2018-09-20 08:30:00.000003,2.151897429475775,12.28041226704939,12.98435820102634,9.683175425249681,14.76239968222269,18.97113935348284
2018-09-20 08:44:59.999997,1.949778684142197,12.26574205815083,12.97014951186374,9.652750627776646,14.75298493482769,18.97067545895431
2018-09-20 09:00:00.000000,1.709625021317436,12.24644700126745,12.95005480032072,9.615329195716953,14.73894968280763,18.96906279615374
2018-09-20 09:15:00.000003,1.448672569395711,12.22362530518544,12.92514570247086,9.573296812797576,14.72102370275607,18.96637568501261
2018-09-20 09:29:59.999997,1.174537082007605,12.19814469090892,12.89642215375566,9.528097516102848,14.69994547193435,18.96272670669119
2018-09-20 09:45:00.000000,0.8900575148014164,12.17056825721712,12.86463772617322,9.48044454601405,14.67630284845935,18.95823873347603
2018-09-20 10:00:00.000003,0.6003977250988706,12.14160703324647,12.830634388741,9.431341427394859,14.65070101966612,18.95304413325668
2018-09-20 10:14:59.999997,0.3060046341965857,12.11150913046644,12.79486195393217,9.381018340018963,14.62354619920251,18.94726254773204
2018-09-20 10:30:00.000000,0.02209620127765583,12.08125950679244,12.75836798131948,9.331569893816495,14.59561066088053,18.94103894616089
2018-09-20 10:45:00.000003,-0.2588341992565689,12.05086560503169,12.72141560436912,9.282401349257844,14.56718174074386,18.93449016395615
2018-09-20 10:59:59.999997,-0.5321619554606931,12.02067515203611,12.68444624445243,9.234130665154195,14.53861214679551,18.92772217123852
2018-09-20 11:15:00.000000,-0.8049350758811257,11.99048038476527,12.64740930596089,9.185975615513216,14.5099339481471,18.92080510871003
2018-09-20 11:30:00.000003,-1.070337786840965,11.96063864590563,12.61065941283534,9.138767135358561,14.48140115829153,18.91380659426598
2018-09-20 11:44:59.999997,-1.337500811014391,11.93086553993957,12.57400356983029,9.091566272201437,14.45291369208624,18.9067597108415
2018-09-20 12:00:00.000000,-1.592805246092662,11.9025792651631,12.53847706836943,9.047288142632784,14.42500768921454,18.89972969981734
2018-09-20 12:15:00.000003,-1.835607592340684,11.87579013655777,12.50431692333212,9.005732510856413,14.39794366367034,18.89277885059033
2018-09-20 12:29:59.999997,-2.060472110126259,11.85045976510711,12.47173797052468,8.966974361544208,14.3720040835166,18.88597285542322
2018-09-20 12:45:00.000000,-2.264918792380271,11.82689642691898,12.44115440310881,8.93192154472533,14.34769196836268,18.87939969642497
2018-09-20 13:00:00.000003,-2.439047189777622,11.80561495007657,12.41315211524067,8.901238179202092,14.32532446122966,18.87314052682687
2018-09-20 13:14:59.999997,-2.582549641981661,11.78687444369636,12.38812470030173,8.87512113147908,14.3051779579013,18.86727470113904
2018-09-20 13:30:00.000000,-2.685031638728592,11.77134227202081,12.36681152843479,8.854919055904523,14.28778537011288,18.86190467979467
2018-09-20 13:45:00.000003,-2.735223979893819,11.75986877826806,12.35016946834837,8.842252217231968,14.27385571956072,18.85715610767748
2018-09-20 13:59:59.999997,-2.737745441278064,11.75261954786359,12.33858472229145,8.836908338137395,14.26374404883673,18.85314626685038
2018-09-20 14:15:00.000000,-2.676330171463089,11.75054086592158,12.33307269268037,8.840907459807411,14.25818858985832,18.85001408318337
2018-09-20 14:30:00.000003,-2.551222005698083,11.754048467477,12.33425312461217,8.854610965853471,14.25770012458698,18.84789491851514
2018-09-20 14:44:59.999997,-2.375741299849032,11.76275525188052,12.34196423078982,8.876597841639654,14.2622412452142,18.84687217412078
2018-09-20 15:00:00.000000,-2.135364678535876,11.77729229124481,12.35681199013993,8.908462922608193,14.27223538873995,18.84703640164791
2018-09-20 15:15:00.000003,-1.874646881913161,11.79572258441835,12.37713779166235,8.945111487504516,14.286647497707,18.84835508501035
2018-09-20 15:29:59.999997,-1.582822295084839,11.81798755478131,12.4026420475423,8.987123070281715,14.30513371665167,18.85077315645933
2018-09-20 15:45:00.000000,-1.280805217091502,11.84342202770352,12.43237047936321,9.032876497303695,14.32694959103047,18.85419066795837
2018-09-20 16:00:00.000003,-0.9756022829225899,11.87204056590989,12.46580421056744,9.082445455433856,14.35149660962901,18.85848109542888
2018-09-20 16:14:59.999997,-0.6555781228671185,11.90263213108918,12.50202047449854,9.134532436146404,14.37832909026199,18.86352368616748
2018-09-20 16:30:00.000000,-0.3462792289240437,11.93385099702335,12.53965975962969,9.18628691252325,14.40662597602739,18.86917259657995
2018-09-20 16:45:00.000003,-0.03188982355585841,11.96614580277879,12.57885064314292,9.239561235469093,14.43652427494559,18.87535016247376
2018-09-20 16:59:59.999997,0.2745588727946987,11.99845775681322,12.61848483628119,9.291787610084171,14.46681103176741,18.88188815706978
2018-09-20 17:15:00.000000,0.5881900532398091,12.03197973625647,12.65937931269298,9.349348988230398,14.49899409299054,18.88882031963008
2018-09-20 17:30:00.000003,0.8876087854168998,12.0649474931074,12.70005194175929,9.403602174065153,14.53092708252577,18.8959478691351
2018-09-20 17:44:59.999997,1.189512816887155,12.09803900745978,12.74085380938772,9.456722463547866,14.56252851467835,18.90317033703672
2018-09-20 18:00:00.000000,1.481632713303281,12.13063438734475,12.78125219282306,9.5084834999298,14.593820296184,18.91044080647971
2018-09-20 18:15:00.000003,1.76564579584747,12.16265804368322,12.82106582608701,9.559054972413985,14.62472891951835,18.91771646132382
2018-09-20 18:29:59.999997,2.030791092666755,12.19340100223264,12.85959877347724,9.606878161273487,14.65473997968869,18.92491895369038
2018-09-20 18:45:00.000000,2.272603726647834,12.22236467612395,12.89626033855852,9.651146036606383,14.68341139939668,18.93195894243788
2018-09-20 19:00:00.000003,2.483181379000303,12.24885335031795,12.93027201676943,9.69061118565795,14.71018207314351,18.93873006512506
2018-09-20 19:14:59.999997,2.650412928679791,12.27183873977786,12.96051839415026,9.72337332881827,14.73425788964057,18.94509341285156
2018-09-20 19:30:00.000000,2.77147858114051,12.29072857534796,12.98620810345673,9.748673238500405,14.7550088809708,18.95090461132679
2018-09-20 19:45:00.000003,2.842373331235119,12.3049902911991,13.00663843630647,9.765746603905875,14.77187348157939,18.95602110810392
2018-09-20 19:59:59.999997,2.86065348939234,12.31415059788621,13.02116820296205,9.774026581060847,14.78435968820044,18.96030728620257
2018-09-20 20:15:00.000000,2.809657357171333,12.31700693213764,13.02854053627732,9.771108239173568,14.79157386710306,18.96360050544084
2018-09-20 20:30:00.000003,2.706161404903286,12.31402322434463,13.02888543399132,9.758764096596725,14.79346259209604,18.96578966877079
2018-09-20 20:44:59.999997,2.546573142469279,12.30508679770304,13.02204120386388,9.736698095428402,14.78986951784147,18.9667908652226
2018-09-20 21:00:00.000000,2.324621631648546,12.28974466144893,13.00754038924763,9.703996312039134,14.7804541178221,18.96652035586387
2018-09-20 21:15:00.000003,2.068081949607565,12.26940135787718,12.98653619201496,9.664184921362851,14.7659030766591,18.96498701655289
2018-09-20 21:29:59.999997,1.781402427290451,12.24481126663067,12.959888784927,9.618399759578956,14.7468269187466,18.96224987559814
2018-09-20 21:45:00.000000,1.4811534726642,12.21720381288369,12.9288916177426,9.569095602180775,14.72414881778712,18.95842867648806
2018-09-20 22:00:00.000003,1.162696331642719,12.18682493511015,12.89406087915985,9.516135781347456,14.6983314286029,18.9536406587593
2018-09-20 22:14:59.999997,0.8364601415678115,12.15449312380815,12.85631377481581,9.461031134661932,14.67004132683733,18.94801870948723
2018-09-20 22:30:00.000000,0.5105298703569103,12.12116935567457,12.8167337339964,9.405275127027087,14.64004591721148,18.94171597650528
2018-09-20 22:45:00.000003,0.1790650370398901,12.08679586927276,12.77554538858569,9.348322181818276,14.60863620261332,18.93485502919293
2018-09-20 22:59:59.999997,-0.1427688129139121,12.05227146341867,12.7336902334355,9.292158304303593,14.57650468396168,18.92757432364639
2018-09-20 23:15:00.000000,-0.4694042244830974,12.01718372528092,12.69103543289118,9.235243829675163,14.54367233053105,18.91996457277597
2018-09-20 23:30:00.000003,-0.7859869220029896,11.98229794389191,12.64831793271665,9.179396363674426,14.51065343767978,18.91212968276008
2018-09-20 23:44:59.999997,-1.101122973694745,11.94745105028004,12.60555496578588,9.123794043643995,14.47753239012554,18.90414223399638
2018-09-21 00:00:00.000000,-1.409246480125353,11.91316574723159,12.56320216719884,9.069470497046352,14.44459497590369,18.89607368530562
2018-09-21 00:15:00.000003,-1.709972387443338,11.88049105045675,12.52194167699592,9.01810886786907,14.41195944485142,18.88786529542584
2018-09-21 00:29:59.999997,-1.995943285132794,11.84918905070098,12.48193370217045,8.96938682568939,14.38001731169352,18.87961586030272
2018-09-21 00:45:00.000000,-2.264448752870867,11.81945354557859,12.44361925675582,8.92419539251576,14.34950647250427,18.87150451397196
2018-09-21 01:00:00.000003,-2.511901107037978,11.79145198835709,12.40730832514937,8.882219551570676,14.32058485834668,18.86364838673774
2018-09-21 01:14:59.999997,-2.721620348914903,11.76612113473152,12.37397331553729,8.845465661418038,14.29387811996952,18.85616550314422
2018-09-21 01:30:00.000000,-2.905946173066257,11.74323137192516,12.34360821612801,8.81280704319888,14.2694481911437,18.8491287018355
2018-09-21 01:45:00.000003,-3.052878786957703,11.72334156301709,12.31678691712712,8.78557812581398,14.24769817806882,18.84261718975998
2018-09-21 01:59:59.999997,-3.160682826972399,11.70679384554296,12.29395959977291,8.764228458612116,14.22897519213485,18.83671099008231
2018-09-21 02:15:00.000000,-3.223526981020148,11.6940623256874,12.27569151751653,8.749594637571827,14.21370034000891,18.83149896949094
2018-09-21 02:30:00.000003,-3.22536366836392,11.68613968447009,12.26303679605235,8.743778655581446,14.20263965613589,18.82710583823159
2018-09-21 02:44:59.999997,-3.165558101489792,11.68348978472929,12.25666375544448,8.747258898575005,14.19633814968775,18.82365959933634
2018-09-21 03:00:00.000000,-3.039062733856673,11.68669637344669,12.25731138988731,8.760873302387305,14.19534460528051,18.82129132666692
2018-09-21 03:15:00.000003,-2.84700045519226,11.69594010996184,12.26533369747785,8.784680878195779,14.19999279097621,18.82011607788632
2018-09-21 03:29:59.999997,-2.610965188053302,11.71031423764798,12.28002418304949,8.816183835004988,14.20987438775025,18.82016989602444
2018-09-21 03:45:00.000000,-2.338472885694521,11.72917799990821,12.30071483343984,8.85413280815063,14.22451159905001,18.82143378122758
2018-09-21 04:00:00.000003,-2.042879924415998,11.75161648399717,12.32642004950178,8.896689809440636,14.24320207887718,18.82383269731389
2018-09-21 04:14:59.999997,-1.740895881865242,11.77645691177139,12.35584175146404,8.94150974109044,14.26498068819061,18.82723174500516
2018-09-21 04:30:00.000000,-1.427885673861429,11.80339285677884,12.38838200139196,8.988680562216546,14.28933008429122,18.83149810233528
2018-09-21 04:45:00.000003,-1.112634626156838,11.83345974546656,12.42422875736928,9.039888399168333,14.31598763486798,18.83651734281798
2018-09-21 04:59:59.999997,-0.7847413462328735,11.86549783226065,12.46259029160968,9.09369621665558,14.34461376940411,18.84218277202256
2018-09-21 05:15:00.000000,-0.4618035289736799,11.89822290549254,12.50224897889654,9.147571798246233,14.37443049903455,18.84835909638409
2018-09-21 05:30:00.000003,-0.1397508832834867,11.93143594716545,12.54280078867277,9.201641953043422,14.40508005396786,18.85493339748762
2018-09-21 05:44:59.999997,0.1717261225991098,11.96446019372674,12.58350497402355,9.254584075932014,14.43602170272134,18.86178681352189
2018-09-21 06:00:00.000000,0.4955636951053092,11.99827013187839,12.62504147383202,9.309121306075202,14.4675999279503,18.86887516050036
2018-09-21 06:15:00.000003,0.7968373555133669,12.03169301075382,12.66654580414868,9.362289274677604,14.49988020257732,18.87618286766228
2018-09-21 06:29:59.999997,1.099554055827482,12.06511448669886,12.70801023035368,9.41505880934315,14.53197461276668,18.88360041150828
2018-09-21 06:45:00.000000,1.385604020285341,12.09752380510507,12.74850880109545,9.465350305898399,14.56326127271402,18.89101072317072
2018-09-21 07:00:00.000003,1.658498833333429,12.12999170860878,12.78878498375324,9.52164242508513,14.59613878183041,18.89855657617857
2018-09-21 07:14:59.999997,1.904512016699464,12.15989259679353,12.82661204502234,9.567976489554697,14.626260977758,18.90588504504828
2018-09-21 07:30:00.000000,2.119744791423998,12.18697536477653,12.86143096148926,9.60841385839731,14.65382863191588,18.91287200057815
2018-09-21 07:45:00.000003,2.285668910946856,12.2101493915615,12.89208448367141,9.641213586503236,14.6783122049027,18.91939109778476
2018-09-21 07:59:59.999997,2.406829135125676,12.22914454212201,12.91802613026319,9.666578311693376,14.69931547710903,18.92531540646696
2018-09-21 08:15:00.000000,2.477443247393483,12.24341709827941,12.93857042861885,9.683627352486548,14.7163249325227,18.93051193668891
2018-09-21 08:30:00.000003,2.492994640448487,12.25242349054336,12.95303248381706,9.691533180980898,14.72881115784658,18.93484632532142
2018-09-21 08:44:59.999997,2.449603003694219,12.25566515230008,12.96077596427167,9.689559396327226,14.73627447505071,18.93818805681731
2018-09-21 09:00:00.000000,2.338021286148512,12.25235785033901,12.960923492222,9.676272467113344,14.738063114235,18.94039584314656
2018-09-21 09:15:00.000003,2.170141528169446,12.24285548584293,12.95357964760254,9.653038447102347,14.73419996240703,18.94138533698587
2018-09-21 09:29:59.999997,1.95592289378993,12.22775823111118,12.93923156892297,9.621157737065712,14.72485971387041,18.94111124341554
2018-09-21 09:45:00.000000,1.705908965025993,12.20786012433745,12.91865323116662,9.582295535080956,14.71057501996478,18.93959623388104
2018-09-21 10:00:00.000003,1.421965312919103,12.1835574271637,12.8923533883409,9.53699838205172,14.69174915401409,18.93689039578446
2018-09-21 10:14:59.999997,1.125121711631441,12.15624236533249,12.86171391371113,9.48822544645826,14.66933583019116,18.93311111772059
2018-09-21 10:30:00.000000,0.8104325522779885,12.12623975553406,12.8273223046742,9.435890439491173,14.64382657768154,18.9283748090315
2018-09-21 10:45:00.000003,0.4908959560777675,12.09460171936998,12.79030187757832,9.381916443005318,14.61600198721893,18.92282479751475
2018-09-21 10:59:59.999997,0.1643348577661636,12.06151566836643,12.75110105858645,9.326294651667466,14.58629697959418,18.91659137131868
2018-09-21 11:15:00.000000,-0.155025302514353,12.02792278502191,12.71073801976561,9.270986816445392,14.55546740894341,18.90982363375453
2018-09-21 11:30:00.000003,-0.4703875626757187,11.99406638530242,12.66969065709045,9.215950045989453,14.52394032447751,18.90265451941023
2018-09-21 11:44:59.999997,-0.773382289675593,11.96059964739316,12.62871543340011,9.162409476415469,14.49229979624272,18.89522123294124
2018-09-21 12:00:00.000000,-1.077017631101062,11.92710091811603,12.58763698918111,9.108898736189504,14.4605187213115,18.88760693292459
2018-09-21 12:15:00.000003,-1.366511470329676,11.89443677395684,12.54722655989711,9.05741885804502,14.42909802450065,18.87990967131337
2018-09-21 12:29:59.999997,-1.648573773777023,11.86345108326895,12.5081303036144,9.008896222266012,14.39836089781115,18.87221579660576
2018-09-21 12:45:00.000000,-1.920040986474623,11.83386487692291,12.47036178943687,8.963002681253728,14.36851255285549,18.8645957109274
2018-09-21 13:00:00.000003,-2.173492387864517,11.80583058674971,12.43427874379234,8.92040441417743,14.34000765762038,18.85713470288484
2018-09-21 13:14:59.999997,-2.408783410799995,11.77936045860749,12.40002113276777,8.880627866258891,14.31289648942761,18.84988978262247
2018-09-21 13:30:00.000000,-2.620706400832392,11.75475561931531,12.36794127266442,8.844253870606648,14.28740305006926,18.84292080571042
2018-09-21 13:45:00.000003,-2.803962280917037,11.73243303857583,12.33852481003118,8.812042451385924,14.26387847137299,18.8363003622993
2018-09-21 13:59:59.999997,-2.9480540749777,11.71309120003984,12.31252964973417,8.78542076822695,14.24288168082618,18.8301259892917
2018-09-21 14:15:00.000000,-3.055396858045357,11.69692300925519,12.29031331905754,8.764376460072471,14.22472676132614,18.82448945240596
2018-09-21 14:30:00.000003,-3.104714354958277,11.68511153651939,12.27308655331634,8.751540327623333,14.2102699407707,18.81952382676308
2018-09-21 14:44:59.999997,-3.105652310226877,11.67769458920037,12.26115211050724,8.746238424323392,14.19982098440849,18.81534560777263
2018-09-21 15:00:00.000000,-3.038354434954361,11.6757511612307,12.25563600997346,8.750865928644421,14.19418608773741,18.81209804845382
2018-09-21 15:15:00.000003,-2.90205522362835,11.67979956403752,12.25727313914565,8.765962175891598,14.19395946917396,18.80992764257817
2018-09-21 15:29:59.999997,-2.705586303334287,11.68968890743953,12.26613460569714,8.790667927634884,14.19928168153428,18.80894130104465
2018-09-21 15:45:00.000000,-2.451751897312459,11.70530257334819,12.2821879565879,8.824607580210396,14.21017440445459,18.80920834973128
2018-09-21 16:00:00.000003,-2.162571710476171,11.72561611560627,12.30454207206516,8.865116198469307,14.22603949407911,18.8107204857717
2018-09-21 16:14:59.999997,-1.846801996855547,11.74976485029664,12.33222281443202,8.910719613402355,14.24619714191642,18.81341132988224
2018-09-21 16:30:00.000000,-1.502802954193689,11.77761276174758,12.36492557569295,8.961353569711841,14.27030573047018,18.81720840973602
2018-09-21 16:45:00.000003,-1.144028866868909,11.8097604713912,12.4025389653147,9.017840096018801,14.29800052272411,18.82202611493605
2018-09-21 16:59:59.999997,-0.7802844518410611,11.84454656500628,12.44361972471102,9.077175817976576,14.32841727851726,18.82772830380761
2018-09-21 17:15:00.000000,-0.3967782607655552,11.88173908843497,12.48782881327402,9.1399787367492,14.36132526733472,18.83420854195711
2018-09-21 17:30:00.000003,-0.05677639285513938,11.91777862788648,12.53190869372355,9.198073979631008,14.39461921751113,18.84121541874525
2018-09-21 17:44:59.999997,0.2937727929217954,11.95435034325178,12.57672970521205,9.257183501964002,14.42858715913317,18.84861746093826
2018-09-21 18:00:00.000000,0.6340872183152032,11.99077650293544,12.62168602169607,9.315340597408964,14.46285590799853,18.85629760211729
2018-09-21 18:15:00.000003,0.9641303020984396,12.02726267563151,12.6669124708165,9.373488299433031,14.49803270924567,18.8642425682199
2018-09-21 18:29:59.999997,1.285700277661495,12.06328685374257,12.71168546091901,9.429866119801298,14.53262557464043,18.87228507612555
2018-09-21 18:45:00.000000,1.606513924118132,12.09898506499244,12.75603589500017,9.48572149042415,14.56677092064673,18.8803467084444
2018-09-21 19:00:00.000003,1.898193260038195,12.13386729245375,12.79948829224005,9.54426753010183,14.60179202768394,18.88849858732307
2018-09-21 19:14:59.999997,2.195282401090802,12.16822477701268,12.84220496324602,9.600071789760168,14.63580639193956,18.89657106965887
2018-09-21 19:30:00.000000,2.453407534873254,12.19984042152293,12.88227402675462,9.64816796465655,14.66737336459787,18.90437967611689
2018-09-21 19:45:00.000003,2.683587998187753,12.22879798377192,12.91941522906191,9.691324615905312,14.69665857298888,18.91184294477543
2018-09-21 19:59:59.999997,2.861271509375048,12.25370290523445,12.95224482603092,9.726525363012174,14.7228112198095,18.91882328119337
2018-09-21 20:15:00.000000,3.000548370841936,12.27471391308177,12.98057047805115,9.75507202136765,14.74561333324775,18.92520582153041
2018-09-21 20:30:00.000003,3.066179777572456,12.28975095505426,13.00240326412562,9.772315892887198,14.76373418808516,18.93079592074773
2018-09-21 20:44:59.999997,3.092861142965929,12.29998033670238,13.01836758986885,9.782084826563715,14.77739756029056,18.93548997401522
2018-09-21 21:00:00.000000,3.048369436886935,12.30384074782651,13.02705789052334,9.780522741451975,14.78568312700708,18.93913685975096
2018-09-21 21:15:00.000003,2.941621031517366,12.30122987629976,13.0281007166724,9.768186431180954,14.78822376939917,18.94160935973202
2018-09-21 21:29:59.999997,2.777083664360244,12.29228780024635,13.02147878213585,9.745643464220572,14.7849331718891,18.94281870891666
2018-09-21 21:45:00.000000,2.554091765148089,12.27700011219067,13.00713207491285,9.712855482725708,14.77572014352941,18.94269954036913
2018-09-21 22:00:00.000003,2.286185077421587,12.25610421222695,12.98568614838913,9.67160072693909,14.76095737989218,18.94124477189069
2018-09-21 22:14:59.999997,1.979739980285595,12.23022590032978,12.95780844286822,9.623004468542884,14.74110460225897,18.93849042798864
2018-09-21 22:30:00.000000,1.653341536358427,12.20067922437687,12.92482012298882,9.569774728005866,14.71706867388613,18.93453846885278
2018-09-21 22:45:00.000003,1.302109628621107,12.16768684905459,12.88720566091575,9.511746793024528,14.68929066517822,18.92949524765549
2018-09-21 22:59:59.999997,0.9499981597920715,12.13279222881303,12.84651444606231,9.45221068885487,14.65884948744857,18.92352240561281
2018-09-21 23:15:00.000000,0.5895614097283544,12.0963649627522,12.80341156411843,9.390897631779293,14.62628031739552,18.91676980265849
2018-09-21 23:30:00.000003,0.2376151355967694,12.05948352127859,12.75908258410102,9.33006605118533,14.5924650634317,18.90941067159237
2018-09-21 23:44:59.999997,-0.1069876434007017,12.02248526472713,12.71413641777081,9.269939143927198,14.55795729593046,18.90160368494821
2018-09-22 00:00:00.000000,-0.4554626212208023,11.98497581207724,12.66844107390914,9.209179371113944,14.5227774230132,18.89345195076879
2018-09-22 00:15:00.000003,-0.7878520590505113,11.94794251312299,12.62286894924279,9.150214503802609,14.48733255881995,18.88494957202083
2018-09-22 00:29:59.999997,-1.122448786162043,11.91081307210254,12.5771399609728,9.091097670676678,14.45164188543908,18.8761950852395
2018-09-22 00:45:00.000000,-1.438889637285315,11.87493686529324,12.53242559041689,9.03484808488168,14.41653908384153,18.86737463341635
2018-09-22 01:00:00.000003,-1.735301476147926,11.84169756153978,12.48993598617415,8.983536822051564,14.38277974806582,18.85866199403546
2018-09-22 01:14:59.999997,-2.019077808819025,11.81025548154107,12.44938581511157,8.935728502923746,14.35059997766346,18.85016997388841
2018-09-22 01:30:00.000000,-2.26741973733101,11.78138368019876,12.41164934043559,8.89303040795022,14.32055377878038,18.84200578707632
2018-09-22 01:45:00.000003,-2.496774894588144,11.7545565074304,12.37644770551502,8.85361097408532,14.29247613261049,18.83422039840257
2018-09-22 01:59:59.999997,-2.70883143032198,11.72957571521031,12.3436272267751,8.817049411340864,14.26624714981072,18.82683828811115
2018-09-22 02:15:00.000000,-2.880729617090346,11.7075095515739,12.31416254197491,8.786031939969478,14.24251223157443,18.81993429265922
2018-09-22 02:30:00.000003,-3.026128296099073,11.68809212556238,12.28798623099653,8.759344235194643,14.22130021620898,18.81355871866668
2018-09-22 02:44:59.999997,-3.130246593489516,11.67200424800648,12.26576626148319,8.738643315475173,14.20307324833157,18.80778635096495
2018-09-22 03:00:00.000000,-3.172125775713784,11.66056555138467,12.24885741767151,8.726736028473493,14.18878795697752,18.8027489710224
2018-09-22 03:15:00.000003,-3.165062090493529,11.65367504428374,12.23745775481592,8.722540967114453,14.17868998359742,18.79855575421792
2018-09-22 03:29:59.999997,-3.080112575862001,11.6528238111295,12.23306025338062,8.729500492232967,14.17382104612306,18.79536619793902
2018-09-22 03:45:00.000000,-2.929235274893132,11.65805058480283,12.23601979168419,8.746785411350965,14.17454831941925,18.79331584783111
2018-09-22 04:00:00.000003,-2.712364806315106,11.66947667393746,12.24660810833201,8.77440852278144,14.18112720593301,18.79251666893846
2018-09-22 04:14:59.999997,-2.438496925821356,11.68678006209495,12.26462797022232,8.81137785768826,14.19347917512182,18.79303269714353
2018-09-22 04:30:00.000000,-2.13796119271294,11.70844961657865,12.28871767316456,8.853930685154138,14.2106841761814,18.79482238224416
2018-09-22 04:45:00.000003,-1.798292144317267,11.73449540005006,12.31862063630297,8.902966726515565,14.23249485526203,18.797837522439
2018-09-22 04:59:59.999997,-1.462026769724382,11.76286157251618,12.3523516459876,8.953440793422079,14.25751008356077,18.80192123717501
2018-09-22 05:15:00.000000,-1.114568727729053,11.79498814727817,12.39025392343529,9.009035128497294,14.28553199905635,18.80694998760546
2018-09-22 05:30:00.000003,-0.7546365479132315,11.82969359603425,12.43141132926815,9.06791566456606,14.31608252013571,18.81279705848783
2018-09-22 05:44:59.999997,-0.400087376142096,11.86530655210758,12.47428509693828,9.126924786817396,14.34819374628383,18.81929659720962
2018-09-22 06:00:00.000000,-0.03908843035439664,11.90198936766421,12.51872455981386,9.187190840561351,14.38164361927134,18.82632830835828
2018-09-22 06:15:00.000003,0.311671088927765,11.9387736239266,12.56374713677921,9.246606021636456,14.41574734322388,18.83375616760582
2018-09-22 06:29:59.999997,0.6705049535873553,11.97627368855737,12.60967764548689,9.307162551564128,14.45060467849949,18.84150283246524
2018-09-22 06:45:00.000000,1.018976288196542,12.01409179669571,12.656223536942,9.367727694143955,14.48644294731927,18.84954671699277
2018-09-22 07:00:00.000003,1.347057446639053,12.0511772796908,12.70226689255659,9.425892591994645,14.52212664900506,18.85775678160716
2018-09-22 07:14:59.999997,1.680416605761193,12.08811620570808,12.74804730448911,9.483901163127575,14.55740756031934,18.86602667614975
2018-09-22 07:30:00.000000,1.971795040823122,12.12260740880247,12.79155651326444,9.536282089083084,14.59112321959318,18.87419744333391
2018-09-22 07:45:00.000003,2.262064980303124,12.1573773435377,12.83479851001641,9.595991830782271,14.62637880156278,18.88244268790496
2018-09-22 07:59:59.999997,2.504730647258515,12.18854567736278,12.87459618542174,9.643761623676438,14.65836099825555,18.8903838166415
2018-09-22 08:15:00.000000,2.72335245145846,12.21673337647249,12.91101669067371,9.685341884378154,14.68731383937395,18.89787982731973
2018-09-22 08:30:00.000003,2.887629605499532,12.24060123904142,12.94277078263541,9.718498012169253,14.712749222464,18.90480634297761
2018-09-22 08:44:59.999997,3.006391780094775,12.26001868081414,12.96942235897207,9.743927769615837,14.73438355826808,18.91104674679067
2018-09-22 09:00:00.000000,3.064127471661861,12.27394427805461,12.98986869899582,9.759525019324846,14.75145522121934,18.91645172964952
2018-09-22 09:15:00.000003,3.061056655748154,12.28193327827638,13.00344719887698,9.764907329923924,14.76342389812679,18.92087571577477
2018-09-22 09:29:59.999997,2.99321204486845,12.28349716644786,13.0095146430523,9.759369609484226,14.76978030564713,18.9241798141922
2018-09-22 09:45:00.000000,2.865270793637933,12.27864344780845,13.00789146228682,9.74333155230995,14.77031791835847,18.92625657227229
2018-09-22 10:00:00.000003,2.674728882355759,12.26717286400095,12.99830857043801,9.716457545085118,14.76480472839415,18.92701676169022
2018-09-22 10:14:59.999997,2.435657083632538,12.24980990093709,12.98133813156362,9.680545571816662,14.75354491578067,18.92643083122627
2018-09-22 10:30:00.000000,2.157559323257541,12.22730738424888,12.95772588317166,9.637114342625003,14.7370419752972,18.92452455260109
2018-09-22 10:45:00.000003,1.851386585220955,12.20060850224863,12.92847590798512,9.587914904974989,14.71599120269479,18.9213765958124
2018-09-22 10:59:59.999997,1.526460772009154,12.17060551188124,12.89460915341157,9.534526608605196,14.69115169670043,18.91710404761522
2018-09-22 11:15:00.000000,1.192267899662649,12.13822678783493,12.85720890937311,9.4785543789583,14.66333841871231,18.91185290613726
2018-09-22 11:30:00.000003,0.8509901386403399,12.10406037095676,12.8170816252857,9.420680250085937,14.63318825989279,18.90577348907367
2018-09-22 11:44:59.999997,0.5065224833138529,12.06878104972781,12.77505628455224,9.361754829072222,14.6013032083724,18.89901347335458
2018-09-22 12:00:00.000000,0.1660870087814697,12.03296261667995,12.73187981475307,9.302855590563095,14.56829861898935,18.89172203051185
2018-09-22 12:15:00.000003,-0.1730744768947911,11.99671365389559,12.6878752669095,9.243835812700285,14.53450181398805,18.88402166766942
2018-09-22 12:29:59.999997,-0.5095669633578624,11.96023949599775,12.64336662017342,9.184943215746564,14.50019576822378,18.87601589516074
2018-09-22 12:45:00.000000,-0.8433504503645344,11.92368447743453,12.5986032383204,9.126279351895892,14.46560176481475,18.86779066832261
2018-09-22 13:00:00.000003,-1.162947782167504,11.88780331070541,12.55434412126582,9.06944636052973,14.43125612991551,18.85944894069888
2018-09-22 13:14:59.999997,-1.468869225637861,11.85327046180826,12.51124426179968,9.01532683553442,14.39758730241592,18.8510894737128
2018-09-22 13:30:00.000000,-1.753445937162907,11.82139317375698,12.47042558902693,8.966428712078127,14.36534223667492,18.84283954366569
2018-09-22 13:45:00.000003,-2.021746909345366,11.79142101552665,12.43167673379396,8.921139936987599,14.33469521651571,18.83479156469511
2018-09-22 13:59:59.999997,-2.26922085575394,11.76332780500122,12.39513109784964,8.879145267470173,14.3057206249069,18.82701058003364
2018-09-22 14:15:00.000000,-2.486958941996495,11.73755654098637,12.3612768904043,8.841434289193158,14.27874456844469,18.81957136169686
2018-09-22 14:30:00.000003,-2.674553517729129,11.71434725292472,12.33046522010557,8.808247622207679,14.25403779218486,18.8125486225882
2018-09-22 14:44:59.999997,-2.828263252672162,11.69401174945737,12.30308760095086,8.780124376241117,14.23190823744977,18.80601928186529
2018-09-22 15:00:00.000000,-2.933677686036775,11.6774173997218,12.28005041600373,8.758927110879075,14.21300963455772,18.80009180030842
2018-09-22 15:15:00.000003,-2.986093956894265,11.66517216285616,12.26211727875076,8.745570521168432,14.19793493634085,18.79488836309194
2018-09-22 15:29:59.999997,-2.979881653288849,11.65785999335109,12.25002923248326,8.740973181795594,14.18726050190964,18.79053983127397
2018-09-22 15:45:00.000000,-2.900659435814497,11.65649125348506,12.2449180389177,8.74710275553691,14.18182253622389,18.78720456618897
2018-09-22 16:00:00.000003,-2.75531330319908,11.66119019553771,12.24716870696176,8.763540334179279,14.18198972456405,18.78501516089537
2018-09-22 16:14:59.999997,-2.536845158860371,11.67244745745091,12.25738534384468,8.791187543219541,14.18823466712269,18.78410083926192
2018-09-22 16:30:00.000000,-2.258299933145147,11.6899251140239,12.27544051376233,8.828696246037804,14.20052533759746,18.78454134778583
2018-09-22 16:45:00.000003,-1.947132159904227,11.7121658367989,12.30000595109916,8.872622552630041,14.21801332108737,18.78631154239713
2018-09-22 16:59:59.999997,-1.606290727793265,11.73859489244728,12.33034400646745,8.922103628399537,14.24008737854941,18.78934171495894
2018-09-22 17:15:00.000000,-1.257590600037384,11.76849068808374,12.36533185940118,8.975457409725916,14.26581972350135,18.79350019163416
2018-09-22 17:30:00.000003,-0.8984861398906387,11.80220482993038,12.40470881619236,9.033773190482936,14.29477203542249,18.79865803408555
2018-09-22 17:44:59.999997,-0.527293332033368,11.8380686590636,12.4471696656184,9.094583004986582,14.32626859407883,18.80467010806668
2018-09-22 18:00:00.000000,-0.1622847030755476,11.87480687596128,12.49134993755987,9.155438698623632,14.35935649900369,18.81136263772349
2018-09-22 18:15:00.000003,0.1994103273713834,11.91207311309117,12.53663384311252,9.21626397505834,14.39350285038279,18.81858097167771
2018-09-22 18:29:59.999997,0.549821553401006,11.94919657799809,12.58221051570225,9.27590156103229,14.42809044889106,18.8261729170687
2018-09-22 18:45:00.000000,0.9114313829178188,11.98763019777537,12.62927320084767,9.338344597195213,14.46441773197737,18.83416553914546
2018-09-22 19:00:00.000003,1.24524727647867,12.02511574475253,12.67572667166606,9.397141769335683,14.50024214826695,18.84235038697472
2018-09-22 19:14:59.999997,1.584375199348235,12.06251303611645,12.72201202567543,9.455975585877836,14.5358016980465,18.85063007617285
2018-09-22 19:30:00.000000,1.906690219908591,12.09894963010161,12.76738435274308,9.512588688198585,14.57072752175883,18.85891662646314
2018-09-22 19:45:00.000003,2.2111832317441,12.13509929589373,12.81224876913443,9.573798956879457,14.60692271787124,18.86731993328187
2018-09-22 19:59:59.999997,2.495204046758257,12.16935866373884,12.85522946920784,9.62821651797093,14.64121828782352,18.87557624334973
2018-09-22 20:15:00.000000,2.740192428115458,12.20034356623883,12.89487344963563,9.674558988811604,14.6725824286139,18.88348640404279
2018-09-22 20:30:00.000003,2.949342637249768,12.22806569649967,12.93089455197141,9.71478656927213,14.70112114465682,18.89095167265334
2018-09-22 20:44:59.999997,3.115934181186303,12.25194164961002,12.96258302193493,9.748100648142247,14.72645328068995,18.89786330516435
2018-09-22 21:00:00.000000,3.226792972849434,12.27092750554035,12.98881182593847,9.772516047114122,14.74779697051141,18.90407470073266
2018-09-22 21:15:00.000003,3.284312930205961,12.28470278586974,13.00902201744847,9.787953166707243,14.76467859861947,18.90944819184483
2018-09-22 21:29:59.999997,3.279659747014297,12.29254614334008,13.02238241943391,9.793100021667872,14.77647545760045,18.91383920213813
2018-09-22 21:45:00.000000,3.207591654510057,12.29381220603001,13.02809848695129,9.786966610230444,14.78257573712062,18.91710107734573
2018-09-22 22:00:00.000003,3.062557683236869,12.28786627526726,13.02539175666606,9.768555395719638,14.78237724064046,18.91908739517432
2018-09-22 22:14:59.999997,2.858574385038521,12.2752027797848,13.01449487647419,9.73948570603099,14.77592741165989,18.91970911623102
2018-09-22 22:30:00.000000,2.595701256928088,12.25596056692075,12.99551418122536,9.69995804445655,14.76325574391471,18.9189118282142
2018-09-22 22:45:00.000003,2.28976360017539,12.23109261161707,12.96930844929561,9.652117873207557,14.74488926679175,18.9167081861718
2018-09-22 22:59:59.999997,1.950633312678396,12.20151921279167,12.93685538683815,9.597633181446808,14.72150159460001,18.91316561887763
2018-09-22 23:15:00.000000,1.592748486696615,12.16840934075906,12.8994192984134,9.538759702727162,14.6940069849845,18.90840865448646
2018-09-22 23:30:00.000003,1.218293342613863,12.13234487354193,12.8578114505984,9.476229336084211,14.66307390279759,18.90257407823875
2018-09-22 23:44:59.999997,0.830888348390285,12.09391021610801,12.81279755520749,9.41079975617077,14.62929130303213,18.89580285444222
2018-09-23 00:00:00.000000,0.4477155378322872,12.05453726650319,12.7658647316997,9.345096417100377,14.59367420490026,18.88827374311598
2018-09-23 00:15:00.000003,0.06104395475010225,12.01411255138951,12.71718969820444,9.278383235106414,14.55631869857763,18.87999937176003
2018-09-23 00:29:59.999997,-0.3203868528295972,11.97322516104239,12.66749126771629,9.2118423247975,14.51789506382891,18.87114871026223
2018-09-23 00:45:00.000000,-0.6902503972838647,11.93257277701252,12.61764122602413,9.146619210509893,14.47918519699549,18.86194890010768
2018-09-23 01:00:00.000003,-1.058303669330297,11.89196259230674,12.56771271486181,9.081713645170222,14.44037603834561,18.85255469568534
2018-09-23 01:14:59.999997,-1.404332141916139,11.85275569886386,12.51893987116905,9.020097338257019,14.40226965404628,18.84311871288977
2018-09-23 01:30:00.000000,-1.736277377431779,11.8161289814563,12.47229696046386,8.96337033719183,14.3654799530586,18.8337761426845
2018-09-23 01:45:00.000003,-2.048060640636274,11.78170349223307,12.42789948743596,8.910988584932287,14.33039044950058,18.82463684156867
2018-09-23 01:59:59.999997,-2.337214090303328,11.74931327215191,12.38585052772237,8.862214356860827,14.29708076084681,18.81577431019405
2018-09-23 02:15:00.000000,-2.598394252108278,11.71921328283081,12.3464875492034,8.817566920846794,14.26577669056881,18.80725948358172
2018-09-23 02:30:00.000003,-2.840171103978657,11.69113320196071,12.30967118371093,8.776132698478529,14.23641628604849,18.79913547297327
2018-09-23 02:44:59.999997,-3.047958286086268,11.6657166670222,12.27600472249533,8.739556309317711,14.20941464948958,18.79146897346869
2018-09-23 03:00:00.000000,-3.21900848094887,11.6433793490468,12.24599317053383,8.708447555522703,14.1851544818806,18.78433695157403
2018-09-23 03:15:00.000003,-3.35578390603027,11.62421867012799,12.21985668760339,8.682678268368344,14.1638272244286,18.77780598278099
2018-09-23 03:29:59.999997,-3.432993833566574,11.60950386783071,12.19884056029543,8.665289120628717,14.14631400716153,18.7719981098165
2018-09-23 03:45:00.000000,-3.457805420140748,11.59939864217598,12.18335393244935,8.65593794832151,14.13300096444763,18.76702579745224
2018-09-23 04:00:00.000003,-3.414113263486211,11.59483466466996,12.1744078495021,8.656613963769447,14.1246312642693,18.76302744145246
2018-09-23 04:14:59.999997,-3.289446506863547,11.59684905236127,12.17319864456663,8.669204420398893,14.12210289665252,18.76017260979732
2018-09-23 04:30:00.000000,-3.094700579608879,11.60544203781599,12.18002449587142,8.692849314949127,14.12571977096978,18.7585960929542
2018-09-23 04:45:00.000003,-2.823198376706046,11.62114478695907,12.19551946329102,8.728407840335281,14.13593022425775,18.75842523093443
2018-09-23 04:59:59.999997,-2.516508787706109,11.64204032854229,12.21806471184217,8.771020070988314,14.15176721825769,18.75965420663417
2018-09-23 05:15:00.000000,-2.167195218560513,11.66791151758451,12.24724750504149,8.820868227208393,14.1728500209837,18.76224659811574
2018-09-23 05:30:00.000003,-1.80685629570241,11.6970349107075,12.28132906583337,8.874089431225293,14.1979866799147,18.76607200305412
2018-09-23 05:44:59.999997,-1.438818613267219,11.72864738439555,12.31926199339614,8.92964157211716,14.22629423920552,18.77096760386121
2018-09-23 06:00:00.000000,-1.053828354290913,11.76475313783273,12.36187963194967,8.991776546463191,14.25786074099047,18.7768293056506
2018-09-23 06:15:00.000003,-0.6742337562999786,11.80234778268344,12.40689993217683,9.054600254474169,14.29147515489464,18.78347801943002
2018-09-23 06:29:59.999997,-0.2833117157571721,11.84153866779639,12.4540996015329,9.119529766004446,14.32688360195596,18.79078131436988
2018-09-23 06:45:00.000000,0.08771795595723068,11.8805131357733,12.5017503980648,9.182528803777851,14.36294163972513,18.79855592916141
2018-09-23 07:00:00.000003,0.4508379294537839,11.91925520368409,12.54949303079067,9.244468844667333,14.39925871744379,18.80665345077721
2018-09-23 07:14:59.999997,0.8106052645843789,11.95791046858406,12.59728296014727,9.305971782306552,14.43571835731087,18.81496956949139
2018-09-23 07:30:00.000000,1.159070109217272,11.9962492985284,12.64481273355394,9.366224192958123,14.47201860996189,18.82341003765245
2018-09-23 07:45:00.000003,1.487073448696092,12.03365498563574,12.6915073359125,9.4243620306863,14.5081050406277,18.83191495835291
2018-09-23 07:59:59.999997,1.820738491782604,12.0713135390743,12.7382868042585,9.483599274133626,14.54459800315059,18.84049570901754
2018-09-23 08:15:00.000000,2.113066979975302,12.10633362159168,12.78255318311665,9.53664487695602,14.57915188621051,18.84893545708241
2018-09-23 08:30:00.000003,2.396437585810806,12.13985694722266,12.82496025492748,9.58739092691776,14.61213774822341,18.85714877594249
2018-09-23 08:44:59.999997,2.621938143239188,12.16942726217378,12.86333814807077,9.629992956140338,14.64228940441357,18.86497152289086
2018-09-23 09:00:00.000000,2.82663264291334,12.1975604532186,12.89945637968145,9.677427292601248,14.67266451240388,18.87256647824352
2018-09-23 09:15:00.000003,2.970193069018118,12.22045206400752,12.93013742541036,9.710171255565559,14.69822612544478,18.87952156115345
2018-09-23 09:29:59.999997,3.065478969258217,12.23808247220506,12.95487094922516,9.732264570397259,14.71872889867923,18.88563715702837
2018-09-23 09:45:00.000000,3.089718542796829,12.24931736401487,12.97242726056265,9.742732671514744,14.73380431673091,18.89076667533289
2018-09-23 10:00:00.000003,3.058074814548677,12.25452226180102,12.98281462048419,9.743289597017156,14.74344824814175,18.89480256002407
2018-09-23 10:14:59.999997,2.940775489568467,12.25199652618509,12.98440654723163,9.730094307411905,14.74658532120727,18.89757103720626
2018-09-23 10:30:00.000000,2.757269346392256,12.242181440522,12.9772572254361,9.705072695179762,14.7430992773079,18.89895036749877
2018-09-23 10:45:00.000003,2.526016471874768,12.22622980006465,12.96231434701488,9.670877092452606,14.73352844573537,18.8989080096879
2018-09-23 10:59:59.999997,2.231860579509392,12.20363045900086,12.9392512541052,9.625882026643032,14.7176987412953,18.8974069406786
2018-09-23 11:15:00.000000,1.916706356833133,12.17663011610141,12.91004543402988,9.57547467081357,14.69685939867363,18.89453533165519
2018-09-23 11:30:00.000003,1.573509112711733,12.14563450347101,12.87542106239104,9.519568214783902,14.67162174961311,18.8904029145061
2018-09-23 11:44:59.999997,1.212531817368341,12.11144890049233,12.83631974041618,9.459662302496055,14.64270128589,18.88514322893432
2018-09-23 12:00:00.000000,0.8436848564015179,12.07506107874791,12.79387664479949,9.397435192036516,14.61093377029522,18.87891544047311
2018-09-23 12:15:00.000003,0.4681467863426462,12.0371445115051,12.74896978165483,9.333541928407485,14.5769689535092,18.87187747677271
2018-09-23 12:29:59.999997,0.08565793714481053,11.99783756975114,12.70197703833537,9.268039923446565,14.54119493788574,18.86416378971546
2018-09-23 12:45:00.000000,-0.2923274469974907,11.95790517068135,12.6537531644213,9.202511765372941,14.50426192095356,18.85591774300102
2018-09-23 13:00:00.000003,-0.6592080749666515,11.91807320092664,12.60517219516965,9.138152776789786,14.46684551719516,18.84729034187385
2018-09-23 13:14:59.999997,-1.027603135015391,11.87798569223885,12.55615439578819,9.073582157639372,14.429001507546,18.83838245381529
2018-09-23 13:30:00.000000,-1.376273538449107,11.83895359355789,12.5078874630418,9.01175667291927,14.39150913349678,18.82932757423921
2018-09-23 13:45:00.000003,-1.70623692818799,11.80259111595028,12.46172596705379,8.955487730383906,14.3552992503821,18.82028728702257
2018-09-23 13:59:59.999997,-2.025327310431935,11.7680068436733,12.41735060631625,8.902376371447673,14.32038724494707,18.81135860699608
2018-09-23 14:15:00.000000,-2.315269985278721,11.73558678611117,12.37533239902591,8.853455491403945,14.28718183352106,18.80264138792676
2018-09-23 14:30:00.000003,-2.576873358207801,11.70549048034641,12.33599997412482,8.808755806191305,14.255949897703,18.79422745297877
2018-09-23 14:44:59.999997,-2.818957524186097,11.67741945054651,12.2992072403441,8.767290171935501,14.22663847675357,18.78617431025896
2018-09-23 15:00:00.000000,-3.019717263197318,11.65236898784655,12.2658851337434,8.731566946776816,14.19988744815807,18.77857761353106
2018-09-23 15:15:00.000003,-3.188603664106986,11.63028570235272,12.23617122028537,8.700863492704038,14.17586539884671,18.77151373823787
2018-09-23 15:29:59.999997,-3.319745110079426,11.61151681447003,12.21046322931654,8.675868893969314,14.15486566862596,18.76505805801841
2018-09-23 15:45:00.000000,-3.396789859417239,11.5969931463179,12.1897194988279,8.658663467127033,14.13758304098883,18.75932105951481
2018-09-23 16:00:00.000003,-3.418292929634259,11.58716634043295,12.1745664438781,8.649791786817127,14.1245315453146,18.75441916345767
2018-09-23 16:14:59.999997,-3.37092907434612,11.58292961723559,12.16600537377889,8.651032976113436,14.1164596718945,18.75049499921647
2018-09-23 16:30:00.000000,-3.251135992120953,11.58487396099489,12.1648254186816,8.66318214964886,14.11399451941977,18.74769393702052
2018-09-23 16:45:00.000003,-3.056125381953098,11.59353907320028,12.1717509758561,8.686869523843093,14.11768367948871,18.74616014526195
2018-09-23 16:59:59.999997,-2.792788129303588,11.60887701276333,12.18693401684169,8.721479808553301,14.12770594875869,18.74600089250445
2018-09-23 17:15:00.000000,-2.488094523822384,11.62955262545072,12.20922308300439,8.76371751600238,14.14336127506328,18.74722218934816
2018-09-23 17:30:00.000003,-2.135663773044556,11.65550437690307,12.2384186216707,8.813884442194352,14.16442905580488,18.74980915143345
2018-09-23 17:44:59.999997,-1.762588160052417,11.68530988307774,12.2731125594236,8.868706564342396,14.18995243435621,18.75366644600807
2018-09-23 18:00:00.000000,-1.379722287057652,11.71793264927553,12.31207199815917,8.926347294921136,14.21897289278504,18.75864694539429
2018-09-23 18:15:00.000003,-0.9760818214276079,11.75578942910036,12.35640114195494,8.991769598644327,14.25167581777747,18.76466478982886
2018-09-23 18:29:59.999997,-0.5770148184225499,11.79520572997898,12.40337482742466,9.05786080163223,14.28666546816513,18.77153565212356
2018-09-23 18:45:00.000000,-0.1775127215427663,11.8356351904275,12.45213204378307,9.12456645905021,14.3232672882803,18.77908738326543
2018-09-23 19:00:00.000003,0.2087839561830515,11.8760933484233,12.50154285266656,9.190035249650233,14.36063934168848,18.7871393988671
2018-09-23 19:14:59.999997,0.5813601087861922,11.91608596348313,12.55086529850576,9.25381225564224,14.3981742580513,18.79552396148275
2018-09-23 19:30:00.000000,0.9589383980913939,11.95640817970827,12.60057600297846,9.318178002110953,14.43605653272437,18.804150812541
2018-09-23 19:45:00.000003,1.317535354961773,11.99619581446935,12.64987890342158,9.38047420247353,14.47368721497398,18.81290797724738
2018-09-23 19:59:59.999997,1.65610506318253,12.03504594130238,12.69835711763651,9.440926190987787,14.51130059210104,18.8217528855621
2018-09-23 20:15:00.000000,1.987558359755611,12.07320977622803,12.74603943653561,9.500232510776856,14.5485355431286,18.83061215983887
2018-09-23 20:30:00.000003,2.284638368265148,12.10889410405781,12.79121963642646,9.554093300189297,14.58378619449246,18.83929191581253
2018-09-23 20:44:59.999997,2.563641748196738,12.14257677756056,12.83404714818888,9.604567146964737,14.61716388006631,18.84769515687047
2018-09-23 21:00:00.000000,2.786471935791601,12.17219782553238,12.87263896426409,9.646923742620562,14.64753732684124,18.85566077716485
2018-09-23 21:15:00.000003,2.98516747818211,12.19976080552214,12.9083727642119,9.69091155651745,14.67707357842386,18.86327526195355
2018-09-23 21:29:59.999997,3.127647222603888,12.22286427699893,12.93920448102301,9.726025221597697,14.70322719813439,18.87031768578703
2018-09-23 21:45:00.000000,3.224219573709253,12.24068295175228,12.96410204195935,9.748617551374608,14.72399831478599,18.87650216736653
2018-09-23 22:00:00.000003,3.255372900050119,12.2524009716528,12.98209919289582,9.760106786382075,14.73940467260226,18.88169654326788
2018-09-23 22:14:59.999997,3.230978115941307,12.25822563190591,12.99310897092309,9.761835554115017,14.74949460994331,18.88581126816194
2018-09-23 22:30:00.000000,3.127034505246627,12.25673977305189,12.99575060118026,9.750676619072268,14.75336831243487,18.88869521527651
2018-09-23 22:45:00.000003,2.954152670276985,12.24797439597553,12.98975380474628,9.727485265053694,14.7507266427591,18.89022363049483
2018-09-23 22:59:59.999997,2.722014013162785,12.23240911643588,12.97541214525687,9.693570100044134,14.74168383066747,18.89032420139706
2018-09-23 23:15:00.000000,2.429877752568658,12.21016354693962,12.95284429600273,9.649014264247324,14.72628035155921,18.88895383056522
2018-09-23 23:30:00.000003,2.09982202486462,12.18250824345033,12.92319412565951,9.596772285786644,14.70524763097375,18.88614964382352
2018-09-23 23:44:59.999997,1.738152601148754,12.15029274121698,12.88743954448624,9.538179883922266,14.67928814914706,18.88199728009268
2018-09-24 00:00:00.000000,1.358036288062907,12.11459528333312,12.84677421949126,9.475282119096178,14.6492831218404,18.87663098204951
2018-09-24 00:15:00.000003,0.9645708355245619,12.07610110449273,12.80202907038425,9.409105084946647,14.61570038200755,18.87006790552586
2018-09-24 00:29:59.999997,0.5626978106613165,12.03566537131378,12.75423867864024,9.34077526657408,14.57938512805136,18.86249470339516
2018-09-24 00:45:00.000000,0.1589312280196335,11.99398695620649,12.70434185448997,9.271419955528257,14.54119060080203,18.85415423255212
2018-09-24 01:00:00.000003,-0.2446306874557942,11.95146053358318,12.65297911256469,9.201534907767156,14.50171236814337,18.84524767409772
2018-09-24 01:14:59.999997,-0.6405532364532401,11.90875147000065,12.60095979413029,9.132282282406102,14.46157754656628,18.83594285165448
2018-09-24 01:30:00.000000,-1.030777624256033,11.86608056939053,12.54870291713624,9.063680128951813,14.42114872152264,18.82636791278506
2018-09-24 01:45:00.000003,-1.408240123516609,11.82424945419062,12.49700133968077,8.99716921999699,14.38095880359683,18.81664556415203
2018-09-24 01:59:59.999997,-1.766803660791475,11.78522631572021,12.4474399431789,8.936806910762712,14.34213095456064,18.80694582129463
2018-09-24 02:15:00.000000,-2.108329273701698,11.7482131403419,12.39989477568266,8.879994507090917,14.30472853850783,18.79737060164997
2018-09-24 02:30:00.000003,-2.422797240471266,11.71332174718717,12.35470671588727,8.82715015702601,14.26903056594497,18.78801547246029
2018-09-24 02:44:59.999997,-2.713031943106184,11.68055348487035,12.31203549436678,8.778010726052017,14.23518813275159,18.77895962556475
2018-09-24 03:00:00.000000,-2.971535559096849,11.65033266959955,12.27235587812152,8.733495472254923,14.20355787137583,18.77028859038274
2018-09-24 03:15:00.000003,-3.197842524432529,11.62289059645292,12.23600283420836,8.693841299967412,14.17441765902509,18.7620829832923
2018-09-24 03:29:59.999997,-3.387702815373504,11.59861732821015,12.20344047873867,8.659681099026713,14.14810624708908,18.75442500871945
2018-09-24 03:45:00.000000,-3.535673321791676,11.57789959560306,12.17513678399636,8.631777900614367,14.12500522966498,18.74740196383152
2018-09-24 04:00:00.000003,-3.638988604160307,11.56104168621134,12.15149599341467,8.610613965227834,14.10545283113175,18.74109852616668
2018-09-24 04:14:59.999997,-3.686483535493494,11.54875861392016,12.13329593422551,8.597663562219239,14.09002428658092,18.73562215768816
2018-09-24 04:30:00.000000,-3.669290171816529,11.54180975543807,12.12142102387716,8.594285142106445,14.07938664702142,18.73110165423537
2018-09-24 04:45:00.000003,-3.577822965620636,11.54102031390653,12.11685013260068,8.60193053403859,14.07428410529108,18.72768489586282
2018-09-24 04:59:59.999997,-3.406841656020746,11.54703996323058,12.12042425044408,8.62157152515865,14.07537899485448,18.72552193481565
2018-09-24 05:15:00.000000,-3.162241389902166,11.55992879038102,12.1324375338534,8.652752235056935,14.08296680310108,18.7247425331211
2018-09-24 05:30:00.000003,-2.85716035595564,11.57937854175681,12.15274691241436,8.694081363993389,14.09693596011933,18.72541630912184
2018-09-24 05:44:59.999997,-2.512053278195162,11.60409242693838,12.18013995649064,8.74282489153558,14.11654605341561,18.72752176285825
2018-09-24 06:00:00.000000,-2.135536780562037,11.63326506396563,12.21369670580188,8.797498511925216,14.14109063902876,18.73098273142093
2018-09-24 06:15:00.000003,-1.745039096229255,11.66567440403297,12.25205748612199,8.85571027349707,14.16958131963072,18.73566147800415
2018-09-24 06:29:59.999997,-1.343097986584394,11.70077928654856,12.29437906675061,8.91683283695831,14.20129553533821,18.74140477953956
2018-09-24 06:45:00.000000,-0.9345213373853755,11.74040495864861,12.3412505528766,8.984168910606105,14.23608190104733,18.74809175147759
2018-09-24 07:00:00.000003,-0.5212434724769889,11.78158395449007,12.39060674013365,9.052739479492772,14.27299047271331,18.75555708171207
2018-09-24 07:14:59.999997,-0.1156468552762571,11.82331621720984,12.44124022387167,9.120959133653669,14.31114376263056,18.76362293978056
2018-09-24 07:30:00.000000,0.2772958386769235,11.86488857666872,12.49222575462021,9.187825415418823,14.34981966447337,18.77211593591454
2018-09-24 07:45:00.000003,0.6532374458762933,11.90570581732882,12.5427731535587,9.252497044211463,14.38838858555922,18.78087158664097
2018-09-24 07:59:59.999997,1.029271802105142,11.94651748485304,12.5933020214905,9.317063297681079,14.42697622296284,18.78979607033862
2018-09-24 08:15:00.000000,1.378189390544137,11.98606231981914,12.64266360380196,9.378287803975487,14.4648020878407,18.7987591284989
2018-09-24 08:30:00.000003,1.709262702799053,12.02411826697519,12.69043921383924,9.43667920251242,14.50154461751217,18.80765063710162
2018-09-24 08:44:59.999997,2.016464537157495,12.0606350454477,12.73655842637589,9.492410151780431,14.53757794083224,18.81644112572724
2018-09-24 09:00:00.000000,2.302365131490717,12.09547667624488,12.78078276994498,9.545181532940447,14.57251677440767,18.82506497577693
2018-09-24 09:15:00.000003,2.556583041355615,12.12744638263192,12.82184032601678,9.592293329591664,14.60485776891368,18.83333740376103
2018-09-24 09:29:59.999997,2.761458822585374,12.15532807135612,12.85845026236857,9.631681778877706,14.63386568724185,18.84109187521941
2018-09-24 09:45:00.000000,2.933333413216443,12.17967267374492,12.89084217093144,9.665237505534797,14.6596442814271,18.84823659315805
2018-09-24 10:00:00.000003,3.043181734291622,12.19882744213469,12.91746476307438,9.689313658982291,14.68124220947351,18.85462522876406
2018-09-24 10:14:59.999997,3.109610936513333,12.21449461186042,12.93946571821933,9.714519778454596,14.70129042579233,18.86039292644224
2018-09-24 10:30:00.000000,3.104290867363947,12.22338486327196,12.95403832551881,9.723302904907667,14.71510068571075,18.86514508313581
2018-09-24 10:45:00.000003,3.035882913536297,12.22528622635621,12.96056417148736,9.718238966261683,14.72212496443091,18.86866075367732
2018-09-24 10:59:59.999997,2.890471372740237,12.2195998677777,12.95828797645892,9.700011878562428,14.72237596551726,18.870821629206
2018-09-24 11:15:00.000000,2.677608211299607,12.20658782559642,12.94721666431164,9.669846521479329,14.71590270560985,18.871541725382
2018-09-24 11:30:00.000003,2.407887620400161,12.18690088337594,12.92785785287302,9.629267611469647,14.70299632961242,18.87078224366252
2018-09-24 11:44:59.999997,2.08807380101908,12.16109439310663,12.90075742155299,9.579385996969691,14.68402563421438,18.8685463651959
2018-09-24 12:00:00.000000,1.738973475476386,12.13059029421381,12.86729917329631,9.52319209051951,14.65991323536272,18.86491781149125
2018-09-24 12:15:00.000003,1.362011033845159,12.09597919099897,12.82828758070899,9.461389328313802,14.63130372094968,18.8600060345275
2018-09-24 12:29:59.999997,0.9741812591167931,12.05853547819667,12.78508797221141,9.396480891899275,14.59918091591658,18.85396829021386
2018-09-24 12:45:00.000000,0.5751616606461267,12.01896343412409,12.73864193945498,9.329054407376455,14.56424798082182,18.84696499901723
2018-09-24 13:00:00.000003,0.1689571444566042,11.97774281504899,12.68964855967157,9.259800201442166,14.5270872063484,18.83915032980207
2018-09-24 13:14:59.999997,-0.2379273416150085,11.93541980988404,12.63882969349244,9.189711705726882,14.48829840928022,18.83067559467372
2018-09-24 13:30:00.000000,-0.6467817921562342,11.89221722267756,12.5866074589992,9.118861029626931,14.44826514492687,18.82167025896077
2018-09-24 13:45:00.000003,-1.049136114192693,11.84879099793055,12.53372991721324,9.048482393023136,14.40755064038488,18.81226838147735
2018-09-24 13:59:59.999997,-1.43708237517919,11.80628861712946,12.48131479905039,8.980888075714939,14.36701044706007,18.80262877561687
2018-09-24 14:15:00.000000,-1.812880938906322,11.76619549274981,12.43058920794377,8.91831691155753,14.32741203919545,18.79291167628504
2018-09-24 14:30:00.000003,-2.156368433405195,11.72863992547999,12.38227828895796,8.860869772873775,14.28944092733436,18.783275091587
2018-09-24 14:44:59.999997,-2.484901709531333,11.69276404802117,12.33595822981221,8.806118496563762,14.25292473883725,18.77380825028639
2018-09-24 15:00:00.000000,-2.777045741433597,11.65944775382062,12.29249792949734,8.756347421971043,14.21845367144919,18.7646264953665
2018-09-24 15:15:00.000003,-3.0410947389615,11.62865074499181,12.25205043117186,8.71094446229928,14.18622008858253,18.75582295064568
2018-09-24 15:29:59.999997,-3.272087996919177,11.60069664317998,12.21500495447972,8.670501322267572,14.15652012726621,18.74748473467317
2018-09-24 15:45:00.000000,-3.464191170373027,11.57605043692929,12.18189574438527,8.635862865767363,14.12975139190276,18.73970323610837
2018-09-24 16:00:00.000003,-3.620151604122466,11.55472500994205,12.15286133020955,8.606840127408862,14.10608629494462,18.73255230353145
2018-09-24 16:14:59.999997,-3.726808695505865,11.53740694697228,12.12860384945596,8.585023273569046,14.08604011559833,18.72612661340575
2018-09-24 16:30:00.000000,-3.786931697956443,11.52426076715143,12.10943119284777,8.570369237291013,14.06988598581044,18.7205074829221
2018-09-24 16:45:00.000003,-3.784813653401666,11.51617762661825,12.09627363097953,8.564828863659582,14.05829315659703,18.71581232577109
2018-09-24 16:59:59.999997,-3.707089078655947,11.51419715670143,12.09029346403137,8.57037256153962,14.05212198081713,18.71218868752668
2018-09-24 17:15:00.000000,-3.557927770250615,11.51858562453499,12.09200822415074,8.58691727180976,14.05182894632305,18.70977133809536
2018-09-24 17:30:00.000003,-3.328542530676194,11.5299727934975,12.10218198681879,8.61561280770044,14.05800382153529,18.70870364871392
2018-09-24 17:44:59.999997,-3.03366984634604,11.54806166742431,12.12074581590886,8.655048917666926,14.0706535334854,18.70907549512291
2018-09-24 18:00:00.000000,-2.692941736524425,11.57188160694187,12.14685490183978,8.702736976455435,14.08922114580989,18.71089586382858
2018-09-24 18:15:00.000003,-2.31030233278822,11.60081000875844,12.17978926832229,8.757777386183436,14.11320061376868,18.71412433939566
2018-09-24 18:29:59.999997,-1.913268232149463,11.63323543510426,12.21789965270138,8.816657515262108,14.1414403840926,18.71863170628842
2018-09-24 18:45:00.000000,-1.498415404633992,11.66878840961152,12.26052431034969,8.879193862312823,14.17330867633277,18.72427950878009
2018-09-24 19:00:00.000003,-1.087707034542615,11.70781658338167,12.30712939192118,8.945588376962581,14.20806866745789,18.73090682100211
2018-09-24 19:14:59.999997,-0.6647473564543867,11.7495384669055,12.35699156476457,9.01547988884569,14.24530371742708,18.73836805929138
2018-09-24 19:30:00.000000,-0.2450993068155197,11.79225954652208,12.40863348152451,9.085730237279373,14.28413629356957,18.74649469714467
2018-09-24 19:45:00.000003,0.1553928095559131,11.83464825832997,12.46057465405533,9.153956338246307,14.32350587741446,18.75508945607025
2018-09-24 19:59:59.999997,0.5489405192945985,11.87680654153449,12.51256417419382,9.221220352414903,14.36309302174392,18.76400013094744
2018-09-24 20:15:00.000000,0.9227603430943194,11.9179633005219,12.56376065916134,9.285927639048815,14.40227840994555,18.77307786349747
2018-09-24 20:30:00.000003,1.285361949078861,11.95855557659203,12.61430637713938,9.349113155650935,14.44096546003761,18.78221640757481
2018-09-24 20:44:59.999997,1.611809793847194,11.99683304424418,12.6625956291426,9.407306580090948,14.47817008077754,18.79126149828006
2018-09-24 21:00:00.000000,1.936521255156293,12.03413359569309,12.70951005815855,9.464455274480896,14.51432530140175,18.80015432732564
2018-09-24 21:15:00.000003,2.206618020362812,12.06827666343602,12.75328992822311,9.515131398576337,14.54881976599408,18.80880921969414
2018-09-24 21:29:59.999997,2.473351757117348,12.101172766967,12.79526797572591,9.56461651399099,14.5821579872265,18.81720621420356
2018-09-24 21:45:00.000000,2.664921401509063,12.12873971478963,12.83181338708786,9.602806665433231,14.61140194208734,18.82505880633869
2018-09-24 22:00:00.000003,2.843894619332658,12.15340912682043,12.8645335846085,9.637191805011927,14.63749099505571,18.83228772524246
2018-09-24 22:14:59.999997,2.953932803984987,12.17271691569597,12.89137617921334,9.66143095967853,14.65929481296249,18.83874496344757
2018-09-24 22:30:00.000000,3.027188600917122,12.18758617320105,12.91279574491094,9.678809836848236,14.67699034339038,18.84434966432325
2018-09-24 22:45:00.000003,3.031489860243441,12.19641376249029,12.92734737324419,9.685463166339057,14.68965710983645,18.8489673942872
2018-09-24 22:59:59.999997,2.978479332381651,12.20062265303471,12.93594307939183,9.691874989195147,14.6999626946476,18.85274377807086
2018-09-24 23:15:00.000000,2.84963111101563,12.19693041368119,12.93576402073914,9.678534863315303,14.70250260235302,18.85522149981004
2018-09-24 23:30:00.000003,2.653560145013932,12.18567179708795,12.92668598378236,9.651458320443695,14.69768798637202,18.85624749757646
2018-09-24 23:44:59.999997,2.401072965471785,12.16773350634666,12.90936614580996,9.613839027595757,14.68635100836845,18.85580359304576
2018-09-25 00:00:00.000000,2.088355422623774,12.14312814484074,12.88385710427432,9.56556961447141,14.6686519115034,18.85387474118515
2018-09-25 00:15:00.000003,1.743050799398518,12.27240549383245,12.94377779439835,11.4011730797693,14.75100091302391,18.86522741524891
2018-09-25 00:29:59.999997,1.362009525634264,12.2752924473257,12.94181764280987,11.41989815670319,14.76880357451666,18.87671374368049
2018-09-25 00:45:00.000000,0.9645765882917497,12.25333640165658,12.91804720158945,11.37000577839419,14.76168047153584,18.88588955861779
2018-09-25 01:00:00.000003,0.5606693708177699,12.22490870556692,12.88580336407668,11.3120003472878,14.74432772947772,18.89250620825052
2018-09-25 01:14:59.999997,0.1435189093595646,12.19272208191873,12.84807730591514,11.24945312808409,14.72064594594565,18.89674237308255
2018-09-25 01:30:00.000000,-0.2715219510751978,12.15841853860021,12.80673311193779,11.18541773205932,14.69273232717732,18.89898830427022
2018-09-25 01:45:00.000003,-0.6838613220769015,12.1227477369433,12.76290507597887,11.12059709261336,14.66190903618951,18.89967543763029
2018-09-25 01:59:59.999997,-1.094460120052111,12.0861353956852,12.71734545063224,11.05531178123271,14.62908869118161,18.89918901601397
2018-09-25 02:15:00.000000,-1.488573244563578,12.05022636160196,12.67164864717134,10.99257452822655,14.5954978303985,18.89788853928315
2018-09-25 02:30:00.000003,-1.871753221600484,12.01625642127714,12.62699519359004,10.93372538844806,14.56196906199658,18.89607143905264
2018-09-25 02:44:59.999997,-2.232018645044003,11.98394435784581,12.5837765374062,10.87832521490961,14.52911639812452,18.89397821080824
2018-09-25 03:00:00.000000,-2.570843345112096,11.95323349432056,12.54224744914543,10.82607040452634,14.49732306290146,18.8917969451203
2018-09-25 03:15:00.000003,-2.881019004359957,11.9246073146044,12.50302060677187,10.77789874825869,14.46711331705508,18.8896955918338
2018-09-25 03:29:59.999997,-3.158097664324437,11.89853143601317,12.466692399691,10.73456867352856,14.43899598984547,18.88782747398747
2018-09-25 03:45:00.000000,-3.40189638049935,11.87532828668454,12.43373273433294,10.69633960400437,14.41335407430153,18.88632401092058
2018-09-25 04:00:00.000003,-3.603297352242977,11.85555454863729,12.4047872486523,10.66439456970947,14.39071486256855,18.88531601975524
2018-09-25 04:14:59.999997,-3.761373838324248,11.83948889621614,12.3802776927079,10.63906783484401,14.37146114202973,18.88492107760655
2018-09-25 04:30:00.000000,-3.872193972497761,11.82749167015893,12.36067005302297,10.62095872046715,14.35597956170387,18.88524896289014
2018-09-25 04:45:00.000003,-3.927710856528767,11.82015707414337,12.34664795433462,10.61120122255892,14.34479654827476,18.88641711537747
2018-09-25 04:59:59.999997,-3.925103735528361,11.81790503703608,12.33876657778879,10.61038704769561,14.33836229059447,18.88853967065918
2018-09-25 05:15:00.000000,-3.853457434488198,11.82150438039145,12.33789578235222,10.62001972716651,14.3373383447663,18.89175186104656
2018-09-25 05:30:00.000003,-3.704407549401128,11.83172009128902,12.34494831491277,10.64143187326124,14.34243176304172,18.89619984300107
2018-09-25 05:44:59.999997,-3.481489634792941,11.84875102084394,12.36033849355784,10.67450952763885,14.35401957917945,18.90201196545797
2018-09-25 06:00:00.000000,-3.181864275450871,11.8728918354207,12.38448078642137,10.71967912634289,14.37244952033658,18.90930090709329
2018-09-25 06:15:00.000003,-2.847940932739319,11.90247936763141,12.41598523940237,10.77207758932337,14.39674429045166,18.91805146200272
2018-09-25 06:29:59.999997,-2.464406257487077,11.93742768495297,12.45451740794045,10.83270108010735,14.42665537315937,18.92823262113945
2018-09-25 06:45:00.000000,-2.063529938213119,11.97617414708025,12.49856198525876,10.89768988131925,14.46108769892804,18.93972687910966
2018-09-25 07:00:00.000003,-1.641314516981877,12.01835176176024,12.54747373135977,10.96691491717964,14.49944454420203,18.95241841370902
2018-09-25 07:14:59.999997,-1.211790356607562,12.0640684196305,12.6007695791512,11.04029783831918,14.5411143595201,18.96617473321124
2018-09-25 07:30:00.000000,-0.7833436743238823,12.11274953980405,12.65748252182741,11.11703389973948,14.58532709924297,18.98080560905309
2018-09-25 07:45:00.000003,-0.3430734267105721,12.163220206024,12.71668118831345,11.19600458651114,14.63161101119853,18.99616406842077
2018-09-25 07:59:59.999997,0.07071158685666083,12.21323860370791,12.7762099034944,11.27225239171092,14.67850357148666,19.0120345844593
2018-09-25 08:15:00.000000,0.4792766960753989,12.26346793349805,12.83622519604558,11.34775115561946,14.72575079396961,19.02826906559194
2018-09-25 08:30:00.000003,0.8585617158395524,12.31228015555615,12.89514967724979,11.41929814377793,14.77233189616378,19.0446773367993
2018-09-25 08:44:59.999997,1.241803506193092,12.36077684187162,12.95362379525473,11.49073150425305,14.81865537698812,19.06116693836477
2018-09-25 09:00:00.000000,1.581618019867116,12.40659996296752,13.00961850900803,11.55608318664063,14.86339581242035,19.07756658176283
2018-09-25 09:15:00.000003,1.918070813307798,12.45128625966331,13.06409532820147,11.62002579590171,14.90697483840528,19.09380899132301
2018-09-25 09:29:59.999997,2.202275357063794,12.49252545563262,13.11504284148858,11.67680968340636,14.94810318057081,19.10973570888384
2018-09-25 09:45:00.000000,2.481070191478433,12.53214487083153,13.16374654116252,11.7316264393644,14.98742912556606,19.12530551927416
2018-09-25 10:00:00.000003,2.695897290386228,12.56733368829085,13.20779607664192,11.77752687131722,15.02346448800933,19.14035744151342
2018-09-25 10:14:59.999997,2.890394181028326,12.59958972659502,13.24812410808372,11.81913978094272,15.05661194160478,19.15482641720449
2018-09-25 10:30:00.000000,3.023564756323628,12.62695975157148,13.28302116613076,11.85166764396677,15.08580426366685,19.16857465173915
2018-09-25 10:45:00.000003,3.114907428019313,12.64980682536526,13.31249430144844,11.87689312433057,15.110917188859,19.18150346003252
2018-09-25 10:59:59.999997,3.145026233665298,12.66707614849629,13.33551614125139,11.89243796855406,15.13124880660849,19.19348721137062
2018-09-25 11:15:00.000000,3.115285840658748,12.67840651478236,13.35153724959566,11.89806668249298,15.14634722820247,19.20440602578158
2018-09-25 11:30:00.000003,3.016116002147601,12.68304414278612,13.35971335768157,11.89238967542607,15.15558858313428,19.21412790277252
2018-09-25 11:44:59.999997,2.845579836135504,12.68053355598252,13.35942596278971,11.87485674235481,15.15847563804626,19.22252397382199
2018-09-25 12:00:00.000000,2.617132231282807,12.67142369099542,13.35099872744933,11.84705579078638,15.15511718143613,19.22952240768234
2018-09-25 12:15:00.000003,2.32831890201337,12.65573119007757,13.33445217035863,11.80886454886247,15.14549795317841,19.23507497333612
2018-09-25 12:29:59.999997,1.996023909810317,12.63442916123151,13.31066441561022,11.76258135079905,15.13024953944319,19.23921139012754
2018-09-25 12:45:00.000000,1.629663859375899,12.60843480552095,13.28062682555715,11.70987757733389,15.11013643430005,19.24201875300051
2018-09-25 13:00:00.000003,1.23960266309785,12.57853149621742,13.24523500832021,11.65193976553763,15.0855371614512,19.24357002981657
2018-09-25 13:14:59.999997,0.8348169784354171,12.54558796662174,13.20555439353763,11.59016742003965,15.05732369431219,19.2440030172805
2018-09-25 13:30:00.000000,0.4193990586174871,12.55370728939515,13.18332074578972,11.69618472178793,15.04310347644971,19.24503990536195
2018-09-25 13:45:00.000003,-0.005969031211260032,12.52549162058008,13.14395482377946,11.64930292060177,15.01559222313234,19.24469646910602
2018-09-25 13:59:59.999997,-0.4272961336029341,12.48832250935306,13.09784077375109,11.58072505538286,14.98200863175656,19.24316297561868
2018-09-25 14:15:00.000000,-0.8478506186557563,12.44931844060876,13.04940986663502,11.51023925395233,14.9461796464832,19.24086708886062
2018-09-25 14:30:00.000003,-1.254970656223384,12.41038657277524,13.00052126842895,11.44114227441937,14.90967702121641,19.23810238704087
2018-09-25 14:44:59.999997,-1.644359407961095,12.37350442373188,12.95290349196704,11.37650198724233,14.87361403438434,19.23509990418874
2018-09-25 15:00:00.000000,-2.007850253876717,12.33930941932161,12.90751563273034,11.31720786261755,14.83879077703914,19.23205614858268
2018-09-25 15:15:00.000003,-2.347000710642686,12.30727120349474,12.86443170292857,11.2619267791273,14.80560897983665,19.2291651623391
2018-09-25 15:29:59.999997,-2.6581412844768,12.27753758141536,12.82397001995884,11.21097100928133,14.77431638500977,19.22651436245926
2018-09-25 15:45:00.000000,-2.931470485311393,12.25075255750847,12.78685219882159,11.16568793254404,14.74545151977225,19.2242148753913
2018-09-25 16:00:00.000003,-3.173898545226461,12.22686771548163,12.75321107305597,11.12550111382693,14.71920444596922,19.2223666404521
2018-09-25 16:14:59.999997,-3.38034341885576,12.20624299976502,12.72346459231724,11.09106310091844,14.69589439673647,19.22106519464581
2018-09-25 16:30:00.000000,-3.549876779163495,12.18903861400322,12.69786230731257,11.06260266167885,14.67576372480196,19.22039300365356
2018-09-25 16:45:00.000003,-3.673714185923225,12.17576847676763,12.6769552631229,11.04127921571511,14.65924737704984,19.22044115451298
2018-09-25 16:59:59.999997,-3.745225340728514,12.16699805483717,12.66139161624695,11.02815187192712,14.6468514165813,19.22131225836818
2018-09-25 17:15:00.000000,-3.761857876711797,12.16312244488527,12.65169174697674,11.0237884279358,14.63900165891834,19.2231093223359
2018-09-25 17:30:00.000003,-3.701283297579872,12.16597011177838,12.64958913144135,11.03442491626462,14.63807316586422,19.22613751316584
2018-09-25 17:44:59.999997,-3.572362118927867,12.18032177822755,12.65899036821701,11.08961372681459,14.65732843406322,19.23196263455408
2018-09-25 18:00:00.000000,-3.367908702046939,12.19757541274065,12.67412743069337,11.12448670369078,14.67113662450501,19.23820491921745
2018-09-25 18:15:00.000003,-3.092701791303235,12.22061066294634,12.69672365884199,11.16795828293565,14.68897188982785,19.245442761738
2018-09-25 18:29:59.999997,-2.778286407608954,12.24900669329852,12.72642340805411,11.21913679052853,14.71217691024584,19.25396721891641
2018-09-25 18:45:00.000000,-2.403203005848638,12.28335860028779,12.76360501235803,11.28030791971323,14.74127112592907,19.2638854348701
2018-09-25 19:00:00.000003,-2.014687293474,12.32155902087289,12.80638219414623,11.34585142804034,14.77498334907886,19.27511335101198
2018-09-25 19:14:59.999997,-1.600189122672519,12.36344543589198,12.85424845002339,11.41643331626319,14.8128243460333,19.28754586233526
2018-09-25 19:30:00.000000,-1.163650678968223,12.41014745600151,12.90755520292296,11.49406597146932,14.85468196825532,19.30109847711471
2018-09-25 19:45:00.000003,-0.7334354513832636,12.45952242031218,12.96435175793923,11.57410043305711,14.89929448935594,19.31559728194241
2018-09-25 19:59:59.999997,-0.2870716475897589,12.51117509428525,13.02411083130662,11.65736155827868,14.94632209346022,19.33090264510595
2018-09-25 20:15:00.000000,0.132384061441941,12.56251594605992,13.08445157269718,11.7378735206802,14.99427560409015,19.34766267708146
2018-09-25 20:30:00.000003,0.550900798128717,12.61400794442232,13.14531314642424,11.81781033237165,15.0427849943625,19.36446500759477
2018-09-25 20:44:59.999997,0.9419930187532582,12.66420696177117,13.20526612715503,11.89401514730389,15.09077156033981,19.38117474476842
2018-09-25 21:00:00.000000,1.328280949576957,12.71395194866773,13.26477001187213,11.96872272310048,15.13835784769561,19.39789265198869
2018-09-25 21:15:00.000003,1.674519424184198,12.76118554968468,13.32192631379143,12.03773440313119,15.18437229349491,19.41451001906601
2018-09-25 21:29:59.999997,2.017153316664902,12.8072935331819,13.37759697544745,12.1052958578375,15.22923680037892,19.4309730615953
2018-09-25 21:45:00.000000,2.303659191141636,12.84971099222057,13.42957111288229,12.16490523235444,15.27149930042879,19.44711101442525
2018-09-25 22:00:00.000003,2.580871339311481,12.89014609175776,13.47895509230614,12.22181931720171,15.31171718908323,19.46286681182699
2018-09-25 22:14:59.999997,2.789041323987916,12.92567300021797,13.52324122142902,12.26867446705413,15.34828091016982,19.47805821695925
2018-09-25 22:30:00.000000,2.984223135508651,12.95847417714309,13.56392171016842,12.31186209300439,15.38195738895191,19.49264065451126
2018-09-25 22:45:00.000003,3.114103417665024,12.986109676652,13.59894734512002,12.34515156857424,15.41149176718508,19.50646968868613
2018-09-25 22:59:59.999997,3.206857218944695,13.00931891482968,13.62862177154645,12.37136011670849,15.43693800035158,19.51946005136693
2018-09-25 23:15:00.000000,3.231700370508808,13.02650639618525,13.65149437209987,12.38664709394548,15.45732558876712,19.53147016130634
2018-09-25 23:30:00.000003,3.208613638609329,13.03820241637514,13.66775231438714,12.39305342590089,15.47264991839395,19.54241119729232
2018-09-25 23:44:59.999997,3.116034955415022,13.04326148901891,13.67632484409677,12.38788499797426,15.48218467592069,19.55216080406452
2018-09-26 00:00:00.000000,2.957387630298892,13.04142053297416,13.67676044053997,12.37112414411936,15.48553585070306,19.56060703298227
2018-09-26 00:15:00.000003,2.74231045788351,12.98531182841549,13.64458595320652,11.92889857350483,15.45277432019491,19.56623308859365
2018-09-26 00:29:59.999997,2.465270485444498,12.96217165957976,13.62390153994828,11.871109774974,15.43979588041245,19.57244761236606
2018-09-26 00:45:00.000000,2.141439763059808,12.94069977507698,13.60196558832532,11.82255914655969,15.42816152483601,19.57804865263869
2018-09-26 01:00:00.000003,1.776920196970602,12.91421006653463,13.57355017048424,11.76675238367032,15.41104669465568,19.5816242577137
2018-09-26 01:14:59.999997,1.388024942345394,12.8830780302901,13.53884422035839,11.7046255980788,15.38815264165068,19.58312499932912
2018-09-26 01:30:00.000000,0.9796385328054731,12.84814466956532,13.49875924920776,11.6376807702742,15.36027857759051,19.58275121989028
2018-09-26 01:45:00.000003,0.558617760436819,12.81042610073792,13.45448629355804,11.56729455645439,15.32840994234072,19.58079571347394
2018-09-26 01:59:59.999997,0.1317642654014069,12.77076398003589,13.40713041917813,11.49490197932042,15.29364218750963,19.57759296326504
2018-09-26 02:15:00.000000,-0.2987961259179053,12.73292620000756,13.35945724597506,11.4215376581901,15.25691031684732,19.57339440748739
2018-09-26 02:30:00.000003,-0.7229913612916516,12.69186965896244,13.30897632982096,11.34796278524347,15.21857979141465,19.56838558308231
2018-09-26 02:44:59.999997,-1.139169055040785,12.64995537045154,13.2572998378375,11.27500095360868,15.17932608770287,19.56277067639036
2018-09-26 03:00:00.000000,-1.538919155017924,12.60933871440986,13.20626751078233,11.20539356394518,15.14013717618841,19.55677444259585
2018-09-26 03:15:00.000003,-1.909218243655098,12.57184344182343,13.15760720104039,11.14226028889368,15.102171600728,19.55063618406341
2018-09-26 03:29:59.999997,-2.254592115427497,12.53664082325201,13.11129362870202,11.08342364321799,15.06574479108478,19.54453252053809
2018-09-26 03:45:00.000000,-2.562888731867556,12.50422157765304,13.0680089157592,11.03013599178244,15.03147609110642,19.53863454438721
2018-09-26 04:00:00.000003,-2.835233478161799,12.47485665283277,13.02823136675874,10.98255767375729,14.99980301032034,19.53309258402336
2018-09-26 04:14:59.999997,-3.066913220812706,12.44895043089851,12.99248376598316,10.94140941828856,14.97117767497828,19.52804360470024
2018-09-26 04:30:00.000000,-3.264246247565519,12.42641136348787,12.96084719521752,10.90597780852982,14.94572335732854,19.5235855274167
2018-09-26 04:45:00.000003,-3.417591788152291,12.40776435671961,12.93387033011766,10.87746749283574,14.9238498627407,19.51981818797238
2018-09-26 04:59:59.999997,-3.520685990718786,12.39354254211058,12.91215243105134,10.85703711697355,14.90607770308885,19.51685828851068
2018-09-26 05:15:00.000000,-3.583371873063095,12.38347823390176,12.89559170399013,10.84364620760109,14.89238546778533,19.51476999532379
2018-09-26 05:30:00.000003,-3.582094494779609,12.37870228463258,12.8852439014548,10.84016506554862,14.88350708784428,19.51365748131111
2018-09-26 05:44:59.999997,-3.521165748966874,12.37946627363854,12.88154889117205,10.84655531677168,14.87983098148318,19.51362298133733
2018-09-26 06:00:00.000000,-3.386020238691795,12.38666671536608,12.88546006925731,10.86477216403169,14.88207450229503,19.51479617435411
2018-09-26 06:15:00.000003,-3.177291240899204,12.40068161519679,12.89754569381772,10.8951321712446,14.8907180852107,19.51730288951216
2018-09-26 06:29:59.999997,-2.90602792056506,12.4218072358101,12.91824553883834,10.93839190804828,14.90784844670854,19.52174154868722
2018-09-26 06:45:00.000000,-2.583052449944016,12.44938068659066,12.94704765476716,10.99276787303228,14.93322567731702,19.52821906654045
2018-09-26 07:00:00.000003,-2.210343063175891,12.48202599113585,12.98269480959367,11.05295955736067,14.96139114966066,19.53544086303827
2018-09-26 07:14:59.999997,-1.80827791719532,12.51896879975851,13.02427499784385,11.1188838433517,14.99380956225959,19.54377075118201
2018-09-26 07:30:00.000000,-1.383865434292659,12.5596713827402,13.07108917969541,11.18963298758711,15.03035192544802,19.5532701232885
2018-09-26 07:45:00.000003,-0.9388306439478907,12.60630738571525,13.1240202110616,11.26930499571214,15.07117429989719,19.56391137733215
2018-09-26 07:59:59.999997,-0.4836311425202441,12.65567290903136,13.18078871871856,11.35202581259998,15.11516243244095,19.57555171718505
2018-09-26 08:15:00.000000,-0.02852284275690654,12.70653200919146,13.24003519547762,11.43580655098624,15.16134914542473,19.5880163453429
2018-09-26 08:30:00.000003,0.4080761761177476,12.75736051414237,13.3000888638803,11.5177564962556,15.20849694874467,19.6010877208888
2018-09-26 08:44:59.999997,0.8274696795516066,12.8075616078974,13.3600102898466,11.5974324263583,15.25581064026083,19.61455921004412
2018-09-26 09:00:00.000000,1.246063688193294,12.85804803614617,13.42028647824722,11.67709106816064,15.30339017668548,19.62830875485224
2018-09-26 09:15:00.000003,1.629210714861076,12.90666368810988,13.47898472523582,11.75192752799195,15.34998284772458,19.64214524442697
2018-09-26 09:29:59.999997,1.992858422209802,12.95351856711218,13.5358444086972,11.82326214635275,15.39526815954277,19.65592257335106
2018-09-26 09:45:00.000000,2.326356109026677,12.99796216967348,13.59016747653235,11.88971289800675,15.43872291920874,19.66950336422025
2018-09-26 10:00:00.000003,2.626993561580202,13.0394088654687,13.64129484037968,11.95027067302831,15.47984895877045,19.68275709777981
2018-09-26 10:14:59.999997,2.902902411599503,13.07826074422499,13.68934906383187,12.00634823278622,15.51861368824255,19.6955977557646
2018-09-26 10:30:00.000000,3.129792169993142,13.11310550300629,13.73301768446027,12.05473023589366,15.55414743133263,19.70789155924053
2018-09-26 10:45:00.000003,3.328197178362999,13.1445580948908,13.772582240724,12.0976335324331,15.58653265685489,19.71956191516626
2018-09-26 10:59:59.999997,3.464001835986279,13.17078529526583,13.80639135253576,12.13067165718255,15.61467992510834,19.73046185483874
2018-09-26 11:15:00.000000,3.564778024198189,13.1927319038456,13.83499527717806,12.15686453134427,15.63878954399954,19.74051891168064
2018-09-26 11:30:00.000003,3.604520588325818,13.2090990967152,13.85722697824288,12.17304187803427,15.65810447334556,19.74961731435394
2018-09-26 11:44:59.999997,3.593290203411879,13.21990339654296,13.8728450837049,12.1799966327608,15.67239722685829,19.75766279569313
2018-09-26 12:00:00.000000,3.511886235580604,13.22399375089301,13.88072934500446,12.17515903826016,15.68087946178728,19.76452382210804
2018-09-26 12:15:00.000003,3.375224264672267,13.22176992357083,13.88100214367211,12.16007846551537,15.68351647359807,19.77011516951921
2018-09-26 12:29:59.999997,3.168910184568682,13.21250424225177,13.87299345173897,12.13296633376761,15.67983847749855,19.77438764306197
2018-09-26 12:45:00.000000,2.905467483155957,13.19657906496609,13.85687885215797,12.09519774228843,15.66989666615979,19.77724967757526
2018-09-26 13:00:00.000003,2.581881871663694,13.17393757337417,13.83260001494614,12.04653122743536,15.65362372117745,19.77862911628399
2018-09-26 13:14:59.999997,2.223444276442898,13.14604798849381,13.80145744318662,11.99036740750502,15.6318216836312,19.7785750276402
2018-09-26 13:30:00.000000,1.833389359456232,13.11343038078105,13.76423365610051,11.92706104760146,15.60510432616843,19.77717802507837
2018-09-26 13:45:00.000003,1.422380019364515,13.07714843434611,13.72201387652246,11.85887415422702,15.57426104325647,19.77456480414567
2018-09-26 13:59:59.999997,0.9982212421293881,13.03808308528695,13.67582262784379,11.7873141111814,15.54007598517066,19.77088446146768
2018-09-26 14:15:00.000000,0.5661001829147705,12.9971068560179,13.6266869933434,11.71345269209775,15.50325808195262,19.76629437109668
2018-09-26 14:30:00.000003,0.1276846167944786,12.95464049684288,13.57524733374011,11.63789703934609,15.46437949332879,19.76094396558487
2018-09-26 14:44:59.999997,-0.3092359079274952,12.91127215430395,13.52224744372469,11.56181919106342,15.42406832440691,19.75499030593479
2018-09-26 15:00:00.000000,-0.7389833786977479,12.86764890351656,13.46848579334639,11.4862961206268,15.38296430213875,19.74858224796327
2018-09-26 15:15:00.000003,-1.155018602129801,12.82448112493737,13.41481671866073,11.41250974162694,15.34173034321675,19.74187141830226
2018-09-26 15:29:59.999997,-1.547264477596008,12.78345972855652,13.36275880024241,11.34343402173944,15.30135678613672,19.73507303105012
2018-09-26 15:45:00.000000,-1.915403762678906,12.74560966432221,13.31338294225371,11.28036301637744,15.26257624686726,19.72836256271698
2018-09-26 16:00:00.000003,-2.250572127605912,12.71056623264657,13.26696627275367,11.22262021531686,15.22583119671199,19.72184483805372
2018-09-26 16:14:59.999997,-2.554488368497121,12.67825755580773,13.22369806001361,11.16988635723133,15.19140143936933,19.71563935706785
2018-09-26 16:30:00.000000,-2.82242423152048,12.64898491904126,13.18401782632833,11.12256461734943,15.15966805821194,19.70986840767095
2018-09-26 16:45:00.000003,-3.05042171086444,12.62318438214669,13.14842688632274,11.08163081874485,15.13106665494924,19.70483509528452
2018-09-26 16:59:59.999997,-3.235702361533435,12.60122993854633,13.11740509600913,11.04763618573499,15.10600096767481,19.7007396600415
2018-09-26 17:15:00.000000,-3.37315652531038,12.58357704032632,13.0914937957304,11.02138890671521,15.08486961972692,19.69713285696825
2018-09-26 17:30:00.000003,-3.463677310794047,12.57034433299657,13.07093105843627,11.0029425688341,15.06791399406925,19.69427393121329
2018-09-26 17:44:59.999997,-3.49395576319563,12.56229658710806,13.05651024848097,10.99403685972094,15.05573843576892,19.69235065658541
2018-09-26 18:00:00.000000,-3.462065514165912,12.55987753612491,13.04881694441168,10.99527430360044,15.04883121924602,19.69149942429489
2018-09-26 18:15:00.000003,-3.367036502360808,12.56338425901144,13.04829323360269,11.00698056069699,15.04758501917592,19.69183762991403
2018-09-26 18:29:59.999997,-3.190030851574855,12.57393276133794,13.05608199844032,11.03166136602568,15.05282184053095,19.69350709403099
2018-09-26 18:45:00.000000,-2.947513500456903,12.59134590354835,13.07228285811479,11.06783123385699,15.0646412182995,19.69660414731666
2018-09-26 19:00:00.000003,-2.648974909406273,12.6150184336526,13.09641461347783,11.11407782536697,15.08277927947531,19.70116819946538
2018-09-26 19:14:59.999997,-2.294703709091065,12.64478995611175,13.12828371540375,11.17018402592741,15.10708549005725,19.70721248806534
2018-09-26 19:30:00.000000,-1.913545609997436,12.67911802447744,13.16643715751997,11.23239745087125,15.13655182981555,19.71465514102495
2018-09-26 19:45:00.000003,-1.502462353415584,12.71762856775044,13.21032384207846,11.300153942308,15.17063862633212,19.72339854548456
2018-09-26 19:59:59.999997,-1.069527063162465,12.7615926336696,13.26024720178955,11.37589094987137,15.20915799417529,19.73335809982952
2018-09-26 20:15:00.000000,-0.6314087632388995,12.80875740330939,13.31433668230288,11.45519499999511,15.25098888218687,19.74437298555689
2018-09-26 20:30:00.000003,-0.1760628393734683,12.85844941821777,13.37185661731782,11.53793551036967,15.29566238404966,19.75630293513968
2018-09-26 20:44:59.999997,0.2553015535503078,12.90819094877051,13.43044133237177,11.61850546960778,15.34154654338054,19.76891671498231
2018-09-26 21:00:00.000000,0.6767142056022328,12.95781539542817,13.48944834928748,11.69784569334939,15.3880112393191,19.78201694533426
2018-09-26 21:15:00.000003,1.083458358940845,13.00701522497971,13.54832963623313,11.77536022456215,15.43452305914609,19.79543020216065
2018-09-26 21:29:59.999997,1.480368364883904,13.05578539895719,13.60687216817572,11.8515022269438,15.48083982119164,19.80902448723535
2018-09-26 21:45:00.000000,1.837608881395924,13.102142688163,13.66321678887221,11.92195223379333,15.5257028062626,19.82260388902476
2018-09-26 22:00:00.000003,2.190631677789199,13.14738655810316,13.71813719779974,11.99082586934159,15.56946610192822,19.8360796247698
2018-09-26 22:14:59.999997,2.489703200810414,13.1891345029112,13.76960475122317,12.05195296823782,15.61076316105706,19.84927258041159
2018-09-26 22:30:00.000000,2.776312991421647,13.22864630034285,13.81835009330219,12.1095996303375,15.64996985643769,19.8621059092837
2018-09-26 22:45:00.000003,2.995131165656829,13.26323763190505,13.86200260039382,12.15707185826815,15.68551860363927,19.87438770245765
2018-09-26 22:59:59.999997,3.203486891666551,13.2951576433105,13.90208255280163,12.20113692546643,15.71823440490555,19.88607273955883
2018-09-26 23:15:00.000000,3.333744089785429,13.32119563711748,13.93589313407101,12.23353429988323,15.74641111292923,19.89697584784493
2018-09-26 23:30:00.000003,3.453298450533608,13.34407994873258,13.96538996124068,12.26210621583871,15.77112587927731,19.90707983634433
2018-09-26 23:44:59.999997,3.503480075324949,13.36128399017845,13.98855533266609,12.2799878242445,15.79114496078632,19.9162590794591
2018-09-27 00:00:00.000000,3.507826004842049,13.37462228639758,14.00659341947049,12.29774425050857,15.81025827887911,19.92484487789008
2018-09-27 00:15:00.000003,3.445104878253855,13.35576859167577,14.00443916931541,12.00927067734407,15.81044561335825,19.9322463507469
2018-09-27 00:29:59.999997,3.330282381147247,13.35234961302812,14.00582860902866,11.98808514851397,15.81582698258092,19.94000814429482
2018-09-27 00:45:00.000000,3.146479039268305,13.34565654367708,14.00216511123095,11.96473662090647,15.81786011184386,19.94703266395173
2018-09-27 01:00:00.000003,2.909544594216168,13.33294558395086,13.99100290519575,11.93157620525621,15.81358410058001,19.95247992908365
2018-09-27 01:14:59.999997,2.611018926221135,13.31332259729268,13.97139092276015,11.88700603311123,15.80217915277654,19.95603239711785
2018-09-27 01:30:00.000000,2.268453792547171,13.28765184144838,13.94402610923447,11.83329091186134,15.78417784310142,19.95770640927124
2018-09-27 01:45:00.000003,1.902971580241758,13.25751873194603,13.91047282190838,11.77376136295634,15.76074907546081,19.95762303832062
2018-09-27 01:59:59.999997,1.499426453057952,13.2226751609785,13.87085686804887,11.70699343919203,15.73220558803132,19.95594071231718
2018-09-27 02:15:00.000000,1.084026638560352,13.18463844962348,13.82665228469173,11.63644324913493,15.69964125108223,19.95288040116552
2018-09-27 02:30:00.000003,0.6642595398862007,13.14462765070202,13.7792625074789,11.56397344595844,15.6641458165865,19.94868421745119
2018-09-27 02:44:59.999997,0.2299313135324173,13.10259517036245,13.72898869664345,11.48854596227513,15.62604887669513,19.94353324899952
2018-09-27 03:00:00.000000,-0.1956873690875124,13.05982108076987,13.67714940669012,11.41327166909992,15.58638428061061,19.93763650844652
2018-09-27 03:15:00.000003,-0.6160020423448664,13.01660712067443,13.62437159038359,11.33791618414476,15.54574996489415,19.93117965835274
2018-09-27 03:29:59.999997,-1.026917933508247,12.97351886733652,13.57134547450781,11.26363669953988,15.5047198086753,19.92433131734652
2018-09-27 03:45:00.000000,-1.41298701077195,12.93199718268261,13.51947241083209,11.19326924719902,15.46427834865346,19.91728500402278
2018-09-27 04:00:00.000003,-1.770334443486265,12.89398621409628,13.47044378817902,11.12988218306167,15.42547153078343,19.9102504728363
2018-09-27 04:14:59.999997,-2.097804781260832,12.85890024351884,13.42439504287318,11.07197419382362,15.38870130696323,19.90339284468826
2018-09-27 04:30:00.000000,-2.39577388519145,12.82649822772794,13.38141772012332,11.01897609685748,15.35420216607559,19.89684031324739
2018-09-27 04:45:00.000003,-2.648122336509727,12.79765596778141,13.34245056918119,10.97294963699963,15.32270817207898,19.89074398936078
2018-09-27 04:59:59.999997,-2.870731102564149,12.77196365112352,13.30734393600867,10.93227916770542,15.29422203915086,19.88519996613899
2018-09-27 05:15:00.000000,-3.044876173425731,12.75027305216991,13.27691190644869,10.89917425451478,15.26935154343412,19.88032526437183
2018-09-27 05:30:00.000003,-3.175077502659067,12.73272667590515,13.25145930588915,10.8734543909372,15.24838437726419,19.87621900444186
2018-09-27 05:44:59.999997,-3.261728762574064,12.71942725539555,13.23118736923778,10.8551335958835,15.23150462658684,19.87296067096547
2018-09-27 06:00:00.000000,-3.281586074940907,12.71160673541702,13.21729029868143,10.84721303700915,15.21959116769503,19.87068030341976
2018-09-27 06:15:00.000003,-3.242899833038559,12.70934807975834,13.21008609748504,10.84918645180869,15.21297080326022,19.86948819437851
2018-09-27 06:29:59.999997,-3.142962697147688,12.71291371461532,13.20994486415846,10.86143866143839,15.21195272123274,19.86948258446724
2018-09-27 06:45:00.000000,-2.970796886393297,12.72312016634689,13.21773393369309,10.88557132385461,15.21715562476571,19.87078219262133
2018-09-27 07:00:00.000003,-2.736251412940386,12.73973565168708,13.23342382264878,10.92060599774894,15.22865895137819,19.87347526128369
2018-09-27 07:14:59.999997,-2.447622788281789,12.76233716832967,13.25667882355442,10.96541913143963,15.24625710960584,19.87759988813375
2018-09-27 07:30:00.000000,-2.099870122815496,12.79112142183699,13.28766521643545,11.02050752177951,15.27001908572316,19.88317172236173
2018-09-27 07:45:00.000003,-1.732762175606301,12.82412721160385,13.32460388247482,11.08085956122021,15.29871174241666,19.89009399238387
2018-09-27 07:59:59.999997,-1.329464357296699,12.86162766175047,13.36739365963246,11.14801146117076,15.33210361522996,19.89829086346301
2018-09-27 08:15:00.000000,-0.9029467084902485,12.90549452620592,13.41677874673096,11.2248802121319,15.37018578520209,19.90770496030639
2018-09-27 08:30:00.000003,-0.458597484313053,12.95243926109306,13.47052698394466,11.30552937387839,15.41191310085762,19.91820217969559
2018-09-27 08:44:59.999997,-0.007269513344287782,13.0015487144546,13.52748063678476,11.38857547596074,15.45640386144542,19.92962531343381
2018-09-27 09:00:00.000000,0.4351859345229244,13.05151156362082,13.5862169766981,11.47140153641374,15.50256443788912,19.94178162341406
2018-09-27 09:15:00.000003,0.8616870275643667,13.10123654401768,13.64543926596592,11.55211921012078,15.54939819685759,19.95446274973927
2018-09-27 09:29:59.999997,1.289170527819048,13.15159004879781,13.70550914599454,11.63315058404456,15.59690345409938,19.96753712598626
2018-09-27 09:45:00.000000,1.680604646569169,13.20019346509014,13.76426096595208,11.7093420513692,15.64364359657302,19.9807902224858
2018-09-27 10:00:00.000003,2.060908097929781,13.24762638349355,13.82180028432027,11.78323512160634,15.68952740746506,19.99408376086319
2018-09-27 10:14:59.999997,2.401051152055418,13.29236242030091,13.87669349707236,11.85114797550849,15.73354246605068,20.00724026623664
2018-09-27 10:30:00.000000,2.719614729162885,13.33482607461163,13.92900332519464,11.9149984115593,15.77561668336043,20.02014323504427
2018-09-27 10:45:00.000003,3.000265686667439,13.37419057887001,13.97791851730317,11.97277026713456,15.81514744993561,20.03266245397215
2018-09-27 10:59:59.999997,3.230029612118932,13.40922528483595,14.0221373396755,12.02223566091912,15.85122346008252,20.04463357312168
2018-09-27 11:15:00.000000,3.428277477884849,13.44055007795706,14.06191898506695,12.06558553318358,15.88389698208971,20.05595886496545
2018-09-27 11:30:00.000003,3.564809703654349,13.4665180395955,14.09576366525249,12.09887690965852,15.91215634319436,20.06648414380895
2018-09-27 11:44:59.999997,3.670518837487506,13.48826091701034,14.12440170271338,12.12555122687325,15.93635304793181,20.07614606767947
2018-09-27 12:00:00.000000,3.711562126041851,13.50420817833703,14.14645704161138,12.14167288130993,15.95558669586256,20.08482172952932
2018-09-27 12:15:00.000003,3.704150829108353,13.51468984710447,14.16196560459272,12.14878193643122,15.96976998592404,20.09242710180377
2018-09-27 12:29:59.999997,3.635096906969741,13.51898220803518,14.17021961975971,12.14521654455326,15.97840235897146,20.09886296434725
2018-09-27 12:45:00.000000,3.510298110579948,13.5171188160524,14.17109602436076,12.13146112876381,15.98133019628482,20.10405309326262
2018-09-27 13:00:00.000003,3.33016248830417,13.50899511906206,14.16446780978603,12.10730826437008,15.97844091266008,20.10793908735891
2018-09-27 13:14:59.999997,3.086667504208481,13.49414174567601,14.14985575722348,12.07179570950743,15.9693890166615,20.11045287394533
2018-09-27 13:30:00.000000,2.79805798192052,13.4735937918881,14.12812293166248,12.0272740105717,15.9546189224248,20.11161002898137
2018-09-27 13:45:00.000003,2.457197998059726,13.44708778868477,14.09910370564506,11.97310540066792,15.93411923740443,20.11139202775192
2018-09-27 13:59:59.999997,2.088919498814593,13.41600389051662,14.06402206202797,11.91264217268151,15.90871280583291,20.10985916891032
2018-09-27 14:15:00.000000,1.686932354689747,13.38057535365085,14.02334083664145,11.84561261998669,15.87876913623638,20.10708941992072
2018-09-27 14:30:00.000003,1.266731599857801,13.34179794856552,13.97808452618512,11.77412329800855,15.84501771332061,20.10319992293263
2018-09-27 14:44:59.999997,0.8309304515160727,13.30030451825077,13.92904746465027,11.6990582959756,15.80808581972278,20.0983197839173
2018-09-27 15:00:00.000000,0.3860788806171384,13.25695967725442,13.8771961350586,11.62163387108854,15.76863094695928,20.09258753170636
2018-09-27 15:15:00.000003,-0.06276964263152139,13.2121602492817,13.82315677718393,11.54242637868994,15.72721141509325,20.08613973127169
2018-09-27 15:29:59.999997,-0.5102826095347148,13.16647110566097,13.76763608105487,11.46253996346851,15.684431690255,20.0791181080443
2018-09-27 15:45:00.000000,-0.9455512781160083,13.12085992359196,13.7116936423266,11.38392898829124,15.64110673451307,20.07168667402429
2018-09-27 16:00:00.000003,-1.360979770026516,13.07636278140106,13.656464984745,11.30834010828811,15.59808773490686,20.06402410935973
2018-09-27 16:14:59.999997,-1.755096657938425,13.03490655150338,13.6035356294377,11.23875594950421,15.55628722054557,20.05631701327159
2018-09-27 16:30:00.000000,-2.110128318656713,12.99682210261674,13.5538182857166,11.17594284931532,15.51668765064644,20.04882407783601
2018-09-27 16:45:00.000003,-2.442591835631251,12.96116681594041,13.50692516244624,11.11729748410704,15.47916139334401,20.0416010162803
2018-09-27 16:59:59.999997,-2.730302263116786,12.92890090056738,13.46382760805428,11.06535753931133,15.44443025663892,20.03477617981941
2018-09-27 17:15:00.000000,-2.97893420169712,12.90016160812121,13.42487113175201,11.0198784580242,15.41285587666528,20.02847990386477
2018-09-27 17:30:00.000003,-3.188694618219945,12.87506603048863,13.39029372335445,10.98089251123626,15.38468089096682,20.02281929907797
2018-09-27 17:44:59.999997,-3.344307301551402,12.85453388815846,13.36103202260521,10.95044189423469,15.36059678274661,20.01792577011063
2018-09-27 18:00:00.000000,-3.46330718156457,12.83802402778701,13.33679207296008,10.92666164881498,15.34049949510556,20.01387133283266
2018-09-27 18:15:00.000003,-3.526922661241318,12.82631243200407,13.31828725320633,10.91169146285371,15.32491727937828,20.01074932838617
2018-09-27 18:29:59.999997,-3.537906841109953,12.81959092224541,13.30583976562347,10.90555249619991,15.31414120352433,20.00864402595626
2018-09-27 18:45:00.000000,-3.494277379090926,12.81808245803038,13.29975348593857,10.90857975860689,15.30842861962086,20.00763230807072
2018-09-27 19:00:00.000003,-3.37428997636482,12.82301428304373,13.30123783536666,10.92364952067825,15.30866629094997,20.00784556407965
2018-09-27 19:14:59.999997,-3.190962521933709,12.83425021661947,13.31041638765387,10.9496583175433,15.31503518200785,20.00937904357947
2018-09-27 19:30:00.000000,-2.934875952986707,12.85246161636272,13.32800749997683,10.98784521027602,15.32801502677758,20.01233702714727
2018-09-27 19:45:00.000003,-2.633663151560308,12.87641199769835,13.35302616662727,11.03487211751841,15.347013803071,20.01673142801832
2018-09-27 19:59:59.999997,-2.291103856883077,12.90552420490745,13.38482334905578,11.08976330857877,15.37152705160279,20.02252615416412
2018-09-27 20:15:00.000000,-1.91047049704832,12.9393912659507,13.42288738361443,11.1518566196434,15.40114532438161,20.02966359226752
2018-09-27 20:30:00.000003,-1.512251848612867,12.97689984783648,13.46608902353611,11.21842631079549,15.43497228709624,20.03802673277252
2018-09-27 20:44:59.999997,-1.090486847347716,13.0195794364133,13.51495540490941,11.29282311636218,15.47297194726048,20.0475341693396
2018-09-27 21:00:00.000000,-0.6599931318631351,13.06558719999138,13.56797218345698,11.37134284576319,15.51424025082096,20.05804646016613
2018-09-27 21:15:00.000003,-0.2160758095398851,13.11389881361674,13.62418191555924,11.45283283261829,15.55819690826753,20.06942932479542
2018-09-27 21:29:59.999997,0.2083212696519902,13.16241953189725,13.68152623374329,11.5326860179927,15.60339172518226,20.08147112109402
2018-09-27 21:45:00.000000,0.6233926920445039,13.21087966592344,13.73933501597359,11.611414795636,15.64918244354658,20.09398244209961
2018-09-27 22:00:00.000003,1.017396560276324,13.25844889927359,13.79662315794422,11.68726371524454,15.69476833989764,20.10677146906897
2018-09-27 22:14:59.999997,1.395660015713662,13.30513602258339,13.85311638134392,11.7605431270547,15.73979348691177,20.11968641031964
2018-09-27 22:30:00.000000,1.738018728477994,13.34940682570296,13.9073060184154,11.82837135398356,15.78321905853789,20.13253928332988
2018-09-27 22:45:00.000003,2.0654441337621,13.39190455769957,13.95943811913076,11.89316134630793,15.82509780631755,20.14521982309317
2018-09-27 22:59:59.999997,2.341089295371863,13.43067000975627,14.0077468279771,11.95007672102099,15.86421144276876,20.15754926738474
2018-09-27 23:15:00.000000,2.602655374161056,13.46710633678108,14.05310880384044,12.00354615495777,15.90101482991632,20.16946011588819
2018-09-27 23:30:00.000003,2.78655436101438,13.49791513792679,14.09266250976818,12.04537622349367,15.93363734110902,20.18073680931656
2018-09-27 23:44:59.999997,2.953788696765659,13.52546421162161,14.12799144349557,12.08263243072455,15.96287746142371,20.19131593509701
2018-09-28 00:00:00.000000,3.056733666978254,13.54760828404573,14.15731725976563,12.10967462169071,15.98763647255145,20.20105413766533
2018-09-28 00:15:00.000003,3.128329444150627,13.510929235526,14.15200261457419,11.5586084961122,15.97414271884903,20.20675552297475
2018-09-28 00:29:59.999997,3.145530187412523,13.51337048816205,14.16184820288561,11.54540149629229,15.98141907102619,20.21332911431403
2018-09-28 00:45:00.000000,3.126874831726153,13.51922372372167,14.17244297052294,11.54710039091832,15.99200333825678,20.21993378914269
2018-09-28 01:00:00.000003,3.034152484836811,13.51974352198795,14.1769434327781,11.53835207330026,15.99838603877344,20.22558380930816
2018-09-28 01:14:59.999997,2.90216458172458,13.51507589294497,14.17495928119089,11.52150944223732,15.99951886892195,20.22989723701923
2018-09-28 01:30:00.000000,2.706503266706384,13.50396897400787,14.16537160798819,11.49350329940617,15.9945976744031,20.23271888221975
2018-09-28 01:45:00.000003,2.44824574918037,13.48611118696785,14.14775859860698,11.45402146306185,15.98328885538427,20.23398723138071
2018-09-28 01:59:59.999997,2.15424847580124,13.46292655614062,14.12328568904677,11.40668936120785,15.96635836964475,20.23375838938705
2018-09-28 02:15:00.000000,1.807189320615102,13.43392817189305,14.09172115586598,11.34968414347803,15.94373475119585,20.23206876114499
2018-09-28 02:30:00.000003,1.439974287927171,13.40087831013346,14.05462794190308,11.28737181395538,15.91649242720817,20.22904334498923
2018-09-28 02:44:59.999997,1.055742010928912,13.36461855617284,14.0130414393886,11.22094175103693,15.88546102771122,20.22483377990859
2018-09-28 03:00:00.000000,0.6518641669005294,13.32552870431346,13.96755711667694,11.15047970646271,15.85112316289531,20.21957823584291
2018-09-28 03:15:00.000003,0.2405694198094994,13.28453741073474,13.91918332944317,11.0778146094276,15.81422653763038,20.21343075072851
2018-09-28 03:29:59.999997,-0.1827799118198688,13.24164408727281,13.86818152271833,11.00257434545836,15.77509226044213,20.20651670583523
2018-09-28 03:45:00.000000,-0.6032057720724361,13.197808808409,13.81554938441641,10.92686205854248,15.73446502598698,20.19898475888815
2018-09-28 04:00:00.000003,-1.018317083088404,13.15360252661772,13.7620374698217,10.85144522410257,15.69295632809979,20.190983530142
2018-09-28 04:14:59.999997,-1.414887067045522,13.11035149611727,13.70895660852763,10.77885582456153,15.65148782522991,20.18268647158267
2018-09-28 04:30:00.000000,-1.783120171271674,13.07034859442339,13.65827823865911,10.71300692134652,15.61127301181073,20.1743053345345
2018-09-28 04:45:00.000003,-2.139167489118959,13.03218691581257,13.60944370114331,10.65022897062636,15.57224810057794,20.16596409366992
2018-09-28 04:59:59.999997,-2.451103746019087,12.99697649886432,13.56367046701359,10.59373117945772,15.53538702422533,20.15783396037097
2018-09-28 05:15:00.000000,-2.729113535801619,12.96475396831658,13.52130887455988,10.54281704673666,15.50107714150993,20.15005939429682
2018-09-28 05:30:00.000003,-2.967737017033114,12.93589958491572,13.48286048235063,10.49821147996645,15.46975546408897,20.14277330346446
2018-09-28 05:44:59.999997,-3.145351195941967,12.91172864972851,13.44967864468143,10.46285650424598,15.44244029967501,20.13615192438214
2018-09-28 06:00:00.000000,-3.286734590370763,12.89158517908175,13.42146503110731,10.43419725970182,15.41903581712682,20.13029644848126
2018-09-28 06:15:00.000003,-3.369633126563685,12.87639814914276,13.39909790274886,10.41474582479952,15.40018866467881,20.12533093592352
2018-09-28 06:29:59.999997,-3.395238399034982,12.86648338477665,13.38305119158431,10.40477591812925,15.38632029808878,20.12137083347207
2018-09-28 06:45:00.000000,-3.374546557921501,12.86147704704669,13.3731355724708,10.40304522570431,15.37740328515711,20.11851754273158
2018-09-28 07:00:00.000003,-3.274170533517896,12.86309839113754,13.37093541302969,10.41394944293894,15.37511816466689,20.11739753493975
2018-09-28 07:14:59.999997,-3.118105198988451,12.87059810069567,13.37605258791964,10.43459462177702,15.3781980008459,20.11714768684824
2018-09-28 07:30:00.000000,-2.893515397505666,12.88465173902465,13.38913088754461,10.46663770379682,15.38744256131827,20.1181774233902
2018-09-28 07:45:00.000003,-2.616381038018788,12.90462578637293,13.40970804074496,10.50827910669926,15.40270616134923,20.1205974295994
2018-09-28 07:59:59.999997,-2.304727303629057,12.92945734123086,13.43678010844986,10.55698731769635,15.42327991193666,20.12437954201019
2018-09-28 08:15:00.000000,-1.944924258839484,12.95941764933667,13.47039778444561,10.61404249262131,15.4491373325016,20.1294986216669
2018-09-28 08:30:00.000003,-1.572659297545512,12.9928587577592,13.50903499016363,10.67507361638729,15.47914943331032,20.13583501972796
2018-09-28 08:44:59.999997,-1.155406814505843,13.03227665852386,13.55414581392458,10.74617685242994,15.51393001809651,20.14336599023776
2018-09-28 09:00:00.000000,-0.7250389753506482,13.07575305786184,13.6042354100543,10.82256470853919,15.55259767637486,20.15199013173395
2018-09-28 09:15:00.000003,-0.2630144318775327,13.1230619542901,13.65900423614983,10.90504983137029,15.59498301733889,20.16163001743435
2018-09-28 09:29:59.999997,0.1956866418509832,13.1720708305675,13.71654884296972,10.98866920509075,15.63982323350069,20.17212593206596
2018-09-28 09:45:00.000000,0.6353891681372247,13.22112322424784,13.77505172076459,11.07043720452153,15.68575875162045,20.18326021440465
2018-09-28 10:00:00.000003,1.082712435001286,13.27121970988733,13.83495618688316,11.15351038049301,15.73285177681127,20.19490426770388
2018-09-28 10:14:59.999997,1.503128629605028,13.32058049881698,13.89460490328766,11.23353267131698,15.77995101480388,20.20687114686976
2018-09-28 10:30:00.000000,1.897452925607333,13.36831726862177,13.95287484553129,11.30963023960244,15.82620425684777,20.21896740658022
2018-09-28 10:45:00.000003,2.28734163437194,13.41531125294654,14.01025795021367,11.38451104647656,15.87180709850103,20.23109063133945
2018-09-28 10:59:59.999997,2.600863500172521,13.45761145011787,14.06325837264623,11.44854678519955,15.9144141606695,20.24296337761989
2018-09-28 11:15:00.000000,2.917457340282155,13.49838904100991,14.114036194539,11.5111064659183,15.95516302507209,20.25451981160933
2018-09-28 11:30:00.000003,3.154806362698369,13.53373506188273,14.15932075945122,11.5620047137783,15.99196596155247,20.26552455692228
2018-09-28 11:44:59.999997,3.390164173404897,13.56672124964193,14.20125932189132,11.61030973454695,16.02601586716944,20.27594742117714
2018-09-28 12:00:00.000000,3.542830702987488,13.59360860936182,14.23678726580601,11.64617978169494,16.05540336091326,20.28558692021986
2018-09-28 12:15:00.000003,3.682097135113296,13.61710854150365,14.2677869953474,11.67767689387613,16.08115486222612,20.2944110439826
2018-09-28 12:29:59.999997,3.773013962054545,13.63603225088844,14.29341309398376,11.70108163123082,16.10278887702562,20.30235260102486
2018-09-28 12:45:00.000000,3.81020980626549,13.64963813305454,14.31288534203196,11.71511702219283,16.11973726189439,20.30931889170905
2018-09-28 13:00:00.000003,3.804906244608032,13.65828842098015,14.32636256891188,11.7210555135179,16.13202885760182,20.31525727264029
2018-09-28 13:14:59.999997,3.74435734185703,13.6613136930243,14.33323499816681,11.71727190428262,16.13924615005427,20.32009475644265
2018-09-28 13:30:00.000000,3.629036674187066,13.65846243339077,14.333149449531,11.70354796626272,16.14110285883933,20.32376006561872
2018-09-28 13:45:00.000003,3.442098819410404,13.64860590422486,14.32500580771211,11.6774401350347,16.13682912170771,20.32613843617347
2018-09-28 13:59:59.999997,3.192924821492763,13.63184298178038,14.30866740484086,11.63978197522145,16.1262319286371,20.32714149476682
2018-09-28 14:15:00.000000,2.894216103939251,13.60887857914609,14.28466834642358,11.59236845293102,16.1096156316187,20.32673995214604
2018-09-28 14:30:00.000003,2.54419343042569,13.57986389045535,14.25321686681527,11.53518875298238,16.08709925741099,20.32492462147023
2018-09-28 14:44:59.999997,2.16653992875784,13.54626800215846,14.21567055043983,11.47154465712702,16.05956192359007,20.32176961960531
2018-09-28 15:00:00.000000,1.759249598899197,13.50853595297433,14.172688780431,11.40177478038615,16.02753490191688,20.31736808310422
2018-09-28 15:15:00.000003,1.342325611325136,13.46803301404296,14.12566476160844,11.32884257152477,15.99205087351187,20.31187207142717
2018-09-28 15:29:59.999997,0.9113520478394034,13.42508899662767,14.07520405977784,11.25274664321124,15.95365724454478,20.30542493131344
2018-09-28 15:45:00.000000,0.4801192644836098,13.38093527335819,14.02258735663653,11.17569904137358,15.9132429223382,20.29819572892803
2018-09-28 16:00:00.000003,0.03616850970873853,13.33519313586999,13.96778588225086,11.09631034377945,15.87094652856576,20.29030159540465
2018-09-28 16:14:59.999997,-0.3900395967878467,13.28952906579834,13.91238806220217,11.01863000117819,15.82793217835537,20.28192579005834
2018-09-28 16:30:00.000000,-0.8152280727279569,13.24367217603644,13.85650243826566,10.94109664236144,15.78443869092791,20.27320338254984
2018-09-28 16:45:00.000003,-1.227931284837518,13.19830040294177,13.80084135098709,10.86516740913453,15.74092476242304,20.2642529507945
2018-09-28 16:59:59.999997,-1.607561910692977,13.15592012781076,13.74752471694037,10.79571933221166,15.6987163488452,20.25527044051799
2018-09-28 17:15:00.000000,-1.965947725739152,13.11655083612184,13.69695355721618,10.73172897484279,15.65823333388057,20.24641187571241
2018-09-28 17:30:00.000003,-2.286462391935324,13.08023248605033,13.64965016398332,10.67366783252275,15.62007456087562,20.23783205890703
2018-09-28 17:44:59.999997,-2.565554945629812,13.04732374106903,13.60619907597631,10.62214113391386,15.58479989432635,20.22968171653712
2018-09-28 18:00:00.000000,-2.804662186704981,13.01801536362474,13.56698234657187,10.57718256351698,15.55277120409408,20.22208939227262
2018-09-28 18:15:00.000003,-2.99655613453593,12.99280762860297,13.53258875476582,10.53980953349418,15.5244761128561,20.21518088264549
2018-09-28 18:29:59.999997,-3.1483254615927,12.97158882152138,13.50307188145236,10.50934602747716,15.50002761106873,20.20904565469442
2018-09-28 18:45:00.000000,-3.258444122901031,12.95447504663573,13.4786030142123,10.48595596979535,15.47957075285593,20.20375413453486
2018-09-28 19:00:00.000003,-3.316168077540261,12.94206630820502,13.45978421273717,10.47105432488372,15.46356162988488,20.19939337404383
2018-09-28 19:14:59.999997,-3.321276209187954,12.93460777330967,13.44696506328221,10.46492548996587,15.45230914887735,20.19604334752515
2018-09-28 19:30:00.000000,-3.263492222385662,12.93275667728903,13.440849438386,10.46898690396411,15.44635477305067,20.19380823642456
2018-09-28 19:45:00.000003,-3.14850671494864,12.9365430207286,13.44163032505096,10.48282387816667,15.44589495358768,20.19276867269195
2018-09-28 19:59:59.999997,-2.963564325323278,12.94679444588042,13.45015277494662,10.50814979851038,15.45151165299517,20.19302652910605
2018-09-28 20:15:00.000000,-2.727204492196281,12.96281162116895,13.46594344196271,10.54287394999928,15.46297405023094,20.19462558481707
2018-09-28 20:30:00.000003,-2.442896825120906,12.98422986136761,13.48863209746585,10.58629279019828,15.48002021260359,20.19757148971059
2018-09-28 20:44:59.999997,-2.111761343897895,13.01093218321311,13.51807445019361,10.63813837788739,15.50249381367932,20.2018543531929
2018-09-28 21:00:00.000000,-1.757925522740828,13.04161126075359,13.55301726004128,10.69526717757,15.5295084984959,20.20738974565531
2018-09-28 21:15:00.000003,-1.372133035042677,13.07630322746709,13.59325786164361,10.75836169642883,15.56079932305994,20.21410516748522
2018-09-28 21:29:59.999997,-0.9712573792827683,13.11648947725547,13.63923020465755,10.82951005900006,15.59617945273669,20.22193319398877
2018-09-28 21:45:00.000000,-0.5589329473890979,13.15926765198411,13.68886387377882,10.90366215995214,15.63461595132185,20.23072063408974
2018-09-28 22:00:00.000003,-0.142312930663092,13.20372145932501,13.74108139520895,10.97946959772771,15.67531497106095,20.24030834722313
2018-09-28 22:14:59.999997,0.2586174958632652,13.24835858563168,13.79429729666666,11.05391155743474,15.71709972324247,20.25049668098082
2018-09-28 22:30:00.000000,0.6536504462828016,13.29309104196048,13.84806264341716,11.12769364710457,15.75951259670838,20.26112264895461
2018-09-28 22:45:00.000003,1.03666501827463,13.33753769539009,13.90182074924792,11.20005156246161,15.80205372747208,20.27203747967306
2018-09-28 22:59:59.999997,1.39336351448698,13.38068915745855,13.95448619272855,11.26883878751417,15.84389065862882,20.28307186470018
2018-09-28 23:15:00.000000,1.718747449726766,13.42157361325933,14.00494333690699,11.33272489997091,15.88421048288248,20.29404746759193
2018-09-28 23:30:00.000003,2.018536557014884,13.46012125504912,14.0528643598342,11.39217322706384,15.9226816323981,20.30482404435288
2018-09-28 23:44:59.999997,2.279487886066438,13.49546659918662,14.09734171900258,11.44531858046595,15.95862108046543,20.31525131978209
2018-09-29 00:00:00.000000,2.513805633493338,13.52792913612809,14.13843338654577,11.49347838021128,15.99196657835491,20.32523090475611
2018-09-29 00:15:00.000003,2.689138033855523,13.47215954410316,14.12743420295958,10.68552872898064,15.96414287565184,20.32821396798271
2018-09-29 00:29:59.999997,2.834165032200354,13.4784649835424,14.14291529664971,10.67822218259668,15.97039080516104,20.33209301453102
2018-09-29 00:45:00.000000,2.928698068352524,13.49219393272495,14.16267397133541,10.69651572336822,15.98494693744933,20.33652575573173
2018-09-29 01:00:00.000003,2.980960989392919,13.50352576578222,14.17941938279157,10.7101242649166,15.99853531372059,20.34073146682028
2018-09-29 01:14:59.999997,2.984334246984715,13.51037422371709,14.19101905839135,10.71559329484241,16.0086108064323,20.3443046080544
2018-09-29 01:30:00.000000,2.944673018465709,13.51253745943531,14.19705161389653,10.71316343803452,16.01454073621553,20.34704905821098
2018-09-29 01:45:00.000003,2.842702930551016,13.5087916122299,14.19634326288903,10.70010880633199,16.01542254275335,20.34879865803403
2018-09-29 01:59:59.999997,2.696307449044711,13.49972138101959,14.18918728941144,10.67841408810707,16.01130627734575,20.34946580943921
2018-09-29 02:15:00.000000,2.497612860207327,13.48504281216113,14.17533261511842,10.64723571387047,16.00198183594171,20.34898117388412
2018-09-29 02:30:00.000003,2.249214189197936,13.46476011663369,14.15471934784939,10.60678212766637,15.98737232261283,20.34729568930817
2018-09-29 02:44:59.999997,1.956476933030282,13.43919096336844,14.12760981590035,10.55781039652069,15.96762240121423,20.34439358947696
2018-09-29 03:00:00.000000,1.627902643929637,13.40893433561765,14.09457469905951,10.5016208967279,15.94311733099607,20.34029962775725
2018-09-29 03:15:00.000003,1.265744051402874,13.37432585682947,14.0560201265944,10.43875447875513,15.91417713806852,20.33505766523944
2018-09-29 03:29:59.999997,0.8858534296055175,13.33647297479429,14.01303050228182,10.37157474369769,15.88155793649413,20.32876294212118
2018-09-29 03:45:00.000000,0.4880275405374078,13.29599070221959,13.96636509597242,10.30064825448674,15.84580369374645,20.32152111441182
2018-09-29 04:00:00.000003,0.07959187325861032,13.25341815425571,13.9167068605208,10.22706932038119,15.80748455820261,20.31345447070494
2018-09-29 04:14:59.999997,-0.3337093244853138,13.20931323407621,13.86475641804516,10.15184515581722,15.76717657712349,20.30469031522186
2018-09-29 04:30:00.000000,-0.7471333585932463,13.16423760776945,13.81122015550808,10.0758698044587,15.7254390661653,20.29535402455504
2018-09-29 04:45:00.000003,-1.150622868570435,13.11907635765311,13.75708258074438,10.00081426552699,15.68301777838385,20.28559414210424
2018-09-29 04:59:59.999997,-1.537184824541897,13.07534865514284,13.70373410761032,9.929248801205128,15.6408221544921,20.27558272497486
2018-09-29 05:15:00.000000,-1.89746744260394,13.03458087984841,13.65265688511069,9.86373659598137,15.59985382249037,20.2655145009311
2018-09-29 05:30:00.000003,-2.229547697850996,12.99623954412543,13.60404338540201,9.802926396599164,15.56055098691385,20.25554951070539
2018-09-29 05:44:59.999997,-2.526216117991513,12.9606638897962,13.55846242089232,9.747579605565528,15.52346363215232,20.24584161617956
2018-09-29 06:00:00.000000,-2.777640303678774,12.92862870510712,13.51683568123812,9.699189822128295,15.48933182028189,20.23655732703874
2018-09-29 06:15:00.000003,-2.989243519698567,12.90021627527763,13.4794688095641,9.65741585255951,15.4584842570963,20.22783004591583
2018-09-29 06:29:59.999997,-3.15176372358322,12.87601580715209,13.44703516072872,9.623480757947721,15.43145918486865,20.21979652269358
2018-09-29 06:45:00.000000,-3.263462748868717,12.85642729455249,13.42007418743676,9.597897102998768,15.40870190558427,20.212582626564
2018-09-29 07:00:00.000003,-3.33072209645677,12.84131555644658,13.39861067479725,9.580004972313436,15.39030179230482,20.20627275048816
2018-09-29 07:14:59.999997,-3.342599598980649,12.83121689086484,13.38318846645996,9.571137309989398,15.37668176426939,20.20096244348203
2018-09-29 07:30:00.000000,-3.303360693227547,12.82615580645219,13.3739539430866,9.57100154726273,15.36800094245543,20.19672414641128
2018-09-29 07:45:00.000003,-3.206838770212024,12.82650076773216,13.37130820891871,9.580400715656685,15.36457284872633,20.1936329258317
2018-09-29 07:59:59.999997,-3.049351194772807,12.83271169360913,13.37577310355345,9.600039932608082,15.366765375591,20.19176694954496
2018-09-29 08:15:00.000000,-2.838332904797804,12.84456382307461,13.38725468285994,9.629121496841263,15.37457401646165,20.19117835940301
2018-09-29 08:30:00.000003,-2.583361397287579,12.86152168338722,13.40528037933608,9.666332377462279,15.38768663036759,20.19187084500001
2018-09-29 08:44:59.999997,-2.282859546382315,12.88351878505701,13.42973096645856,9.711659785842539,15.40597756472825,20.193836856102
2018-09-29 09:00:00.000000,-1.947246283895535,12.90997011086891,13.46001985084277,9.763761146890383,15.42902845957424,20.19703472598479
2018-09-29 09:15:00.000003,-1.582604714863,12.94043717197989,13.49565081495485,9.821648279048006,15.45639864642124,20.20139891185551
2018-09-29 09:29:59.999997,-1.18612286824327,12.97614855516131,13.53715724035983,9.887803355260928,15.48816581233877,20.20689140804393
2018-09-29 09:45:00.000000,-0.7694318012543584,13.01622427403485,13.58376426595523,9.960220052311636,15.52383320479088,20.21343770121035
2018-09-29 10:00:00.000003,-0.3297044878810078,13.05960618006169,13.63459473403272,10.03748493831156,15.5629187539439,20.22094764316748
2018-09-29 10:14:59.999997,0.1046494524897156,13.10441212001483,13.68786869333852,10.11544379451307,15.604199691407,20.22925847520373
2018-09-29 10:30:00.000000,0.5399475750706291,13.15027122441479,13.74289710751247,10.19419588389681,15.64705825352726,20.23821628865826
2018-09-29 10:45:00.000003,0.9553004446579588,13.19578169135376,13.79822907309327,10.27072701501621,15.69042145611926,20.24762930664885
2018-09-29 10:59:59.999997,1.372069502682984,13.24190314192105,13.85431953642468,10.34769479068063,15.73435162687769,20.25738378912916
2018-09-29 11:15:00.000000,1.750796737090567,13.28608886627612,13.90888986409857,10.41958618029019,15.77740380387721,20.26727423474376
2018-09-29 11:30:00.000003,2.120533689609506,13.32915478372517,13.96223313074473,10.48948132888985,15.81958849259231,20.2771754778175
2018-09-29 11:44:59.999997,2.433884112196724,13.36858705098951,14.01209188042999,10.55116433388465,15.85934552707316,20.28686917917037
2018-09-29 12:00:00.000000,2.733115507498866,13.40580292940911,14.05924149776502,10.60943024343487,15.89701487624323,20.29625052749363
2018-09-29 12:15:00.000003,2.967635235274409,13.43831013053198,14.10151120306473,10.65785453764759,15.93111724928267,20.30511794639555
2018-09-29 12:29:59.999997,3.174653556589448,13.46722734063749,14.13944917296521,10.70050221320198,15.96187154185603,20.31336737754717
2018-09-29 12:45:00.000000,3.32076384188264,13.4908841154598,14.17156014468848,10.73321319197268,15.98828257218981,20.32084043564143
2018-09-29 13:00:00.000003,3.437503615641181,13.51048158156245,14.19861397099459,10.75966137268935,16.01072949573357,20.32747389195395
2018-09-29 13:14:59.999997,3.499286478110032,13.52487058091728,14.21965207777021,10.77678077848004,16.02859078118265,20.33316897365365
2018-09-29 13:30:00.000000,3.519119842642046,13.53438222834921,14.23479742880976,10.78588610680483,16.04186888087004,20.33786542178892
2018-09-29 13:45:00.000003,3.481025986490554,13.53814258555245,14.24324845361209,10.78489944029966,16.05001880233339,20.34147528315092
2018-09-29 13:59:59.999997,3.397017199394701,13.53651175278886,14.24516731045868,10.77511538284415,16.05307538287396,20.34394671201236
2018-09-29 14:15:00.000000,3.262684901053751,13.52931291199971,14.24038398282771,10.75606901210539,16.05091352547216,20.34523587349804
2018-09-29 14:30:00.000003,3.073569418060146,13.51619470449031,14.22854455633254,10.72705206183268,16.04327737982589,20.34529112108037
2018-09-29 14:44:59.999997,2.832120708711354,13.49715235518573,14.2095691483196,10.68825752427797,16.03007628888146,20.3440707848323
2018-09-29 15:00:00.000000,2.541075364858568,13.47236643505169,14.1835951279053,10.64008416044545,16.01136078953706,20.34155444217408
2018-09-29 15:15:00.000003,2.212426200026891,13.44259679342583,14.15131325180949,10.58425618516242,15.98757675818465,20.33776940532799
2018-09-29 15:29:59.999997,1.848508385387631,13.40826504151713,14.11322574897723,10.52139960574874,15.95909406074696,20.3327631045944
2018-09-29 15:45:00.000000,1.460505717219582,13.3701884705105,14.07018040213462,10.45322372808933,15.92653798723391,20.32662364763175
2018-09-29 16:00:00.000003,1.058668356581785,13.32929503581581,14.02318663865903,10.38149887749479,15.89066945880902,20.31947319109313
2018-09-29 16:14:59.999997,0.639453280575937,13.28593371945268,13.97278677897393,10.30623855811475,15.85191421450348,20.31142526108677
2018-09-29 16:30:00.000000,0.2131905584190344,13.24088938405334,13.91984069932905,10.22897946804897,15.81090837954484,20.30260773314305
2018-09-29 16:45:00.000003,-0.2210446864226281,13.19431254468213,13.86470980851188,10.14980426705867,15.76802345452171,20.29313437986238
2018-09-29 16:59:59.999997,-0.6511105033756535,13.14704530729665,13.8082948478681,10.07048522864543,15.7239399957035,20.28313880742176
2018-09-29 17:15:00.000000,-1.069461247142062,13.09991373628849,13.75155312478916,9.992452381071393,15.67939547474448,20.27277153381835
2018-09-29 17:30:00.000003,-1.465709916744247,13.05433108534033,13.695860190419,9.918200097714685,15.63532442475643,20.26220921491049
2018-09-29 17:44:59.999997,-1.834572542439435,13.01213028345381,13.64284594632761,9.85067937714032,15.59276044769493,20.25165108752423
2018-09-29 18:00:00.000000,-2.170835509283504,12.97282556207066,13.59277641413764,9.788724888363191,15.55221052517755,20.24126566422588
2018-09-29 18:15:00.000003,-2.473478340715034,12.93639185659533,13.54593759222714,9.732191742320012,15.51404893641383,20.23119523498979
2018-09-29 18:29:59.999997,-2.735826235641181,12.90331459208946,13.50294952963594,9.682021967106225,15.47879736265574,20.22158085446917
2018-09-29 18:45:00.000000,-2.959598769285849,12.87375503559707,13.46413205629331,9.638235616276969,15.44677129414637,20.21254037725578
2018-09-29 19:00:00.000003,-3.137313178784744,12.84821692851986,13.43006154911921,9.601862994642142,15.41843657263672,20.20419131604276
2018-09-29 19:14:59.999997,-3.272899035146217,12.82677684232672,13.4009576159191,9.572653543905961,15.39400145860715,20.19662699081323
2018-09-29 19:30:00.000000,-3.358870654207846,12.80986602829065,13.37729492872378,9.551574265052848,15.37384558903376,20.18993788472024
2018-09-29 19:45:00.000003,-3.401060003319683,12.79737114388029,13.3590867475413,9.53807116090337,15.35804333799377,20.18419006755877
2018-09-29 19:59:59.999997,-3.399505610309697,12.78928562148623,13.34636807902625,9.532089906911882,15.34664669077279,20.17943024481144
2018-09-29 20:15:00.000000,-3.342527767776118,12.78622274591348,13.33972290764248,9.53513056914219,15.34008175507767,20.17572641449176
2018-09-29 20:30:00.000003,-3.237158649309142,12.78809191148242,13.33918555467461,9.546586613791428,15.33841710915936,20.17312739199945
2018-09-29 20:44:59.999997,-3.073580282162251,12.79546149969211,13.34531740492912,9.567704720370214,15.3420368042412,20.17169918149436
2018-09-29 21:00:00.000000,-2.86034828092407,12.80813591356243,13.35804839225281,9.597642894991608,15.35093056219387,20.17148220951934
2018-09-29 21:15:00.000003,-2.601615196663663,12.82581835765231,13.37711994355813,9.635751133807654,15.36494288873738,20.17248773244695
2018-09-29 21:29:59.999997,-2.297618170876594,12.84844824659153,13.40245511811045,9.681907683113193,15.38399255478431,20.17471809947425
2018-09-29 21:45:00.000000,-1.963048347295972,12.87523447472207,13.43329973610338,9.734209926176845,15.40755015663536,20.17812586744074
2018-09-29 22:00:00.000003,-1.597984176614977,12.90596570585994,13.46933768939232,9.79235375742868,15.43529482747624,20.18265458100003
2018-09-29 22:14:59.999997,-1.213306419142982,12.94102732916097,13.51043640137073,9.856765482916915,15.46689393487561,20.18823467096321
2018-09-29 22:30:00.000000,-0.8109060629381615,12.98023757502469,13.55622144271119,9.927204470908393,15.50200929327151,20.19478669218084
2018-09-29 22:45:00.000003,-0.3969611316692439,13.02183716856321,13.60529650556334,10.0006111748922,15.53986582903723,20.2021897256795
2018-09-29 22:59:59.999997,0.004081906689844287,13.06403719209404,13.65587807255712,10.07325679980617,15.57919206372302,20.21025778301356
2018-09-29 23:15:00.000000,0.4032784422726868,13.10675690851352,13.70750717992324,10.14598800389851,15.6195328493652,20.21883805457245
2018-09-29 23:30:00.000003,0.7704818246402034,13.1481202971683,13.75833145211081,10.21459319294006,15.6595587238544,20.22771451860024
2018-09-29 23:44:59.999997,1.135644461670215,13.18930211645705,13.80895355835905,10.28262903176351,15.69943552724038,20.23676723284597
2018-09-30 00:00:00.000000,1.451783155683245,13.22766255455292,13.85702180114986,10.34383558572018,15.73760747991929,20.24577907032459
2018-09-30 00:15:00.000003,1.755983176917862,13.26418328971521,13.90284713420747,10.40211429403558,15.77383410874934,20.25445229185017
2018-09-30 00:29:59.999997,2.008956946666838,13.29686742706668,13.9446666378637,10.45250160761948,15.80707302818262,20.26263787140234
2018-09-30 00:45:00.000000,2.235517938093001,13.32648029500427,13.98286518664372,10.49771356562493,15.83757716440356,20.2703326250276
2018-09-30 01:00:00.000003,2.41286051794124,13.35189557193807,14.01643575733492,10.53490238072471,15.86469237000805,20.27746546347995
2018-09-30 01:14:59.999997,2.55057159148545,13.37316700276589,14.0451988037842,10.56487426928972,15.88820736731571,20.28395142983181
2018-09-30 01:30:00.000000,2.642753024480602,13.38989108076332,14.06869223084307,10.58682741571802,15.90774640592937,20.28968778163006
2018-09-30 01:45:00.000003,2.688020218758844,13.40178319855283,14.08653821224238,10.60037581999471,15.92298059601519,20.29457411385849
2018-09-30 01:59:59.999997,2.697369590751899,13.40932354954337,14.09904457129346,10.60692094320691,15.93404796229525,20.29855466965114
2018-09-30 02:15:00.000000,2.650127213659393,13.41142705433342,14.10526649915169,10.60377067817391,15.94031458272718,20.30153534337841
2018-09-30 02:30:00.000003,2.562914571266431,13.40866325387514,14.10554157139856,10.59278010336161,15.94192506063568,20.30347596694015
2018-09-30 02:44:59.999997,2.418984053756968,13.40020469178918,14.09915033346673,10.57185555980294,15.93839795813964,20.30430120691204
2018-09-30 03:00:00.000000,2.237021873747673,13.38682556562701,14.08664430481552,10.54323796068924,15.93003609815396,20.30399148427886
2018-09-30 03:15:00.000003,2.007477591547922,13.36823613306382,14.0678383732071,10.50593230839918,15.91672839996737,20.30252514823879
2018-09-30 03:29:59.999997,1.730903379852123,13.34437370848208,14.04265999381568,10.45987962407525,15.89840829917901,20.29988259866358
2018-09-30 03:45:00.000000,1.421893462667661,13.31604288224931,14.01180334588841,10.40707312589543,15.87553206495182,20.29609266592376
2018-09-30 04:00:00.000003,1.076862975012178,13.28332604263258,13.97546136094734,10.3473543792048,15.84827622016607,20.291187682038
2018-09-30 04:14:59.999997,0.7136231401179229,13.24742881399098,13.93476260433166,10.28330618494115,15.8173885280165,20.28525490412678
2018-09-30 04:30:00.000000,0.3339075029846441,13.20896344116065,13.89046676055037,10.21568526586397,15.78344212434969,20.27839882994003
2018-09-30 04:45:00.000003,-0.05677098481386545,13.1683779950943,13.84317901195164,10.14536026958328,15.74695874620138,20.2707322297136
2018-09-30 04:59:59.999997,-0.4556941318063949,13.12606987753429,13.79344157467793,10.07292388493087,15.70839068520459,20.26236498626768
2018-09-30 05:15:00.000000,-0.8497878887032531,13.08302019056781,13.74229845582736,10.00037120379716,15.66851466114987,20.25343910991882
2018-09-30 05:30:00.000003,-1.240493078814512,13.03961397645196,13.69033217632195,9.927985814551064,15.62782060121842,20.24408662615177
2018-09-30 05:44:59.999997,-1.613963373992522,12.99789226494386,13.63924605289762,9.859573008962517,15.58733644767489,20.23447991272576
2018-09-30 06:00:00.000000,-1.962715260396209,12.95870761815968,13.59013455420356,9.796396482125477,15.54791714500999,20.22479919408598
2018-09-30 06:15:00.000003,-2.282188409210559,12.92184098828809,13.54337259158981,9.73786121751825,15.51009003454973,20.21520579473539
2018-09-30 06:29:59.999997,-2.56550049583738,12.8877392438432,13.4996190141965,9.684865843031952,15.47446000034426,20.20585897284917
2018-09-30 06:45:00.000000,-2.808570630759964,12.85691478163137,13.45956605692959,9.638197392434504,15.4416094329501,20.19691409540905
2018-09-30 07:00:00.000003,-3.009619655918633,12.82971990150576,13.42372880450104,9.598317994148474,15.41199803609807,20.18851112963081
2018-09-30 07:14:59.999997,-3.168377731751262,12.80638318073519,13.39247851674381,9.565425169314402,15.38596023515748,20.18076901110607
2018-09-30 07:30:00.000000,-3.278506705078457,12.78740278700757,13.36639503863517,9.540453859472704,15.36394898537255,20.17380296174746
2018-09-30 07:45:00.000003,-3.34214227565323,12.77287995210263,13.34571309803613,9.523333492427538,15.34620137522931,20.16770730777835
2018-09-30 07:59:59.999997,-3.362522398353772,12.76272640484077,13.33044222801645,9.513690102704885,15.33277594019565,20.16254728741737
2018-09-30 08:15:00.000000,-3.32861755957147,12.75749934112519,13.32112357220552,9.512903178315943,15.32407746294274,20.15840044148659
2018-09-30 08:30:00.000003,-3.248878478488442,12.757018532413,13.31770854062739,9.52015690684097,15.32012172397018,20.15531867103147
2018-09-30 08:44:59.999997,-3.114532162413088,12.76172644524542,13.32062278292226,9.536506580540502,15.32120572999742,20.15335702060291
2018-09-30 09:00:00.000000,-2.927526458262352,12.77178512111662,13.33010682936263,9.561953270380902,15.32750695669461,20.15257096556655
2018-09-30 09:15:00.000003,-2.699453168019546,12.78660359195445,13.34567583302835,9.595008894434283,15.33873885824244,20.15296808085357
2018-09-30 09:29:59.999997,-2.425888236986981,12.8062282639579,13.36730272777128,9.636025722795553,15.35486135522122,20.15455059129894
2018-09-30 09:45:00.000000,-2.115165680757903,12.83031800741777,13.39468815447187,9.683991472161454,15.37562680650162,20.15729850187295
2018-09-30 10:00:00.000003,-1.768259316147488,12.85866490305184,13.42756330176661,9.738613870585974,15.40082429108488,20.16118073703978
2018-09-30 10:14:59.999997,-1.394241209197471,12.89078048232692,13.4654254099663,9.798689140673547,15.43004653418914,20.1661415089948
2018-09-30 10:30:00.000000,-0.9887237765248631,12.92905779298149,13.5095500950925,9.868741070189374,15.46369196942631,20.17217496380951
2018-09-30 10:45:00.000003,-0.567828111737488,12.97045999260319,13.55786198579607,9.942768664100845,15.50075492048886,20.17918038358088
2018-09-30 10:59:59.999997,-0.1425017563206437,13.01375967940345,13.60905864053291,10.01867540266734,15.54030698600367,20.18701701027009
2018-09-30 11:15:00.000000,0.2760082327661429,13.05787691111283,13.66190445165382,10.09454083339421,15.58140839552666,20.19551769361642
2018-09-30 11:30:00.000003,0.6879721670354161,13.1023215329098,13.71565189081575,10.16992915598732,15.62343254447914,20.20452258491296
2018-09-30 11:44:59.999997,1.090920273181803,13.1468591529692,13.76983004340844,10.24446495007758,15.6659055547839,20.21388721368785
2018-09-30 12:00:00.000000,1.473495370979329,13.19054223509924,13.82342362890008,10.31632817622483,15.70807645701109,20.22345213185027
2018-09-30 12:15:00.000003,1.825038913879749,13.23221685852399,13.87517400509754,10.38356982777171,15.74903190043332,20.23303612939377
2018-09-30 12:29:59.999997,2.148392296896404,13.2715396376325,13.9244767319972,10.44610974792365,15.78824563351776,20.24247901461894
2018-09-30 12:45:00.000000,2.42965138586826,13.30753563776208,13.97028323102314,10.50189849732792,15.82490120146885,20.25160693717633
2018-09-30 13:00:00.000003,2.684570974031391,13.34061696927093,14.01268332847921,10.55266452814763,15.85896134888147,20.26030840850945
2018-09-30 13:14:59.999997,2.877191463885235,13.36879180539936,14.0498560514987,10.59360760505043,15.88916572379672,20.26839815534303
2018-09-30 13:30:00.000000,3.048027599899243,13.39360302580104,14.08279535195746,10.62949190523678,15.91602894878445,20.27581007066266
2018-09-30 13:45:00.000003,3.161233876695418,13.41338248531658,14.11009105639087,10.65596678941077,15.93865101019269,20.28241586684176
2018-09-30 13:59:59.999997,3.234034551618011,13.42851305341446,14.13182785409966,10.67471648037428,15.95698041304247,20.28813284128512
2018-09-30 14:15:00.000000,3.26479849446564,13.43897244920359,14.14793877645539,10.68568056624446,15.9709425705723,20.29290137523886
2018-09-30 14:30:00.000003,3.242023069899179,13.4440348751325,14.15774006745773,10.68723037441568,15.98006418906683,20.29663963978812
2018-09-30 14:44:59.999997,3.161841775100239,13.44318593938965,14.16064256658083,10.67852291299046,15.98389316005105,20.29925847036572
2018-09-30 15:00:00.000000,3.041301183257556,13.43719685879274,14.15718907400779,10.66172197153175,15.98271988793501,20.30072630915237
2018-09-30 15:15:00.000003,2.867277973749915,13.42552474482761,14.14695121235107,10.63530692982264,15.97627658323362,20.30099795654538
2018-09-30 15:29:59.999997,2.645514170035191,13.40832643050299,14.13000270573722,10.59984957717565,15.96456875302724,20.30004630056851
2018-09-30 15:45:00.000000,2.383429627767295,13.38610470094412,14.1067936234876,10.55645752068674,15.9478705181683,20.29787839672266
2018-09-30 16:00:00.000003,2.080105350690628,13.3589615546474,14.07748889854591,10.50518424809644,15.92632100740046,20.29450964864153
2018-09-30 16:14:59.999997,1.743437027915814,13.32744312858346,14.04263236468559,10.44718270569991,15.90029204339946,20.28998485702356
2018-09-30 16:30:00.000000,1.384753094549644,13.29239126561892,14.00307824470837,10.38422860798239,15.87040847361257,20.2843860859244
2018-09-30 16:45:00.000003,0.9945885109564919,13.25360544705175,13.95883844185676,10.31536933014585,15.83676095347468,20.27777300197572
2018-09-30 16:59:59.999997,0.5968922608918076,13.21263784981997,13.91133460793253,10.24398710768446,15.80027623058837,20.27026630104196
2018-09-30 17:15:00.000000,0.1806052207650308,13.16936401734226,13.8607342730901,10.16909549858933,15.76117868695254,20.26195832475921
2018-09-30 17:30:00.000003,-0.2391290223895051,13.12458146719649,13.80786663315153,10.09264912356851,15.72010722795057,20.25296700540347
2018-09-30 17:44:59.999997,-0.6590681910997154,13.07883934415372,13.75343160803056,10.01547182367355,15.67762956364089,20.24341752482747
2018-09-30 18:00:00.000000,-1.068965522310163,13.03301774107756,13.69840928762311,9.93923327174927,15.63448907050036,20.2334558747614
2018-09-30 18:15:00.000003,-1.458598340695857,12.98851527826746,13.64416737663773,9.866424784775303,15.59163091420577,20.22325714808339
2018-09-30 18:29:59.999997,-1.825435449003401,12.94703243095815,13.59221117584552,9.799637628958887,15.54998919820874,20.21301029503514
2018-09-30 18:45:00.000000,-2.157077587112791,12.90842485151874,13.54308395809976,9.738596187603502,15.5102367996836,20.20289049606074
2018-09-30 19:00:00.000003,-2.459663567413613,12.872418238989,13.49689049799371,9.682380981346988,15.47264156357068,20.19303722118675
2018-09-30 19:14:59.999997,-2.722072702062312,12.83963691731912,13.45435478914899,9.632395311631395,15.43779206470599,20.18359497565439
2018-09-30 19:30:00.000000,-2.944913643197392,12.81035240618622,13.41591300416355,9.588870423944407,15.40609030463622,20.17469199069479
2018-09-30 19:45:00.000003,-3.126973658867896,12.7847907516414,13.38191062153508,9.552079022564872,15.37785099122925,20.16643760832484
2018-09-30 19:59:59.999997,-3.271136212813893,12.76298542728458,13.35249486389177,9.521785121318949,15.35321851455498,20.15891387737613
2018-09-30 20:15:00.000000,-3.375981663460117,12.74505084672974,13.32783292425919,9.498188789876151,15.33235462932132,20.15218758493829
2018-09-30 20:30:00.000003,-3.439122782452407,12.73114985339787,13.30812283745706,9.481648501778588,15.31544964165036,20.14631857810796
2018-09-30 20:44:59.999997,-3.464830067463732,12.72113283116857,13.29328037176943,9.471647650037866,15.30245928728194,20.14133809287942
2018-09-30 21:00:00.000000,-3.440010366028095,12.71562013684574,13.28387293850501,9.469779227438083,15.29377757161574,20.13730419050862
2018-09-30 21:15:00.000003,-3.374633827403515,12.71436922487344,13.27978934466451,9.475065807254751,15.28936747172458,20.13425038371312
2018-09-30 21:29:59.999997,-3.25550934310525,12.71797783078488,13.28158202603228,9.489061625253436,15.28961726961376,20.13223027099329
2018-09-30 21:45:00.000000,-3.083501068101687,12.72672013672473,13.28961288188508,9.511982880621536,15.29479726254569,20.13130504403269
2018-09-30 22:00:00.000003,-2.870437032424252,12.74020086765719,13.30362208070713,9.542551271890108,15.30479345966221,20.13150439359445
2018-09-30 22:14:59.999997,-2.604632145810067,12.7588565951571,13.3239833591458,9.58213943500811,15.31993893519358,20.13287492444476
2018-09-30 22:30:00.000000,-2.302330108901989,12.78199062071963,13.35012514954982,9.628631649481042,15.33974232912898,20.13540235030946
2018-09-30 22:45:00.000003,-1.961768206602669,12.80945545089871,13.38182170050017,9.682016733584032,15.36402665818296,20.13906112386264
2018-09-30 22:59:59.999997,-1.596021239893557,12.84062627575361,13.41846471011825,9.74064599962517,15.39230837816908,20.143794048112
2018-09-30 23:15:00.000000,-1.218362716567681,12.8755736673609,13.4596122329133,9.804375313021703,15.42404369863279,20.14951308121515
2018-09-30 23:30:00.000003,-0.8260529508641564,12.91428191890562,13.50498307241626,9.87347286084591,15.45891540344953,20.15612933292167
2018-09-30 23:44:59.999997,-0.4277600052366297,12.95489288714367,13.55310630867328,9.944598164481151,15.49610258531928,20.163512704547
2018-10-01 00:00:00.000000,-0.04487695920567824,12.9957237588628,13.60225302105104,10.01443293607605,15.53439893154106,20.17147742479875
2018-10-01 00:15:00.000003,0.3315640857299741,13.03681528552498,13.65224326079466,10.08379176908463,15.57429605996727,20.18091626426333
2018-10-01 00:29:59.999997,0.6836897326322179,13.0769920721336,13.70186126061881,10.15008742923801,15.61460763947736,20.19135975763121
2018-10-01 00:45:00.000000,1.023594867197806,13.11644510559983,13.75088441805116,10.21445394360188,15.65454996647363,20.20207281912058
2018-10-01 01:00:00.000003,1.321072095058709,13.15335156339975,13.79750400971315,10.27271650989062,15.69260745651273,20.21251951238303
2018-10-01 01:14:59.999997,1.602095931232115,13.1882684152945,13.84181187408324,10.32757554486828,15.72869661451143,20.22248002439535
2018-10-01 01:30:00.000000,1.827286285369381,13.21901976959127,13.88181400125496,10.37380985136925,15.76149664785941,20.23177067601573
2018-10-01 01:45:00.000003,2.0367294098059,13.2471081959988,13.91843639353895,10.41612800351392,15.79150410869409,20.24035819467412
2018-10-01 01:59:59.999997,2.188421244396389,13.27052414930188,13.94996583049618,10.4493051765077,15.81763472786013,20.24813551428871
2018-10-01 02:15:00.000000,2.305705896020751,13.28989839031928,13.97665154583582,10.47575321404607,15.83993947696109,20.25504786213062
2018-10-01 02:30:00.000003,2.38182500209889,13.30494558667516,13.9981987389065,10.49478382723655,15.85822969340933,20.26104535691648
2018-10-01 02:44:59.999997,2.418205815934303,13.31560939592891,14.01447742058322,10.50646619545924,15.87239574663391,20.26608732790925
2018-10-01 03:00:00.000000,2.413319871215058,13.32175424299851,14.02532607067364,10.51055867701378,15.88231194768495,20.27013891551695
2018-10-01 03:15:00.000003,2.365234662789814,13.32319115679643,14.03052980655236,10.50673625956875,15.88781835029035,20.27316421966897
2018-10-01 03:29:59.999997,2.264943167192872,13.31929977577813,14.02948647284782,10.49366057237314,15.88849352518844,20.27510353099536
2018-10-01 03:45:00.000000,2.118697772110627,13.31020698934904,14.02219112236124,10.47194671919349,15.88427776902322,20.27591611339138
2018-10-01 04:00:00.000003,1.929666231960075,13.29612437412573,14.00880146815336,10.44209692577784,15.87524913722388,20.27558354451205
2018-10-01 04:14:59.999997,1.697096187049997,13.27705046910355,13.9893274828094,10.40407199636015,15.86141886879033,20.27409554255109
2018-10-01 04:30:00.000000,1.420128057627034,13.25292363849016,13.96371791617668,10.35774207300758,15.84275535863558,20.27144324420777
2018-10-01 04:45:00.000003,1.113569743252806,13.2245892817289,13.93271375473228,10.30514985772035,15.81974571869719,20.26766556586562
2018-10-01 04:59:59.999997,0.7780540169162937,13.19246250378419,13.89681365550512,10.24678182047401,15.79275494346597,20.26281853573993
2018-10-01 05:15:00.000000,0.424524585792612,13.1574655282899,13.8569479333138,10.18438989747438,15.76241793776371,20.25699429771208
2018-10-01 05:30:00.000003,0.06239608841424747,13.12035703822908,13.81400075542538,10.11950777144509,15.72943952299529,20.25031368714662
2018-10-01 05:44:59.999997,-0.3114337975107936,13.08129570725262,13.7683473026959,10.05203322764453,15.69418097731913,20.24288488056745
2018-10-01 06:00:00.000000,-0.6869083775275082,13.04100946360357,13.72078835556823,9.983440593081811,15.657247846899,20.2348318685903
2018-10-01 06:15:00.000003,-1.05634040817706,13.00028396364866,13.67222697525752,9.915120777717174,15.61932881132576,20.22629447363968
2018-10-01 06:29:59.999997,-1.420173616938336,12.95973444962946,13.62335883229339,9.847823006225463,15.58093882408766,20.21740626303204
2018-10-01 06:45:00.000000,-1.765003647350863,12.9214834265051,13.57593264435902,9.785466926216195,15.54312478198091,20.2083417251289
2018-10-01 07:00:00.000003,-2.080331420977532,12.88555876434244,13.53060178464692,9.727998143049675,15.50661965651744,20.19927319385277
2018-10-01 07:14:59.999997,-2.36892526704947,12.85183754646728,13.48763593883285,9.67482450270074,15.47179442058481,20.19034428933383
2018-10-01 07:30:00.000000,-2.619839527573912,12.82097547474528,13.44781762176951,9.627356230574366,15.43928584454372,20.1817063879186
2018-10-01 07:45:00.000003,-2.82765274720581,12.79359986795958,13.41193708097455,9.586640922491284,15.40974596040088,20.17351563600887
2018-10-01 07:59:59.999997,-2.999875375741805,12.76962545936118,13.38012121382707,9.551991241035946,15.38336819409369,20.16588790464938
2018-10-01 08:15:00.000000,-3.132020718413799,12.74932157098329,13.35270873680766,9.523946577052904,15.36044016655605,20.15892282921364
2018-10-01 08:30:00.000003,-3.219703404450892,12.733077489121,13.33015638346243,9.503213023478269,15.34132381346032,20.15271588685481
2018-10-01 08:44:59.999997,-3.267999031381841,12.72081977005451,13.31251016357106,9.489327227489511,15.3261129791721,20.14733536361302
2018-10-01 09:00:00.000000,-3.274557494284522,12.71265333043666,13.29990826902353,9.482522509319299,15.31492892587884,20.14283618382528
2018-10-01 09:15:00.000003,-3.229959960394058,12.70910505245983,13.29287287742002,9.484028616011795,15.3081499793413,20.13928569869156
2018-10-01 09:29:59.999997,-3.143403485003896,12.70995871341468,13.29131662083518,9.492931838837398,15.30575178007781,20.13672602169152
2018-10-01 09:45:00.000000,-3.004919149728768,12.71577054294131,13.29577477339247,9.510538127782748,15.3081324022467,20.13521840860097
2018-10-01 10:00:00.000003,-2.822008039715865,12.72629179378456,13.30610749493732,9.536022853526013,15.31523719794239,20.13479573420235
2018-10-01 10:14:59.999997,-2.596575532659461,12.7413856541872,13.32219919327546,9.569047754772525,15.32698195178811,20.13547755194974
2018-10-01 10:30:00.000000,-2.325712112535185,12.76119000743574,13.34416961118942,9.609944044004978,15.34343068813788,20.13727608878909
2018-10-01 10:45:00.000003,-2.017992444522211,12.78532106214545,13.37168115322594,9.657690072199003,15.36435618212696,20.1401807628088
2018-10-01 10:59:59.999997,-1.671562319304763,12.81380902351131,13.40471771235906,9.712390509442418,15.38968911220521,20.14418105479207
2018-10-01 11:15:00.000000,-1.301913298470205,12.8461163368771,13.44266168588077,9.772535617676368,15.41893511994051,20.14922318092832
2018-10-01 11:30:00.000003,-0.9007410073347291,12.88446157399599,13.48672087648166,9.842500859793136,15.45248594197537,20.15530298543286
2018-10-01 11:44:59.999997,-0.4858325041431021,12.92550796332333,13.53463983687811,9.915684252586317,15.48927425725164,20.1623176873205
2018-10-01 12:00:00.000000,-0.07234694044819893,12.96803124246824,13.58500694186571,9.989929245393926,15.52824936392927,20.17011429699376
2018-10-01 12:15:00.000003,0.3408570816289966,13.01156798477208,13.6371051215406,10.06483017652865,15.56878240796841,20.17854359984413
2018-10-01 12:29:59.999997,0.7340205066035616,13.05474273382255,13.68949759924113,10.1375043868748,15.60979855892867,20.18741786899006
2018-10-01 12:45:00.000000,1.127523364069639,13.09828946755779,13.74243980063167,10.21031809987331,15.65128882178759,20.19661786215222
2018-10-01 13:00:00.000003,1.484236121635073,13.14003372458418,13.79394846100155,10.27825555990351,15.69192098253224,20.20594678495905
2018-10-01 13:14:59.999997,1.823719015997357,13.18021971511076,13.84384903688949,10.3430942609264,15.73142746431791,20.21525869323739
2018-10-01 13:30:00.000000,2.126633495603397,13.21768929000305,13.89098580739187,10.40225953412971,15.76897646858699,20.22438731526166
2018-10-01 13:45:00.000003,2.398771388315323,13.25234171206975,13.93501532489084,10.45607937334024,15.80420238060437,20.23319651197169
2018-10-01 13:59:59.999997,2.632209542887681,13.28352577705629,13.97520046064795,10.50336643456015,15.83656243213046,20.2415515908629
2018-10-01 14:15:00.000000,2.818353134609386,13.3104530097079,14.01065781882668,10.54266184160332,15.86538145343002,20.2493065998795
2018-10-01 14:30:00.000003,2.969739051184192,13.33350296589217,14.04150411831502,10.57537903859509,15.89063085078087,20.25636749808723
2018-10-01 14:44:59.999997,3.069704493562965,13.35170280246377,14.06681815083143,10.59931389410454,15.91169140598837,20.26261846979226
2018-10-01 15:00:00.000000,3.141038063825938,13.36600610688003,14.0872529496744,10.61724099503094,15.92891105903703,20.26801934876795
2018-10-01 15:15:00.000003,3.158065914842398,13.37518882912935,14.10178642716116,10.62596941234051,15.94163195987391,20.27248224101823
2018-10-01 15:29:59.999997,3.137022841852411,13.37975204767539,14.11068585394367,10.62724157343071,15.94995241181122,20.27596223735841
2018-10-01 15:45:00.000000,3.055326934739295,13.37850247897475,14.11290032334622,10.61812349421297,15.95317338187002,20.27836838107854
2018-10-01 16:00:00.000003,2.935781756825752,13.37232881830156,14.10902330506024,10.60129057630694,15.95160019218966,20.27967146459403
2018-10-01 16:14:59.999997,2.762090832193437,13.36054379504753,14.09850238748537,10.57484043471168,15.94488249880481,20.27981988373894
2018-10-01 16:30:00.000000,2.540207134718331,13.34327909428062,14.08136893661253,10.53931965516982,15.932980458733,20.27877828195663
2018-10-01 16:45:00.000003,2.282615304435653,13.32127987370051,14.05826393563222,10.49651160946598,15.91630181829285,20.27656066221214
2018-10-01 16:59:59.999997,1.97824512359539,13.29416595636391,14.02896194294124,10.44517565090104,15.89473338252912,20.27316426585131
2018-10-01 17:15:00.000000,1.652458017192532,13.26331070639407,13.99466796105104,10.38868005488376,15.86906458490078,20.26865964405874
2018-10-01 17:30:00.000003,1.301815343391598,13.22899457106902,13.95584747224987,10.32709987792584,15.8397031742955,20.26312603100161
2018-10-01 17:44:59.999997,0.9281945790291174,13.19150457800596,13.9128961423737,10.26082608415124,15.806972331719,20.25664082282448
2018-10-01 18:00:00.000000,0.5464595793866212,13.15204713984285,13.86699149800182,10.19219269927236,15.77165763932265,20.2493236932811
2018-10-01 18:15:00.000003,0.1525121249290068,13.11073103349085,13.8184815168089,10.12099132982872,15.73411274618593,20.24128004845802
2018-10-01 18:29:59.999997,-0.2457231076443255,13.06806098794155,13.7679657513983,10.04831524366845,15.69482743177102,20.2326204907303
2018-10-01 18:45:00.000000,-0.6417715823668078,13.02467130906282,13.71618243903433,9.97530998913532,15.65437747637634,20.22346691005994
2018-10-01 19:00:00.000003,-1.026507085660839,12.98139689945214,13.66407091308676,9.903521092480407,15.61347779228119,20.21396065844054
2018-10-01 19:14:59.999997,-1.391039332353231,12.93933451515799,13.61277955006,9.834881736966157,15.57295983675448,20.2042642551595
2018-10-01 19:30:00.000000,-1.736976993301132,12.90000914425135,13.56359477432766,9.77158032754886,15.53358184666597,20.19454297496704
2018-10-01 19:45:00.000003,-2.046004881387778,12.86371741336171,13.51732823289327,9.714434380085008,15.49614947939946,20.18497027125537
2018-10-01 19:59:59.999997,-2.329518939016876,12.8299092324112,13.47389356887821,9.661738195597597,15.46080260940733,20.17567013645907
2018-10-01 20:15:00.000000,-2.578393115469967,12.79898362591057,13.43377791902585,9.61449921149551,15.42796488691997,20.16676329811438
2018-10-01 20:30:00.000003,-2.789486955016163,12.7713377776028,13.3974968572803,9.57332966291271,15.39805734387086,20.15836500868746
2018-10-01 20:44:59.999997,-2.969963994969006,12.74679276496822,13.36501893835199,9.537501983510458,15.37114007368304,20.15055351440651
2018-10-01 21:00:00.000000,-3.116167286034245,12.72551452362761,13.33653667261936,9.5074108057244,15.34738079096962,20.14339407298166
2018-10-01 21:15:00.000003,-3.226244189115334,12.70771489334998,13.31230057886694,9.483415683343917,15.32698725716187,20.13694641326599
2018-10-01 21:29:59.999997,-3.305503639626846,12.69322887021555,13.29222153373703,9.464943440604312,15.30993621424829,20.13124627724844
2018-10-01 21:45:00.000000,-3.345380914570224,12.68240060624732,13.27660992112126,9.45293931349889,15.29643934763623,20.12633371490825
2018-10-01 22:00:00.000003,-3.343839392311472,12.67546968359965,13.26574469033099,9.447821916948579,15.28671452727024,20.12225441112381
2018-10-01 22:14:59.999997,-3.295838109663462,12.67280545335789,13.26003091908405,9.450335071705686,15.28106979603504,20.11906601469366
2018-10-01 22:30:00.000000,-3.192651079126077,12.6750167406767,13.26012429469263,9.461741663738017,15.28000005403835,20.11684991181621
2018-10-01 22:45:00.000003,-3.029428820487044,12.68274380015168,13.2667649015324,9.483024829504842,15.28403489560961,20.11570466094498
2018-10-01 22:59:59.999997,-2.808902852861474,12.69605409239703,13.2801752340671,9.51403445000176,15.29341481411909,20.11571439804149
2018-10-01 23:15:00.000000,-2.542571208083886,12.71452440982821,13.30007418128194,9.55353790912483,15.30806604944966,20.11692749337736
2018-10-01 23:30:00.000003,-2.230237446759537,12.73811110657315,13.32642904970993,9.601441046262336,15.32797970190057,20.11937321805321
2018-10-01 23:44:59.999997,-1.893357007446319,12.76556085029077,13.35805438537119,9.654639317157265,15.35220779108977,20.12298121558518
2018-10-02 00:00:00.000000,-1.536062740943284,12.79634171871622,13.39427639021628,9.71223556878253,15.38015827007962,20.12765819833166
2018-10-02 00:15:00.000003,-1.167046646816299,12.96467450463797,13.51051024367752,11.12246320696129,15.50439532362086,20.14488888930347
2018-10-02 00:29:59.999997,-0.7858821089667867,13.03172152786511,13.58236546074556,11.25408974047553,15.57392778888776,20.16154958026778
2018-10-02 00:45:00.000000,-0.4019147193764525,13.0813761407178,13.64164528274504,11.33354694149978,15.62609156405486,20.17706938219998
2018-10-02 01:00:00.000003,-0.0371389085659438,13.12719257616855,13.69733486395526,11.4058330218648,15.67315984527866,20.19182422170104
2018-10-02 01:14:59.999997,0.3267030348155702,13.17202286431163,13.75181558796294,11.47672588808278,15.71825893133616,20.20599754464307
2018-10-02 01:30:00.000000,0.6561433052508411,13.21446834740791,13.80396138890558,11.54214607030782,15.76115868464971,20.21960834414947
2018-10-02 01:45:00.000003,0.978536418186451,13.25570560823881,13.85455061929166,11.60566528326634,15.80246091211783,20.23272200414809
2018-10-02 01:59:59.999997,1.261463432100421,13.29429369575281,13.90231214800601,11.66338709835482,15.84144270202232,20.24531541388403
2018-10-02 02:15:00.000000,1.530933183707934,13.33088604932756,13.94758562097127,11.71805172304588,15.87837235462009,20.25739973488287
2018-10-02 02:30:00.000003,1.755480052208704,13.36391557426539,13.98901201887288,11.765636186036,15.91237647519533,20.26890177255037
2018-10-02 02:44:59.999997,1.963064286375339,13.39442451766532,14.02726265011407,11.80939749293242,15.94382783358436,20.27981189373415
2018-10-02 03:00:00.000000,2.119577276918272,13.42073729749255,14.06090775334295,11.84505284442472,15.97180819425567,20.29003904316929
2018-10-02 03:15:00.000003,2.249495454471844,13.44368402746014,14.09042813670656,11.87531362678903,15.99653027499206,20.2995465606405
2018-10-02 03:29:59.999997,2.329507686869939,13.46210298185689,14.11480297852555,11.8972940896364,16.01733738226869,20.30824988633709
2018-10-02 03:45:00.000000,2.37663362878649,13.47653682995317,14.13431824908823,11.91285372777793,16.03434363680989,20.31610892350776
2018-10-02 04:00:00.000003,2.377491056110567,13.48635017262443,14.14841429687567,11.92037148718086,16.04717555699506,20.32306208500722
2018-10-02 04:14:59.999997,2.337769466048912,13.49161620159255,14.15704043316118,11.92036080208944,16.05575171703775,20.32906214644225
2018-10-02 04:30:00.000000,2.239589685209052,13.49128197782633,14.15922588159706,11.91038072080399,16.05940970350353,20.33402008078933
2018-10-02 04:45:00.000003,2.101124530076608,13.48600933320252,14.15537263260615,11.89250850595787,16.05832852161708,20.337897947612
2018-10-02 04:59:59.999997,1.920425445852134,13.47588776527726,14.14558597935814,11.86675538712687,16.05257270363862,20.34067658159501
2018-10-02 05:15:00.000000,1.694516613435912,13.46074693845268,14.12972570529548,11.83271079146932,16.0420530705809,20.34233588915708
2018-10-02 05:30:00.000003,1.432601869353358,13.44104846753986,14.10818032312094,11.79153538141006,16.02700876794237,20.34288412034996
2018-10-02 05:44:59.999997,1.141059967195861,13.41733779349082,14.08150025463012,11.74433971117963,16.00783479175032,20.34236284157756
2018-10-02 06:00:00.000000,0.8219892371118598,13.38999062628377,14.05013635280708,11.69160628704152,15.98484996333698,20.34082497036958
2018-10-02 06:15:00.000003,0.4920279137976005,13.3602741383919,14.01531442114019,11.63591609455652,15.95888552931881,20.33837860711997
2018-10-02 06:29:59.999997,0.141206139630077,13.32796349491012,13.97709593769303,11.57628392638223,15.93011883787484,20.33510651681714
2018-10-02 06:45:00.000000,-0.2163322608124357,13.29380333113071,13.93626189081742,11.51432824710168,15.89913071175324,20.33111342298351
2018-10-02 07:00:00.000003,-0.5771027991570159,13.25835489173993,13.89349741174669,11.45097274943741,15.86646321069118,20.32651429333135
2018-10-02 07:14:59.999997,-0.9350094110267606,13.22227042091288,13.84956040840792,11.38742983077163,15.83270511236098,20.32143483122219
2018-10-02 07:30:00.000000,-1.279150039351604,13.186535677745,13.805510931733,11.32558162687629,15.79866299336983,20.31602830969642
2018-10-02 07:45:00.000003,-1.607741365312381,13.15262243361725,13.7626392757763,11.26767774005063,15.76511946665728,20.3104549076556
2018-10-02 07:59:59.999997,-1.908172775535231,13.12132721777228,13.72197467165443,11.21519405938291,15.73288560538925,20.30488345933699
2018-10-02 08:15:00.000000,-2.183642022235006,13.09222245990131,13.68363700487568,11.16687774843279,15.70227590819191,20.29944850101929
2018-10-02 08:30:00.000003,-2.426897009424643,13.06567171152439,13.64814398606919,11.1235578241639,15.6737685748991,20.29428414230581
2018-10-02 08:44:59.999997,-2.631818540141092,13.04222906111071,13.61617728977784,11.0862358552728,15.64792184174268,20.28952645269115
2018-10-02 09:00:00.000000,-2.805359743540122,13.02182085881758,13.58785429055551,11.05427664880838,15.6248999944022,20.28527637088006
2018-10-02 09:15:00.000003,-2.94269665939925,13.00471320606137,13.56349248074004,11.02826363055329,15.60497466646938,20.28162280675043
2018-10-02 09:29:59.999997,-3.045943670308166,12.99093740086545,13.54320946563434,11.00805273557539,15.58827504886429,20.27863337255681
2018-10-02 09:45:00.000000,-3.114252103411625,12.98058666364058,13.52714335423289,10.99377075375524,15.57492518259509,20.27636257415514
2018-10-02 10:00:00.000003,-3.140790815143037,12.9740659989156,13.51570399854866,10.98633685902514,15.56523243254828,20.27487000940845
2018-10-02 10:14:59.999997,-3.129796495172675,12.97134268386304,13.50895293533195,10.98539399068617,15.55927768971411,20.27420313509986
2018-10-02 10:30:00.000000,-3.066385513417907,12.97319792334899,13.50764202100141,10.99282898498093,15.55760032410824,20.27444008845017
2018-10-02 10:45:00.000003,-2.955179899209455,12.97971875207077,13.51199732023568,11.00840335757398,15.56041780457845,20.27564892158719
2018-10-02 10:59:59.999997,-2.796209675055616,12.990984021371,13.52217476452832,11.03213894721549,15.56787297915415,20.2778862209251
2018-10-02 11:15:00.000000,-2.580538202403721,13.00752687028233,13.53871570982768,11.06525500138303,15.58036931580045,20.28122446853808
2018-10-02 11:30:00.000003,-2.325115653397505,13.02874847922744,13.56120918302802,11.1057961911243,15.59764787331488,20.28568610681423
2018-10-02 11:44:59.999997,-2.015378400687449,13.05519412779026,13.59010443706702,11.15538095538574,15.62001011474832,20.29131409658772
2018-10-02 12:00:00.000000,-1.672421267771385,13.08607977374024,13.62477543406817,11.21160483527635,15.64701400121869,20.29809512073685
2018-10-02 12:15:00.000003,-1.298826605384735,13.12126568554467,13.6648861947336,11.27429186417718,15.67833987901401,20.30599231950129
2018-10-02 12:29:59.999997,-0.9002777344328335,13.16233431489606,13.71111163193222,11.34609606989263,15.71402792424265,20.31497872620966
2018-10-02 12:45:00.000000,-0.4898581280630597,13.20598928734652,13.76114367924057,11.42079466362725,15.75293552742344,20.32493106533619
2018-10-02 13:00:00.000003,-0.07523569505193642,13.25145538003969,13.8139486943263,11.49729758167798,15.79423505310295,20.33570398342286
2018-10-02 13:14:59.999997,0.3271915481165743,13.29735124805531,13.86802352337486,11.57292817840628,15.83682792759035,20.3471105518902
2018-10-02 13:30:00.000000,0.7226208850944988,13.34337622090484,13.92274273911587,11.64781238121794,15.88014300802144,20.35898340502057
2018-10-02 13:45:00.000003,1.11187007021386,13.3895186882964,13.97787851432639,11.72183050106598,15.92386521190196,20.37118811716217
2018-10-02 13:59:59.999997,1.465650193639942,13.43389756094487,14.03161738244532,11.79109457571351,15.96674137629252,20.38352720802823
2018-10-02 14:15:00.000000,1.804604238380991,13.47687640862656,14.08389792858078,11.85760975219871,16.00858468296268,20.39586214698792
2018-10-02 14:30:00.000003,2.104659263078309,13.51705256029662,14.1333622000092,11.9181505567393,16.04843436503,20.40801793562281
2018-10-02 14:44:59.999997,2.379173487360791,13.55468478641474,14.17995263905471,11.97402630089862,16.08610582257394,20.41987104205106
2018-10-02 15:00:00.000000,2.620088282476769,13.58925983143809,14.22310540062843,12.02423316733662,16.12119728606007,20.43130552439084
2018-10-02 15:15:00.000003,2.817384206329523,13.61996264904122,14.26195310911662,12.06715967931635,16.15305665939083,20.44218969835157
2018-10-02 15:29:59.999997,2.983511431817353,13.64718488921,14.29664337232666,12.10422338490762,16.18169069020291,20.45244252400659
2018-10-02 15:45:00.000000,3.107010082920469,13.67026748744526,14.32654146692836,12.13396324120078,16.20668027336724,20.46197381874095
2018-10-02 16:00:00.000003,3.20143443863053,13.68973664981021,14.35197719800414,12.15798433225921,16.22818494996799,20.47074097411977
2018-10-02 16:14:59.999997,3.246175644840817,13.70453320916034,14.37203285993619,12.17365262802545,16.24560281236244,20.47866152631071
2018-10-02 16:30:00.000000,3.251920105855997,13.71488356470764,14.38674230063594,12.18200394242131,16.25888237804245,20.48568013676112
2018-10-02 16:45:00.000003,3.200938637556254,13.71978183425035,14.39517617736912,12.180687662483,16.26739047690213,20.49170424204868
2018-10-02 16:59:59.999997,3.108300099624139,13.7197153347646,14.39758405628557,12.17136237815328,16.27120822367295,20.49668365329674
2018-10-02 17:15:00.000000,2.961204780228339,13.71405281686657,14.39339830516138,12.1524612980872,16.26995309261081,20.5005512640229
2018-10-02 17:30:00.000003,2.762996242875173,13.70273943273457,14.38245844055998,12.12417042653227,16.26346425429882,20.50325029051822
2018-10-02 17:44:59.999997,2.520433179096256,13.68615913152651,14.36505528000955,12.08742436178268,16.25188312540493,20.5047581039142
2018-10-02 18:00:00.000000,2.23261985065887,13.66436095709969,14.34126280701075,12.04222852810129,16.23526200364537,20.50506399893116
2018-10-02 18:15:00.000003,1.918519896186833,13.63848395389325,14.3121141482493,11.99121185144245,16.2142778280971,20.50422203311166
2018-10-02 18:29:59.999997,1.573723713726151,13.60867172162548,14.27793083983696,11.93415156560796,16.18920469452231,20.50229000976397
2018-10-02 18:45:00.000000,1.212805292665937,13.57586463178807,14.23965474561614,11.87313961664081,16.16073046400405,20.49936641948439
2018-10-02 19:00:00.000003,0.8371042654839487,13.54056983598286,14.19794621066534,11.80874359951684,16.1293606669136,20.49555820391159
2018-10-02 19:14:59.999997,0.4503181859071488,13.50342442924745,14.15353828385648,11.74187014686217,16.09562890248883,20.49097914969317
2018-10-02 19:30:00.000000,0.06319125459111279,13.46509333645396,14.10724925037825,11.67376209598981,16.06020121144802,20.48576082737226
2018-10-02 19:45:00.000003,-0.3141986055971728,13.42651642505307,14.06011533772652,11.60639723602013,16.02388344870782,20.48005824658385
2018-10-02 19:59:59.999997,-0.6868770332547004,13.38783795224442,14.01253218790028,11.53951649023973,15.98705997307936,20.4740030191424
2018-10-02 20:15:00.000000,-1.035772402349639,13.35030787360825,13.96576781495036,11.47583439676717,15.95065234164547,20.46776191067547
2018-10-02 20:30:00.000003,-1.373395895444935,13.31389186896417,13.92003641843247,11.41442104566091,15.91490065692682,20.4614594835135
2018-10-02 20:44:59.999997,-1.686221930037529,13.28044941626145,13.87681060390994,11.35884687456297,15.88065411713971,20.45524761195029
2018-10-02 21:00:00.000000,-1.969114337209166,13.24988386343262,13.836480889316,11.30874979077129,15.84840789291478,20.44926276746856
2018-10-02 21:15:00.000003,-2.236284348709573,13.22129301066354,13.79855833557614,11.26178983448325,15.81797968220943,20.44357587589366
2018-10-02 21:29:59.999997,-2.473860963887561,13.19514216955784,13.76348992246834,11.21941536783079,15.78972717680074,20.43826824182242
2018-10-02 21:45:00.000000,-2.678735268300188,13.17182600414751,13.73175170163843,11.18228288100254,15.76403244464118,20.43342676861625
2018-10-02 22:00:00.000003,-2.859202484714755,13.15109692818316,13.70323157422103,11.14950086886646,15.74087781654099,20.42910460473208
2018-10-02 22:14:59.999997,-3.002078805340268,13.13356027798434,13.67849489607039,11.12263883452672,15.72067477133381,20.42537327392478
2018-10-02 22:30:00.000000,-3.0887111536285,13.12041965006772,13.6587552754403,11.1043550534694,15.70432000133636,20.42235840424778
2018-10-02 22:45:00.000003,-3.155027690850225,13.11034849841747,13.64304888084427,11.09059281447366,15.6912436920127,20.42008566618908
2018-10-02 22:59:59.999997,-3.189842830700505,13.10347369503053,13.63139542464573,11.08217471886408,15.68142851655091,20.41857208989164
2018-10-02 23:15:00.000000,-3.160363454972761,13.10152130761459,13.6253654929518,11.08339059093858,15.67596979191602,20.41792987892519
2018-10-02 23:30:00.000003,-3.088769817196257,13.10405363081505,13.62483953118408,11.0921759121304,15.67488308032891,20.41822725669283
2018-10-02 23:44:59.999997,-2.947796181464145,13.11234977907414,13.63103554393032,11.11178068184563,15.6790404426572,20.41958751605719
2018-10-03 00:00:00.000000,-2.733077211527623,13.12717606420824,13.64490155873048,11.14335482652027,15.68919715138287,20.42215608963453
2018-10-03 00:15:00.000003,-2.470014074915538,13.01568603299174,13.59220357068962,9.841727620931312,15.61549814107136,20.41589356819822
2018-10-03 00:29:59.999997,-2.167095295428497,13.01356873928767,13.59496552179769,9.827514234254595,15.6061308166319,20.41349340026122
2018-10-03 00:45:00.000000,-1.820135825276028,13.03545862136588,13.61921560772981,9.874725230074322,15.62121076811591,20.41450605559054
2018-10-03 01:00:00.000003,-1.462735186473862,13.06413675982601,13.6521434717841,9.930450415755764,15.64530550402882,20.41768014739791
2018-10-03 01:14:59.999997,-1.094580802186699,13.09802253434524,13.69111558428778,9.993080006157285,15.67456277566035,20.42238413622852
2018-10-03 01:30:00.000000,-0.7002441202897651,13.13590055412657,13.73497313235803,10.0615923918383,15.70787045831363,20.42830635255343
2018-10-03 01:45:00.000003,-0.3362664162321969,13.17388970273715,13.78023256699551,10.12741649170763,15.74281571354359,20.43509685728947
2018-10-03 01:59:59.999997,0.03200462565927494,13.21267180542549,13.82685425353199,10.19398825205587,15.77907144678149,20.44253468423454
2018-10-03 02:15:00.000000,0.3718301446355009,13.25044115203094,13.87306953904598,10.25706387176257,15.81534487324411,20.45037264221185
2018-10-03 02:30:00.000003,0.7112396423848183,13.28805182737948,13.91923685171093,10.31973260999213,15.85169106009301,20.45846821772965
2018-10-03 02:44:59.999997,1.062876457865779,13.32659048745851,13.96624603634463,10.38422568705364,15.88861480594815,20.46677736428035
2018-10-03 03:00:00.000000,1.371543502578167,13.36311732702339,14.01160375048695,10.44323691643855,15.92449992562336,20.47512504352968
2018-10-03 03:15:00.000003,1.686946692149609,13.39935396536175,14.05640506141898,10.50235285131355,15.95991753240546,20.48345810275619
2018-10-03 03:29:59.999997,1.94198456664927,13.43192569021687,14.09777208201205,10.55300771900553,15.99299337457947,20.49157232070933
2018-10-03 03:45:00.000000,2.182193549639287,13.46224164202996,14.13643099589457,10.60012802161003,16.0239950981994,20.49936778767015
2018-10-03 04:00:00.000003,2.368646176094867,13.48846033319608,14.17076744477719,10.63890983686496,16.05182041583525,20.50668117057662
2018-10-03 04:14:59.999997,2.528757848541662,13.51138761899173,14.20115344861825,10.67233814216253,16.07659838604947,20.51342147525465
2018-10-03 04:30:00.000000,2.642136249893097,13.53004397723984,14.22670169361267,10.69792831800251,16.09772457583766,20.51947589149087
2018-10-03 04:45:00.000003,2.718097706415388,13.54458221712632,14.24736380404566,10.716548021376,16.11508240190673,20.52476366457703
2018-10-03 04:59:59.999997,2.724442508424987,13.55311317904807,14.26140004406956,10.72379348580932,16.12748418718435,20.52912588513263
2018-10-03 05:15:00.000000,2.696875095828938,13.55698242021382,14.26966601833954,10.72381926838857,16.13535332295118,20.53250322089866
2018-10-03 05:30:00.000003,2.633783810607293,13.55650158720758,14.27249797864387,10.71697267967739,16.13892357673187,20.53487622660608
2018-10-03 05:44:59.999997,2.504859817339939,13.5499892900963,14.26846219643489,10.69913300836232,16.1372648565485,20.53614891536234
2018-10-03 06:00:00.000000,2.351597450853545,13.53927328781337,14.25894300380316,10.67536992984116,16.13118626256654,20.53633509639734
2018-10-03 06:15:00.000003,2.168857546844787,13.52466085305694,14.24439857037548,10.64573697647591,16.12106297705148,20.5354748711179
2018-10-03 06:29:59.999997,1.924783058451129,13.50445784868069,14.22345959829245,10.60591436997485,16.10602619042517,20.53351438769522
2018-10-03 06:45:00.000000,1.670593851854817,13.4810676490921,14.19805111593685,10.56231923475304,16.08726757715726,20.53053056750939
2018-10-03 07:00:00.000003,1.371273671276913,13.45327147420313,14.16739356237966,10.51108795184266,16.06439634282377,20.5265326754987
2018-10-03 07:14:59.999997,1.049296380103683,13.42200376862995,14.13224812268216,10.45481811929869,16.03788950683162,20.52157063152801
2018-10-03 07:30:00.000000,0.7242350986537369,13.38884810572633,14.0941432642207,10.39671207974879,16.00878921948312,20.51576850810882
2018-10-03 07:45:00.000003,0.3684069267742898,13.35284598312568,14.05253139104919,10.33358341580511,15.97684005584685,20.50917874164828
2018-10-03 07:59:59.999997,0.02236763808319474,13.31593364973991,14.0091250901997,10.27051626485114,15.94321482582996,20.50194210526882
2018-10-03 08:15:00.000000,-0.328071466888844,13.27803303831202,13.96419200657626,10.20639318491692,15.90824084561708,20.49417409278514
2018-10-03 08:30:00.000003,-0.6748861395748672,13.23967879566374,13.91835623184687,10.14228658064469,15.87240518346733,20.48599237899385
2018-10-03 08:44:59.999997,-1.013623686668892,13.20139972968093,13.87226334651879,10.07906277708545,15.83621667276187,20.47751735735861
2018-10-03 09:00:00.000000,-1.333454110507873,13.16416370649119,13.82692394852894,10.01858505042272,15.80041178143417,20.46889059985237
2018-10-03 09:15:00.000003,-1.627669412193842,13.12968921896868,13.7838315380012,9.963751262449847,15.76592040422389,20.4602807247874
2018-10-03 09:29:59.999997,-1.900141986111324,13.09769256824291,13.74315429817934,9.913495457798877,15.73305087038631,20.45181766313539
2018-10-03 09:45:00.000000,-2.13727140590103,13.06848178911318,13.70549648801777,9.868699839440193,15.70237052797017,20.44363655689682
2018-10-03 10:00:00.000003,-2.34916859168998,13.04176621804644,13.67081232268348,9.828273237610075,15.67396201126251,20.43583211073457
2018-10-03 10:14:59.999997,-2.529344378822483,13.0178488456454,13.63944842122147,9.792962454645872,15.64812062525445,20.42849335038399
2018-10-03 10:30:00.000000,-2.677369687342949,12.99692312534876,13.61168276476091,9.762986722441395,15.62508462069441,20.42169844122115
2018-10-03 10:45:00.000003,-2.792541543523879,12.97912384286758,13.58771692323044,9.738515400094363,15.60503881995347,20.41551330591417
2018-10-03 10:59:59.999997,-2.874808657110491,12.96453326996476,13.56768713670165,9.719618898812847,15.58811386977552,20.40999205307412
2018-10-03 11:15:00.000000,-2.920389776863459,12.9534024558019,13.55186915014474,9.706820798886413,15.57452553465072,20.40518618276942
2018-10-03 11:30:00.000003,-2.914296093668825,12.94662096150389,13.54114483075776,9.702152660919406,15.56491691310666,20.40118926190784
2018-10-03 11:44:59.999997,-2.859987797097029,12.94438666816378,13.53587338646008,9.70557246207495,15.55960828721913,20.39808589128946
2018-10-03 12:00:00.000000,-2.73829127655559,12.94781526954104,13.5371935052602,9.71960813582489,15.55943907534355,20.39600745654073
2018-10-03 12:15:00.000003,-2.551390708841354,12.95727930409649,13.54568637860259,9.744489247879459,15.56491030615054,20.39508019657356
2018-10-03 12:29:59.999997,-2.31220826256145,12.97238830559125,13.56118790380347,9.77874278134021,15.57595966399186,20.39538009566834
2018-10-03 12:45:00.000000,-2.016295594566963,12.99326546921075,13.58383229922089,9.822756875527094,15.5927015010836,20.39696538764862
2018-10-03 13:00:00.000003,-1.686163347528979,13.01892265209466,13.61277495832902,9.873776503267814,15.61453229211193,20.39981924824341
2018-10-03 13:14:59.999997,-1.326866921958699,13.04884545866322,13.64734559226831,9.930932309323401,15.64091094389864,20.40388308682231
2018-10-03 13:30:00.000000,-0.9339283273245463,13.08531620657902,13.6887104267218,9.998574288470603,15.6721418280196,20.40914043261493
2018-10-03 13:45:00.000003,-0.5245165045714256,13.12492124577549,13.73452571830023,10.07002725570728,15.70709303141103,20.41547389509754
2018-10-03 13:59:59.999997,-0.1083045039725883,13.16671359270147,13.78360407684328,10.14383980428909,15.74485135852496,20.42273373026572
2018-10-03 14:15:00.000000,0.294919375202592,13.2091089774651,13.83425580395114,10.21687568876725,15.78416915570506,20.43071735645251
2018-10-03 14:30:00.000003,0.6848957860406336,13.25141063347493,13.88546309415796,10.28843143543919,15.82419501265974,20.43922252270231
2018-10-03 14:44:59.999997,1.071560237190641,13.29397479485513,13.93721019310683,10.35973675501153,15.86473358316965,20.44810608731102
2018-10-03 15:00:00.000000,1.426316174054689,13.33508355524211,13.98785601526012,10.42686100736629,15.90463124559522,20.45716965041792
2018-10-03 15:15:00.000003,1.775113454528821,13.37541650679934,14.03765463803194,10.49258221394352,15.94393281094248,20.4662951373435
2018-10-03 15:29:59.999997,2.09149248048291,13.41357856617727,14.08532732311829,10.55351601600167,15.98177001037132,20.47533046406943
2018-10-03 15:45:00.000000,2.384541656605526,13.44960740939272,14.1306574610126,10.61037785539202,16.01786132855454,20.48415540217725
2018-10-03 16:00:00.000003,2.657069654527209,13.48355153226542,14.17356175405147,10.66353314838279,16.05210763941574,20.49268647229443
2018-10-03 16:14:59.999997,2.88548911754812,13.5140433018994,14.21277806817128,10.70974063678982,16.08362446741306,20.50079165915867
2018-10-03 16:30:00.000000,3.092984791276887,13.54185659519118,14.2487292043098,10.75162480114763,16.11259306780961,20.50840473908989
2018-10-03 16:45:00.000003,3.255077591557726,13.56573498910139,14.28029721720957,10.78609545513588,16.13828208826233,20.5154162745101
2018-10-03 16:59:59.999997,3.390977480339696,13.58631950487627,14.30783381849874,10.81529403252163,16.1608329796453,20.52176962822927
2018-10-03 17:15:00.000000,3.476157440200285,13.60234691780403,14.33023109203176,10.8360747304069,16.1795103428034,20.52736565962401
2018-10-03 17:30:00.000003,3.522491352164399,13.61402347710231,14.34745676388932,10.84955813073117,16.19420164024386,20.53212898129249
2018-10-03 17:44:59.999997,3.505852712035889,13.61994411060576,14.35820501725831,10.85247443585251,16.20401189349971,20.53593250408812
2018-10-03 18:00:00.000000,3.445405044741864,13.62068205149636,14.36272316769659,10.8469004826119,16.2089886008259,20.53870122616082
2018-10-03 18:15:00.000003,3.323592254101751,13.61533082355444,14.36017663485974,10.83062981702021,16.20856060072961,20.54033581906275
2018-10-03 18:29:59.999997,3.143238297777843,13.60368571345013,14.35021154247176,10.80365916446715,16.20241625496721,20.54074524009375
2018-10-03 18:45:00.000000,2.909984970636414,13.58594845401063,14.33289601304701,10.76669080283004,16.1905454018575,20.53987199869303
2018-10-03 19:00:00.000003,2.629020679990707,13.56247929081217,14.30853157566782,10.72052761128749,16.17311513923438,20.53769322587401
2018-10-03 19:14:59.999997,2.317335343200607,13.53442712902136,14.27818809575793,10.66767943382268,16.15082205309367,20.53425786022912
2018-10-03 19:30:00.000000,1.975751044839925,13.50225085261897,14.2424717560616,10.60870741029524,16.12414694573158,20.5296388910658
2018-10-03 19:45:00.000003,1.612642571874684,13.46666538655216,14.20218418132142,10.54495761264234,16.09368922909471,20.5239344273612
2018-10-03 19:59:59.999997,1.237251224365788,13.42849970524464,14.15825347458592,10.47800182698086,16.06016285024316,20.5172703200958
2018-10-03 20:15:00.000000,0.8462207911434589,13.38797530534109,14.11110940984453,10.40776208057305,16.02394750376394,20.50975999242392
2018-10-03 20:30:00.000003,0.4545435579045374,13.34629476225469,14.06195556627461,10.33654342490547,15.98586184528791,20.50154750358088
2018-10-03 20:44:59.999997,0.06200001099642662,13.30374538635562,14.01132091649195,10.26463192013983,15.94640716670256,20.49276707811049
2018-10-03 21:00:00.000000,-0.3229114302948459,13.26098340736035,13.95998327958106,10.19331493824008,15.90620576471167,20.48355943376093
2018-10-03 21:15:00.000003,-0.6939833018244005,13.21869680517117,13.90876983487211,10.12376252320737,15.86591027337725,20.47407177882396
2018-10-03 21:29:59.999997,-1.051164847124812,13.17722748234805,13.85821155267496,10.0562742214295,15.82597337925761,20.46443738734222
2018-10-03 21:45:00.000000,-1.387766475110482,13.13735432958319,13.80911672812544,9.992246808958345,15.7869822833605,20.45479347783492
2018-10-03 22:00:00.000003,-1.704150548170729,13.1004200610178,13.76256763379635,9.933704460817372,15.74955342000793,20.44527688192726
2018-10-03 22:14:59.999997,-2.002052869926808,13.06573502789384,13.7183839676818,9.87906237719252,15.71377785328329,20.43597936142842
2018-10-03 22:30:00.000000,-2.275522424413871,13.03324621896329,13.67673035137122,9.828405791051917,15.67987886162116,20.42698111810745
2018-10-03 22:45:00.000003,-2.523743361649038,13.00304337237066,13.63779217799945,9.781880774451208,15.64805953982943,20.41835368370186
2018-10-03 22:59:59.999997,-2.746451903869348,12.97524092316455,13.60175841255798,9.739588505307857,15.6184861609199,20.41015877315323
2018-10-03 23:15:00.000000,-2.937675784641226,12.95020584117647,13.56901932151319,9.702362852684704,15.59147584994474,20.40246498662954
2018-10-03 23:30:00.000003,-3.09712225569111,12.92811522199339,13.53982771420902,9.6704035809254,15.56725278389273,20.39533542317017
2018-10-03 23:44:59.999997,-3.214095260412262,12.90963176738071,13.51486525397841,9.645167654045528,15.54632179038549,20.38885557936182
2018-10-04 00:00:00.000000,-3.291086452771947,12.89492007259295,13.49443127376511,9.626632322611098,15.52894898388846,20.38310287952858
2018-10-04 00:15:00.000003,-3.316723064660732,12.88451604668254,13.47901229373761,9.616155087376452,15.51526010677292,20.37800343251885
2018-10-04 00:29:59.999997,-3.279241090987251,12.8793263801711,13.46961613090561,9.615588859277146,15.50617932913132,20.37372488807913
2018-10-04 00:45:00.000000,-3.176259843176942,12.87995833256901,13.4670879898475,9.625726030114649,15.50254059237012,20.37050758797478
2018-10-04 01:00:00.000003,-2.993049191548379,12.88761974849969,13.47277971453287,9.648804039872484,15.50537227766448,20.36858554354031
2018-10-04 01:14:59.999997,-2.742522550669965,12.90209553818028,13.48678597598819,9.683609227030454,15.5148702925414,20.36810126339044
2018-10-04 01:30:00.000000,-2.438282943464105,12.92271365324256,13.50858751840483,9.728331541871663,15.53070182519917,20.36910102424877
2018-10-04 01:45:00.000003,-2.09148071620028,12.94877302284172,13.53751863933644,9.781287836638604,15.55233331967835,20.37156172951059
2018-10-04 01:59:59.999997,-1.731710776281793,12.97846563973485,13.57177979716949,9.8383639162938,15.57845342397654,20.37534910723836
2018-10-04 02:15:00.000000,-1.356566900332275,13.01124197519544,13.61048922553259,9.899169414940255,15.60828398102418,20.38030907976697
2018-10-04 02:30:00.000003,-0.97504656548687,13.0486341454236,13.65400333048334,9.966399884817227,15.64153670415781,20.38631090449375
2018-10-04 02:44:59.999997,-0.5861868358900638,13.08795564875859,13.70040864153062,10.03558994623078,15.67726691623776,20.39318209971502
2018-10-04 03:00:00.000000,-0.2068355963953301,13.12786693456144,13.74823033899225,10.10429853441622,15.71440142529628,20.40072233958339
2018-10-04 03:15:00.000003,0.1602651721867125,13.16767926025021,13.79652280761153,10.17164466897816,15.75215539940391,20.40873997776612
2018-10-04 03:29:59.999997,0.5094796411378457,13.20669338134787,13.84438033897651,10.23656323555542,15.78979436932513,20.41704880670876
2018-10-04 03:45:00.000000,0.8539059162968273,13.24530792474598,13.89190915128436,10.30054381000171,15.8272738366327,20.42553053805563
2018-10-04 04:00:00.000003,1.176286496864251,13.28285284839927,13.93841625512501,10.36160214816375,15.86401928300734,20.43405724361439
2018-10-04 04:14:59.999997,1.476357303526989,13.31868930478168,13.98317665503733,10.41907036214525,15.89952417644616,20.44250294602607
2018-10-04 04:30:00.000000,1.771897689176693,13.35359575476699,14.02669905169762,10.47525165837256,15.93406099559583,20.45081390418671
2018-10-04 04:45:00.000003,2.031488891774007,13.38595930949387,14.06759993609009,10.52607167066532,15.96672106032206,20.45887299555191
2018-10-04 04:59:59.999997,2.277939116015073,13.41655268680962,14.10632448965334,10.57404542576377,15.99767778649697,20.46662489954957
2018-10-04 05:15:00.000000,2.471609188669685,13.44325834712099,14.14101195354846,10.61398202790593,16.02569990372844,20.47392292173424
2018-10-04 05:30:00.000003,2.645366465201197,13.46717831140146,14.17228543294337,10.64955079404974,16.05106182928465,20.48070173095535
2018-10-04 05:44:59.999997,2.770021485139916,13.48692151958913,14.19893452736147,10.67716369493793,16.07295842047768,20.48684493653584
2018-10-04 06:00:00.000000,2.856351541835255,13.5025958544681,14.2208233394718,10.6977306937128,16.09119170555143,20.49226415963908
2018-10-04 06:15:00.000003,2.891232842573244,13.51334376059507,14.23709053041211,10.7094412219002,16.10516602468891,20.49684730435598
2018-10-04 06:29:59.999997,2.877856394153874,13.51899883149332,14.24739939738534,10.7123871636589,16.11457657756782,20.50049727939784
2018-10-04 06:45:00.000000,2.80074841689245,13.51852244680338,14.25071115106349,10.70434272881785,16.11867993318082,20.50308337206758
2018-10-04 07:00:00.000003,2.666851647459546,13.51191048836598,14.24680274879525,10.68584677721608,16.11722181626996,20.50450717547495
2018-10-04 07:14:59.999997,2.480070652206461,13.49933014026562,14.23571636715247,10.65744006600426,16.11016233703769,20.50469730070465
2018-10-04 07:30:00.000000,2.236764047488168,13.48056272717365,14.21722112721699,10.61865543683591,16.09732723944848,20.50359403598749
2018-10-04 07:45:00.000003,1.953817889877366,13.45651940790686,14.19207513025738,10.57175276178989,16.07917804439773,20.50120113298739
2018-10-04 07:59:59.999997,1.641409143903661,13.42810854795597,14.16120580779017,10.51851139921488,16.05637087714058,20.49757999731509
2018-10-04 08:15:00.000000,1.30398039841977,13.39592710097338,14.12533517440008,10.45989747111357,16.02947082559035,20.49281832600512
2018-10-04 08:30:00.000003,0.9558348671664908,13.36110208564419,14.08565122933589,10.39816008028228,15.99934460743126,20.48704897992911
2018-10-04 08:44:59.999997,0.5959532783642922,13.3242147030792,14.0429345936177,10.33375330742452,15.96658368992569,20.48040700105976
2018-10-04 09:00:00.000000,0.2286828362220275,13.28571797955243,13.99781141822529,10.26741283981648,15.93171075879061,20.47302428690025
2018-10-04 09:15:00.000003,-0.1364197261366197,13.2463300037353,13.95112133016513,10.2005988932897,15.89539706486707,20.46504374205793
2018-10-04 09:29:59.999997,-0.4952626560955159,13.2066345317781,13.90361053837567,10.13420646486055,15.85824682634937,20.45660957698693
2018-10-04 09:45:00.000000,-0.8444037868495291,13.1671348602655,13.85594623153865,10.06896758638307,15.82080618283647,20.44786345564539
2018-10-04 10:00:00.000003,-1.181703204988189,13.12823280039472,13.80867405887407,10.00542127355558,15.78352338263107,20.43893144249514
2018-10-04 10:14:59.999997,-1.498438056497836,13.09117176705297,13.76291392756682,9.945835769473312,15.74712731744372,20.42995966905798
2018-10-04 10:30:00.000000,-1.802792425183565,13.05642648980936,13.719145050254,9.890373258039949,15.71192272510851,20.42106086634194
2018-10-04 10:45:00.000003,-2.087834092348198,13.02352928527397,13.677352439456,9.838282144966639,15.67809919015097,20.41232330094423
2018-10-04 10:59:59.999997,-2.345383899830355,12.9928215586194,13.63800576537219,9.790433785545208,15.64607721854918,20.40384365536556
2018-10-04 11:15:00.000000,-2.584796341602129,12.9640193598171,13.60099173608734,9.745826622476807,15.61585811284723,20.39568432571209
2018-10-04 11:30:00.000003,-2.789791850982801,12.93790741800366,13.56706121343966,9.706431088472916,15.5879828318747,20.38793573341499
2018-10-04 11:44:59.999997,-2.969455816039428,12.91433416654732,13.53622358326515,9.671436224096848,15.56252976683043,20.38066105053327
2018-10-04 12:00:00.000000,-3.109661849462539,12.89400690186313,13.50917045771453,9.642585019483304,15.54001267002007,20.37394773068005
2018-10-04 12:15:00.000003,-3.210417409044136,12.87724458310321,13.48634243426983,9.620211387023838,15.52079432861739,20.36788276756741
2018-10-04 12:29:59.999997,-3.258599542083759,12.86487630182891,13.46861796484564,9.606119662182124,15.50554072427043,20.36258150495995
2018-10-04 12:45:00.000000,-3.241249796780605,12.85790121004576,13.45710535771902,9.602319470976882,15.49511714890989,20.35819456010328
2018-10-04 13:00:00.000003,-3.162206522891103,12.85659246921349,13.4523228625936,9.608768932689241,15.48998996945719,20.35485899255427
2018-10-04 13:14:59.999997,-2.989619807846396,12.86286464282303,13.4561978083595,9.62973063703133,15.49153960646668,20.35278407464632
2018-10-04 13:30:00.000000,-2.751156161682581,12.87604463025025,13.46851441303298,9.662450414846838,15.49979328244118,20.35210522303646
2018-10-04 13:45:00.000003,-2.445370776802449,12.89608624073474,13.48930553678274,9.706835550067758,15.51481550328127,20.35291422612054
2018-10-04 13:59:59.999997,-2.090849482238381,12.92216436161999,13.51789539729137,9.760554264565323,15.53612068770356,20.35522624734001
2018-10-04 14:15:00.000000,-1.714824411193518,12.9525901421125,13.55263019143281,9.819727922254657,15.56250961847127,20.35894394361588
2018-10-04 14:30:00.000003,-1.317220306566814,12.98691277858797,13.59271854932435,9.884005409581928,15.59326780816967,20.36394379283638
2018-10-04 14:44:59.999997,-0.9128804925062557,13.02634822033302,13.63823960660308,9.9552932217828,15.62792636187104,20.37009673847175
2018-10-04 15:00:00.000000,-0.4932981516565188,13.06822353649453,13.68733317738794,10.02948918649281,15.66561886724876,20.37723835783395
2018-10-04 15:15:00.000003,-0.07812963897746913,13.11131137640757,13.7385779693756,10.10425374822405,15.7052864521639,20.38517567850168
2018-10-04 15:29:59.999997,0.3292334006841199,13.15485054533815,13.79097723994586,10.17851926106275,15.74611730549174,20.39371895072142
2018-10-04 15:45:00.000000,0.7183557070001494,13.19785302752497,13.84336072980838,10.25055723198149,15.78720103137171,20.40266785327469
2018-10-04 16:00:00.000003,1.110118594866289,13.24126209743987,13.89624098149418,10.32297741326624,15.82868344206296,20.4119110177596
2018-10-04 16:14:59.999997,1.471639600193435,13.28326270944459,13.94799889405864,10.39147442720946,15.8694857541543,20.42127864385764
2018-10-04 16:30:00.000000,1.824242012395403,13.32431920169124,13.99873732462569,10.458180142812,15.9095628107358,20.43066321480653
2018-10-04 16:45:00.000003,2.159261144809843,13.36400149048851,14.04801135473413,10.52209293239874,15.94859079530059,20.43996711091171
2018-10-04 16:59:59.999997,2.471960663454348,13.40190570176625,14.09536438194554,10.58240056836319,15.98618756806717,20.4490953663633
2018-10-04 17:15:00.000000,2.765623595365249,13.43796002643747,14.14060055698748,10.63933514730442,16.02218844895073,20.45797395973105
2018-10-04 17:30:00.000003,3.014409672708023,13.47067314964671,14.18233945180362,10.68933879974629,16.05560910256077,20.46646711331627
2018-10-04 17:44:59.999997,3.243230308044918,13.50080224148964,14.22095175032335,10.73516979370016,16.08660931225666,20.47450507238569
2018-10-04 18:00:00.000000,3.416057443732752,13.52643548785519,14.25473359934234,10.77215811676765,16.11406050476557,20.4819412359623
2018-10-04 18:15:00.000003,3.562300427538978,13.54856771466966,14.28423927825598,10.80359628648433,16.13819041651633,20.48870515944968
2018-10-04 18:29:59.999997,3.650213975691166,13.56559784896339,14.30805800639377,10.82547549405251,16.15806343061151,20.49466529096633
2018-10-04 18:45:00.000000,3.69192645236223,13.5776229473224,14.32600782508322,10.83880101842345,16.17344166794095,20.49971941157671
2018-10-04 19:00:00.000003,3.66359069361451,13.58319493806228,14.33669995922423,10.84030034458902,16.18335510044264,20.50371499775015
2018-10-04 19:14:59.999997,3.582282940548879,13.58273055048862,14.34021227675565,10.83174036358474,16.18772595928323,20.50655064019103
2018-10-04 19:30:00.000000,3.427645657611759,13.57508716239339,14.33545965050815,10.81045472990527,16.18579842673094,20.50809288152804
2018-10-04 19:45:00.000003,3.216683899201138,13.56079625460693,14.32268453221171,10.77831793977808,16.17762788323038,20.50826378761555
2018-10-04 19:59:59.999997,2.940497749097398,13.5394540808355,14.30150753824035,10.73430585351586,16.16294333085125,20.50698836607887
2018-10-04 20:15:00.000000,2.629071391530434,13.51267734651903,14.27328319568652,10.68241983216061,16.14258095973314,20.50429441769643
2018-10-04 20:30:00.000003,2.293064674762511,13.48170373760169,14.239341292582,10.62481238243664,16.11747849483614,20.50028322728657
2018-10-04 20:44:59.999997,1.926535883958446,13.44667269377984,14.20009719816693,10.56113013002886,16.0880295228035,20.49505197264699
2018-10-04 21:00:00.000000,1.551950919325457,13.40903195118637,14.15699928141417,10.49455257471054,16.05526999458046,20.48875570468045
2018-10-04 21:15:00.000003,1.16191965130401,13.36892453388243,14.11049368391077,10.42465748990797,16.0196471256495,20.48153124360288
2018-10-04 21:29:59.999997,0.7618600634013395,13.32690353567228,14.06124575186023,10.35233139764585,15.98166769954844,20.47350983573635
2018-10-04 21:45:00.000000,0.3653829935678334,13.28414561615945,14.01047388460412,10.27977827227251,15.94218792174985,20.4648504209073
2018-10-04 22:00:00.000003,-0.03189329655473189,13.24069503888394,13.95850554473632,10.20670213912179,15.90158729304577,20.45568554321904
2018-10-04 22:14:59.999997,-0.4197130864792303,13.19724588355788,13.90611757268784,10.13455282377739,15.86047113147085,20.44615350933109
2018-10-04 22:30:00.000000,-0.7984442353041662,13.15411576218205,13.8538034394741,10.06360864544319,15.81926794054795,20.43638003803815
2018-10-04 22:45:00.000003,-1.162233989773057,13.11184827960077,13.80220170350194,9.994840664046459,15.77847620405781,20.42648952460806
2018-10-04 22:59:59.999997,-1.509485072710973,13.07138156743565,13.75214896204588,9.929700504418074,15.73862577166576,20.41660586072821
2018-10-04 23:15:00.000000,-1.840525451306514,13.03354932451362,13.70437757631327,9.869345937914595,15.70016160640761,20.40684213497949
2018-10-04 23:30:00.000003,-2.147669858846712,12.99792965489627,13.65897486301829,9.81307274640815,15.66336548803162,20.39729418563835
2018-10-04 23:44:59.999997,-2.433780170259777,12.96431572833685,13.61593693757647,9.760358913065836,15.62834884671201,20.38803515674721
2018-10-05 00:00:00.000000,-2.689827100503671,12.93318226034884,13.57577432634765,9.712331515754752,15.5955104783964,20.37914989746626
2018-10-05 00:15:00.000003,-2.914954220938714,12.90466344288189,13.53863055726542,9.669185795832794,15.5647431316871,20.37054423037262
2018-10-05 00:29:59.999997,-3.105538132558597,12.87909759282182,13.50493386702675,9.631539160541848,15.53654558321158,20.36233815508142
2018-10-05 00:45:00.000000,-3.253505295942335,12.85717224724023,13.47548503195713,9.600687713384184,15.51167053107244,20.35473781224456
2018-10-05 01:00:00.000003,-3.35118951147457,12.83959206158608,13.45112176570339,9.57791659431376,15.49082199032332,20.34792606403965
2018-10-05 01:14:59.999997,-3.39038994126853,12.82706101035247,13.43268092057201,9.564560290854146,15.47467966637283,20.34205693277721
2018-10-05 01:30:00.000000,-3.365098722045592,12.82019742748587,13.42093082699502,9.561647569817342,15.46383479895084,20.337266923055
2018-10-05 01:45:00.000003,-3.259010899277828,12.82013127863199,13.41710393949192,9.571514716008588,15.45920635855492,20.33371742520306
2018-10-05 01:59:59.999997,-3.071199579976483,12.8275381387557,13.4221181725768,9.59494085300499,15.46155390560296,20.33157781437118
2018-10-05 02:15:00.000000,-2.808529904286333,12.84243645010623,13.43623313943796,9.631274399769536,15.47110406991129,20.33097280441912
2018-10-05 02:30:00.000003,-2.488245170695936,12.86396443930442,13.45877155382746,9.678282145543953,15.48745992449621,20.33194580265358
2018-10-05 02:44:59.999997,-2.130784575649458,12.89089950068905,13.48857771150214,9.733017095352988,15.50975146861228,20.33444737432209
2018-10-05 03:00:00.000000,-1.748559920024612,12.92211230347469,13.52438120532818,9.793380501881197,15.53702032981233,20.33836249068333
2018-10-05 03:15:00.000003,-1.36044481971466,12.95623054490773,13.56463354053161,9.856560381187746,15.56804487056436,20.34350805322641
2018-10-05 03:29:59.999997,-0.9587143945157427,12.99545693161422,13.61016368033767,9.927214180686072,15.60279696911389,20.34976027049267
2018-10-05 03:45:00.000000,-0.550026839487891,13.03678058886184,13.6588189807675,9.999990716839845,15.64022336295786,20.35693974164994
2018-10-05 04:00:00.000003,-0.1435608287712949,13.07920267741773,13.70941470221427,10.07334255848527,15.67943764831669,20.364859117033
2018-10-05 04:14:59.999997,0.2534325935107186,13.12190029689091,13.76092680494518,10.14594541305538,15.71962397283256,20.37333169319285
2018-10-05 04:30:00.000000,0.6293821800512175,13.1638016344157,13.81213281691793,10.21582719097838,15.75983991680105,20.38215739722041
2018-10-05 04:45:00.000003,1.014518720316049,13.20624486773326,13.86388679697224,10.28681441601446,15.80048914559103,20.39124761581579
2018-10-05 04:59:59.999997,1.370874146317608,13.24755789475062,13.91473826462772,10.35427262488987,15.84056169320802,20.40045287373145
2018-10-05 05:15:00.000000,1.713659120192209,13.28767352834261,13.96436568041266,10.41931988080686,15.87978667236491,20.40965652001043
2018-10-05 05:30:00.000003,2.044000412916033,13.32663938373861,14.01270657406926,10.48219540638772,15.91806499091335,20.41877825644335
2018-10-05 05:44:59.999997,2.34652569643635,13.36356478632007,14.05892128882531,10.54078781854464,15.95479246704415,20.42771300057668
2018-10-05 06:00:00.000000,2.631018098703147,13.39861821316453,14.10296646757542,10.59605756518832,15.9898740358224,20.43638656661981
2018-10-05 06:15:00.000003,2.864731314945247,13.42992544193026,14.14313406225921,10.64353168543682,16.0221328779105,20.44464643255771
2018-10-05 06:29:59.999997,3.07252829512101,13.45818607714522,14.1796991320794,10.68587127893888,16.05161433552501,20.45240146291478
2018-10-05 06:45:00.000000,3.21484993418435,13.48118438282275,14.21063674799814,10.71785115623982,16.07697195671615,20.45946953202404
2018-10-05 07:00:00.000003,3.319999032486063,13.49973599822511,14.2362835186169,10.74247953763403,16.09826222468704,20.46574734546466
2018-10-05 07:14:59.999997,3.359860355529841,13.51236778313007,14.25528341462576,10.75618784393682,16.11455811751211,20.47108037012543
2018-10-05 07:30:00.000000,3.346167373051979,13.51917563262948,14.26744101813793,10.75997663457333,16.12560752815484,20.47535118490698
2018-10-05 07:45:00.000003,3.255359916611777,13.51871811639091,14.27136464239677,10.75060337615687,16.13043328620099,20.4783970839112
2018-10-05 07:59:59.999997,3.112433626351339,13.51187838712317,14.26754276501157,10.73094012821654,16.12922466325479,20.48013431617951
2018-10-05 08:15:00.000000,2.905498024984243,13.49818362703268,14.25555745411214,10.69968813123049,16.12169417984072,20.48048205513806
2018-10-05 08:30:00.000003,2.637774314452541,13.47764720959993,14.23533788446544,10.65708706455735,16.10773776710922,20.47938072585635
2018-10-05 08:44:59.999997,2.335592396476241,13.45182994632568,14.20823972524165,10.60681807697036,16.08820485883356,20.47686893925105
2018-10-05 09:00:00.000000,1.994913351343918,13.42103455964286,14.17476091909188,10.54893334531602,16.06351245025532,20.47300695623415
2018-10-05 09:15:00.000003,1.638798552580176,13.38678486381664,14.13640379199019,10.48675473609975,16.03471410964375,20.46792670396108
2018-10-05 09:29:59.999997,1.267151435426767,13.34965729532741,14.09399709078261,10.42088683557525,16.00250763537592,20.46177358668025
2018-10-05 09:45:00.000000,0.8826334514476413,13.31014706879467,14.04822567538762,10.35196810665745,15.96745262923278,20.45468839591445
2018-10-05 10:00:00.000003,0.4937157519323577,13.2692037531482,14.000126461986,10.28153405394612,15.93027952331233,20.44682481879619
2018-10-05 10:14:59.999997,0.09996951830292036,13.22704490198273,13.95015350282339,10.20974732975038,15.89143087382926,20.43831862711755
2018-10-05 10:30:00.000000,-0.2898748070532582,13.18430033654702,13.8990431193248,10.13790088229866,15.85149826867408,20.42930772472391
2018-10-05 10:45:00.000003,-0.675714276242418,13.1412895712961,13.84728724403868,10.06629955600094,15.81090850611634,20.41991824942086
2018-10-05 10:59:59.999997,-1.054078360671465,13.09841686023492,13.79540778935326,9.995577537270126,15.77008477490833,20.41026790425215
2018-10-05 11:15:00.000000,-1.414729655090881,13.05674751446627,13.74442290206017,9.927782594631951,15.72972771495949,20.40049278428395
2018-10-05 11:30:00.000003,-1.764404119175319,13.01743326810696,13.69524284973258,9.864312603887136,15.69032673104457,20.39071669270263
2018-10-05 11:44:59.999997,-2.089528349709522,12.98032906572399,13.64821319923715,9.805140137345088,15.65234374988761,20.38105729744963
2018-10-05 12:00:00.000000,-2.393920373853625,12.94514084153391,13.60335679996175,9.749455452361387,15.6159462206152,20.37160591242938
2018-10-05 12:15:00.000003,-2.671445049230112,12.91218460878953,13.56107079232169,9.697993625111968,15.58147852281983,20.36245452991092
2018-10-05 12:29:59.999997,-2.91898648251738,12.88179537427728,13.52177782667372,9.65132850540734,15.54929604056129,20.35369463712937
2018-10-05 12:45:00.000000,-3.131472564032725,12.85439619187272,13.4859765209848,9.610257038121112,15.51980566994577,20.34542092079534
2018-10-05 13:00:00.000003,-3.313442427036616,12.83001230445222,13.4538262927612,9.574405693912022,15.49315200224582,20.33770561749806
2018-10-05 13:14:59.999997,-3.444618849597049,12.80971471465882,13.42637281945012,9.546427757706025,15.47014322955438,20.33066904788304
2018-10-05 13:30:00.000000,-3.530215101504122,12.7936277434095,13.40393823107228,9.526054168945286,15.45108773680589,20.32441304910369
2018-10-05 13:45:00.000003,-3.550879598570452,12.78282987289274,13.38762877911455,9.515768018328215,15.43679660369621,20.31907592469375
2018-10-05 13:59:59.999997,-3.493095487432656,12.77847553886003,13.37874335044989,9.517773795448147,15.42826521526789,20.31483331765532
2018-10-05 14:15:00.000000,-3.356049373127344,12.7811432867636,13.37812301210799,9.532682448977729,15.4261981831228,20.3118602770848
2018-10-05 14:30:00.000003,-3.12631457126155,12.79185942961841,13.38695443251585,9.562469135288541,15.43151355962298,20.31035001637903
2018-10-05 14:44:59.999997,-2.824156886052007,12.81030646520331,13.40525993379407,9.605160804088,15.44427226572437,20.31043232040506
2018-10-05 15:00:00.000000,-2.472924930239463,12.83515628969262,13.43190628401504,9.657745122343787,15.46390557154052,20.31213647100389
2018-10-05 15:15:00.000003,-2.082640434881467,12.86552405908615,13.46595608262061,9.718353542958493,15.48965704833081,20.31541393360867
2018-10-05 15:29:59.999997,-1.675995629130873,12.89978969898642,13.50568970671231,9.783444414099874,15.52011655700573,20.32010516562099
2018-10-05 15:45:00.000000,-1.258145339530483,12.93763732629635,13.55023971707468,9.852831719861676,15.55445039191348,20.32603752590413
2018-10-05 16:00:00.000003,-0.834067614568743,12.97984939916106,13.59951680303292,9.928086859619727,15.59222090888662,20.33305440147689
2018-10-05 16:14:59.999997,-0.39922464313508,13.02420642762523,13.65190240011605,10.00579589115058,15.6326190195176,20.34098160059159
2018-10-05 16:30:00.000000,0.02992364099327106,13.06949636741888,13.70607432027681,10.08364452253397,15.67468037189404,20.34962817830123
2018-10-05 16:45:00.000003,0.4473541826021437,13.11483825148678,13.76091849551691,10.16033836109754,15.71754455606878,20.35880013098648
2018-10-05 16:59:59.999997,0.84684509667292,13.15946812890267,13.81546538707232,10.23465969337525,15.76042136476381,20.36830577692727
2018-10-05 17:15:00.000000,1.252106450911457,13.20469338849928,13.87057196567777,10.30982864364083,15.80366679560173,20.37805716270169
2018-10-05 17:30:00.000003,1.622732695566649,13.24817065113123,13.92422351252335,10.38043477016436,15.84601524652886,20.38788296206534
2018-10-05 17:44:59.999997,1.992148290305548,13.2910067955312,13.97705106860054,10.4501565353698,15.88774205105755,20.39770343232711
2018-10-05 18:00:00.000000,2.329296688215706,13.33175416491937,14.02780921321377,10.5152027343857,15.92800430059491,20.40739224418815
2018-10-05 18:15:00.000003,2.650544332567016,13.3707967703558,14.07660139280075,10.57721308843787,15.966769279476,20.41686922946433
2018-10-05 18:29:59.999997,2.936610242293307,13.40712079423663,14.12248398020645,10.6336945812818,16.00336463211647,20.42602233252592
2018-10-05 18:45:00.000000,3.183579033957624,13.44001105023362,14.16460858229016,10.68361340131603,16.03716440903741,20.43472547111265
2018-10-05 19:00:00.000003,3.389097553282586,13.46897552973476,14.20231796233992,10.72635556831795,16.06765739866126,20.44285211187777
2018-10-05 19:14:59.999997,3.538806158660112,13.49291239767671,14.2344531483613,10.75971291313272,16.09399737689153,20.45024588098176
2018-10-05 19:30:00.000000,3.638189032534418,13.51167308201478,14.26061797078564,10.78399126904276,16.11580277055644,20.45677623849101
2018-10-05 19:45:00.000003,3.678966394841952,13.52461692353662,14.28008618856564,10.7979708968919,16.13251997917252,20.4623094486133
2018-10-05 19:59:59.999997,3.649555250779121,13.53075125781509,14.29178792525335,10.79975438926116,16.14335564542296,20.46668982247027
2018-10-05 20:15:00.000000,3.553265466805025,13.52983115510526,14.29525196178716,10.78938712913914,16.14788408848686,20.46978195481429
2018-10-05 20:30:00.000003,3.387776965406185,13.52154088072265,14.29003766973533,10.76643482187536,16.14573426474039,20.47146670882841
2018-10-05 20:44:59.999997,3.159341214379288,13.50605786583814,14.27616378058094,10.73162138655192,16.13685074891205,20.47166342290461
2018-10-05 21:00:00.000000,2.869617291717503,13.48349197154721,14.25368977631425,10.68523546868396,16.12124332469293,20.47032239384443
2018-10-05 21:15:00.000003,2.539221953749726,13.45512101298321,14.22375379491121,10.63020465470739,16.09962826333512,20.46747536806505
2018-10-05 21:29:59.999997,2.175897696565627,13.42187647955275,14.18738821090863,10.56811742255433,16.07274839187463,20.46320799191906
2018-10-05 21:45:00.000000,1.78986686533091,13.38475909661695,14.14572468120834,10.50076840306028,16.04144551631048,20.45765154193331
2018-10-05 22:00:00.000003,1.391347648046358,13.34476900329725,14.09992096705115,10.42996844271239,16.00661945785998,20.45096698805399
2018-10-05 22:14:59.999997,0.9792780823710557,13.30230640558749,14.05062739841748,10.35600723954141,15.96883838399867,20.44330598861442
2018-10-05 22:30:00.000000,0.5630990642538258,13.25835903353112,13.9989205647743,10.28052148562132,15.92886542680794,20.43483134996209
2018-10-05 22:45:00.000003,0.1444298839899371,13.21334839745827,13.94544357029185,10.20402774090499,15.88725732364839,20.42569604595617
2018-10-05 22:59:59.999997,-0.2694897207190291,13.16783703153668,13.89090822394389,10.12763920952091,15.8446133591258,20.41604801100253
2018-10-05 23:15:00.000000,-0.6827596850115871,13.12189249772113,13.83559345347507,10.05106006673745,15.80122474307724,20.40600826390726
2018-10-05 23:30:00.000003,-1.079501258033406,13.07654840212212,13.78054311343402,9.976547497981104,15.75785112700616,20.39572190596282
2018-10-05 23:44:59.999997,-1.46601947366237,13.03231942220832,13.726328251075,9.90442109125282,15.71489950158563,20.38531562479352
2018-10-06 00:00:00.000000,-1.839087315646834,12.99059963920013,13.67402780210587,9.836984937502395,15.67295636317743,20.37491334580497
2018-10-06 00:15:00.000003,-2.187122873090256,12.95095682915189,13.62370582925882,9.773653146625524,15.63204877823006,20.36445661442525
2018-10-06 00:29:59.999997,-2.519969218009493,12.91284549816355,13.57514435397628,9.713006916904614,15.59232742631299,20.35405841951858
2018-10-06 00:45:00.000000,-2.8283902118101,12.87672542911774,13.52888241827771,9.656156082688197,15.55436287282989,20.34390808224821
2018-10-06 01:00:00.000003,-3.108125609729339,12.8430400175942,13.48546392640232,9.60388843420401,15.51864488222047,20.33415995390329
2018-10-06 01:14:59.999997,-3.351918470072704,12.81243745087604,13.44561659577038,9.557379689499031,15.48572054780647,20.324938509787
2018-10-06 01:30:00.000000,-3.559674428595648,12.78518434495701,13.40974339515164,9.516938046178051,15.45596283090796,20.31634114436962
2018-10-06 01:45:00.000003,-3.718273696283989,12.76199740701126,13.37860330305484,9.484204228844703,15.42992376183317,20.30847274704798
2018-10-06 01:59:59.999997,-3.824071134743892,12.7433747510849,13.35282769292908,9.45995417055159,15.40809431557505,20.30143733325929
2018-10-06 02:15:00.000000,-3.864241026669239,12.73022309075158,13.33341881171113,9.446037336732525,15.39123180022386,20.2953728789585
2018-10-06 02:30:00.000003,-3.827915783982409,12.72351309211051,13.32150238406727,9.444247752070998,15.3802082766712,20.29044413314244
2018-10-06 02:44:59.999997,-3.704225346001317,12.72425510024008,13.31828107287174,9.456389014979152,15.37596670060679,20.28684081085783
2018-10-06 03:00:00.000000,-3.487434536671349,12.73323341532872,13.32477359019706,9.483649656638928,15.37933396384004,20.28475474948717
2018-10-06 03:15:00.000003,-3.187618996360169,12.75035892401731,13.34118195043871,9.525096196664094,15.39056299095468,20.28433267648557
2018-10-06 03:29:59.999997,-2.829753152182743,12.77469211700231,13.36679245410222,9.577690356048741,15.40912326622557,20.28561801383916
2018-10-06 03:45:00.000000,-2.435527200773101,12.80457819472871,13.39997151808608,9.63805653087842,15.43390809459329,20.28853976093807
2018-10-06 04:00:00.000003,-2.0276315509832,12.83834019928668,13.43891898065578,9.702711007891862,15.46353828941277,20.29293275020232
2018-10-06 04:14:59.999997,-1.608716174862435,12.8752853362657,13.4826116996029,9.771056189436846,15.4973315985954,20.2986339885097
2018-10-06 04:30:00.000000,-1.190568437778687,12.91566824501293,13.5305286684887,9.843467774864925,15.53459684155615,20.30546957453392
2018-10-06 04:45:00.000003,-0.7644437412882701,12.95906787677264,13.58192929071843,9.919627384731966,15.57439102636194,20.31323098120983
2018-10-06 04:59:59.999997,-0.3301309687939843,13.00420592192706,13.63575021343909,9.997816810036436,15.61617314765842,20.32174511354652
2018-10-06 05:15:00.000000,0.08928677356387632,13.04950300378807,13.69042753623848,10.07472422491448,15.65888013708204,20.33081390165374
2018-10-06 05:30:00.000003,0.5067263273020759,13.09509375077545,13.74576243751601,10.15152035533641,15.70223254238004,20.34029266621829
2018-10-06 05:44:59.999997,0.9026412612308222,13.13977806420175,13.80055853793856,10.22551613581309,15.74537820266088,20.35001446764431
2018-10-06 06:00:00.000000,1.307090957713729,13.18511941295566,13.8558733295651,10.30067969483258,15.78882096998471,20.35991938701138
2018-10-06 06:15:00.000003,1.671415114893121,13.22833860183499,13.90935830216453,10.37047698770153,15.83110099660039,20.36983500981551
2018-10-06 06:29:59.999997,2.039998499840287,13.27106795873049,13.962066754166,10.44001098387955,15.87275953006232,20.37970616375861
2018-10-06 06:45:00.000000,2.357317284443478,13.31063887155922,14.01174881926093,10.50228899244717,15.91230613189006,20.38936154535703
2018-10-06 07:00:00.000003,2.669901025971373,13.34874054161233,14.0594820564978,10.56264362590781,15.95029661964625,20.39874973390881
2018-10-06 07:14:59.999997,2.914835770585044,13.38224850129969,14.10260237439589,10.61303524252142,15.98497108859471,20.40767471921903
2018-10-06 07:30:00.000000,3.135914365934396,13.41250047831391,14.14179614985199,10.65821542498337,16.01659744370598,20.41604131815733
2018-10-06 07:45:00.000003,3.285136606539592,13.43700388351504,14.17483938850459,10.69205966080541,16.04371206519237,20.4236545622439
2018-10-06 07:59:59.999997,3.391394520654013,13.45649853060063,14.20195883968474,10.71753748803161,16.06628449545063,20.43039042032873
2018-10-06 08:15:00.000000,3.428095673841181,13.4695673240978,14.22182406593755,10.73125911555795,16.08339352657599,20.43608579028868
2018-10-06 08:30:00.000003,3.401830114438956,13.47601408641614,14.23397672574597,10.73353250954849,16.09461072578365,20.44060006305034
2018-10-06 08:44:59.999997,3.294906203151007,13.47463044092201,14.23718134097088,10.72181055798527,16.09904085321395,20.44376594573218
2018-10-06 09:00:00.000000,3.120867091772498,13.46569553021848,14.23140511388757,10.69746579331561,16.09653380760512,20.44546373491564
2018-10-06 09:15:00.000003,2.88380625139719,13.44945934374794,14.21678184971978,10.66117412511056,16.08712528803568,20.4456203480278
2018-10-06 09:29:59.999997,2.591134857104143,13.42643387197836,14.19375838733113,10.61406572844308,16.07107700931592,20.44421275200508
2018-10-06 09:45:00.000000,2.25460271412128,13.39751038537679,14.16320502196874,10.55797707740319,16.04896545065414,20.44127844368837
2018-10-06 10:00:00.000003,1.888626555964626,13.36387529435455,14.12634982174837,10.4952674681388,16.02166437228309,20.43691742177427
2018-10-06 10:14:59.999997,1.501893926547853,13.32650704257892,14.08433338902529,10.42761765335982,15.99004832098382,20.43127210340163
2018-10-06 10:30:00.000000,1.102262384634957,13.28628939258266,14.03822149325181,10.35652474046302,15.95495836615346,20.4245062065918
2018-10-06 10:45:00.000003,0.6976084797971728,13.24422477868117,13.98918256642442,10.28355401488963,15.91726677133727,20.41680014758211
2018-10-06 10:59:59.999997,0.2864113785056486,13.20073529601873,13.93788603567256,10.2089319382834,15.87752722500812,20.4083158516448
2018-10-06 11:15:00.000000,-0.1273623106668421,13.15613158698789,13.88483696973497,10.13323544514832,15.8362140640341,20.39919789363956
2018-10-06 11:30:00.000003,-0.5364587858965691,13.11103931251283,13.83077664506808,10.05763805312773,15.79391841505875,20.38959082770073
2018-10-06 11:44:59.999997,-0.9434906732076179,13.0656251048028,13.77606091174956,9.982071448432873,15.75097560189174,20.37961587493558
2018-10-06 12:00:00.000000,-1.343543933389631,13.02043993573912,13.72127716866781,9.907514908933301,15.70781803682082,20.36938816891185
2018-10-06 12:15:00.000003,-1.727854106020309,12.97758468707434,13.66804869295073,9.837714619910848,15.66534762293589,20.3590565078766
2018-10-06 12:29:59.999997,-2.10027315198439,12.93645113260149,13.61633768146566,9.770991707441517,15.62375742137889,20.34872704881646
2018-10-06 12:45:00.000000,-2.449477754658049,12.89709021629704,13.56648982318789,9.707805250935992,15.58344998265513,20.33850551225439
2018-10-06 13:00:00.000003,-2.773210881388508,12.85977877048263,13.51893427389226,9.64859351870355,15.54481753433122,20.32849702716333
2018-10-06 13:14:59.999997,-3.07367039381227,12.82457572424485,13.47386032877824,9.593235119734556,15.50806689861847,20.31878786886841
2018-10-06 13:30:00.000000,-3.338831444378465,12.79224282389262,13.43205195679881,9.543387920659454,15.47379410786918,20.30948789595334
2018-10-06 13:45:00.000003,-3.571220001987226,12.76297834639755,13.3938629974388,9.49910116715045,15.44235132016131,20.30069738581076
2018-10-06 13:59:59.999997,-3.758948077618503,12.73739943952788,13.35995787661116,9.461803767422563,15.41423516543987,20.29252363713349
2018-10-06 14:15:00.000000,-3.897253494990548,12.71602498150728,13.33097271976188,9.432379000350355,15.38995241574769,20.28507860314984
2018-10-06 14:30:00.000003,-3.97651885277831,12.69960806394739,13.30776748009198,9.412294300766579,15.37016744470187,20.27849560836232
2018-10-06 14:44:59.999997,-3.979238115957054,12.68938839399885,13.29168634157224,9.404108805699519,15.35589886350983,20.27295001814758
2018-10-06 15:00:00.000000,-3.899048416701208,12.6862516257661,13.28385108285736,9.409186129398046,15.34804606129826,20.26863501372414
2018-10-06 15:15:00.000003,-3.725654355347132,12.69116606473265,13.28544352275518,9.42921782492098,15.34754915998653,20.2657545771708
2018-10-06 15:29:59.999997,-3.458853383483233,12.70463199332432,13.29722834288404,9.464681908757552,15.35506681829914,20.26449905584399
2018-10-06 15:45:00.000000,-3.127921944040852,12.72549708474893,13.31839501272668,9.512081097578529,15.37012880250158,20.26494475668475
2018-10-06 16:00:00.000003,-2.740741655572936,12.75328251529629,13.34845836105516,9.570086728222591,15.39227788262991,20.26710268826892
2018-10-06 16:14:59.999997,-2.32242449072241,12.78626379584262,13.38570979122359,9.635107801415177,15.42035868972376,20.27087428708104
2018-10-06 16:30:00.000000,-1.892872547397676,12.82279717736299,13.42833440882416,9.703922529331575,15.45299786198903,20.27607533412714
2018-10-06 16:45:00.000003,-1.444572248933031,12.86266906937078,13.47573071250842,9.776871268275675,15.4895564241598,20.28253459837532
2018-10-06 16:59:59.999997,-1.001542852288775,12.90708811151927,13.52802000936858,9.855923177044394,15.53006370685342,20.29014286323473
2018-10-06 17:15:00.000000,-0.539857321554887,12.95430559359542,13.58388160561496,9.938736905425248,15.57344289248659,20.29871221353246
2018-10-06 17:30:00.000003,-0.08561401891300574,13.00244409000901,13.6415057308684,10.02140302072304,15.61833971932445,20.30801037097372
2018-10-06 17:44:59.999997,0.3617025115550031,13.05090283049304,13.70003605796967,10.10350575190715,15.66412392818711,20.31784765738976
2018-10-06 18:00:00.000000,0.7902965500504019,13.09870359697281,13.75836377848106,10.18322416040612,15.70998162716442,20.32803484652316
2018-10-06 18:15:00.000003,1.220775681791512,13.14689284872377,13.81710715585189,10.26326524374607,15.75612300699223,20.33847221059422
2018-10-06 18:29:59.999997,1.624803232299345,13.19387063529542,13.87487502587402,10.33985171337787,15.80162908315937,20.34901220399748
2018-10-06 18:45:00.000000,2.002313481541001,13.23887150420672,13.93070247693017,10.4122300759303,15.84581837242878,20.35950224266953
2018-10-06 19:00:00.000003,2.370700415311419,13.28265941961706,13.98504207237597,10.48260845663711,15.88886452994289,20.36986315690849
2018-10-06 19:14:59.999997,2.689665298495729,13.3230456389249,14.03596116731239,10.54565243716841,15.92947938947549,20.37992763000422
2018-10-06 19:30:00.000000,3.012596231855354,13.36240302906202,14.08520818305593,10.60790610995302,15.96863199788802,20.38967981253173
2018-10-06 19:45:00.000003,3.248909187302163,13.39607573179542,14.12885655639971,10.65766364308396,16.00383521320991,20.39888257104418
2018-10-06 19:59:59.999997,3.471601462526191,13.42665300370139,14.16851973211468,10.70318408648602,16.03589110915441,20.40746395750348
2018-10-06 20:15:00.000000,3.602854683302476,13.45034626676543,14.20097447503297,10.73471551813805,16.06270765821312,20.41518649041733
2018-10-06 20:30:00.000003,3.698688619667027,13.46903957131009,14.22731022524336,10.75845852983221,16.08475775241534,20.42194756780984
2018-10-06 20:44:59.999997,3.709795061924992,13.48035102026508,14.24544644698643,10.76834125580575,16.10067485401302,20.42755524066329
2018-10-06 21:00:00.000000,3.656992789827985,13.4845866810489,14.25525976130379,10.76623664530405,16.11020843451683,20.43186878633908
2018-10-06 21:15:00.000003,3.518699804107361,13.48047039849321,14.2554892958217,10.749272830959,16.11245872928555,20.43471657355175
2018-10-06 21:29:59.999997,3.314244353090509,13.46859944091364,14.24638462783156,10.71958881257176,16.10745873881348,20.43599461097154
2018-10-06 21:45:00.000000,3.049362296011608,13.44943701275887,14.22831887286659,10.6782229283368,16.0954231263548,20.43565530866329
2018-10-06 22:00:00.000003,2.725968211609787,13.42323974455771,14.20156643681574,10.62561049842308,16.07653454253394,20.43368414405698
2018-10-06 22:14:59.999997,2.370137280339561,13.39171110879087,14.16771353506259,10.56551009226252,16.05182328254012,20.43016405040204
2018-10-06 22:30:00.000000,1.984930936493577,13.35565555405484,14.12777759811239,10.49902056686786,16.02208060481744,20.42521829099779
2018-10-06 22:45:00.000003,1.582219198667034,13.31614743316611,14.08298126479092,10.42811722162567,15.98823075366692,20.41900666735718
2018-10-06 22:59:59.999997,1.163546717268203,13.27372853234296,14.03410769546027,10.35345262808967,15.95094242216064,20.41168922458113
2018-10-06 23:15:00.000000,0.7434377727643092,13.22964514770369,13.98249578169378,10.2773664981504,15.91119386229641,20.40345397293481
2018-10-06 23:30:00.000003,0.3115355325279763,13.18394885839996,13.92850596824077,10.19901159742924,15.86932847353087,20.3944482967534
2018-10-06 23:44:59.999997,-0.1163942730551435,13.13746351089589,13.87304285048636,10.12041101701264,15.82606931003111,20.38482975807221
2018-10-07 00:00:00.000000,-0.5412699905293692,13.0905131392387,13.81663889945413,10.04181980701718,15.78189533356371,20.37474068761774
2018-10-07 00:15:00.000003,-0.9672709583337354,13.0429566458787,13.75925462377023,9.962682027584997,15.73659632966515,20.36411389888185
2018-10-07 00:29:59.999997,-1.376464060851262,12.99611116282955,13.70211988366698,9.885872450817384,15.69115442730225,20.35312840568243
2018-10-07 00:45:00.000000,-1.776624279502684,12.9515349296135,13.64650851686609,9.813369488588592,15.64641553617727,20.34202813824669
2018-10-07 01:00:00.000003,-2.158007845109628,12.90894528064268,13.59272705801527,9.744627201051433,15.6028711070581,20.33099792459435
2018-10-07 01:14:59.999997,-2.514088376406561,12.86838528402282,13.54114271114472,9.679850823880894,15.56094665646153,20.32017264781075
2018-10-07 01:30:00.000000,-2.847610397034933,12.82988079593713,13.49196104836293,9.618817542890545,15.52085586398547,20.3096460184257
2018-10-07 01:45:00.000003,-3.15521311319019,12.79366244877285,13.44547731139487,9.561992671111765,15.48285428882825,20.29949575818732
2018-10-07 01:59:59.999997,-3.428036660510624,12.76044070384589,13.40244474158206,9.510802805465842,15.44753192472042,20.28982254246262
2018-10-07 02:15:00.000000,-3.660042929281144,12.73070454609951,13.36345621137876,9.466165099330395,15.41536138267339,20.28072927641346
2018-10-07 02:30:00.000003,-3.854673779257294,12.70446079498833,13.32866804930422,9.427776042182169,15.38650306257279,20.27229486118761
2018-10-07 02:44:59.999997,-3.99399678091435,12.68267224162339,13.29904563676794,9.397912970018128,15.36165643736815,20.26463288268085
2018-10-07 03:00:00.000000,-4.065886439258525,12.66637371202287,13.27574377838813,9.378576998423943,15.34170805264759,20.25789651932899
2018-10-07 03:15:00.000003,-4.065756800523485,12.65627162510682,13.25968180780349,9.370799272287506,15.32740009943531,20.25224876914099
2018-10-07 03:29:59.999997,-3.970587791266834,12.65389794279216,13.25251027627666,9.377822175212716,15.31997913802835,20.24790571220092
2018-10-07 03:45:00.000000,-3.772596762781165,12.66033590188452,13.25559696846402,9.401322376723783,15.32054602679785,20.24510218334686
2018-10-07 04:00:00.000003,-3.487826301067232,12.67533127137026,13.26907410654819,9.43973674933139,15.32933744273299,20.24400725456332
2018-10-07 04:14:59.999997,-3.130863188595306,12.69819298005475,13.29245188683093,9.491112952475588,15.34607216065544,20.24470393220992
2018-10-07 04:30:00.000000,-2.725898418389279,12.72779744458439,13.3246961765985,9.552269614541531,15.36992116532502,20.24717067832449
2018-10-07 04:45:00.000003,-2.294332044146399,12.76235690608044,13.36394912950007,9.619795742828675,15.39959096277595,20.25127861025399
2018-10-07 04:59:59.999997,-1.852312198655951,12.8003512140055,13.40844658838576,9.690926981168962,15.43372927947516,20.25682625392132
2018-10-07 05:15:00.000000,-1.397890473861768,12.84133016727379,13.45737353985989,9.765328678605101,15.47153807178693,20.26361579057756
2018-10-07 05:30:00.000003,-0.9429099698781161,12.8870261941497,13.51114828686631,9.846193714855715,15.5128895624882,20.27150298758802
2018-10-07 05:44:59.999997,-0.4732984406943642,12.93557766158498,13.56860894471572,9.931321699585524,15.55766649075273,20.28038056838691
2018-10-07 06:00:00.000000,-0.01193957011902477,12.98481769787555,13.62763503598114,10.01566761547796,15.60377438337341,20.28997966770869
2018-10-07 06:15:00.000003,0.4407329161656266,13.03416157764977,13.68733258278713,10.09902151399571,15.65053979796789,20.30009056711849
2018-10-07 06:29:59.999997,0.8696160418385795,13.08246448163007,13.74643476137178,10.1791911172745,15.69707404610333,20.31050809514041
2018-10-07 06:45:00.000000,1.31527581070229,13.13193157588577,13.80654162730572,10.26164546188741,15.74422750611344,20.32118040276982
2018-10-07 07:00:00.000003,1.720869773360181,13.17951571028894,13.86514120445188,10.33897327017426,15.79046689710872,20.33193156690873
2018-10-07 07:14:59.999997,2.113453618933934,13.22580080164402,13.92236384724256,10.41377824833635,15.83568542406906,20.34264627122428
2018-10-07 07:30:00.000000,2.485234913841971,13.2704115753152,13.9777704305641,10.48520348429612,15.87956819852261,20.35322298002109
2018-10-07 07:45:00.000003,2.805129620873617,13.31130720857336,14.02943314358685,10.54874671168062,15.92079581700733,20.36347754527553
2018-10-07 07:59:59.999997,3.117351624205072,13.35037847770995,14.07865453522992,10.60976445054931,15.96002423939477,20.37335742679307
2018-10-07 08:15:00.000000,3.347080304071358,13.38366456434114,14.12201994598417,10.65852842846272,15.99507745279494,20.38262874539955
2018-10-07 08:30:00.000003,3.546878373205484,13.41281066017074,14.16038584636022,10.70073386575099,16.02627496458047,20.39117706436254
2018-10-07 08:44:59.999997,3.668733182528426,13.43544461627001,14.19165142255535,10.73041584144974,16.05224065106349,20.3988064457874
2018-10-07 09:00:00.000000,3.751344037973089,13.4529157986089,14.21660519183242,10.75192023413052,16.07328074604932,20.40541899253787
2018-10-07 09:15:00.000003,3.737712137346719,13.46223481429761,14.2326215143322,10.75785904673067,16.08766124694536,20.41079500959408
2018-10-07 09:29:59.999997,3.662050016403863,13.46427871538176,14.2399839608798,10.75174942140557,16.09536509248131,20.41479855622484
2018-10-07 09:45:00.000000,3.497665804534347,13.4576553875325,14.23737707228521,10.73024407314417,16.09547931752475,20.41726044365452
2018-10-07 10:00:00.000003,3.270022473416077,13.44328896423542,14.2253408876575,10.69628051538429,16.08823027096665,20.41809432109359
2018-10-07 10:14:59.999997,2.980557713754522,13.42151271655596,14.20418692859898,10.65043847220461,16.07381588869865,20.41726246622357
2018-10-07 10:30:00.000000,2.636803030071133,13.39290204249022,14.17448380038349,10.59388652155329,16.052607309835,20.41477412247692
2018-10-07 10:45:00.000003,2.269942541179241,13.3595647755362,14.13822619804356,10.53122315112203,16.0259341559316,20.41075415370647
2018-10-07 10:59:59.999997,1.86709666128318,13.32153893333333,14.09584168885408,10.4614941878329,15.99423429631869,20.40531763147481
2018-10-07 11:15:00.000000,1.455059204153175,13.28049621578115,14.04899848880876,10.38842681474643,15.95870636460872,20.39864734585377
2018-10-07 11:30:00.000003,1.025202132034335,13.23661179890234,13.99822186268771,10.3115359411164,15.91987028541269,20.39090262136531
2018-10-07 11:44:59.999997,0.595269971347048,13.19128011555492,13.94494367102671,10.23350750210555,15.87872921094783,20.3822734428881
2018-10-07 12:00:00.000000,0.155804520172638,13.14447697101372,13.88947389129083,10.15353324533097,15.83563435635372,20.37290896608572
2018-10-07 12:15:00.000003,-0.2775020820240477,13.09707494210136,13.83275811001085,10.07367672161262,15.79132955944229,20.36297058819073
2018-10-07 12:29:59.999997,-0.7092418510185404,13.04922086262146,13.77518045818044,9.993713925767718,15.74619258051045,20.35259358786143
2018-10-07 12:45:00.000000,-1.13459043272312,13.00135755056187,13.71728670599398,9.914420233481476,15.70066431998446,20.34190388814248
2018-10-07 13:00:00.000003,-1.547430534275321,12.95484308674616,13.66021943770418,9.838164397255577,15.65543831305645,20.33104058478685
2018-10-07 13:14:59.999997,-1.948767718549065,12.91064238462048,13.60485343576398,9.76621516579639,15.61104845655555,20.32013291310631
2018-10-07 13:30:00.000000,-2.326822974908918,12.86837459417869,13.55140988170196,9.69804568654057,15.5679113716774,20.30929876176298
2018-10-07 13:45:00.000003,-2.683170114384223,12.82797260604974,13.50006301548045,9.63338586549095,15.52628461373801,20.29863899233568
2018-10-07 13:59:59.999997,-3.012846913522546,12.78976691471228,13.45123019422593,9.572921148169765,15.48653228319421,20.28825312778629
2018-10-07 14:15:00.000000,-3.311440038855184,12.75423701550288,13.40547730772967,9.517496253575596,15.44913539771384,20.27824872280986
2018-10-07 14:30:00.000003,-3.575614450577031,12.72179690487163,13.36332464006086,9.467764132259916,15.41452849431388,20.26873216372796
2018-10-07 14:44:59.999997,-3.798061267122698,12.69289097768343,13.32530005518294,9.424668407933428,15.38313128213215,20.2598071008562
2018-10-07 15:00:00.000000,-3.974949628475658,12.66792200333237,13.2919142465614,9.38888304373141,15.35535432195688,20.25157562480036
2018-10-07 15:15:00.000003,-4.099017549428132,12.64747466612529,13.26384869490152,9.361512832808993,15.33172538426452,20.24415159437641
2018-10-07 15:29:59.999997,-4.149861412446603,12.63286560151464,13.24247869614902,9.3454314358128,15.31327347558404,20.23770065442415
2018-10-07 15:45:00.000000,-4.12229529769335,12.624936083139,13.22887774440464,9.341885755731116,15.30086367973976,20.23240527423584
2018-10-07 16:00:00.000003,-3.998726309187219,12.62500498067699,13.22453769603647,9.353480369242206,15.29564652133833,20.22848465064808
2018-10-07 16:14:59.999997,-3.771313740273088,12.63408462766692,13.23074217760487,9.381803527065541,15.29865554821042,20.22616575952141
2018-10-07 16:30:00.000000,-3.458949719985158,12.65174852139278,13.24744810492654,9.424905467150305,15.31000232190921,20.22560717253092
2018-10-07 16:45:00.000003,-3.082497048225404,12.6769392781221,13.27379578177147,9.47995620073523,15.32911887684108,20.22685685775478
2018-10-07 16:59:59.999997,-2.662912488810251,12.70852009179949,13.30866130258332,9.54402899386572,15.35510020361006,20.22986589255757
2018-10-07 17:15:00.000000,-2.218264002256001,12.7448432446006,13.35027496729657,9.614142449964406,15.38669719427647,20.23449142486421
2018-10-07 17:30:00.000003,-1.764509850291237,12.78444407816668,13.39691902147888,9.687607430528667,15.4225806348745,20.24052394133507
2018-10-07 17:44:59.999997,-1.301971711835775,12.82698199554947,13.44780314323985,9.764217848910198,15.46194560814171,20.2477594413651
2018-10-07 18:00:00.000000,-0.836027444992203,12.87432772641727,13.50345979957268,9.847504700761492,15.5045834315651,20.25604057826184
2018-10-07 18:15:00.000003,-0.3542193966370255,12.9243574273888,13.56275341629763,9.935000269251471,15.55082221989717,20.26530107126564
2018-10-07 18:29:59.999997,0.1146341418108069,12.97487371745821,13.62342392870219,10.02129816901198,15.59836533138232,20.27527336655625
2018-10-07 18:45:00.000000,0.5828055953549258,13.02579427964078,13.68496672847755,10.10742584629527,15.64662837782114,20.28575287844961
2018-10-07 19:00:00.000003,1.012595046065847,13.07500683231048,13.7453455797433,10.18849362111659,15.69423257887876,20.29649645156942
2018-10-07 19:14:59.999997,1.462995914883364,13.12530430774708,13.80655209582589,10.27204401712376,15.74228756075887,20.30745430052066
2018-10-07 19:30:00.000000,1.868885036710556,13.17336779900316,13.86587767912297,10.34980480955223,15.78916488816368,20.31844236678753
2018-10-07 19:45:00.000003,2.268923907744119,13.22037391927585,13.92393650967594,10.42588978587688,15.83508147364342,20.32936933167751
2018-10-07 19:59:59.999997,2.625972183948798,13.26456729392124,13.97921973438522,10.4956486480447,15.87898097805687,20.34008226986538
2018-10-07 20:15:00.000000,2.954871076659929,13.3060365105563,14.03145585488145,10.56034201537668,15.92058709668507,20.35046096509585
2018-10-07 20:30:00.000003,3.245770817071593,13.34410509584253,14.07990029346327,10.61864538167163,15.95936351487483,20.36037954159357
2018-10-07 20:44:59.999997,3.476311761602552,13.3771287433502,14.12291178708653,10.66714026075159,15.99415277821292,20.36965382108949
2018-10-07 21:00:00.000000,3.651746706789954,13.40474360961366,14.15981670716386,10.70588110992552,16.02435824107699,20.37811613811641
2018-10-07 21:15:00.000003,3.760955004990011,13.4260475366222,14.1895907100989,10.73317018093758,16.04919856211272,20.38559028916325
2018-10-07 21:29:59.999997,3.815117158484356,13.4412678701932,14.21216726109542,10.75017319742585,16.06850820994205,20.39195044345151
2018-10-07 21:45:00.000000,3.777122091863366,13.4482056986861,14.22550613770513,10.75179642423732,16.08088528544124,20.39699001735594
2018-10-07 22:00:00.000003,3.668963308082966,13.44728604815671,14.22957127179509,10.74018249754961,16.08612674462607,20.40056272219815
2018-10-07 22:14:59.999997,3.471322534553674,13.43739862982217,14.2232556489988,10.71281382926708,16.08343880872503,20.40250522977592
2018-10-07 22:30:00.000000,3.222111172071632,13.42029236983642,14.20785336621236,10.67448959095932,16.07355778654239,20.40277934259795
2018-10-07 22:45:00.000003,2.902867013483173,13.39543570093188,14.18305135487454,10.62334163049934,16.0563280769006,20.40134430146783
2018-10-07 22:59:59.999997,2.542384438297692,13.36440241864446,14.15023473246683,10.5631613695584,16.03262178181184,20.39825475629333
2018-10-07 23:15:00.000000,2.155609285383388,13.32867360058319,14.11097246936882,10.49668604349759,16.00355189567533,20.39364231343963
2018-10-07 23:30:00.000003,1.742400051291141,13.2888529117938,14.06615383750402,10.42448474764396,15.96984591539134,20.38765512298491
2018-10-07 23:44:59.999997,1.319004464900197,13.24617646147378,14.01713388977876,10.34904642457447,15.93253577652997,20.38047949570488
2018-10-08 00:00:00.000000,0.8846621320448392,13.20117829492708,13.9647210871496,10.27082822390948,15.89230692054491,20.37229278875273
2018-10-08 00:15:00.000003,0.4484743325607593,13.15478509782311,13.90987290830147,10.19134380105872,15.84958166992331,20.36310578721481
2018-10-08 00:29:59.999997,0.00590096629197086,13.10702336981437,13.85293476939402,10.11025513123454,15.804900019251,20.35310476336593
2018-10-08 00:45:00.000000,-0.42958669114834,13.05880616980426,13.79494350144855,10.02952056152433,15.75921136619909,20.342554334892
2018-10-08 01:00:00.000003,-0.8664361415854281,13.01009397463713,13.73615017043582,9.948393670187032,15.71284939599117,20.33164112180238
2018-10-08 01:14:59.999997,-1.291534508789861,12.9617917845645,13.67745905033103,9.868808641630967,15.66645580221981,20.32051929797738
2018-10-08 01:30:00.000000,-1.707835056990198,12.91551121161552,13.62009573072415,9.793136284210236,15.62066072875125,20.30932327836657
2018-10-08 01:45:00.000003,-2.108063548988811,12.87130484057707,13.56448391641328,9.721353641945663,15.57588345332922,20.29816413077505
2018-10-08 01:59:59.999997,-2.483192942989821,12.82908259880009,13.51095119920957,9.653480899594522,15.53254813908904,20.28714914934636
2018-10-08 02:15:00.000000,-2.835859723026256,12.78884099108069,13.45969113721937,9.589280166060703,15.49089260532647,20.27636985397056
2018-10-08 02:30:00.000003,-3.160472410005105,12.75094017494776,13.4111290094896,9.529528798626119,15.45128390777781,20.26591910745936
2018-10-08 02:44:59.999997,-3.455946714880648,12.71577314888607,13.36576146822483,9.474757623184386,15.4141641557586,20.25589662768033
2018-10-08 03:00:00.000000,-3.709860924745855,12.68400055965059,13.3242955705086,9.426476119132683,15.38005400317958,20.24641055520021
2018-10-08 03:15:00.000003,-3.925112544381634,12.65572733304713,13.28699273674303,9.384567228162688,15.34920320856811,20.23754946883377
2018-10-08 03:29:59.999997,-4.088131247080521,12.6317411548628,13.25468081096665,9.350803966303731,15.32222951646689,20.22942833715443
2018-10-08 03:45:00.000000,-4.183968646954782,12.61315400451184,13.22856776350583,9.32744578784971,15.30004579097523,20.22220307307105
2018-10-08 04:00:00.000003,-4.208773974895061,12.60066345160883,13.20956950687822,9.315485961702967,15.28339972268235,20.21603704925621
2018-10-08 04:14:59.999997,-4.140840524017624,12.59573309494402,13.19927387186431,9.317994515464786,15.27349538117036,20.21114510225909
2018-10-08 04:30:00.000000,-3.973373144740951,12.59937275981561,13.19897317191521,9.33649171842009,15.27137647477684,20.2077535140209
2018-10-08 04:45:00.000003,-3.707026278372602,12.61206941513552,13.2094578152647,9.371341577761878,15.27773146363324,20.2060691063024
2018-10-08 04:59:59.999997,-3.356982130596792,12.63337557908671,13.23057410889956,9.420823408106564,15.29255603866716,20.20622277283289
2018-10-08 05:15:00.000000,-2.956871153087748,12.66170579968204,13.26095342747943,9.480595362506579,15.31486855289815,20.20820883784321
2018-10-08 05:30:00.000003,-2.514752314523476,12.69602145856422,13.29940151495117,9.54892858894415,15.3437716400438,20.21194498905384
2018-10-08 05:44:59.999997,-2.058187956706523,12.73444955086076,13.34395233818777,9.621816024141333,15.37779989564438,20.21724695110873
2018-10-08 06:00:00.000000,-1.591175336518506,12.77602749376585,13.39328938127209,9.697981894533614,15.41585997133814,20.22390322914789
2018-10-08 06:15:00.000003,-1.120002008701549,12.8216589999578,13.44728683787297,9.779252914667243,15.45739301359168,20.2317226721496
2018-10-08 06:29:59.999997,-0.6515036502313944,12.86980172591523,13.50447632671413,9.862995217438417,15.50144468136195,20.24049288879583
2018-10-08 06:45:00.000000,-0.1591211192446911,12.92108958053566,13.56539807521864,9.952443993108355,15.54902861512147,20.25018048446595
2018-10-08 07:00:00.000003,0.3010283078738838,12.97184915140239,13.62676129566696,10.03824043382878,15.59731275309297,20.26048822957762
2018-10-08 07:14:59.999997,0.767240678487438,13.02296679635928,13.6887593734481,10.12428244005268,15.64604970648915,20.27122189307294
2018-10-08 07:30:00.000000,1.206580146380421,13.0731551785941,13.75014875816079,10.20701356591239,15.69438653194009,20.28219079518252
2018-10-08 07:45:00.000003,1.64443138875478,13.12310972791789,13.81126771426661,10.28917839216668,15.74250362753362,20.29329409101014
2018-10-08 07:59:59.999997,2.034674403529144,13.17024318393618,13.86981616941418,10.36465989298545,15.78890432659952,20.30433177391728
2018-10-08 08:15:00.000000,2.42785387907794,13.21659465259221,13.92717418674498,10.4394642113311,15.83431107206138,20.31524649344652
2018-10-08 08:30:00.000003,2.760457159755822,13.25909685630737,13.9807845682071,10.50557129072687,15.87705325077412,20.32584943246144
2018-10-08 08:44:59.999997,3.08989300660457,13.30001845339524,14.03218530115759,10.56973490150859,15.91794058013552,20.33609780305118
2018-10-08 09:00:00.000000,3.336282857510311,13.33518633622601,14.07779288454,10.62162547906625,15.95472427882957,20.34575664030998
2018-10-08 09:15:00.000003,3.555515646284005,13.36639275557889,14.11857210222631,10.66736056547628,15.9877825330833,20.35471611250183
2018-10-08 09:29:59.999997,3.68760512774913,13.39060500492606,14.15185429441496,10.69933665081933,16.01534250489818,20.36274384109153
2018-10-08 09:45:00.000000,3.779076301740005,13.40940969050325,14.17854595691048,10.72274744642177,16.03777894346279,20.36973127849764
2018-10-08 10:00:00.000003,3.781690110230212,13.42039612340294,14.19653034966165,10.73153524771783,16.05369087790164,20.3754807669922
2018-10-08 10:14:59.999997,3.717763311484602,13.42394432859122,14.20573844858782,10.72777818482651,16.0628575909452,20.37985025076739
2018-10-08 10:30:00.000000,3.560261206110386,13.41848973436559,14.20467029225008,10.7078718176167,16.06422080682471,20.38265435448178
2018-10-08 10:45:00.000003,3.336037991994532,13.40496391968061,14.19382520231362,10.67488956502366,16.05796570318274,20.38379443382522
2018-10-08 10:59:59.999997,3.044383128925214,13.38355894840199,14.17336714639377,10.629106144133,16.04418484635042,20.38321390355859
2018-10-08 11:15:00.000000,2.693052544175225,13.35478499470291,14.14376329270574,10.57166049815735,16.02317397462808,20.38090306388067
2018-10-08 11:30:00.000003,2.313347801397526,13.32074484355667,14.1069835649374,10.50714894622805,15.99622618928681,20.3769725667414
2018-10-08 11:44:59.999997,1.89774535200842,13.28177448782163,14.06370494797176,10.43535553713841,15.9639353751873,20.37154149405387
2018-10-08 12:00:00.000000,1.471590186842182,13.23957089389081,14.01565882979225,10.35993211507872,15.92755495640395,20.36480063009288
2018-10-08 12:15:00.000003,1.02819059160951,13.19443295811184,13.96349893482006,10.28066399786463,15.88769934605679,20.35692162024049
2018-10-08 12:29:59.999997,0.5875879509839377,13.14794882105796,13.90885857630971,10.20061865061943,15.84551807866302,20.34811649263185
2018-10-08 12:45:00.000000,0.1358584017798624,13.09991123634294,13.85193165476136,10.118441310091,15.80130514212281,20.33854251692217
2018-10-08 13:00:00.000003,-0.3134883028160041,13.05101213288822,13.79349791935404,10.03581806417415,15.75569291470008,20.32835647320051
2018-10-08 13:14:59.999997,-0.7602549674565267,13.00161115634737,13.73410227697203,9.953121542674081,15.70915747848817,20.31770008728299
2018-10-08 13:30:00.000000,-1.209057826255665,12.9516999878502,13.67390749722187,9.86994148907233,15.66188496008726,20.30667950269308
2018-10-08 13:45:00.000003,-1.64428689811549,12.90344880491317,13.61458531127487,9.790509680709018,15.61481815580394,20.29544334317247
2018-10-08 13:59:59.999997,-2.069928224757512,12.85715572642027,13.55667090383863,9.714687689544437,15.56838617267523,20.28411700690642
2018-10-08 14:15:00.000000,-2.474973850163495,12.812484622656,13.50036056731822,9.642094349442445,15.52297174170817,20.27281450088721
2018-10-08 14:30:00.000003,-2.853369095589775,12.76980852099204,13.44619906991247,9.573526802462737,15.47907473437753,20.26165648015987
2018-10-08 14:44:59.999997,-3.2072048660103,12.72928232707198,13.39449705515871,9.50902242484798,15.43703278232924,20.25075165073205
2018-10-08 15:00:00.000000,-3.530557227311278,12.69145795498327,13.34588874521156,9.449559569111928,15.39735922980358,20.2402158807572
2018-10-08 15:15:00.000003,-3.81736918259616,12.65671718166264,13.30085297193558,9.395914060696173,15.36044148838682,20.23015515149902
2018-10-08 15:29:59.999997,-4.065857485636524,12.6253159267041,13.25975902777167,9.348457886269376,15.32659601768883,20.22066509600406
2018-10-08 15:45:00.000000,-4.265387608714821,12.59794787305388,13.22336043952733,9.308663864984856,15.29639383680281,20.2118587584683
2018-10-08 16:00:00.000003,-4.411871300109614,12.57515300091922,13.19233280970983,9.277368127277233,15.27036901652938,20.20385618133076
2018-10-08 16:14:59.999997,-4.488677165951096,12.55805587482288,13.16787934768164,9.256948243824164,15.24943076170566,20.19681594497707
2018-10-08 16:30:00.000000,-4.487406502025547,12.54750956745654,13.1510602314309,9.248919062692933,15.23444831797041,20.19091635023315
2018-10-08 16:45:00.000003,-4.393035909844425,12.5447125635433,13.14325066052579,9.255571979261893,15.22649000936212,20.18636635826822
2018-10-08 16:59:59.999997,-4.195173892069368,12.55091797160124,13.14592624675552,9.278906299671055,15.22667145910496,20.18339768930172
2018-10-08 17:15:00.000000,-3.905806606772628,12.56597419842859,13.15931699333813,9.31780572012629,15.23532946138888,20.18218696152811
2018-10-08 17:30:00.000003,-3.54390583810904,12.58903710439137,13.18281110866462,9.369840765180093,15.25210786556687,20.1828140922407
2018-10-08 17:44:59.999997,-3.136859364533905,12.61849152694554,13.21489023713799,9.431176153101285,15.27593764052208,20.18523509592822
2018-10-08 18:00:00.000000,-2.693380313747394,12.65359241179187,13.25461393254581,9.500230577023993,15.30596020886844,20.1893456459031
2018-10-08 18:15:00.000003,-2.240103971904706,12.6923381086676,13.299876337459,9.573066634426343,15.34068175457121,20.19494635932166
2018-10-08 18:29:59.999997,-1.773471763381087,12.73408077423824,13.34962225315437,9.649312283333158,15.37920226765774,20.20183103062841
2018-10-08 18:45:00.000000,-1.297191017388003,12.77863486144484,13.40329170163528,9.728750379082383,15.42090285327141,20.20981306951791
2018-10-08 19:00:00.000003,-0.8325748955270268,12.82705761643965,13.46075398110516,9.812803551002359,15.46515585781246,20.21870850318203
2018-10-08 19:14:59.999997,-0.3386912276049338,12.8780187256552,13.52137430933727,9.901090079238895,15.51195330098878,20.2283976748949
2018-10-08 19:30:00.000000,0.124775474123055,12.928623159463,13.58253442593498,9.986526829905051,15.55964093666952,20.23866167770738
2018-10-08 19:45:00.000003,0.5907151006811654,12.98023306613596,13.64506892025873,10.07404756906761,15.60929433160736,20.24947501592543
2018-10-08 19:59:59.999997,1.023885216121418,13.03018340142362,13.70640993508861,10.15628403913859,15.65796489823042,20.26052241653438
2018-10-08 20:15:00.000000,1.463644329673013,13.08025879905026,13.76767296755179,10.23876136746982,15.70629279360767,20.27168767254947
2018-10-08 20:30:00.000003,1.862236376021015,13.12792268688513,13.82671775555374,10.31547896859958,15.7530800475792,20.28279356423432
2018-10-08 20:44:59.999997,2.243387238866366,13.17370206586252,13.88364041303117,10.38880936033875,15.79827578392249,20.29372664564188
2018-10-08 21:00:00.000000,2.576213574978168,13.21595641324353,13.93693872676572,10.45469256695012,15.84082795302018,20.3043198733202
2018-10-08 21:15:00.000003,2.874547595070619,13.25480056663963,13.98638221597803,10.51436102527286,15.88045645092355,20.31444416923612
2018-10-08 21:29:59.999997,3.120100101000232,13.28911801748159,14.0308562596822,10.56531928756589,15.9163519636871,20.3239439866005
2018-10-08 21:45:00.000000,3.307998953316252,13.31811208813773,14.06940356503595,10.6063802214024,15.94777664687284,20.33265601356126
2018-10-08 22:00:00.000003,3.426159928812741,13.34058687949626,14.10066335694943,10.63549378897669,15.97377261289502,20.34039021682172
2018-10-08 22:14:59.999997,3.478626971740431,13.35627483173817,14.1240813533111,10.65274688962695,15.99382147115555,20.34697994939683
2018-10-08 22:30:00.000000,3.475720817756023,13.3655788423829,14.13981569306084,10.65945937845923,16.00792094094757,20.35231844083632
2018-10-08 22:45:00.000003,3.370275559228234,13.36577703817732,14.14541176020807,10.64918943729015,16.01441817607018,20.35618814809261
2018-10-08 22:59:59.999997,3.199670166947495,13.35803627537045,14.14144169243694,10.62602104102367,16.01348525909825,20.35847163731809
2018-10-08 23:15:00.000000,2.948094916333902,13.34172192056393,14.1273242613468,10.58823648579248,16.00471243272639,20.35905664199201
2018-10-08 23:30:00.000003,2.653047199333006,13.31878319634542,14.10465509386944,10.54077840715491,15.98907494119779,20.35795906048979
2018-10-08 23:44:59.999997,2.298006930734033,13.28897379167875,14.07347933664891,10.48215345391156,15.9666669112378,20.35519621083098
2018-10-09 00:00:00.000000,1.917052643181975,13.25424677533709,14.03559675774398,10.41697353586314,15.93869710076268,20.35088755984424
2018-10-09 00:15:00.000003,1.507823531760042,13.21508458270802,13.99169075181799,10.34557990284244,15.90549958414005,20.34500136046289
2018-10-09 00:29:59.999997,1.086470923771155,13.17274604845968,13.94314491398137,10.2705088548682,15.86826342732509,20.33775370030928
2018-10-09 00:45:00.000000,0.6522813854918718,13.12796512147093,13.89099732209635,10.19239425443592,15.82794069241093,20.32942554073738
2018-10-09 01:00:00.000003,0.217785493411508,13.08187319794832,13.83655265688621,10.11327241737943,15.78555389948002,20.32027529082741
2018-10-09 01:14:59.999997,-0.2191721205772851,13.03468677107391,13.78033979406822,10.03316650611705,15.74162866846306,20.3104902860209
2018-10-09 01:30:00.000000,-0.6581976734065351,12.98662494815149,13.72276594301323,9.952247231173512,15.69652523850367,20.30020778601091
2018-10-09 01:45:00.000003,-1.090958661226073,12.93834872465367,13.66456748884609,9.871804572292252,15.65079361108405,20.28955822007033
2018-10-09 01:59:59.999997,-1.521742384069463,12.89059295147738,13.60639436310579,9.792682662717983,15.60482018001308,20.27865343063578
2018-10-09 02:15:00.000000,-1.938412874255417,12.84515090065324,13.54971201095229,9.718195081628147,15.55944910269737,20.26763326546417
2018-10-09 02:30:00.000003,-2.339366658260112,12.80121140032488,13.49444786693153,9.64654656987167,15.51493108191892,20.25660543500703
2018-10-09 02:44:59.999997,-2.721604461994366,12.75876429592221,13.44080480100528,9.577813030711868,15.4715411397464,20.2456662135294
2018-10-09 03:00:00.000000,-3.069139116069539,12.71873655688858,13.38974791733144,9.514156505803093,15.4300301112095,20.23494725455287
2018-10-09 03:15:00.000003,-3.39265325027386,12.68113999568522,13.34152682788567,9.45486708352872,15.39072527612961,20.22456202935881
2018-10-09 03:29:59.999997,-3.682195633671214,12.64643985214405,13.29665879653923,9.400990531412871,15.35399148988877,20.2146133126673
2018-10-09 03:45:00.000000,-3.938400457391035,12.61474284122062,13.25536843829588,9.352585649744483,15.32004825462214,20.20518584723485
2018-10-09 04:00:00.000003,-4.149125636857197,12.58675172111494,13.21838845953626,9.311254930587735,15.28944799987261,20.19638425672263
2018-10-09 04:14:59.999997,-4.306001232604457,12.56320648386721,13.18656291031724,9.278387988804544,15.26284514410561,20.18833383507976
2018-10-09 04:30:00.000000,-4.402476196834949,12.54478470225151,13.16071757948387,9.255130535487323,15.24088973711302,20.18117220644056
2018-10-09 04:45:00.000003,-4.420441475176582,12.53272522215809,13.142197420462,9.24409461624074,15.22461169171744,20.17507978441671
2018-10-09 04:59:59.999997,-4.353615549287823,12.5279361722875,13.13214791360011,9.246655212058185,15.21492443306605,20.17025293809582
2018-10-09 05:15:00.000000,-4.182760586447634,12.53184310391015,13.13217308053209,9.26565283851899,15.21306387771529,20.1669265285244
2018-10-09 05:30:00.000003,-3.90577681252145,12.54521211723485,13.14335730159341,9.301991171541328,15.21994047462981,20.16533044101352
2018-10-09 05:44:59.999997,-3.55183136584199,12.56700404506684,13.16506686883363,9.352278632366632,15.23523671759915,20.16557987469201
2018-10-09 06:00:00.000000,-3.140243512115494,12.5959819573349,13.19616906233268,9.41363961577817,15.25817558787558,20.16768274264808
2018-10-09 06:15:00.000003,-2.684528796572608,12.63133724983209,13.23575640848076,9.484053772390187,15.28794972742756,20.17156973511314
2018-10-09 06:29:59.999997,-2.217954856472978,12.67073737786985,13.28145459168235,9.558705727458086,15.32288952175673,20.17704851564007
2018-10-09 06:45:00.000000,-1.733751925434357,12.71359801725993,13.33223297483834,9.637498815828577,15.36209398930505,20.18391785354618
2018-10-09 07:00:00.000003,-1.24461484203084,12.75967088609742,13.38733704605889,9.719782922790191,15.40474810081353,20.1919751943685
2018-10-09 07:14:59.999997,-0.7632369087895219,12.80947987753946,13.44634544562213,9.80647622387697,15.45015371727628,20.20102108026553
2018-10-09 07:30:00.000000,-0.2537720903300693,12.86201199363401,13.50872497423536,9.897576768631122,15.49826809488524,20.21092353454515
2018-10-09 07:45:00.000003,0.2275621544921353,12.91443244760304,13.57192679550637,9.98635904167612,15.54756382537758,20.22146694525295
2018-10-09 07:59:59.999997,0.70994410140093,12.96778638560445,13.63649759516278,10.07684122570124,15.59876245484142,20.23259196141412
2018-10-09 08:15:00.000000,1.156041248067284,13.01946004019923,13.69986290233542,10.16174188550299,15.64895540656701,20.24397021246037
2018-10-09 08:30:00.000003,1.61277080616697,13.07130866965201,13.7632161593944,10.24727320208547,15.69890382831029,20.25548837849141
2018-10-09 08:44:59.999997,2.023408098632541,13.12055259614379,13.82421022674676,10.32645660040037,15.74722874379062,20.26695414262668
2018-10-09 09:00:00.000000,2.428120377628611,13.16857723270727,13.88366558221582,10.40380371832117,15.79432559800425,20.27828552152431
2018-10-09 09:15:00.000003,2.781064937213735,13.21306337695371,13.93956874526167,10.47346121340516,15.83888216809475,20.28930954155558
2018-10-09 09:29:59.999997,3.106912897109336,13.25467019685769,13.99213689377126,10.53797595481178,15.88085105503948,20.29991469709459
2018-10-09 09:45:00.000000,3.376714244060319,13.29168030903469,14.03975791060927,10.59346950778314,15.91917547625668,20.30993497811011
2018-10-09 10:00:00.000003,3.595400303355775,13.32371109017434,14.08176365953683,10.63994614220889,15.95328414370785,20.31921385745284
2018-10-09 10:14:59.999997,3.74164791598949,13.34934814880373,14.11672829813387,10.67431879212001,15.98209557601709,20.32755500985764
2018-10-09 10:30:00.000000,3.840073960325121,13.36929182022174,14.14488075893309,10.69933765441994,16.00568023898774,20.33484641671445
2018-10-09 10:45:00.000003,3.863375435135234,13.38211045582972,14.16489840134182,10.71151647359428,16.02312207471688,20.34092730707694
2018-10-09 10:59:59.999997,3.806054993768968,13.38690359550233,14.17571041965139,10.70946698003349,16.03357925955336,20.34562248602834
2018-10-09 11:15:00.000000,3.668662744209358,13.38328651843893,14.17670856408945,10.69289479127964,16.03651941281499,20.34877386040822
2018-10-09 11:30:00.000003,3.450648611284766,13.37098453464025,14.16745517804118,10.66155314280568,16.03155871706423,20.35024845099437
2018-10-09 11:44:59.999997,3.167205373050964,13.35071365960833,14.14844378746641,10.61742712106261,16.01894775580121,20.34998415794322
2018-10-09 12:00:00.000000,2.822161859829933,13.32290189460032,14.12009292643041,10.56133138468576,15.99896528305514,20.34796504368413
2018-10-09 12:15:00.000003,2.439587057185056,13.28919470208441,14.08395822719788,10.49681474131269,15.97262947775774,20.3442733646482
2018-10-09 12:29:59.999997,2.027320069184364,13.25067781367381,14.04130885215545,10.42562262974571,15.94088750179961,20.33904440523968
2018-10-09 12:45:00.000000,1.598169849269406,13.20858445265318,13.99355346244991,10.34997740739397,15.90480273382605,20.33245805394497
2018-10-09 13:00:00.000003,1.154451256277291,13.16356290858748,13.94161344762821,10.27069787544748,15.86515838061163,20.3246974830272
2018-10-09 13:14:59.999997,0.7105721422828574,13.11692648154124,13.8869241971073,10.19017361441586,15.82301077331006,20.31597184813661
2018-10-09 13:30:00.000000,0.2591669106604795,13.06891330735019,13.83004184864829,10.10797991094577,15.77885272602889,20.30645568567581
2018-10-09 13:45:00.000003,-0.1924789772003294,13.01993593987385,13.77155460350296,10.02504279181301,15.73321880617926,20.29630631856739
2018-10-09 13:59:59.999997,-0.6441652279299079,12.97025552935126,13.71189912270175,9.941615708204173,15.68650859596966,20.28565927112059
2018-10-09 14:15:00.000000,-1.092592022329766,12.92026115110836,13.65157903561992,9.858311033365528,15.63913521754833,20.27463781117491
2018-10-09 14:30:00.000003,-1.531195274187274,12.8712648576387,13.59170439620356,9.77744832140128,15.59177672119784,20.26337839696444
2018-10-09 14:44:59.999997,-1.95958685539422,12.82456186138844,13.53337109137646,9.700920396893803,15.54506769602479,20.25201744599578
2018-10-09 15:00:00.000000,-2.363534482636996,12.77980971861074,13.47689643320917,9.628316095338358,15.49952123038761,20.24068519695697
2018-10-09 15:15:00.000003,-2.745937672934695,12.73688283083742,13.42243860919478,9.559191512217264,15.45540791967374,20.22949128791628
2018-10-09 15:29:59.999997,-3.099709833879092,12.69623458934711,13.37053844855746,9.494548814393942,15.41320677380278,20.21855158650053
2018-10-09 15:45:00.000000,-3.427626818270106,12.65809103050216,13.32156612057234,9.434425255266971,15.3732728922872,20.20797229209701
2018-10-09 16:00:00.000003,-3.71836749715867,12.62303201244261,13.27614545453653,9.380144488476414,15.33605876814243,20.19785957339591
2018-10-09 16:14:59.999997,-3.969986448278679,12.59134760386059,13.23468582021493,9.332155020042888,15.30192041289671,20.18831232892865
2018-10-09 16:30:00.000000,-4.17908010531614,12.56337923224631,13.19762950470585,9.291027425721785,15.27122195369665,20.17942688177684
2018-10-09 16:45:00.000003,-4.332420858354384,12.539983884648,13.165885972946,9.258609324461247,15.24464786700037,20.17132680612397
2018-10-09 16:59:59.999997,-4.427154460506619,12.5216967401803,13.14015563326892,9.235643554751409,15.22276279389515,20.16414102936671
2018-10-09 17:15:00.000000,-4.439140713652102,12.50998221213538,13.1219648197711,9.225418111929162,15.20671536158854,20.15805493622356
2018-10-09 17:30:00.000003,-4.363476815105805,12.50578650352102,13.11251969023727,9.229261068090045,15.19746736923802,20.15327414750558
2018-10-09 17:44:59.999997,-4.188717345941183,12.51014990481149,13.11308638387609,9.24902287398607,15.19602630348541,20.15001354033109
2018-10-09 18:00:00.000000,-3.906384647825602,12.52401279145146,13.12485423499456,9.286242009685909,15.20335437552694,20.14850028062091
2018-10-09 18:15:00.000003,-3.551674817031253,12.54609142072173,13.14697151493878,9.336858116213497,15.21898881365141,20.14883296672804
2018-10-09 18:29:59.999997,-3.147255004421273,12.57488027965379,13.1780190563312,9.397450697821128,15.24193802920848,20.15099019835391
2018-10-09 18:45:00.000000,-2.699675546523721,12.60979541525445,13.21722873651709,9.46676275963885,15.27146998741359,20.15489080473955
2018-10-09 19:00:00.000003,-2.243840446064561,12.64849569643708,13.26222610537436,9.539870361621531,15.30591538813468,20.16033436365323
2018-10-09 19:14:59.999997,-1.772530319675469,12.69039459907707,13.31197195759167,9.616725405452936,15.3443738067863,20.16711471365837
2018-10-09 19:30:00.000000,-1.292679407284707,12.73518835485148,13.36579274894639,9.696763856867545,15.38614019523718,20.17503753771483
2018-10-09 19:45:00.000003,-0.823203500795904,12.78397185254807,13.42356990142551,9.781613443719728,15.43059289326553,20.18391444294497
2018-10-09 19:59:59.999997,-0.3290792844863616,12.8351121041603,13.48438638523948,9.870154138569113,15.47753200260308,20.19360524315069
2018-10-09 20:15:00.000000,0.1368911761576736,12.8858868217162,13.54571740914612,9.955846390997383,15.52525952040382,20.20387341857593
2018-10-09 20:30:00.000003,0.6001666069777061,12.93735156026419,13.60813429861848,10.04285746413153,15.57470968152819,20.21467162305839
2018-10-09 20:44:59.999997,1.029471576643045,12.98719037746611,13.66938103516555,10.12488712448188,15.62342017715002,20.22571926091789
2018-10-09 21:00:00.000000,1.466801838155315,13.03713064711913,13.73050002302086,10.20709930581928,15.67170064906675,20.23688087830535
2018-10-09 21:15:00.000003,1.858944218498712,13.08438630254149,13.78913887233407,10.28291890839163,15.71822351601874,20.24795956160835
2018-10-09 21:29:59.999997,2.239025978675476,13.12996209403949,13.84578441808207,10.35597373471605,15.76320657539874,20.25885616325595
2018-10-09 21:45:00.000000,2.572176325350131,13.17215668571924,13.89894231478724,10.42185955290769,15.80563412500132,20.26941523756705
2018-10-09 22:00:00.000003,2.874293139958142,13.21119331353774,13.94849306620361,10.48206449642034,15.84531050170571,20.27952247153261
2018-10-09 22:14:59.999997,3.128278011525997,13.24605535612342,13.99342692894611,10.53429487003376,15.88151698158198,20.28903926145482
2018-10-09 22:30:00.000000,3.326098011824776,13.27576819616896,14.03263639463127,10.57694862125831,15.91344452200847,20.29780473448995
2018-10-09 22:45:00.000003,3.459165187815631,13.29939530518898,14.06502544692394,10.60844860277427,15.94025630888433,20.30564379522336
2018-10-09 22:59:59.999997,3.525844786529021,13.31644417313106,14.08989963804461,10.62819251037857,15.96134647090329,20.31239193861867
2018-10-09 23:15:00.000000,3.541259141384451,13.32748027397943,14.10752445526569,10.63805094052554,15.97680006220778,20.31795188482768
2018-10-09 23:30:00.000003,3.451315854432374,13.32937651692414,14.11507281236778,10.63066192110007,15.98475731369445,20.32209317309867
2018-10-09 23:44:59.999997,3.29785084381722,13.32345402614398,14.11320781302573,10.61060066242668,15.98542569306012,20.32469408226585
2018-10-10 00:00:00.000000,3.062066746135126,13.30894138021013,14.1012257917031,10.57578598850435,15.97830339083167,20.32562870885504
2018-10-10 00:15:00.000003,2.775144856509166,13.28722413297162,14.08009454398588,10.53007018704217,15.96367462509464,20.32470692627169
2018-10-10 00:29:59.999997,2.432434033529321,13.25861941844718,14.05029560681744,10.47350036910482,15.9420266081868,20.32198289545518
2018-10-10 00:45:00.000000,2.057320927287913,13.22470125496419,14.01340116355865,10.40950089941854,15.91458763097576,20.31766068292115
2018-10-10 01:00:00.000003,1.656799952617148,13.18653182013497,13.9706969611608,10.33971617255435,15.88237786558508,20.31195000265447
2018-10-10 01:14:59.999997,1.240712273794564,13.14511921087924,13.923387364937,10.2659111358288,15.846338598442,20.30504552680354
2018-10-10 01:30:00.000000,0.8127734059221556,13.10120672634867,13.87243862291118,10.18907689786901,15.80721970254567,20.29712245038101
2018-10-10 01:45:00.000003,0.3813155356105465,13.05582573377732,13.81902193262166,10.11080593534153,15.76585306353914,20.28835829859149
2018-10-10 01:59:59.999997,-0.05298328735420069,13.00925968728146,13.763692636915,10.03141626521604,15.72276987604827,20.27890895516204
2018-10-10 02:15:00.000000,-0.4898642665746549,12.96171310386327,13.7068488606858,9.95106911802142,15.67834408725722,20.26890550458491
2018-10-10 02:30:00.000003,-0.9182228986131856,12.91400756173706,13.64937940207462,9.871440811479298,15.63324541986652,20.25849175630843
2018-10-10 02:44:59.999997,-1.341197279928865,12.86647649342907,13.59176605544112,9.79268813006069,15.58786354436876,20.24779224876122
2018-10-10 03:00:00.000000,-1.749391440053772,12.82129728988359,13.53566913814376,9.718728069712197,15.54310687717314,20.23696214464371
2018-10-10 03:15:00.000003,-2.138737965854873,12.77820817626017,13.4813946738153,9.648770072381982,15.49941610053671,20.22613392474204
2018-10-10 03:29:59.999997,-2.510259695116832,12.73673637250141,13.42888252693197,9.581806594064712,15.45694961641938,20.21540714980206
2018-10-10 03:45:00.000000,-2.851591659527651,12.69750560303775,13.37882944278027,9.519354631472247,15.41626736036594,20.20489931059462
2018-10-10 04:00:00.000003,-3.162237043203745,12.66088055597656,13.33174545758933,9.461924853681927,15.37787052188991,20.19473150164596
2018-10-10 04:14:59.999997,-3.442398825336247,12.62712101463074,13.28802030103019,9.409659839502254,15.34206583170093,20.18500669608888
2018-10-10 04:30:00.000000,-3.682889838981469,12.59672241204644,13.24820996715428,9.363688178763207,15.30927979946732,20.17582835326503
2018-10-10 04:45:00.000003,-3.878536142326488,12.57013924267817,13.21286759150399,9.324866953817876,15.27996558135271,20.16730151062911
2018-10-10 04:59:59.999997,-4.025203375766162,12.54781497430982,13.18255232009042,9.293933382154988,15.25457671845903,20.15953556087859
2018-10-10 05:15:00.000000,-4.111050353280016,12.53057971266027,13.15817543325237,9.272597417668221,15.23380914657701,20.15266259820768
2018-10-10 05:30:00.000003,-4.128882894940286,12.51918289941231,13.14063890816883,9.262149604926941,15.21837490858413,20.14683046393776
2018-10-10 05:44:59.999997,-4.056351300266854,12.51512128741921,13.13154048831383,9.265764938778096,15.20947562871249,20.14224134184282
2018-10-10 06:00:00.000000,-3.883581566577993,12.51956037417078,13.13230576999954,9.285366210777417,15.20824366455091,20.13912321971765
2018-10-10 06:15:00.000003,-3.612297780828245,12.53299047323479,13.1437483248577,9.321249801634746,15.2153908348142,20.13768482002308
2018-10-10 06:29:59.999997,-3.260043883369517,12.55485314982242,13.16562368302983,9.371405513546978,15.2308568564517,20.13805269595025
2018-10-10 06:45:00.000000,-2.852530252106887,12.58397772770206,13.19692956457895,9.43249744629887,15.25389219824614,20.14024049172712
2018-10-10 07:00:00.000003,-2.402555248781591,12.6191384337729,13.23636135386795,9.502236362566265,15.28356700946287,20.14417454473579
2018-10-10 07:14:59.999997,-1.937130905794028,12.65850643987252,13.28199667132347,9.576738439288805,15.31843711078774,20.14967863981951
2018-10-10 07:30:00.000000,-1.459209719897474,12.70120930856342,13.33262123300478,9.654828943264505,15.35746386723886,20.15655122433896
2018-10-10 07:45:00.000003,-0.976819082033013,12.74882173638496,13.38845560150892,9.739536239394951,15.4002229529176,20.16461681339048
2018-10-10 07:59:59.999997,-0.484340454508919,12.79910588451545,13.44784886188153,9.82738663745145,15.44587887934676,20.17368344991422
2018-10-10 08:15:00.000000,0.01086823557505509,12.85120477116656,13.50990234890527,9.917347533040942,15.49407192337242,20.18360590124639
2018-10-10 08:30:00.000003,0.4882203405229782,12.90371923995791,13.57321132563502,10.00663145388579,15.54401834631143,20.1942243923324
2018-10-10 08:44:59.999997,0.9560652761905725,12.95588126522432,13.63661000454933,10.09392587018578,15.59400171334423,20.20526841817323
2018-10-10 09:00:00.000000,1.421711046407953,13.00836736901945,13.70040453255003,10.18099098636425,15.64411720492236,20.21659291719238
2018-10-10 09:15:00.000003,1.868699308511126,13.05989944062863,13.76344091260844,10.26549921592602,15.69376325752069,20.22805590627696
2018-10-10 09:29:59.999997,2.283263621384222,13.10929543274157,13.82447134625207,10.34513845142525,15.74204489448378,20.23948892361384
2018-10-10 09:45:00.000000,2.676711695488915,13.15677752313578,13.88341915612308,10.42104238281255,15.78876831893009,20.25077073613123
2018-10-10 10:00:00.000003,3.023609899018826,13.20085320192626,13.93885924065766,10.48974141105178,15.83292226304986,20.26173265592866
2018-10-10 10:14:59.999997,3.356184622828564,13.24271330654429,13.99151602044027,10.5550442562805,15.87488172169036,20.27230307891892
2018-10-10 10:30:00.000000,3.61209975035089,13.27900157366378,14.03844951342189,10.60875158433975,15.91273279837512,20.282260732208
2018-10-10 10:45:00.000003,3.833273927747451,13.31093527271889,14.0802051089852,10.65531299763525,15.94661357521898,20.29148316336628
2018-10-10 10:59:59.999997,3.977319671544344,13.33633344814375,14.11481371417098,10.68934477603106,15.97518447504159,20.29977008654912
2018-10-10 11:15:00.000000,4.081011987533547,13.35655958152509,14.14311830041751,10.71506622602555,15.99879938045726,20.30703057643316
2018-10-10 11:30:00.000003,4.096079136948074,13.36900725132806,14.16278113482547,10.72622507150354,16.01597505848111,20.3130691548828
2018-10-10 11:44:59.999997,4.0440487071973,13.37399602881718,14.1736651759814,10.72477037000364,16.02643098695345,20.31773958588082
2018-10-10 12:00:00.000000,3.902635826317968,13.37023302331514,14.17450581320163,10.70774223783591,16.02925606946815,20.32086787745553
2018-10-10 12:15:00.000003,3.69992534575069,13.35881455202051,14.16598389743728,10.67849017513322,16.0247599648133,20.32237302127448
2018-10-10 12:29:59.999997,3.415890952836924,13.338859553072,14.1473527595165,10.6346552239728,16.01244715101054,20.3221560108006
2018-10-10 12:45:00.000000,3.085913280146981,13.31211625395763,14.12002874145675,10.58078539941693,15.99318245421763,20.32023416867998
2018-10-10 13:00:00.000003,2.706545684934698,13.27899903121487,14.08460313856028,10.51712917448513,15.96743028926332,20.31665694335667
2018-10-10 13:14:59.999997,2.303670403241543,13.24131311401605,14.04285568713728,10.44748069086054,15.93639287739697,20.31156593374846
2018-10-10 13:30:00.000000,1.871761333959402,13.19943525265471,13.99549468134453,10.37178982532958,15.90068682659828,20.30510132601572
2018-10-10 13:45:00.000003,1.438986495549533,13.15523906527157,13.94441322202538,10.29412556073769,15.86168432022726,20.29747752157803
2018-10-10 13:59:59.999997,0.9892836803550575,13.1085490810609,13.8898775187963,10.21304603853809,15.81975951276967,20.28885998280386
2018-10-10 14:15:00.000000,0.5429821731541079,13.06082696573992,13.83334741488673,10.1314786142346,15.7759175755085,20.27944344300229
2018-10-10 14:30:00.000003,0.08924160807699617,13.01193237780934,13.77503198657503,10.04840683821347,15.73045613494019,20.26937509809458
2018-10-10 14:44:59.999997,-0.3628369141308593,12.962339940663,13.71550727405879,9.964963420181302,15.68386481445692,20.258792382352
2018-10-10 15:00:00.000000,-0.8057359272246428,12.9127452683925,13.6555712223852,9.882439602869526,15.63676950407834,20.2478386938088
2018-10-10 15:15:00.000003,-1.246317662605676,12.86313904635823,13.59541681979937,9.800274702925758,15.58938268641324,20.2366228424821
2018-10-10 15:29:59.999997,-1.665838659541272,12.81594373701538,13.53692748364015,9.72325157146929,15.54277912480663,20.22530686341034
2018-10-10 15:45:00.000000,-2.065840568134563,12.77135186878957,13.48066524862315,9.651104172295582,15.4974799694587,20.21403318158302
2018-10-10 16:00:00.000003,-2.439596519970497,12.7289880243641,13.42677639930139,9.583209774414051,15.45383365593093,20.20292371131474
2018-10-10 16:14:59.999997,-2.788100129372169,12.68885274821653,13.37545554189643,9.51943726713672,15.41208905854344,20.19208157777944
2018-10-10 16:30:00.000000,-3.102529171653175,12.65151066477686,13.32732788091161,9.461074573531537,15.37279364683325,20.18162434183687
2018-10-10 16:45:00.000003,-3.379684291450091,12.61746925054252,13.28301898695298,9.408848266685922,15.33644764549693,20.17167081294238
2018-10-10 16:59:59.999997,-3.621613680730595,12.58678121481063,13.24272454588112,9.362565847764177,15.30322741039337,20.16231038766977
2018-10-10 17:15:00.000000,-3.819536432959667,12.55989992534039,13.20694110750276,9.32332046732566,15.27352782345426,20.15363625047421
2018-10-10 17:30:00.000003,-3.96530195413152,12.53745461370534,13.17637280607111,9.292366965517212,15.24789618585115,20.1457574081087
2018-10-10 17:44:59.999997,-4.051064013650815,12.52013874329613,13.15182473314543,9.270989579677048,15.22696115415351,20.13879972135623
2018-10-10 18:00:00.000000,-4.060654651614698,12.50910040322394,13.13454462052442,9.26155585794736,15.2116697765787,20.13292840122473
2018-10-10 18:15:00.000003,-3.988318577773066,12.50515326943627,13.12556601162339,9.265309033963339,15.2028532084457,20.12832229598888
2018-10-10 18:29:59.999997,-3.82185572601483,12.50932901618648,13.12610576386889,9.284161051739485,15.2014671564543,20.12518079733365
2018-10-10 18:45:00.000000,-3.560395505460809,12.5221784764559,13.1369763232565,9.318687604715633,15.20819960337016,20.1236911742865
2018-10-10 19:00:00.000003,-3.221657442058483,12.543138455315,13.15790797005657,9.366887193266042,15.22296544987802,20.12396571103478
2018-10-10 19:14:59.999997,-2.838503363356962,12.57067336566456,13.18755111334592,9.424508799985583,15.24476337835397,20.12598437744609
2018-10-10 19:30:00.000000,-2.407109077393826,12.60419937295226,13.22511133424148,9.491193418886446,15.27300709838367,20.12968420420786
2018-10-10 19:45:00.000003,-1.967013355546767,12.64152191596844,13.26841634385348,9.561759980840707,15.30609850282705,20.13488208878321
2018-10-10 19:59:59.999997,-1.510845558214416,12.68214477064703,13.31656103179139,9.636170654282921,15.34320693314271,20.14138850925893
2018-10-10 20:15:00.000000,-1.049528494656422,12.72715988204444,13.36954224613341,9.716407074813947,15.38386017244304,20.14903559743891
2018-10-10 20:30:00.000003,-0.5848787713002378,12.77480878568045,13.42587676460157,9.799560303806775,15.42717652529618,20.15763069527694
2018-10-10 20:44:59.999997,-0.1089221252285065,12.82458592144949,13.48507398630897,9.885796887586583,15.47313977409672,20.16705781484121
2018-10-10 21:00:00.000000,0.3422947498663444,12.87441647583892,13.545206285834,9.970387836524075,15.52058154667515,20.17713888647515
2018-10-10 21:15:00.000003,0.7853078887060663,12.9238240164239,13.60531659039422,10.05305621103531,15.56798903190243,20.18761437432276
2018-10-10 21:29:59.999997,1.214554032944139,12.97273752085438,13.66507996652291,10.13381065195341,15.61506715383481,20.19830984227116
2018-10-10 21:45:00.000000,1.632230849127649,13.02093491614611,13.72416108208997,10.21273201696394,15.66163817246124,20.2091037835161
2018-10-10 22:00:00.000003,2.007339187182706,13.06641627660066,13.78068862223414,10.28546319261877,15.70646949397057,20.21980801465902
2018-10-10 22:14:59.999997,2.380612141075107,13.11084938532378,13.83577488397565,10.35688535256532,15.75013010620884,20.23035827358057
2018-10-10 22:30:00.000000,2.696067487114865,13.15142106646491,13.88701528654669,10.4198641780286,15.79106122337405,20.24056951075691
2018-10-10 22:45:00.000003,3.003720528361546,13.19008876159943,13.93572315867448,10.48020914886445,15.82992289016172,20.25038943867083
2018-10-10 22:59:59.999997,3.233886451264951,13.22325600020126,13.97881625932231,10.52895766691306,15.864745511144,20.25960283416856
2018-10-10 23:15:00.000000,3.438396187049149,13.25262864975457,14.01724964717733,10.5718520341794,15.89594687242573,20.26811587393639
2018-10-10 23:30:00.000003,3.553307207430079,13.27492558620942,14.04815316390355,10.60068798712349,15.92163395879397,20.27569566015584
2018-10-10 23:44:59.999997,3.641008599466779,13.29263861041954,14.07322899371806,10.62281688587896,15.94267399857123,20.28227861162362
2018-10-11 00:00:00.000000,3.632851522149104,13.30241995038181,14.08964098245628,10.62965653450829,15.95726842065744,20.28765644903487
2018-10-11 00:15:00.000003,3.56604197073736,13.41461205784407,14.15957403791106,11.70116334975959,16.04210279888477,20.30155560003967
2018-10-11 00:29:59.999997,3.412913972114635,13.43302683356845,14.18051555655832,11.73383292536562,16.07207320044077,20.3128346967722
2018-10-11 00:45:00.000000,3.195432633942942,13.4282514803884,14.17996000279154,11.71064929987368,16.07892522749827,20.32102863911236
2018-10-11 01:00:00.000003,2.918538635101054,13.41328051858327,14.16711369603475,11.67186283598692,16.07401844982829,20.32655838655554
2018-10-11 01:14:59.999997,2.58480297218862,13.39049848108298,14.14435737480267,11.62122495733211,16.06032029981315,20.32967736271769
2018-10-11 01:30:00.000000,2.220047223212988,13.36202828670186,14.11383138926743,11.56294617807787,16.03972272828191,20.33065521009903
2018-10-11 01:45:00.000003,1.825008268951905,13.32871996421252,14.07670719237481,11.49797021702807,16.01335329815207,20.32976100662981
2018-10-11 01:59:59.999997,1.415310418211074,13.29186005507431,14.03444749698962,11.42865837045212,15.98241071095438,20.32727451985735
2018-10-11 02:15:00.000000,0.9925128644935373,13.25215381051695,13.98804986661627,11.35593427893406,15.94781689175641,20.32345773043336
2018-10-11 02:30:00.000003,0.5706690878565674,13.21099563959829,13.9390397812296,11.2822097301323,15.91072056491212,20.31857703295956
2018-10-11 02:44:59.999997,0.1440828608098079,13.16848180059997,13.88791708138455,11.2067122915006,15.87165506386416,20.31284416880002
2018-10-11 03:00:00.000000,-0.2796276465738601,13.12520894360506,13.83540632854996,11.13089982029101,15.83124687417149,20.30644981575304
2018-10-11 03:15:00.000003,-0.6954486644883594,13.08178636937414,13.7822692268633,11.05579740541332,15.79012932762458,20.29957195455001
2018-10-11 03:29:59.999997,-1.107633320621162,13.03829539772732,13.72879818483875,10.98110363365315,15.7486042261342,20.29234908795967
2018-10-11 03:45:00.000000,-1.499209167472807,12.99639725002388,13.67643587960451,10.91018344422716,15.70759455170498,20.28495038502222
2018-10-11 04:00:00.000003,-1.873021844263148,12.95731094737159,13.62628101634322,10.84461825851234,15.6677872974644,20.2775375551245
2018-10-11 04:14:59.999997,-2.222359263082675,12.92046412304303,13.57841857958755,10.78327858969287,15.62952201220795,20.27024137730431
2018-10-11 04:30:00.000000,-2.538130238683965,12.88622069523395,13.53341006675765,10.72709757690619,15.59333547063588,20.26319632497497
2018-10-11 04:45:00.000003,-2.828664818278519,12.85442258110069,13.49131119236894,10.67525614361844,15.55936147348328,20.25650187278601
2018-10-11 04:59:59.999997,-3.083333463878533,12.82560707304959,13.4526832561874,10.62906088912489,15.52804640412237,20.25026327442444
2018-10-11 05:15:00.000000,-3.297346909439093,12.80031103745631,13.41815457630207,10.58940419838437,15.49987789784215,20.24459099292178
2018-10-11 05:30:00.000003,-3.473022077709545,12.7786578459913,13.38799228848418,10.55620676729308,15.47510890691562,20.23957726458652
2018-10-11 05:44:59.999997,-3.596368006893114,12.76139727076823,13.36297193681955,10.53127509399407,15.45434841907919,20.23533588568514
2018-10-11 06:00:00.000000,-3.664041206586724,12.74903289112731,13.34373468697447,10.51538302026952,15.43812648831111,20.23198624213736
2018-10-11 06:15:00.000003,-3.66059301544322,12.74261183799422,13.33140952860084,10.51074502557502,15.42730518416209,20.22968156659027
2018-10-11 06:29:59.999997,-3.574579171618915,12.74317896709664,13.32721464933644,10.51926076884346,15.42284102543897,20.22860541392889
2018-10-11 06:45:00.000000,-3.396708323349419,12.75171585179626,13.33234603307188,10.54261134524452,15.42568653026406,20.22895805378561
2018-10-11 07:00:00.000003,-3.12423607257703,12.76886162296973,13.34769916943051,10.58158730195682,15.43658709605613,20.2309341366939
2018-10-11 07:14:59.999997,-2.783076483912771,12.79390284830984,13.37289865752836,10.63332071974073,15.45529701638504,20.23463314014759
2018-10-11 07:30:00.000000,-2.385098645222191,12.82581133523147,13.40698774416921,10.69577883141361,15.48121584142048,20.24006537542186
2018-10-11 07:45:00.000003,-1.951197953893926,12.8632681344434,13.44864087758899,10.7659650130742,15.51334300109657,20.24714936135998
2018-10-11 07:59:59.999997,-1.504224779403326,12.90464123168627,13.49610377003563,10.84040273586691,15.55031486809289,20.2557127151039
2018-10-11 08:15:00.000000,-1.036607259623379,12.95164879576248,13.54981820595311,10.92304903687134,15.59191374674338,20.26562154061417
2018-10-11 08:30:00.000003,-0.5629319964731164,13.00196646604818,13.60787713281053,11.00941432102574,15.6370104089924,20.27668196022979
2018-10-11 08:44:59.999997,-0.06930343258273497,13.05509847519903,13.66966247292948,11.09977827364775,15.68519260897803,20.28873805410484
2018-10-11 09:00:00.000000,0.4072624231251222,13.10879000169459,13.73302762580238,11.18901779381616,15.73496346195886,20.30156038880624
2018-10-11 09:15:00.000003,0.8727918862955544,13.16248930144038,13.79703630912652,11.27703271445892,15.78551533952928,20.31493670900405
2018-10-11 09:29:59.999997,1.334895708584822,13.21669658109609,13.86180905636909,11.36491425374641,15.83667989396658,20.32871881027642
2018-10-11 09:45:00.000000,1.779071234547283,13.27010594371157,13.92613951695629,11.45004712476166,15.88768710420473,20.34274357770225
2018-10-11 10:00:00.000003,2.197748377919114,13.32189976894515,13.98901613488583,11.5314248630664,15.93776564609448,20.35684078866396
2018-10-11 10:14:59.999997,2.599748554916462,13.37227638313456,14.05039611103425,11.60981838758812,15.98671959809888,20.37088833663787
2018-10-11 10:30:00.000000,2.968518267163778,13.42023457240299,14.1092850460311,11.68300862293454,16.03382429359755,20.38474408402865
2018-10-11 10:45:00.000003,3.32104033213715,13.466297905217,14.16590717668256,11.75297912620973,16.07917102237197,20.39832760757026
2018-10-11 10:59:59.999997,3.615241452857246,13.50815928701727,14.21822008401283,11.81415000051373,16.12138499950127,20.41146289722925
2018-10-11 11:15:00.000000,3.875433821644904,13.54627867023728,14.26620510429946,11.86890486593164,16.16033935113051,20.42403079917503
2018-10-11 11:30:00.000003,4.075456431865967,13.57906995043748,14.30836877990531,11.91352768377619,16.19501470684189,20.43586133193078
2018-10-11 11:44:59.999997,4.23709521405781,13.60728923122997,14.34503640837532,11.95068736359054,16.22546779068734,20.4468523805143
2018-10-11 12:00:00.000000,4.326189779795206,13.62913451696059,14.37456180093909,11.97605443493808,16.25057282760512,20.45683649584671
2018-10-11 12:15:00.000003,4.352908520943876,13.64448199746155,14.39650570619907,11.99026961512572,16.26989722699597,20.46567095003664
2018-10-11 12:29:59.999997,4.298492107946753,13.65209505561404,14.40959888936915,11.9907310572882,16.28252553762078,20.47318385269998
2018-10-11 12:45:00.000000,4.186890399161125,13.65283861097516,14.41432689885477,11.98019557120937,16.28864376304391,20.47928420804166
2018-10-11 13:00:00.000003,3.982624235174542,13.64485612987019,14.40902902735156,11.95414936221217,16.2871476974861,20.48381277080785
2018-10-11 13:14:59.999997,3.721621364865,13.62945837181834,14.39458413201934,11.91650513612711,16.27847508339701,20.48671050741606
2018-10-11 13:30:00.000000,3.399803537102279,13.60676810801626,14.3711982219346,11.8671176328589,16.26278537200546,20.48795286428924
2018-10-11 13:45:00.000003,3.029650075965649,13.57763937876349,14.33965037654914,11.80797824459377,16.2405987901608,20.48757087074789
2018-10-11 13:59:59.999997,2.62780356470541,13.54339414441543,14.30127542664952,11.74173041120322,16.21283534286633,20.4856656187639
2018-10-11 14:15:00.000000,2.207198018255911,13.50538650394807,14.25757858877131,11.67071582384548,16.18056991913327,20.48239753854635
2018-10-11 14:30:00.000003,1.77537366423931,13.46461554037185,14.20980282044179,11.59644103831591,16.14475408551012,20.47795106684656
2018-10-11 14:44:59.999997,1.334558767168686,13.42164226251636,14.15877762741102,11.51955256277386,16.10608779690303,20.47250723932331
2018-10-11 15:00:00.000000,0.8898960744339017,13.37712462101364,14.10534176948369,11.4411479048937,16.06527507555688,20.46624232282608
2018-10-11 15:15:00.000003,0.4476228316493514,13.33188523427271,14.0504936302107,11.36206659871267,16.02304395310276,20.45933102577956
2018-10-11 15:29:59.999997,0.007004573680234675,13.28616793222385,13.99467710370258,11.28284715613363,15.9798407204813,20.45192293969879
2018-10-11 15:45:00.000000,-0.4256801402166297,13.24045263555412,13.93849713103423,11.20443601659941,15.93617584470159,20.44415775328364
2018-10-11 16:00:00.000003,-0.8424821798000312,13.19546217936149,13.88277908468519,11.12817686596039,15.89269282154422,20.43618146907538
2018-10-11 16:14:59.999997,-1.246079105928199,13.15142225484034,13.82792969425379,11.05406901346229,15.84974876192515,20.42811767481431
2018-10-11 16:30:00.000000,-1.61840094517989,13.11057015290327,13.77577573262522,10.98649423703471,15.80844201485571,20.42014025321025
2018-10-11 16:45:00.000003,-1.973043468298872,13.07259627117615,13.72638938350063,10.923875252706,15.76895335805333,20.41236883888201
2018-10-11 16:59:59.999997,-2.299215462851284,13.0371987867291,13.67989162000741,10.86595393086318,15.73155860625244,20.40490539155564
2018-10-11 17:15:00.000000,-2.594352785142604,13.0045262295688,13.63657442422464,10.81305442251569,15.69657072540165,20.39784590911422
2018-10-11 17:30:00.000003,-2.863373953512872,12.97447318072552,13.59646348120009,10.76467017633584,15.66407093342187,20.3912604532767
2018-10-11 17:44:59.999997,-3.089266221601182,12.94789702373,13.56038281544362,10.72294029192818,15.63467353579814,20.38525024607189
2018-10-11 18:00:00.000000,-3.2672227956287,12.92543341448013,13.52908409584803,10.68888781011844,15.60896649066707,20.37993138329553
2018-10-11 18:15:00.000003,-3.399677421644021,12.90724624222612,13.50289931014405,10.66245953031749,15.58725709672719,20.37540423254858
2018-10-11 18:29:59.999997,-3.466282782752271,12.89444419893165,13.4829571164489,10.64628902476355,15.57040341526309,20.37181043702561
2018-10-11 18:45:00.000000,-3.461790783669747,12.88777066246674,13.47017919834548,10.64157402164766,15.55915973270645,20.36930631935274
2018-10-11 19:00:00.000003,-3.387655141058024,12.88752999149235,13.46509553077061,10.64843321187512,15.55399322993092,20.36803327957262
2018-10-11 19:14:59.999997,-3.22087051364703,12.89509811337485,13.46913647790661,10.66995094383093,15.55597332271604,20.36817743843806
2018-10-11 19:30:00.000000,-2.973284561270562,12.91063977570971,13.48278358057356,10.70534501213182,15.56550815831655,20.36989228819638
2018-10-11 19:45:00.000003,-2.652306494198124,12.9338542850675,13.50593117846896,10.75363479813126,15.58261325911369,20.37327687537652
2018-10-11 19:59:59.999997,-2.279162829642368,12.963650527259,13.53762929290937,10.81204702876086,15.60664330522558,20.37833604103734
2018-10-11 20:15:00.000000,-1.874978961390733,12.99853179730807,13.5763524832151,10.87737592584655,15.63649241708538,20.38497433841086
2018-10-11 20:30:00.000003,-1.45269019596088,13.03739180920982,13.62081655478266,10.94741399722198,15.67108471714523,20.39303695622942
2018-10-11 20:44:59.999997,-1.022400700006471,13.08134316993171,13.67093698941487,11.02426948987141,15.70984425026722,20.40236791690374
2018-10-11 21:00:00.000000,-0.5795588041955608,13.12826538565022,13.72507155904576,11.10472357738672,15.75189976349923,20.41278482525492
2018-10-11 21:15:00.000003,-0.1286920616069888,13.17728987865598,13.78222178459779,11.18759523808366,15.79652990819618,20.4241112727493
2018-10-11 21:29:59.999997,0.3108264962393513,13.22690674442202,13.8408289851681,11.26982817253998,15.84259852425781,20.4361380134428
2018-10-11 21:45:00.000000,0.7391494356496117,13.27649128506013,13.89998343354664,11.35082265913038,15.88934943185938,20.44866871452363
2018-10-11 22:00:00.000003,1.167471004741787,13.3266085142398,13.95987981542788,11.43210694822076,15.93671480264027,20.46157398014772
2018-10-11 22:14:59.999997,1.570655862804705,13.37573504800197,14.01913328495628,11.51021940287625,15.98374442300751,20.47468623346548
2018-10-11 22:30:00.000000,1.952673386564479,13.4233230090282,14.07699387973251,11.58462268138768,16.02984749982073,20.48784956836844
2018-10-11 22:45:00.000003,2.33541342705144,13.47045182422955,14.13416793881921,11.65852798105758,16.07540724345579,20.50100075862834
2018-10-11 22:59:59.999997,2.661062655692923,13.51405857313018,14.18800077512608,11.72433794055964,16.11866350485012,20.51393919047097
2018-10-11 23:15:00.000000,2.988136902630558,13.55648957723052,14.24010948265867,11.78887928444608,16.16044119258055,20.52661817336799
2018-10-11 23:30:00.000003,3.245806901491651,13.59425731316568,14.28754437336089,11.84336688393037,16.19889415354853,20.53883836758073
2018-10-11 23:44:59.999997,3.479581824480642,13.62872896569444,14.33100083412043,11.89263943886143,16.23428250143979,20.55050123190296
2018-10-12 00:00:00.000000,3.642291489739131,13.65751263598094,14.36835468635398,11.93077353942478,16.26519813377632,20.56141490429606
2018-10-12 00:15:00.000003,3.769954760024815,13.62004836641121,14.36645449258464,11.34809216206853,16.25137337503498,20.56695763163157
2018-10-12 00:29:59.999997,3.83504333038651,13.62616425313645,14.38117280162,11.34057074321174,16.26070702980555,20.57310618118605
2018-10-12 00:45:00.000000,3.837251526250062,13.63479574172382,14.39558541519024,11.34640773243398,16.27326652469743,20.57920738277424
2018-10-12 01:00:00.000003,3.770670672984808,13.63795775707021,14.40353753301586,11.34213353249212,16.28162912661148,20.58439335770327
2018-10-12 01:14:59.999997,3.634383676150387,13.63405982091243,14.40324190356799,11.32553279723377,16.28375858892994,20.58823335513005
2018-10-12 01:30:00.000000,3.439204853551065,13.6232889580381,14.39461863302764,11.29770253317926,16.27936659669233,20.59056036805698
2018-10-12 01:45:00.000003,3.177526337590615,13.60523104390458,14.37726192483896,11.257673373138,16.2681391883434,20.59128843683848
2018-10-12 01:59:59.999997,2.872087973610242,13.58106451260621,14.35214578959204,11.20843227136201,16.25068072908139,20.5904380978205
2018-10-12 02:15:00.000000,2.52854190510686,13.55159566273376,14.32016040247912,11.15129761332951,16.22762638311726,20.58808550525642
2018-10-12 02:30:00.000003,2.155717480345068,13.51768865936185,14.28227777301524,11.08781140790091,16.19969312473805,20.58434590295427
2018-10-12 02:44:59.999997,1.758143371061339,13.47999831713947,14.23932169757442,11.01895823456302,16.16752445367524,20.57935089737405
2018-10-12 03:00:00.000000,1.352355148693299,13.43976719551814,14.19260994005985,10.94729232964889,16.13211477940656,20.57327364841245
2018-10-12 03:15:00.000003,0.9316095606329727,13.39714942067463,14.14258993875648,10.87242312256794,16.0939054122779,20.56626142650354
2018-10-12 03:29:59.999997,0.5206333634119575,13.353940277349,14.09101693528299,10.79800502182803,16.05409476598344,20.55851344478636
2018-10-12 03:45:00.000000,0.1083991508188289,13.31006500469173,14.03820606039253,10.72309875855174,16.01308115320369,20.55018966732274
2018-10-12 04:00:00.000003,-0.2969240118203529,13.26601860947265,13.98478444054201,10.64876016545295,15.9713940069495,20.54143898311118
2018-10-12 04:14:59.999997,-0.6828116938290123,13.22280070156117,13.93183593031523,10.57697754089908,15.92985515824402,20.53242991466917
2018-10-12 04:30:00.000000,-1.058222326070217,13.18034916706681,13.87957477622418,10.50694677532251,15.88872791612053,20.5232916930362
2018-10-12 04:45:00.000003,-1.405589494837473,13.13997593995819,13.82922356530229,10.44146998268467,15.84884664428388,20.51418099835501
2018-10-12 04:59:59.999997,-1.718790333383188,13.10351770757542,13.78238023377591,10.38358210351287,15.81120579072219,20.50528165373522
2018-10-12 05:15:00.000000,-2.003630500686177,13.07015991825314,13.7388881672217,10.33118478983055,15.77597547134242,20.49671876461614
2018-10-12 05:30:00.000003,-2.254437844573536,13.03988345484017,13.69897568799433,10.28437376649392,15.74344063551361,20.48860398684374
2018-10-12 05:44:59.999997,-2.458200242383354,13.01342701593744,13.66344487874045,10.2448753054529,15.71424355973831,20.48106334450632
2018-10-12 06:00:00.000000,-2.631117119867528,12.99032930265004,13.63207767152358,10.21098526523294,15.68832413342501,20.47417625457622
2018-10-12 06:15:00.000003,-2.762049759005917,12.97104313874311,13.60531154372628,10.18392395759034,15.6660106075704,20.46802283082559
2018-10-12 06:29:59.999997,-2.849531039389448,12.95583958820248,13.58348976102564,10.16409552355818,15.64759234802308,20.46268006439801
2018-10-12 06:45:00.000000,-2.888901022401621,12.94509370869591,13.56704440816551,10.15222020252094,15.63342208173502,20.45822902165148
2018-10-12 07:00:00.000003,-2.862960874829206,12.93987731922272,13.55706677407582,10.15068381296486,15.62432458227143,20.45479896114812
2018-10-12 07:14:59.999997,-2.764973083164,12.94097259633499,13.55449404980885,10.16077647794397,15.62100056895335,20.45252316287543
2018-10-12 07:30:00.000000,-2.592645184352346,12.94889004850487,13.56002863798862,10.18316132681044,15.62403670696394,20.45154399846537
2018-10-12 07:45:00.000003,-2.328414805475171,12.96484792836671,13.57500222253082,10.22032064253874,15.63443104596274,20.45204340816062
2018-10-12 07:59:59.999997,-2.007761222406165,12.98758890277242,13.598569332323,10.26827075086645,15.65171642697097,20.45409275736353
2018-10-12 08:15:00.000000,-1.628879621226508,13.01691187744193,13.63050523773821,10.32673542652357,15.67568007795908,20.45772112308053
2018-10-12 08:30:00.000003,-1.221493254644476,13.05221461179553,13.66987909380889,10.39358081732814,15.70547660001736,20.46286775982991
2018-10-12 08:44:59.999997,-0.8072457634843285,13.09231274268216,13.71517635331357,10.46623898133024,15.73987175394999,20.46937846201825
2018-10-12 09:00:00.000000,-0.3447666171236505,13.13733667583583,13.76649106682649,10.54709468256358,15.77903082038352,20.47717076368711
2018-10-12 09:15:00.000003,0.1053046319096717,13.18410231626758,13.82099533405096,10.62834851260727,15.82109803739824,20.48602617801778
2018-10-12 09:29:59.999997,0.5748803465984261,13.2332703276128,13.87872949769359,10.71313466784589,15.86587674007707,20.49579532416653
2018-10-12 09:45:00.000000,1.013782733506539,13.28213828057691,13.93717665462186,10.79484215737974,15.911592076224,20.50622412254404
2018-10-12 10:00:00.000003,1.468823740159227,13.33257164572074,13.99742410092827,10.87902652655314,15.95867661404074,20.51719458069125
2018-10-12 10:14:59.999997,1.894280825504317,13.38201698525752,14.05725314283963,10.95971911905952,16.00573366724339,20.52850251821119
2018-10-12 10:30:00.000000,2.31607340315042,13.4311301099333,14.11684720579307,11.03957344183874,16.05270059394656,20.54001825048776
2018-10-12 10:45:00.000003,2.71299719070057,13.47883302281237,14.17519891260694,11.11590794500311,16.09885250872516,20.55159516358467
2018-10-12 10:59:59.999997,3.093664849935195,13.52525393076475,14.2322064187488,11.18949764365943,16.14398559803243,20.56312474704507
2018-10-12 11:15:00.000000,3.456730043588252,13.57013591731331,14.28750956127172,11.26012677816449,16.18785893279921,20.57451517978572
2018-10-12 11:30:00.000003,3.785340318674936,13.61234174973146,14.34000135659864,11.32530039152662,16.22969996537851,20.58563916082006
2018-10-12 11:44:59.999997,4.089708616546373,13.65201869572515,14.389582344565,11.38598130439225,16.26934161851588,20.59640239449322
2018-10-12 12:00:00.000000,4.340231438495888,13.68740213180066,14.43459442642027,11.43814729503163,16.30565408383032,20.60664288243556
2018-10-12 12:15:00.000003,4.557905391840619,13.71903078015939,14.47518796178768,11.48394286516594,16.33858545798754,20.61625608748567
2018-10-12 12:29:59.999997,4.707591333608367,13.7449380293923,14.50954469038783,11.51876943887049,16.36691121877403,20.62506407037246
2018-10-12 12:45:00.000000,4.778895275652641,13.76371111955195,14.53602487321782,11.54037046167704,16.38940063182093,20.63284428817393
2018-10-12 13:00:00.000003,4.792180233583569,13.77597271999242,14.55483985915921,11.55095144355216,16.40599926956646,20.63945492286762
2018-10-12 13:14:59.999997,4.718619593021221,13.78008542364264,14.56441367887342,11.54681495099898,16.41562790254797,20.64470647172295
2018-10-12 13:30:00.000000,4.573765853734299,13.77628075999214,14.56461777880525,11.52938599115165,16.41805448331577,20.64846034439801
2018-10-12 13:45:00.000003,4.347710887110709,13.76396320750523,14.55481078964985,11.49738346165652,16.41278906083852,20.6505836669093
2018-10-12 13:59:59.999997,4.073300449102039,13.74477515695131,14.5362810020345,11.45510239667,16.40059913888524,20.65106154704014
2018-10-12 14:15:00.000000,3.733929655261017,13.71827005049006,14.50880871754639,11.40086341585887,16.38139682884637,20.64987360939891
2018-10-12 14:30:00.000003,3.362394057662692,13.68624875866307,14.47400300963908,11.33899059551246,16.35622965683118,20.6471035885943
2018-10-12 14:44:59.999997,2.967585133245365,13.64989939938894,14.43321885310001,11.27143010504444,16.32609785146012,20.64289109718322
2018-10-12 15:00:00.000000,2.550809456083035,13.60987658336713,14.38737618183177,11.19891819732674,16.2917343553589,20.6373899017488
2018-10-12 15:15:00.000003,2.120415550159976,13.56706916995731,14.33755069107125,11.12290556166731,16.25394293967013,20.6307695685727
2018-10-12 15:29:59.999997,1.685152258541026,13.52240457022703,14.28485203222271,11.04497914970396,16.21358517054714,20.62321413086458
2018-10-12 15:45:00.000000,1.238530239226645,13.4758885776278,14.22957048982861,10.96460587801075,16.17101224955044,20.6148702280414
2018-10-12 16:00:00.000003,0.798328105006855,13.42872599798723,14.17291800683714,10.88433747773171,16.12709687927191,20.60590860875793
2018-10-12 16:14:59.999997,0.3632036830723196,13.38150439171069,14.11567652840825,10.80461377842796,16.08243628611757,20.59648792961522
2018-10-12 16:30:00.000000,-0.07856774889805096,13.3336172473882,14.05754104328422,10.72383876401633,16.03697063734334,20.58670180473921
2018-10-12 16:45:00.000003,-0.4856941296495164,13.28729179786174,14.0005238321478,10.64750064950615,15.99208596546632,20.57673591552193
2018-10-12 16:59:59.999997,-0.8794909686712542,13.24217057597883,13.94470791098692,10.5736133790397,15.94801305252308,20.56672546024187
2018-10-12 17:15:00.000000,-1.250504034446907,13.19881641830869,13.89070709514018,10.50338768803462,15.90521815600028,20.5567984958783
2018-10-12 17:30:00.000003,-1.593682527917411,13.1587048200269,13.83973532006465,10.43933587732495,15.86442128292519,20.54709762304475
2018-10-12 17:44:59.999997,-1.917206753900339,13.12165243669803,13.79185658141476,10.38047086899327,15.82575212092942,20.53771947826656
2018-10-12 18:00:00.000000,-2.216810997339816,13.08708185758035,13.74689456921432,10.32582545314968,15.78925895299632,20.5287308179161
2018-10-12 18:15:00.000003,-2.479800687315883,13.05552937397819,13.7054283941912,10.27687476858375,15.75542456229662,20.52022304265251
2018-10-12 18:29:59.999997,-2.71003877188619,13.02707788280412,13.66768877808,10.23341928309334,15.72447874122312,20.51227947580493
2018-10-12 18:45:00.000000,-2.90670530017816,13.00183035925821,13.63384867150453,10.19559820193127,15.69659315984453,20.50495802447682
2018-10-12 19:00:00.000003,-3.051494752599658,12.98078774665332,13.60488139015368,10.16580211110715,15.67248439501511,20.49836452086863
2018-10-12 19:14:59.999997,-3.156241710394402,12.96377551459492,13.58083375779176,10.14296781952388,15.65226513266615,20.49257710069417
2018-10-12 19:30:00.000000,-3.18192394331774,12.95276385280127,13.56356535775571,10.13199460744659,15.63726505809445,20.48776527009576
2018-10-12 19:45:00.000003,-3.156742650697512,12.94713182224213,13.55287803515271,10.13016644648228,15.62748620606341,20.48403498146031
2018-10-12 19:59:59.999997,-3.053595959348451,12.94814880634112,13.55000407599094,10.14066378093053,15.62380926119509,20.48153294641409
2018-10-12 20:15:00.000000,-2.842653480639006,12.95787332783538,13.55707796828037,10.16788597492416,15.62782482431275,20.48049654847068
2018-10-12 20:30:00.000003,-2.566790930399151,12.97500936753111,13.57337702625598,10.20725873744497,15.63920936800007,20.48104398011756
2018-10-12 20:44:59.999997,-2.223695821697887,12.99935950412267,13.59873942062563,10.25850773145421,15.65784014106722,20.48324137959428
2018-10-12 21:00:00.000000,-1.858016980555379,13.0285881423111,13.63101248773617,10.31588065873478,15.68223122057022,20.48699715437015
2018-10-12 21:15:00.000003,-1.473763008484338,13.06172918953322,13.66895774288992,10.37790713349806,15.71132061391951,20.49216109305399
2018-10-12 21:29:59.999997,-1.06863650924683,13.10026648638744,13.71292960513059,10.44782133936869,15.74489685529634,20.49861330261012
2018-10-12 21:45:00.000000,-0.6702260996113333,13.14109764961922,13.76034778941254,10.51930591450976,15.78138960027954,20.50612923349587
2018-10-12 22:00:00.000003,-0.256688526572604,13.18410538901297,13.81078175558286,10.59373839951234,15.82042969333216,20.51454005616559
2018-10-12 22:14:59.999997,0.1475764807645971,13.22783598337188,13.86276420520596,10.66788966731668,15.86096946497428,20.52364647381228
2018-10-12 22:30:00.000000,0.5381284140323939,13.27142951954183,13.91520888362181,10.74050886663569,15.90213773633085,20.53324967961775
2018-10-12 22:45:00.000003,0.9210708478087188,13.31483419040187,13.96777528061117,10.81211709612774,15.94356969350352,20.5431940264545
2018-10-12 22:59:59.999997,1.29152749797243,13.35797132909908,14.020201159214,10.88227172081077,15.98491921757741,20.55334639748121
2018-10-12 23:15:00.000000,1.640024338188341,13.39974936091921,14.07140827954717,10.94920055220736,16.02548385027578,20.56356025850853
2018-10-12 23:30:00.000003,1.992371789724754,13.44128478266125,14.12215425087087,11.01614496160564,16.06568039244014,20.57378238714736
2018-10-12 23:44:59.999997,2.298270617959388,13.48003515186752,14.17028305430037,11.07657764919804,16.10408267329229,20.58385036449564
2018-10-13 00:00:00.000000,2.605845231731954,13.51786853661028,14.21705469217102,11.1361422522746,16.14136033269505,20.5937263127344
2018-10-13 00:15:00.000003,2.855971313124726,13.51910730785712,14.24160539262569,10.86187702025516,16.15385860251636,20.60080719707455
2018-10-13 00:29:59.999997,3.081608524359905,13.54331248003151,14.27493862513882,10.89263464158912,16.17820058238754,20.60805945141351
2018-10-13 00:45:00.000000,3.252210876900667,13.56773518304978,14.30714423420227,10.92784373236952,16.20371583991137,20.61522982358349
2018-10-13 01:00:00.000003,3.370447587046931,13.58798364987632,14.33464429129535,10.95511853227663,16.22623426720936,20.62188462532626
2018-10-13 01:14:59.999997,3.436185000271108,13.60311305008271,14.35629190701147,10.97324013794653,16.24447009180094,20.62775714564168
2018-10-13 01:30:00.000000,3.449168983043128,13.61277415836195,14.37156230880877,10.98188255320677,16.25788278958368,20.63267950491098
2018-10-13 01:45:00.000003,3.388176887703074,13.61552683849916,14.37903362141023,10.9779503601588,16.26543425852616,20.63646842609742
2018-10-13 01:59:59.999997,3.271922980568004,13.61188609724137,14.37886242902308,10.96345067038631,16.2670813122699,20.63901238653773
2018-10-13 02:15:00.000000,3.090177635367449,13.60134193326596,14.37053894540228,10.93716543693695,16.26244613552658,20.64020846209228
2018-10-13 02:30:00.000003,2.841327312022187,13.58356693908991,14.3536517739931,10.89863580471088,16.25119411026573,20.63996262494421
2018-10-13 02:44:59.999997,2.554966972972166,13.56018425899206,14.32954099166547,10.85186397460762,16.23413311747476,20.63828965090388
2018-10-13 03:00:00.000000,2.223647524114311,13.53132234170546,14.29853164469076,10.79646032798188,16.21154079674151,20.63522138713458
2018-10-13 03:15:00.000003,1.870951333461346,13.4984608920692,14.26204704686631,10.73573844698264,16.18439609454974,20.63086778790532
2018-10-13 03:29:59.999997,1.504901639835519,13.46262959075189,14.2212922826504,10.67141286812888,16.15362722702336,20.6253792533919
2018-10-13 03:45:00.000000,1.120529452555,13.42398905911977,14.17671103955153,10.60321373001986,16.1196686934903,20.61888867449568
2018-10-13 04:00:00.000003,0.73706245760609,13.3839208848994,14.12970258342851,10.53396754897943,16.08350818525408,20.61156899370983
2018-10-13 04:14:59.999997,0.3446908128128395,13.34251284894922,14.08065471565268,10.46294291077189,16.04551038955885,20.6035596701509
2018-10-13 04:30:00.000000,-0.04203302115000884,13.30055267231805,14.03043922863248,10.39202774001429,16.00637160404103,20.5950116480836
2018-10-13 04:45:00.000003,-0.4177696486858501,13.25871169306682,13.97988770354184,10.32232245800792,15.96676245965279,20.58607958270322
2018-10-13 04:59:59.999997,-0.7854906795693594,13.21716081102998,13.92939050471045,10.25371326158529,15.92705218817929,20.5768941386486
2018-10-13 05:15:00.000000,-1.125869326271604,13.17716943371762,13.88021965032522,10.18897004675177,15.88816025545093,20.56762101686094
2018-10-13 05:30:00.000003,-1.450954791792957,13.13893120123861,13.83273634085473,10.12756307704305,15.85038668130919,20.55838896394349
2018-10-13 05:44:59.999997,-1.743296447862077,13.10427677282111,13.78847030589287,10.07315539756917,15.81467240265454,20.54936111618693
2018-10-13 06:00:00.000000,-2.009749934908572,13.07237643696397,13.74723127551014,10.02361434280748,15.78115654123168,20.54064792988677
2018-10-13 06:15:00.000003,-2.242920290460185,13.04339024723984,13.70936031527311,9.979436471821817,15.75017697283536,20.53235515029189
2018-10-13 06:29:59.999997,-2.446018666560478,13.01727955406631,13.67495283335888,9.940337679984868,15.72188627259846,20.52456418495003
2018-10-13 06:45:00.000000,-2.616212996641615,12.99424699998615,13.64426992588181,9.906692603906489,15.69650358633357,20.5173490693564
2018-10-13 07:00:00.000003,-2.744326050408247,12.97486734304472,13.61790897491923,9.879772717653587,15.67448351616396,20.51079606748586
2018-10-13 07:14:59.999997,-2.835783142102143,12.95910927404664,13.59597172656575,9.859138275370745,15.65595983414968,20.50497280137548
2018-10-13 07:30:00.000000,-2.876956748885411,12.94769931661443,13.57917992573142,9.846515831386862,15.64146542412146,20.49997029402367
2018-10-13 07:45:00.000003,-2.865859416674868,12.94105603264627,13.56807089892057,9.842491088798951,15.6314370771529,20.49588564384939
2018-10-13 07:59:59.999997,-2.793401854633645,12.93986005577994,13.56340996461733,9.848408656027773,15.6264644959022,20.49283259705068
2018-10-13 08:15:00.000000,-2.648600941845732,12.94499561251456,13.56618755002693,9.865983753178165,15.62730814382919,20.49094929998038
2018-10-13 08:30:00.000003,-2.436155218841195,12.9566382066605,13.57680354927868,9.895001565110368,15.63433882027955,20.49035977272991
2018-10-13 08:44:59.999997,-2.152388566050782,12.97518660388547,13.59578260655549,9.93605256981102,15.64795426053103,20.49117791663912
2018-10-13 09:00:00.000000,-1.82463372742297,12.99941922286874,13.62213816905166,9.985792746460668,15.66754068674937,20.49341978000219
2018-10-13 09:15:00.000003,-1.455735178964872,13.02891309030198,13.65538242781813,10.04340387126118,15.69265410286781,20.49705788288275
2018-10-13 09:29:59.999997,-1.061060688547316,13.06461378425915,13.69557447399244,10.11021991091067,15.72294692873374,20.50203777158956
2018-10-13 09:45:00.000000,-0.6542640446048583,13.1038904825164,13.74061852288457,10.18126486170175,15.75720735115256,20.50821082159567
2018-10-13 10:00:00.000003,-0.2266483921746234,13.14628658760858,13.78984669090251,10.25667835923199,15.79492706864232,20.51544180609411
2018-10-13 10:14:59.999997,0.1917133673799169,13.18986630588185,13.84135914361415,10.33219130361515,15.83476882679355,20.52352762020449
2018-10-13 10:30:00.000000,0.598864782415134,13.23374203268367,13.89395961387603,10.4067409910361,15.87576181418787,20.53225629552939
2018-10-13 10:45:00.000003,1.000038461535255,13.27783764815502,13.94723596087031,10.48075603977405,15.91745990374711,20.54145626218464
2018-10-13 10:59:59.999997,1.393312390187512,13.32211373209971,14.00094195634946,10.55407159408495,15.95953638709022,20.55098835123047
2018-10-13 11:15:00.000000,1.760081609643257,13.36498812256765,14.05355128266427,10.62374123230508,16.00099314499118,20.56067467846156
2018-10-13 11:30:00.000003,2.135160094475959,13.40793782627723,14.10606402769503,10.69404071759835,16.04236430125862,20.57045490696586
2018-10-13 11:44:59.999997,2.471668047705851,13.44875677030899,14.15664346777675,10.75908689631066,16.08242761873922,20.58017852474878
2018-10-13 12:00:00.000000,2.801275265106536,13.48840781418765,14.2057894158936,10.82232945929342,16.12139147877659,20.58977254303414
2018-10-13 12:15:00.000003,3.085995865065501,13.52502525462244,14.2518781648252,10.87892535234971,16.15813696204322,20.59908904514019
2018-10-13 12:29:59.999997,3.34768518100336,13.55904627162858,14.29495534800782,10.93105521248681,16.19260000883434,20.60803086680884
2018-10-13 12:45:00.000000,3.556137961915656,13.58877763072793,14.33344916326422,10.97472651977433,16.22371291348497,20.61643894440639
2018-10-13 13:00:00.000003,3.7430503733703,13.61541224309571,14.36809196196488,11.01364961784512,16.25182241810887,20.62424666710541
2018-10-13 13:14:59.999997,3.865393405892688,13.63675859470277,14.39698438974026,11.04231382135638,16.27567996291943,20.63129610691907
2018-10-13 13:30:00.000000,3.953105794119045,13.65375337856315,14.42060861070571,11.06396684614761,16.29545266106595,20.63750589553989
2018-10-13 13:45:00.000003,3.964887875380715,13.66420871134223,14.43701700220211,11.07325662408023,16.30984297116214,20.64270619588009
2018-10-13 13:59:59.999997,3.93078972040728,13.66905270887053,14.44666207478788,11.07344123011716,16.31898831918334,20.64680473989448
2018-10-13 14:15:00.000000,3.826134277851578,13.66706204690003,14.44843702949326,11.06147362258257,16.32213866006656,20.64967334831537
2018-10-13 14:30:00.000003,3.651383059267682,13.65777019219141,14.44170369399988,11.0368854805996,16.31877301194404,20.65118607901484
2018-10-13 14:44:59.999997,3.407274292170805,13.6409775637906,14.426109676371,10.9995891111475,16.30857347590516,20.65123393842475
2018-10-13 15:00:00.000000,3.117124457571689,13.61791445305869,14.40262591752974,10.95273503290332,16.29211935139351,20.64980126473289
2018-10-13 15:15:00.000003,2.776453434287043,13.58872629788437,14.37151961666976,10.89618714360009,16.26962881224457,20.64689580614628
2018-10-13 15:29:59.999997,2.412084209603455,13.55513806082766,14.33441243509506,10.83375402777483,16.24216591841266,20.64261722067776
2018-10-13 15:45:00.000000,2.020975936924047,13.51761962036337,14.29204314750195,10.76569598731117,16.21034222338424,20.63708247589517
2018-10-13 16:00:00.000003,1.625678965686434,13.47775390887876,14.24603849214401,10.6953384292686,16.17533230447657,20.63047140133218
2018-10-13 16:14:59.999997,1.212521017885973,13.43536551790019,14.19660915402672,10.62142351263517,16.13745236285815,20.62292395881605
2018-10-13 16:30:00.000000,0.8115161721539652,13.39231561872807,14.14555104830529,10.5481104587266,16.09795941881425,20.6146411707737
2018-10-13 16:45:00.000003,0.3979401363992905,13.34807967853986,14.09277521949219,10.472871806538,16.0569146878764,20.60575275736504
2018-10-13 16:59:59.999997,-0.0002027265585102677,13.30398275342058,14.03956036629355,10.39915996441964,16.01525980182586,20.59642615565724
2018-10-13 17:15:00.000000,-0.3872474546313511,13.26030788780736,13.98645182162123,10.32696441750432,15.97350437209679,20.58681122418016
2018-10-13 17:30:00.000003,-0.7647931608514008,13.21717383037831,13.93375403660651,10.25619566208225,15.93194652060068,20.57702958492652
2018-10-13 17:44:59.999997,-1.114952955328278,13.17574446398503,13.88262564864879,10.18940795889414,15.8914205244829,20.56723392487044
2018-10-13 18:00:00.000000,-1.445878167670002,13.1363753958105,13.83354321970708,10.12654701354068,15.85229543330876,20.55755141152164
2018-10-13 18:15:00.000003,-1.75196378587947,13.10036085257699,13.78755071914705,10.06985778876731,15.81517394193714,20.54811129468641
2018-10-13 18:29:59.999997,-2.032692834039868,13.06702925254956,13.74452218240658,10.01788792481118,15.78020782640827,20.53900832064231
2018-10-13 18:45:00.000000,-2.283976413303963,13.03639217399934,13.70465611345364,9.970758992393563,15.74763456416793,20.53032591659096
2018-10-13 19:00:00.000003,-2.499117764171947,13.00885556356508,13.6684222203182,9.929390760933652,15.71785435220218,20.5221553927717
2018-10-13 19:14:59.999997,-2.691880563388222,12.98393957292505,13.6355168739302,9.892231755715002,15.69071259053163,20.51454127364817
2018-10-13 19:30:00.000000,-2.831960899302993,12.96303607031688,13.6071921045377,9.8629448507221,15.66709041019432,20.50759294924529
2018-10-13 19:45:00.000003,-2.945857855629694,12.94533585731009,13.58293473916924,9.83876752099053,15.64672987438849,20.50135408539492
2018-10-13 19:59:59.999997,-3.017834682945073,12.93139206667599,13.56322260302331,9.82133643073376,15.6299597998368,20.49588376164488
2018-10-13 20:15:00.000000,-3.032132973912756,12.92224140772145,13.54909229311848,9.812940063104854,15.61754003167081,20.49128835033386
2018-10-13 20:30:00.000003,-3.009396350329171,12.91726409864961,13.54019037522552,9.811390046117225,15.60930681442519,20.48761764394887
2018-10-13 20:44:59.999997,-2.909882369517484,12.91831698842808,13.53821005381879,9.821490429425697,15.60644196021311,20.48501332382195
2018-10-13 21:00:00.000000,-2.755853293073502,12.92500873035843,13.54310923104301,9.841233393456498,15.60903595778157,20.48356788097451
2018-10-13 21:15:00.000003,-2.539334048106824,12.93768217907442,13.55527387237111,9.871450779255706,15.61739364136901,20.48337090878597
2018-10-13 21:29:59.999997,-2.270799139216394,12.95604072622825,13.57455969132101,9.91100341233502,15.63143557982266,20.48447291270405
2018-10-13 21:45:00.000000,-1.964237491719783,12.97925940196263,13.60020536369565,9.957951864781416,15.65064895363242,20.48685853715976
2018-10-13 22:00:00.000003,-1.628049283102777,13.00670342238482,13.63151944776862,10.01092873531796,15.67446560906031,20.49046940580525
2018-10-13 22:14:59.999997,-1.275855029136243,13.03786782207408,13.66768686447932,10.06879328742571,15.70217399482103,20.49520249914341
2018-10-13 22:30:00.000000,-0.9098764831855909,13.07354029934967,13.70875554124775,10.13313731894325,15.73347379228169,20.50095980353309
2018-10-13 22:45:00.000003,-0.5386437039380251,13.11109188563395,13.75274181943545,10.19925394586308,15.76730285808191,20.50758152680061
2018-10-13 22:59:59.999997,-0.1753421481567055,13.14935012327311,13.79828226666679,10.26511049684839,15.80263494310031,20.5148793888505
2018-10-13 23:15:00.000000,0.1829518975113506,13.18798738047303,13.84475930169051,10.33066408108786,15.83891087530785,20.52268909024718
2018-10-13 23:30:00.000003,0.5289935024049666,13.22634600121864,13.89136589110561,10.39477148568245,15.87549340030576,20.53085017536333
2018-10-13 23:44:59.999997,0.8732775408099576,13.26470012486744,13.93811955386259,10.45858451212252,15.91228985361127,20.53925492459551
2018-10-14 00:00:00.000000,1.191964984283814,13.30197920552532,13.98398123201816,10.51913151612156,15.94848805513667,20.54776001110846
2018-10-14 00:15:00.000003,1.497220467929421,13.3319116745901,14.02505266213383,10.51758073262114,15.97939254779031,20.55563149030177
2018-10-14 00:29:59.999997,1.780131103223738,13.36482287360593,14.06641764595338,10.56917832549999,16.01145794408914,20.56336939480142
2018-10-14 00:45:00.000000,2.043750823355494,13.39677420349399,14.10640292007684,10.61985118272176,16.04289375576633,20.5709660715103
2018-10-14 01:00:00.000003,2.274146754400666,13.42622430069821,14.14371830424628,10.66544888037551,16.0725299152739,20.57832109549008
2018-10-14 01:14:59.999997,2.467604774666324,13.45247766195266,14.17755578954919,10.70491480066511,16.09967340095129,20.58531441482794
2018-10-14 01:30:00.000000,2.62942763120297,13.47551315263324,14.20769415030909,10.73869045363991,16.12406343774716,20.59184141369624
2018-10-14 01:45:00.000003,2.738676170166203,13.49402302378873,14.23287071803163,10.76384320114267,16.144793689628,20.59775060003281
2018-10-14 01:59:59.999997,2.808709423199002,13.50828155315788,14.25306194208135,10.78169436331152,16.16170700183748,20.60293218864452
2018-10-14 02:15:00.000000,2.824304579390119,13.51735151813174,14.26734121360449,10.79019934534273,16.17415709817336,20.60725700624737
2018-10-14 02:30:00.000003,2.78322280519038,13.52071231454988,14.27504400799628,10.78865532211759,16.18161245183532,20.61059647398021
2018-10-14 02:44:59.999997,2.681946824100491,13.51790906111988,14.27559132021482,10.77636318703956,16.18359969623608,20.61282765161518
2018-10-14 03:00:00.000000,2.519188851451986,13.50864910143572,14.26856570895291,10.7529528495664,16.17975366030123,20.61384002029537
2018-10-14 03:15:00.000003,2.301705120876567,13.49314861340341,14.25402888774989,10.71922328681897,16.17005030325229,20.61356233462542
2018-10-14 03:29:59.999997,2.036326510601248,13.47184715600781,14.23234134459499,10.67620778456852,16.1546991356034,20.6119672611949
2018-10-14 03:45:00.000000,1.735124355977197,13.44560963654299,14.20432566035032,10.62575856388163,16.13424884507893,20.60908700985819
2018-10-14 04:00:00.000003,1.409760292448114,13.41541485507072,14.17100480134276,10.56982259664389,16.10944571830093,20.60500726657007
2018-10-14 04:14:59.999997,1.068841391875051,13.38217254880857,14.13341362765427,10.51000695020834,16.08107306771384,20.59985232557406
2018-10-14 04:30:00.000000,0.7191868889983479,13.34678906937714,14.09260781903309,10.44771160313422,16.04991342173262,20.59376928031672
2018-10-14 04:45:00.000003,0.3636520705930739,13.30988576936516,14.04940226887249,10.38372494089389,16.01660349571349,20.58690691803818
2018-10-14 04:59:59.999997,0.006367855820917345,13.27187409992526,14.00440631187484,10.31875094286704,15.98168419748064,20.57940779287274
2018-10-14 05:15:00.000000,-0.3478958325078643,13.23327000587204,13.9582816793273,10.25364882893872,15.94569644634589,20.57140933813999
2018-10-14 05:30:00.000003,-0.6942647393929294,13.19463087028065,13.9117210282645,10.18933264665116,15.90919529463656,20.56304934473867
2018-10-14 05:44:59.999997,-1.030296817395834,13.15638413884103,13.86530165525359,10.1263852126291,15.87265383067236,20.55445678469865
2018-10-14 06:00:00.000000,-1.340953511530982,13.11971915155494,13.8202197968389,10.06723213946078,15.836930522369,20.54578973216125
2018-10-14 06:15:00.000003,-1.631867215045874,13.08572020409903,13.77744161926629,10.01314974354182,15.80261813527049,20.53719632743788
2018-10-14 06:29:59.999997,-1.893465246076905,13.0545722974088,13.73748379473033,9.96453349416103,15.77023761961593,20.52881345205564
2018-10-14 06:45:00.000000,-2.12691792538419,13.02601567824962,13.70046596025011,9.920638961873106,15.7400344202229,20.52075126762467
2018-10-14 07:00:00.000003,-2.338069245302548,12.99976437543958,13.66626420857956,9.880672535140345,15.7120099478133,20.51308266061449
2018-10-14 07:14:59.999997,-2.517709815439617,12.97623843519467,13.63529688362399,9.84572146077894,15.68648965550531,20.50588466558925
2018-10-14 07:30:00.000000,-2.66755070631618,12.95555214373421,13.60776847361446,9.815775957210207,15.6636578464252,20.49922213080377
2018-10-14 07:45:00.000003,-2.791437647562289,12.93757432343622,13.58362232870023,9.790386091971861,15.64351266006728,20.49313677735839
2018-10-14 07:59:59.999997,-2.873845423194863,12.92306925170008,13.56356651924657,9.771485814779876,15.62656207682898,20.48770142019657
2018-10-14 08:15:00.000000,-2.923129344003258,12.91191994113863,13.54762956292814,9.758349062579528,15.61288233274684,20.48296699834547
2018-10-14 08:30:00.000003,-2.928717168319461,12.90466199493273,13.53634318262281,9.75227067954184,15.60286423834749,20.47900257846956
2018-10-14 08:44:59.999997,-2.880484887466974,12.90205212647377,13.53051605894676,9.754792707117192,15.59711512978831,20.47590641114866
2018-10-14 09:00:00.000000,-2.77401264282822,12.90465085446426,13.53083888370512,9.766813880777029,15.59618566747528,20.47378886318234
2018-10-14 09:15:00.000003,-2.607705398291939,12.91282179225295,13.53782088918108,9.788791734226931,15.60050050518737,20.47275805288661
2018-10-14 09:29:59.999997,-2.377338696863053,12.92701054567999,13.55202889534,9.821428312095081,15.61050433327254,20.47292420560512
2018-10-14 09:45:00.000000,-2.101054863831383,12.94654379850908,13.57299991204451,9.86263447502302,15.6259266882273,20.47433233642926
2018-10-14 10:00:00.000003,-1.789780989681001,12.97065180840979,13.59999089938081,9.910702324613533,15.64624068194941,20.47696334993041
2018-10-14 10:14:59.999997,-1.446946453294047,12.99895648937599,13.63253667894468,9.964923952729245,15.67103370472101,20.48076998581826
2018-10-14 10:30:00.000000,-1.090925376050719,13.03210237017844,13.67048418522583,10.02595182276192,15.6998346263278,20.4856742986219
2018-10-14 10:45:00.000003,-0.7173294219234189,13.06849679480488,13.71260226570955,10.09137981046296,15.7319828763496,20.491563238199
2018-10-14 10:59:59.999997,-0.3398275162914046,13.10674959934595,13.75753964382001,10.15864111093114,15.766565777941,20.49828580417246
2018-10-14 11:15:00.000000,0.03258900716569284,13.145870307242,13.80414561717748,10.22605980660752,15.80271016092761,20.50567292681448
2018-10-14 11:30:00.000003,0.3952337826308776,13.18513832729942,13.85148979612947,10.29257525643536,15.83966651250799,20.51355283219736
2018-10-14 11:44:59.999997,0.756736818301907,13.22468239197056,13.8994208767112,10.35907621046447,15.87721737790374,20.5217994064622
2018-10-14 12:00:00.000000,1.10304437348344,13.26385356857725,13.94722541245861,10.42382675362512,15.91476888249947,20.53027687676978
2018-10-14 12:15:00.000003,1.42653488934376,13.30172569380331,13.99390430488585,10.48530510081614,15.95160091655622,20.53883795293578
2018-10-14 12:29:59.999997,1.750259707786815,13.33920096006999,14.04002139938403,10.54632473604686,15.9879982809225,20.54741513986909
2018-10-14 12:45:00.000000,2.033415779479231,13.37414363891978,14.08372659019946,10.6015682109354,16.02274219547062,20.55585458935307
2018-10-14 13:00:00.000003,2.313376144946619,13.40798507829048,14.12595670438856,10.65536674258098,16.05629918398357,20.56410776745079
2018-10-14 13:14:59.999997,2.55040285650447,13.43880559554474,14.16508170097193,10.70277879972527,16.08761736241495,20.5720447505964
2018-10-14 13:30:00.000000,2.766715516336178,13.46717228977084,14.20130233821978,10.74607445140299,16.11671199363049,20.57958785580254
2018-10-14 13:45:00.000003,2.939358061856614,13.49193222977559,14.23357408672092,10.78232821888209,16.14284052059387,20.58661847916165
2018-10-14 13:59:59.999997,3.079233527875453,13.5131717101601,14.26173720394911,10.81251725137647,16.16583254302502,20.5930499354112
2018-10-14 14:15:00.000000,3.172112936025864,13.53002515482441,14.28493539417051,10.83471237598131,16.185083582678,20.59877007799208
2018-10-14 14:30:00.000003,3.216206172110731,13.54202632351785,14.30256850301043,10.84829829453058,16.2001134002252,20.60366712543211
2018-10-14 14:44:59.999997,3.202584922385109,13.54841305369402,14.3137964466477,10.85184322315658,16.21029425078335,20.60761379042854
2018-10-14 15:00:00.000000,3.12902456758307,13.54870233799079,14.31798154195014,10.84470943696931,16.21511068122545,20.61048366249814
2018-10-14 15:15:00.000003,2.990892956607599,13.54236638794909,14.31447581522937,10.82604290076103,16.21404947950362,20.61215065252107
2018-10-14 15:29:59.999997,2.788717888388843,13.52917326764017,14.30289888454841,10.79568974953229,16.2067746415025,20.61250490583795
2018-10-14 15:45:00.000000,2.533258749453982,13.50964921819028,14.28360265155742,10.75506264180827,16.19343540874786,20.61149037962744
2018-10-14 16:00:00.000003,2.234095314104751,13.48449607052076,14.25723134627842,10.70568388888614,16.17444922996074,20.60910926370273
2018-10-14 16:14:59.999997,1.903666558002835,13.4547066907714,14.22478404789793,10.64956377919863,16.1505113318304,20.60542503538744
2018-10-14 16:30:00.000000,1.552629807777488,13.4212812073486,14.18735650001636,10.58857183778755,16.12243562496662,20.60054841951695
2018-10-14 16:45:00.000003,1.192479868952165,13.38530452828304,14.14616707004713,10.52471212733112,16.09114902790433,20.59463315576181
2018-10-14 16:59:59.999997,0.8215076554869779,13.34721382763028,14.10190517935661,10.4582432437304,16.05722787666306,20.58782613151567
2018-10-14 17:15:00.000000,0.4496140659097783,13.30799176832623,14.05565035855808,10.39083424184103,16.0214437102746,20.58028873687128
2018-10-14 17:30:00.000003,0.07701328925926368,13.26790506238647,14.00791492118414,10.32275593286685,15.98428861384938,20.57216602242491
2018-10-14 17:44:59.999997,-0.2955892687300573,13.22716873140647,13.95908615432619,10.25422641315892,15.94612391170824,20.56358170462219
2018-10-14 18:00:00.000000,-0.6502971185366083,13.18697955177913,13.91037283089216,10.18784231939264,15.90783007971996,20.55469393615675
2018-10-14 18:15:00.000003,-0.9964316971492136,13.1473128380589,13.86203342018209,10.12282703685002,15.86970010733978,20.54562764145275
2018-10-14 18:29:59.999997,-1.316210007422433,13.10933977896566,13.81521415298997,10.06175078226777,15.83254932968709,20.53653510679739
2018-10-14 18:45:00.000000,-1.616994456189473,13.07404059537228,13.7707771224841,10.00565680358351,15.79689508067797,20.52755394628958
2018-10-14 19:00:00.000003,-1.887798607956472,13.04175943470379,13.72932152207767,9.95530247104391,15.76328349367459,20.51881820012901
2018-10-14 19:14:59.999997,-2.139021947591991,13.01169733485678,13.69049780408499,9.908635981461396,15.73164709844878,20.51040579000711
2018-10-14 19:30:00.000000,-2.361789737508203,12.98411912486337,13.65460757852364,9.866517406456282,15.70225439545229,20.50239413245014
2018-10-14 19:45:00.000003,-2.560004051167831,12.95897251759935,13.62169456517228,9.828610194113011,15.67519078237251,20.49484192741539
2018-10-14 19:59:59.999997,-2.734998384269214,12.93621175898087,13.59175977848932,9.794729961819538,15.65047803546432,20.48778652985833
2018-10-14 20:15:00.000000,-2.875565158087697,12.91639926021809,13.56532824102372,9.766292486579408,15.62850001560634,20.4812892287646
2018-10-14 20:30:00.000003,-2.988657375262395,12.89940306078994,13.54237954562272,9.742658198307982,15.60929162070957,20.47539020407287
2018-10-14 20:44:59.999997,-3.068713733878452,12.88548954616952,13.52318383839708,9.724477869023502,15.59305607577241,20.47013383433964
2018-10-14 21:00:00.000000,-3.106971700990046,12.87523033010964,13.50832449832471,9.713000367249451,15.58022469831315,20.46558714248137
2018-10-14 21:15:00.000003,-3.108039309371436,12.86863705598458,13.49793690381993,9.707890069164055,15.57094137324596,20.46180505877709
2018-10-14 21:29:59.999997,-3.054011271252979,12.86667009646274,13.49295905333687,9.711434914440037,15.56588419312718,20.45888432881705
2018-10-14 21:45:00.000000,-2.941232899647095,12.86992521879364,13.49412579235669,9.724549133853136,15.56563855295599,20.45693770944274
2018-10-14 22:00:00.000003,-2.771810857150855,12.87858320631078,13.50178979852873,9.747206865193965,15.5705243039688,20.45606453264529
2018-10-14 22:14:59.999997,-2.545097395113332,12.89281984083801,13.51623059251889,9.77958813690249,15.58078878617036,20.45635212308775
2018-10-14 22:30:00.000000,-2.278144191094558,12.91193420112212,13.53692177405014,9.819613615243012,15.59608206082769,20.45782323909055
2018-10-14 22:45:00.000003,-1.977648895730292,12.93532662415835,13.56324071821983,9.866114869516906,15.61595647483062,20.46045311870828
2018-10-14 22:59:59.999997,-1.660154257283434,12.96199315286131,13.59415917766724,9.916769512747127,15.63961870458195,20.46415573611256
2018-10-14 23:15:00.000000,-1.331944546588133,12.99127380136579,13.62878006752465,9.97055289512705,15.66635376413094,20.4688125063093
2018-10-14 23:30:00.000003,-0.998119126364917,13.02448200140057,13.66743503682291,10.02985776780333,15.69593536067866,20.47432156211407
2018-10-14 23:44:59.999997,-0.6566572706901259,13.05926924708623,13.70849751793035,10.09080636870502,15.72759477313934,20.48054599986695
2018-10-15 00:00:00.000000,-0.3261250952899546,13.09440357910893,13.75061172676176,10.15098622541271,15.76033171122275,20.48731398123878
2018-10-15 00:15:00.000003,0.0008797155138753771,13.12514953200929,13.79055449163308,10.16415747683653,15.78981524502931,20.49395888069805
2018-10-15 00:29:59.999997,0.3095354781173616,13.15859167743689,13.83167697963487,10.21915768411995,15.82133726504966,20.50083247190133
2018-10-15 00:45:00.000000,0.6167434999733614,13.19250203303891,13.87316694529971,10.27570203117442,15.85358935237645,20.50792238544206
2018-10-15 01:00:00.000003,0.8999893705943408,13.22519220543864,13.91361259830101,10.32912675397566,15.88535427394517,20.51511893634265
2018-10-15 01:14:59.999997,1.167001294258165,13.25680091956949,13.95288773802948,10.38005445415009,15.91630757049648,20.52232418697696
2018-10-15 01:30:00.000000,1.416728251267748,13.28691713385723,13.990548064319,10.42809315916579,15.94613736329765,20.5294421958579
2018-10-15 01:45:00.000003,1.646186641242328,13.31523960806005,14.02622038371263,10.47273317481253,15.97453043920043,20.53638124185222
2018-10-15 01:59:59.999997,1.845101771658605,13.34101728792759,14.05914011734654,10.51241113838224,16.00091636866631,20.54303023355055
2018-10-15 02:15:00.000000,2.015779832949844,13.36406677045929,14.08897434111863,10.54713229569399,16.02498926315129,20.54929234354263
2018-10-15 02:30:00.000003,2.146726144251116,13.38359142266994,14.11490540774485,10.57521720362219,16.04615007096859,20.55505370392239
2018-10-15 02:44:59.999997,2.236672715955018,13.39919683794494,14.13639975095426,10.59616214735942,16.06394997250314,20.56020106534399
2018-10-15 03:00:00.000000,2.288679177295177,13.4108143321313,14.15323239991644,10.6102079471768,16.07817957879159,20.56464615383597
2018-10-15 03:15:00.000003,2.288275432836469,13.41750620647591,14.16447741532202,10.61530416084644,16.08818090296636,20.56827048015844
2018-10-15 03:29:59.999997,2.239415340907128,13.419115970134,14.16979522267659,10.61160600575339,16.09363878468048,20.57097410272681
2018-10-15 03:45:00.000000,2.128214379640923,13.41470935738015,14.16823969825454,10.59711745576028,16.09386610772152,20.57263132824039
2018-10-15 04:00:00.000003,1.966665132928014,13.40460710213382,14.1598851222091,10.5731170961314,16.08880820501042,20.57315814704553
2018-10-15 04:14:59.999997,1.757542966700272,13.38901367593961,14.14486316177986,10.5401111612965,16.0785212940429,20.57250684605951
2018-10-15 04:30:00.000000,1.505251692418116,13.36821670422171,14.12342442515653,10.49877244656221,16.06316551456486,20.57065959934118
2018-10-15 04:45:00.000003,1.22125134458048,13.34298764924701,14.09629651348817,10.45081032540366,16.04323495368721,20.56765128765202
2018-10-15 04:59:59.999997,0.9214500699436285,13.3145598483244,14.0647134172829,10.3987581435498,16.01959829999223,20.56357848248993
2018-10-15 05:15:00.000000,0.6070177079871864,13.2836389347734,14.02955485084008,10.34339283583902,15.99290758875771,20.55856095321433
2018-10-15 05:30:00.000003,0.2888736093991087,13.25109158034796,13.99182306765157,10.28641051086543,15.96393999356162,20.55274294136127
2018-10-15 05:44:59.999997,-0.03350040214727359,13.21723001366494,13.95206604900887,10.22806222249594,15.93319293126736,20.54625916409903
2018-10-15 06:00:00.000000,-0.351494982798487,13.18276541872201,13.91110796974296,10.16969562108448,15.90130667121408,20.53925282774258
2018-10-15 06:15:00.000003,-0.6638736906450208,13.14811382130609,13.86954558909935,10.11179317407057,15.86877986661005,20.53185848018561
2018-10-15 06:29:59.999997,-0.9581706843170144,13.11423101034275,13.82841118874082,10.05626499829289,15.83638579697968,20.52423120779708
2018-10-15 06:45:00.000000,-1.236195024228602,13.08145366279154,13.78824896757407,10.00329529174234,15.80459379241377,20.51650980087769
2018-10-15 07:00:00.000003,-1.491757109099834,13.05079546440594,13.75000613274737,9.954650424171001,15.77403380343517,20.50883551712377
2018-10-15 07:14:59.999997,-1.721156205574009,13.02306275692705,13.71451691252177,9.911574284379252,15.74529767217038,20.50134787561441
2018-10-15 07:30:00.000000,-1.931492425522052,12.9974496133419,13.68145081311393,9.872134234690986,15.71836510454815,20.49413207870522
2018-10-15 07:45:00.000003,-2.119584240158648,12.97395359857018,13.65091401373817,9.83641462615349,15.69335998384758,20.48725691455398
2018-10-15 07:59:59.999997,-2.278817999349807,12.95294160782096,13.62329893799513,9.805291930194569,15.67060198538796,20.48079357874263
2018-10-15 08:15:00.000000,-2.420200297057032,12.93401582817002,13.59833838011678,9.777528898558142,15.64995954907637,20.47477807726194
2018-10-15 08:30:00.000003,-2.531025251408801,12.91771115117049,13.57650581454615,9.754584746354212,15.63176225123639,20.46926333377264
2018-10-15 08:44:59.999997,-2.614357673769343,12.90409069298077,13.55794760538028,9.736316005961847,15.6161467684411,20.46429441375057
2018-10-15 09:00:00.000000,-2.670895895514643,12.89316114703147,13.54271693069936,9.722650937147174,15.60317577662431,20.4599058212058
2018-10-15 09:15:00.000003,-2.691408688815953,12.88541435252963,13.53128774545963,9.714777349533508,15.59319558182575,20.45615057519088
2018-10-15 09:29:59.999997,-2.670026045910179,12.88136000049233,13.52422382002254,9.713668748160153,15.58663782423819,20.45310221930479
2018-10-15 09:45:00.000000,-2.599378702116714,12.88160231476087,13.52220377270205,9.720491221490532,15.58402679150516,20.45085145834675
2018-10-15 10:00:00.000003,-2.474133518914895,12.88670233259048,13.52590385714772,9.736199632143075,15.58589385359707,20.44950527314547
2018-10-15 10:14:59.999997,-2.292610391543081,12.89705932533247,13.53587433732729,9.76127393568693,15.59267206131279,20.44917002433631
2018-10-15 10:30:00.000000,-2.063257364618245,12.9124283559849,13.5520325826724,9.794793529215804,15.60437631218105,20.44991543912427
2018-10-15 10:45:00.000003,-1.795201813490209,12.93234046764132,13.57399184221068,9.835510251893172,15.62074377834265,20.45176137844903
2018-10-15 10:59:59.999997,-1.490538297352149,12.95659993227813,13.60153480463193,9.882993162466565,15.64157172618913,20.45470347380456
2018-10-15 11:15:00.000000,-1.172508656869787,12.98529978676286,13.63422863395748,9.936617282688017,15.66629096592873,20.45868378256889
2018-10-15 11:30:00.000003,-0.836693105933172,13.01736685501356,13.67113054075479,9.99492942141197,15.69434232528691,20.46361190096655
2018-10-15 11:44:59.999997,-0.4912047377267711,13.05166812223966,13.71115885680649,10.05595794510408,15.7250133838338,20.46936730204314
2018-10-15 12:00:00.000000,-0.1525370772294598,13.08684508120329,13.75290902722526,10.11703015062404,15.75729608914698,20.47578664733966
2018-10-15 12:15:00.000003,0.185827587775035,13.12272362757795,13.79591129056473,10.17850254895959,15.7907411317776,20.4827298495128
2018-10-15 12:29:59.999997,0.5179606312550662,13.15879509398938,13.83953142890208,10.23948000830626,15.82484199441316,20.49006321203276
2018-10-15 12:45:00.000000,0.8444855207758767,13.19483366969337,13.88338521193421,10.299821051827,15.85925655458257,20.49767189339813
2018-10-15 13:00:00.000003,1.150605769902013,13.23007935914781,13.92664635035039,10.35758536344767,15.89330600302455,20.50542250694076
2018-10-15 13:14:59.999997,1.449811743775157,13.26470450594072,13.9692680739253,10.41404818780585,15.92691124447748,20.51322521066128
2018-10-15 13:30:00.000000,1.725409262124019,13.29774079149558,14.01032611727734,10.46701816692898,15.9594371088263,20.52096495467121
2018-10-15 13:45:00.000003,1.990493509569077,13.32955511560889,14.04995618238013,10.51788482408531,15.9908950487873,20.52857331159718
2018-10-15 13:59:59.999997,2.222545321041546,13.35893018638733,14.08705506670756,10.56368837311821,16.0205258224783,20.53593607516756
2018-10-15 14:15:00.000000,2.433444418207856,13.38611995665495,14.12163768671761,10.60558636469475,16.04822903476395,20.54297675669437
2018-10-15 14:30:00.000003,2.607852386017729,13.41019884895414,14.15281560805248,10.64151029720909,16.07340001425966,20.54959071711639
2018-10-15 14:44:59.999997,2.756901279408333,13.43144504073088,14.18064052489923,10.67263420037316,16.09599431670711,20.55570864485055
2018-10-15 15:00:00.000000,2.860506238175445,13.44875742452826,14.20409815867968,10.69628597773223,16.11529806329326,20.56122091936563
2018-10-15 15:15:00.000003,2.930056111031579,13.4623007662831,14.22310916804734,10.71355263521974,16.13118721440058,20.5660494470998
2018-10-15 15:29:59.999997,2.941658258468369,13.47066552170421,14.23635293744606,10.72118131529103,16.1427579214216,20.57006068327459
2018-10-15 15:45:00.000000,2.909801908152466,13.47415099651121,14.24382962133055,10.7206045931113,16.14989345450185,20.57316324843557
2018-10-15 16:00:00.000003,2.821094560205772,13.47199295444851,14.24478474990869,10.71007934071141,16.15205512263314,20.57524886324419
2018-10-15 16:14:59.999997,2.671072571650973,13.463613867916,14.23853994473543,10.68865635979706,16.14871169563543,20.5762023925389
2018-10-15 16:30:00.000000,2.476929810123704,13.44978117211615,14.22561022656031,10.65849845066572,16.14010805809985,20.57597344682732
2018-10-15 16:45:00.000003,2.232653443672678,13.43034544233607,14.20589866057987,10.61906124350624,16.12618802888274,20.57452496289349
2018-10-15 16:59:59.999997,1.949175910221641,13.4059071679679,14.17992697280873,10.57179811588058,16.10727486997532,20.57186147628861
2018-10-15 17:15:00.000000,1.646960094098576,13.3778750532883,14.14903439738924,10.51979702641389,16.08428780145753,20.56806936726894
2018-10-15 17:30:00.000003,1.32602833263767,13.34676914963161,14.11394526460141,10.46361839872443,16.05782252356213,20.56325411625163
2018-10-15 17:44:59.999997,1.003441347484697,13.31386003407552,14.07599079742376,10.40585699475149,16.02885174136437,20.5575695881493
2018-10-15 18:00:00.000000,0.6701838818829546,13.2792900040486,14.03560216578665,10.34588973608929,15.99776006859617,20.55114473861087
2018-10-15 18:15:00.000003,0.3395737683445976,13.2439526438974,13.99374171706252,10.28557872786197,15.96526022338208,20.54412638065893
2018-10-15 18:29:59.999997,0.0124603689397766,13.20818854279124,13.95095812900448,10.22534435935191,15.93185101611894,20.53665037782562
2018-10-15 18:45:00.000000,-0.3097090453359395,13.17229338762311,13.90770306814521,10.16554171335988,15.89792472704792,20.52883733295564
2018-10-15 19:00:00.000003,-0.6114166950093545,13.13735056450295,13.86509064267043,10.10846409035832,15.86429803849373,20.52083792009551
2018-10-15 19:14:59.999997,-0.8992568876449007,13.10344536228945,13.82345740767471,10.05366031910201,15.83130979371748,20.51277628635528
2018-10-15 19:30:00.000000,-1.164209443587816,13.07121763020826,13.78350725139123,10.00242605710103,15.79949453327778,20.50477897536448
2018-10-15 19:45:00.000003,-1.407167022645382,13.04109419824598,13.74574603040093,9.955226716789966,15.76923705844959,20.49695933982848
2018-10-15 19:59:59.999997,-1.636300584827283,13.01344079778709,13.71044416384377,9.912185758278461,15.7406589228663,20.48939550497081
2018-10-15 20:15:00.000000,-1.842467159915699,12.98811891835801,13.67770493019125,9.873338245000424,15.71396504349513,20.48215526998099
2018-10-15 20:30:00.000003,-2.033282423675181,12.96462025685039,13.64723494808729,9.837410625179047,15.68903438764223,20.47527132902234
2018-10-15 20:44:59.999997,-2.210082235982876,12.94274644348986,13.61886062337543,9.804051555236695,15.66576206232905,20.4687573477507
2018-10-15 21:00:00.000000,-2.35929360136009,12.92311230270538,13.59311976252386,9.77492273375959,15.64453104760851,20.46265806606043
2018-10-15 21:15:00.000003,-2.486490778040904,12.90567298107849,13.57006647035176,9.749590860232919,15.62542090070412,20.45700837651559
2018-10-15 21:29:59.999997,-2.586915705111069,12.89069013512204,13.54997834143505,9.728645654195487,15.60863784866258,20.45184959463047
2018-10-15 21:45:00.000000,-2.641664148023676,12.8792450918086,13.53390574070269,9.714623423349153,15.59494156425133,20.44727692484764
2018-10-15 22:00:00.000003,-2.666218556992062,12.87098645670963,13.52173527769796,9.706018448105562,15.58433807312824,20.44334954827669
2018-10-15 22:14:59.999997,-2.636766414501451,12.86705520334798,13.51454677779068,9.705716985233003,15.57759961262388,20.44017557815443
2018-10-15 22:30:00.000000,-2.547437517140544,12.8682353067617,13.51327789721686,9.71499174629583,15.57546127118844,20.43788918581745
2018-10-15 22:45:00.000003,-2.410099327130259,12.8743069433301,13.51796156024701,9.732671464970407,15.57802902677377,20.43658370323766
2018-10-15 22:59:59.999997,-2.207538857179315,12.88615784518255,13.52949085829045,9.760868336700652,15.58595157229293,20.43637898770633
2018-10-15 23:15:00.000000,-1.9586466610776,12.90319375088793,13.54750865830799,9.797560556509476,15.59906454273479,20.43733401789861
2018-10-15 23:30:00.000003,-1.68219971294017,12.92436990406897,13.57106802048707,9.840130615229418,15.61667725056759,20.43942484245661
2018-10-15 23:44:59.999997,-1.379248054056973,12.94920335143409,13.59954252260604,9.887985765676444,15.63830770156691,20.44259472253242
2018-10-16 00:00:00.000000,-1.072225975421352,12.97825876037074,13.63266722347786,9.94142527033329,15.66334713937657,20.44674649702795
2018-10-16 00:15:00.000003,-0.7571391339860329,13.0064176609258,13.66690816306164,9.969861842987127,15.68795535830708,20.45128522644954
2018-10-16 00:29:59.999997,-0.4469262588664292,13.03749912285945,13.70374756123641,10.02388244996959,15.71562992611609,20.45644292255974
2018-10-16 00:45:00.000000,-0.1448656772365405,13.06924568143205,13.74175669250879,10.07849440572235,15.74475111905702,20.46213752394026
2018-10-16 01:00:00.000003,0.1476333102298922,13.10094047450224,13.78014017038722,10.13213427659988,15.77449690831569,20.46825122904635
2018-10-16 01:14:59.999997,0.441852825991323,13.13293436012905,13.81900804850184,10.1860800834867,15.8047903569067,20.4746955251066
2018-10-16 01:30:00.000000,0.7243645015205765,13.16450785661372,13.85767473339188,10.2385915345232,15.83511262605491,20.48135938589483
2018-10-16 01:45:00.000003,0.9904863850195839,13.19517195665834,13.89554193315143,10.28877709008379,15.86495173100871,20.48812247356301
2018-10-16 01:59:59.999997,1.249015256401488,13.22526291841621,13.93273692509636,10.33769128945966,15.89428104727175,20.49490552170838
2018-10-16 02:15:00.000000,1.487823239812085,13.25392759815412,13.96848177776085,10.38358761301025,15.92260070756872,20.50161174130666
2018-10-16 02:30:00.000003,1.716077697627423,13.28142116990765,14.00284716419085,10.42746484971424,15.94988559959535,20.50817906827237
2018-10-16 02:44:59.999997,1.930295724670977,13.30758309990103,14.03567055266559,10.46891814312146,15.97600929910944,20.51455873380754
2018-10-16 03:00:00.000000,2.114448896664139,13.33139862648042,14.06600525032117,10.50565375124839,16.0003173831361,20.52065824211267
2018-10-16 03:15:00.000003,2.276254630558161,13.35296032576163,14.09375621447083,10.53834364076163,16.02265253997623,20.52640859482863
2018-10-16 03:29:59.999997,2.40291115686301,13.37145958447168,14.11813024854393,10.56522338156054,16.04246452533857,20.53171609808845
2018-10-16 03:45:00.000000,2.493407620950331,13.38649451007568,14.13859359009335,10.58580615609794,16.05932856368027,20.53648292589905
2018-10-16 04:00:00.000003,2.539025798433054,13.39734507397335,14.15435786381579,10.59871478517376,16.07265786956629,20.54059538337228
2018-10-16 04:14:59.999997,2.531888848755342,13.40322563954735,14.16453537374708,10.60254487106811,16.08177800666178,20.54392069588923
2018-10-16 04:30:00.000000,2.470019665061912,13.4036604930928,14.16848550071975,10.59669304622253,16.08616578714675,20.54632785506425
2018-10-16 04:45:00.000003,2.349982878893521,13.39819508099711,14.16562240176784,10.58047853552539,16.0853480074117,20.54769348439539
2018-10-16 04:59:59.999997,2.189410107165095,13.38762325239642,14.15648194710725,10.55615361312521,16.07959875384006,20.54796306099654
2018-10-16 05:15:00.000000,1.979409767590396,13.37167467168802,14.14087153431171,10.52280765494941,16.06878887840382,20.54709004831299
2018-10-16 05:30:00.000003,1.730373551634027,13.35084349478305,14.11919243827294,10.48174954153855,16.05316239607109,20.5450667770908
2018-10-16 05:44:59.999997,1.460047290539617,13.32632727157654,14.09257111321978,10.43564040542701,16.03349120358132,20.54195799757488
2018-10-16 06:00:00.000000,1.153040618021433,13.29767649259073,14.06082342565606,10.38283707173663,16.00974321448945,20.53779877270803
2018-10-16 06:15:00.000003,0.8364548221311889,13.26642003366381,14.02534430765932,10.32693966955856,15.98284404585074,20.53269663320904
2018-10-16 06:29:59.999997,0.5459788290513082,13.23533509760734,13.98885098919338,10.27364049027849,15.95467684483199,20.52688654134186
2018-10-16 06:45:00.000000,0.2128507366886254,13.20139682006102,13.94923337269113,10.214405192194,15.92409332514469,20.52040845404288
2018-10-16 07:00:00.000003,-0.07917020860248171,13.16846889935436,13.90971402630797,10.15956982788642,15.89318506390869,20.51348275601048
2018-10-16 07:14:59.999997,-0.3599886570988924,13.1362530281975,13.87059616507799,10.10666258620966,15.86239158169801,20.50628143529062
2018-10-16 07:30:00.000000,-0.6262218620359697,13.10498051336753,13.83228970702651,10.05599324877656,15.83208460251774,20.49894811385868
2018-10-16 07:45:00.000003,-0.8640139967906997,13.07563692821566,13.79583086840121,10.00961131176176,15.803031268095,20.49164292655396
2018-10-16 07:59:59.999997,-1.093904484943453,13.04747073415182,13.76079910207462,9.965100992426542,15.7750605234349,20.48445057657887
2018-10-16 08:15:00.000000,-1.309002512607989,13.02071623322919,13.72739775663481,9.923154648087774,15.74831139662686,20.47743692760828
2018-10-16 08:30:00.000003,-1.501255274981294,12.99636450394792,13.6964349999373,9.885724765753299,15.72327350032207,20.47068621264119
2018-10-16 08:44:59.999997,-1.681074998987563,12.97412158661246,13.66776313297446,9.851692997349046,15.69989531027696,20.46424448547149
2018-10-16 09:00:00.000000,-1.843784654401422,12.95367856064683,13.64124585421927,9.820717652263104,15.67817756490887,20.45814046981383
2018-10-16 09:15:00.000003,-1.977563731714955,12.93559131622397,13.61744368339437,9.794214951571195,15.65853467464322,20.45243206684329
2018-10-16 09:29:59.999997,-2.097618105050317,12.91932192070556,13.59598603662348,9.770498669267319,15.64076063649429,20.44713808641754
2018-10-16 09:45:00.000000,-2.19910314986092,12.9049298423312,13.57689333157156,9.749940295010846,15.62487027892628,20.44227315805417
2018-10-16 10:00:00.000003,-2.270759697399515,12.89301757093174,13.56071795633748,9.734028446480542,15.61125451292519,20.43788118057931
2018-10-16 10:14:59.999997,-2.311463017402512,12.88388253816848,13.54783335716019,9.723173512607605,15.60021368273614,20.4340182328592
2018-10-16 10:30:00.000000,-2.306666221536571,12.87841704809518,13.53915070196767,9.719362824549874,15.59241725184562,20.43077866299391
2018-10-16 10:45:00.000003,-2.253225329019788,12.87716818919,13.53536500189873,9.72339855301054,15.58842323977454,20.42827288014378
2018-10-16 10:59:59.999997,-2.147778090048861,12.88058849399375,13.53707553834069,9.735947834688076,15.58871845001327,20.42661408812895
2018-10-16 11:15:00.000000,-1.977267606450596,12.88959322504047,13.5452856654991,9.758890498735026,15.59406646427955,20.42594352916444
2018-10-16 11:30:00.000003,-1.76251670209225,12.90359717653298,13.55971004529014,9.79000336705011,15.60433588590292,20.42633749651209
2018-10-16 11:44:59.999997,-1.506750135313546,12.92226596960213,13.58005465231738,9.82859289084414,15.61933619827315,20.4278287562767
2018-10-16 12:00:00.000000,-1.229523148616188,12.94559204452696,13.60592419035701,9.873936016943418,15.63858029220269,20.43039101165068
2018-10-16 12:15:00.000003,-0.9350151742662867,12.97254613116579,13.63634131072244,9.924268055071654,15.66141939836701,20.43394610697105
2018-10-16 12:29:59.999997,-0.628480123610021,13.0019824691822,13.67021072131226,9.977716144061866,15.6871367505736,20.43838091745194
2018-10-16 12:45:00.000000,-0.3179681019554095,13.03304418778224,13.70656331350324,10.03279862291886,15.71500907049775,20.44356122381837
2018-10-16 13:00:00.000003,-0.01712654669656916,13.06457995508554,13.74414271045194,10.08730573261609,15.74409938958742,20.44932058731032
2018-10-16 13:14:59.999997,0.2888420823988403,13.09693344673311,13.78294460949666,10.14279989373533,15.77427166121639,20.455543566606
2018-10-16 13:30:00.000000,0.5766862147353786,13.12878538854287,13.82170038774518,10.1961915097577,15.80462999411988,20.46207620527859
2018-10-16 13:45:00.000003,0.858246136626483,13.16027634537216,13.8602560040828,10.24855286822901,15.83495070532688,20.46880263497899
2018-10-16 13:59:59.999997,1.114350271294454,13.19048165741652,13.89766308332655,10.29747421299913,15.8644890547365,20.47558216310598
2018-10-16 14:15:00.000000,1.365902563534849,13.21996484335174,13.93420223773439,10.34520677137165,15.89337166095596,20.48233850373646
2018-10-16 14:30:00.000003,1.611798431821972,13.24882099916023,13.96995225367946,10.3918878411771,15.9216501673424,20.48902806930835
2018-10-16 14:44:59.999997,1.824981245657548,13.27547874633332,14.00352295667011,10.43376426321829,15.94839948235297,20.49553836210866
2018-10-16 15:00:00.000000,2.041612399134518,13.30147271696707,14.03601784982266,10.47523288407243,15.97424353238779,20.50186030632321
2018-10-16 15:15:00.000003,2.225518442590183,13.32520172957341,14.06615945495781,10.5119019687857,15.99837528958697,20.50791079759582
2018-10-16 15:29:59.999997,2.388357793829897,13.34678527793552,14.09384934414345,10.54472005567919,16.02063341494959,20.51362604357962
2018-10-16 15:45:00.000000,2.523191275871403,13.36577035880674,14.1186073722102,10.57276042693261,16.04067910990253,20.51893490381814
2018-10-16 16:00:00.000003,2.623595298027858,13.38157407467904,14.13979534396111,10.59493922871715,16.05804254416491,20.52374992146568
2018-10-16 16:14:59.999997,2.680744169909239,13.39342405016362,14.15658053606555,10.60978135417257,16.07210478290425,20.52796076038881
2018-10-16 16:30:00.000000,2.695600963976858,13.40103296215328,14.16850657764319,10.61710159353263,16.08247601271178,20.53146106695733
2018-10-16 16:45:00.000003,2.650630672515223,13.40319654156236,14.17436451486971,10.61433177151881,16.08828901836345,20.53410687344251
2018-10-16 16:59:59.999997,2.572453475193426,13.40097770672573,14.17483162652325,10.6046742091979,16.08987524666107,20.5358420403828
2018-10-16 17:15:00.000000,2.43154911926576,13.392940172761,14.16867337232009,10.58444625787781,16.0864237395982,20.53655063376446
2018-10-16 17:30:00.000003,2.244180041578346,13.37949445009929,14.15602875059051,10.55529646629254,16.07792571617427,20.53616206491936
2018-10-16 17:44:59.999997,2.015105951177273,13.36102913693997,14.1372135090235,10.51807668169482,16.06455825372613,20.53464707988367
2018-10-16 18:00:00.000000,1.751798187396366,13.33810703326386,14.11277002670862,10.47396636235148,16.04668419092983,20.53202104863104
2018-10-16 18:15:00.000003,1.473991851166869,13.31206939155162,14.08398611007876,10.42592006013855,16.02520202131846,20.52837226519666
2018-10-16 18:29:59.999997,1.174543295452031,13.28301935707555,14.05121390974676,10.37349927458616,16.00045447744328,20.52378541942619
2018-10-16 18:45:00.000000,0.8660824828603892,13.25184028226177,14.01537778430005,10.31852119866404,15.97310813836053,20.51837474090099
2018-10-16 19:00:00.000003,0.553496941151153,13.21933583013172,13.97739997474255,10.2621460938277,15.9438291204195,20.51227094555293
2018-10-16 19:14:59.999997,0.2425447127068117,13.1860610308667,13.93800599725456,10.20536958237524,15.91322323761312,20.50560929497269
2018-10-16 19:30:00.000000,-0.06689176153161289,13.15226516436563,13.89763825911524,10.14839714124338,15.88169511934124,20.49851164888098
2018-10-16 19:45:00.000003,-0.3561718722886693,13.11919811509858,13.85756422348664,10.09393274024949,15.8501666128836,20.49113792870281
2018-10-16 19:59:59.999997,-0.6358109540694491,13.08678529722829,13.81800982819679,10.041057916648,15.81891616221117,20.48361306028031
2018-10-16 20:15:00.000000,-0.8992367474238527,13.0554749647225,13.77950591585331,9.990654504398847,15.78836165459141,20.47605407085481
2018-10-16 20:30:00.000003,-1.142100060471557,13.02574761278584,13.74262602653628,9.943534784902198,15.75895348640465,20.46857559604453
2018-10-16 20:44:59.999997,-1.36872529491459,12.99768159984592,13.70756165456629,9.899471709086882,15.73087079281623,20.46126345906927
2018-10-16 21:00:00.000000,-1.585251271817959,12.97162783176216,13.67451842303203,9.858725303463723,15.70417269290638,20.45417521597136
2018-10-16 21:15:00.000003,-1.784344137904292,12.94755772330939,13.64360495159999,9.821480065847364,15.67901466502795,20.44735958808593
2018-10-16 21:29:59.999997,-1.970265009432612,12.9250176449668,13.61457346775595,9.786717945306995,15.65531427834693,20.4408415279656
2018-10-16 21:45:00.000000,-2.138243242825289,12.90416122619093,13.58758591845997,9.754905519851716,15.63319337559338,20.43464902905143
2018-10-16 22:00:00.000003,-2.287181311311071,12.88509774418682,13.56277887389636,9.726256407853814,15.61277881410662,20.42881267455952
2018-10-16 22:14:59.999997,-2.411806349562856,12.86815127028198,13.54048591384499,9.701498275595732,15.59432540744482,20.42337523729365
2018-10-16 22:30:00.000000,-2.513079456505009,12.85341638085207,13.52086767098968,9.68065548741698,15.57797606816073,20.41837648580657
2018-10-16 22:45:00.000003,-2.579712483091433,12.84153895985411,13.5045691132369,9.665216712912725,15.56419935542774,20.41388506188946
2018-10-16 22:59:59.999997,-2.605587374983952,12.83309679352856,13.49224757298314,9.656250964565059,15.55350759451058,20.40998830435493
2018-10-16 23:15:00.000000,-2.593700987666683,12.8282067078946,13.48417001056765,9.653625666279835,15.5461501746135,20.40676555000403
2018-10-16 23:30:00.000003,-2.517780393307452,12.8283143391479,13.48175531306764,9.660759854342727,15.54315511663147,20.40435893696286
2018-10-16 23:44:59.999997,-2.386904326240643,12.83358615470487,13.48545184118943,9.677150150393333,15.54493428859537,20.40289421036401
2018-10-17 00:00:00.000000,-2.211250105587103,12.84364659685852,13.49508069270441,9.701549746480271,15.55143459739861,20.40244767866792
