,Marina,ERT-MW-1A,ERT-MW-1B,MillCreek,ERT-MW-4B,MW-PD-17
2017-04-02 11:29:19.398496,0.33,11.91949697783519,12.56950957060853,9.249064294273232,14.32554357404074,18.72607921715124
2017-07-30 09:37:26.616544,0.33,11.66126086249777,12.32029513513609,9.077718265685476,14.09835765600006,18.40669004224211
2018-01-01 00:00:00.000000,0.33,11.54996403627391,12.20938308561338,8.999743445270223,13.99075818878072,18.25508916722809
2018-01-02 00:00:00.000000,0.33,11.53217199944341,12.1994913999439,8.927261989897445,13.98873738748518,18.24966792624031
2018-01-03 00:00:00.000000,0.33,11.51531493769611,12.18409666987433,8.914545050116189,13.97498515667501,18.23151395639341
2018-01-04 00:00:00.000000,0.33,11.49835944335449,12.16796013336593,8.902102661112625,13.95980226955758,18.21210631621299
2018-01-05 00:00:00.000000,0.33,11.48174340827241,12.15195310033794,8.890032331256863,13.94447606632026,18.19269800721266
2018-01-06 00:00:00.000000,0.33,11.46551087479068,12.13620409951343,8.878280097160497,13.92922375045577,18.17373041004978
2018-01-07 00:00:00.000000,0.33,11.44962595045243,12.12069535851476,8.866778273652095,13.91403780604046,18.15482735692474
2018-01-08 00:00:00.000000,0.33,11.43405063882815,12.10539934661234,8.85547327767375,13.89889210197773,18.13571875584393
2018-01-09 00:00:00.000000,0.33,11.41877063921375,12.09031939449991,8.844339065798598,13.88382806638664,18.11679478239786
2018-01-10 00:00:00.000000,0.33,11.46156578566661,12.12434110310157,9.029510716583982,13.91855740063133,18.1414547321638
2018-01-11 00:00:00.000000,0.33,11.42881377979611,12.09798078842123,8.856943368855372,13.89161912330954,18.12163974223298
2018-01-12 00:00:00.000000,0.33,11.63388130542832,12.27025382994948,9.590485534198045,14.06590579487383,18.27366557648296
2018-01-13 00:00:00.000000,0.33,11.79102235352413,12.41499891774046,9.8073627432214,14.2204574114325,18.44678423322838
2018-01-14 00:00:00.000000,0.33,11.69452477773657,12.34908004619226,9.060043852688917,14.15458005369855,18.42472001991239
2018-01-15 00:00:00.000000,0.33,11.67030568726082,12.32871992460411,9.04000596579169,14.13639324617385,18.40479552185013
2018-01-16 00:00:00.000000,0.33,11.64765049219777,12.30922609016878,9.022233393610962,14.11861467523559,18.38487816131347
2018-01-17 00:00:00.000000,0.33,11.62618981083736,12.29037573277517,9.005878778001932,14.10112148878975,18.36509277341366
2018-01-18 00:00:00.000000,0.33,11.60580902072456,12.27213218384442,8.991238888771116,14.08394411938915,18.34546028024162
2018-01-19 00:00:00.000000,0.33,11.58651957161855,12.2545490978313,8.97927714274502,14.06722344404828,18.32602013196613
2018-01-20 00:00:00.000000,0.33,11.56792147383138,12.23735671902657,8.966926458394173,14.05063980429668,18.30671139749644
2018-01-21 00:00:00.000000,0.33,11.56884500098089,12.23627096502715,9.022006765131072,14.05140889837041,18.30208166342308
2018-01-22 00:00:00.000000,0.33,11.55656409974599,12.2252276589792,8.996430962444196,14.04109404414472,18.29067026993369
2018-01-23 00:00:00.000000,0.33,11.54918246017792,12.21809844526947,9.000520274369126,14.03548865322969,18.28236643640393
2018-01-24 00:00:00.000000,0.33,11.86284221551909,12.4824746058185,10.13911430812697,14.30525505963546,18.52345764804815
2018-01-25 00:00:00.000000,0.33,11.74059465090938,12.40055636689828,9.103593293808975,14.22224323703651,18.50054165422894
2018-01-26 00:00:00.000000,0.33,11.716888065741,12.38032441696241,9.08356087836512,14.20395178413667,18.48138495414575
2018-01-27 00:00:00.000000,0.33,11.69455443480364,12.36084136963462,9.065581703506275,14.18570922425093,18.46141634835502
2018-01-28 00:00:00.000000,0.33,11.70769437261727,12.37059910458194,9.179985876820954,14.19799433931405,18.4654219777113
2018-01-29 00:00:00.000000,0.33,11.76414788014804,12.41869284347668,9.376571276692976,14.24803239656181,18.50925072025383
2018-01-30 00:00:00.000000,0.33,11.89475144974113,12.53273399964555,9.735399354573715,14.36523575178508,18.61951790946224
2018-01-31 00:00:00.000000,0.33,11.81300210382563,12.47445320424701,9.159716968091477,14.3054231285047,18.59609918931223
2018-02-01 00:00:00.000000,0.33,11.78825767787354,12.45318436719291,9.139355487558957,14.28580579542669,18.575523756464
2018-02-02 00:00:00.000000,0.33,11.84176475686016,12.49924267911476,9.393567612082531,14.33812097774303,18.61505500980845
2018-02-03 00:00:00.000000,0.33,11.7949986202535,12.46361964892009,9.145372300141986,14.30192795536757,18.59360324327911
2018-02-04 00:00:00.000000,0.33,11.7724696520238,12.44372719191269,9.127707036169735,14.28326939760047,18.57360910140303
2018-02-05 00:00:00.000000,0.33,11.91875543876589,12.56599033796268,9.710921560546108,14.41107292997165,18.67913026843345
2018-02-06 00:00:00.000000,0.33,12.00140854524478,12.64481982720447,9.753567857372465,14.49234221342502,18.77336987871416
2018-02-07 00:00:00.000000,0.33,11.9255134182871,12.59016281670583,9.248908556090631,14.4362174298235,18.74926401364741
2018-02-08 00:00:00.000000,0.33,12.06166079567241,12.70463700253314,9.808195672105258,14.55742444773666,18.8500378746767
2018-02-09 00:00:00.000000,0.33,11.98404650212332,12.64885773245839,9.29420395665927,14.50028571516085,18.82545841586641
2018-02-10 00:00:00.000000,0.33,11.95733273622268,12.62614527833756,9.272359568536393,14.47958465788416,18.80416820707999
2018-02-11 00:00:00.000000,0.33,12.30448052947525,12.91510341403869,10.59304751975553,14.78721122975367,19.08950363701198
2018-02-12 00:00:00.000000,0.33,12.62878008930128,13.21520466561961,11.07118975496062,15.09442382443149,19.40409853595281
2018-02-13 00:00:00.000000,0.33,12.43763162601728,13.09137048588716,9.628284638705223,14.9645415393596,19.37408580530811
2018-02-14 00:00:00.000000,0.33,12.40089734585071,13.06241349900028,9.602111317141757,14.94051896939366,19.35064427696199
2018-02-15 00:00:00.000000,0.33,12.44132316978295,13.09826333855965,9.849043901445627,14.98495863717631,19.38146109074869
2018-02-16 00:00:00.000000,0.33,12.43249083387914,13.09574606750256,9.772824592085046,14.98619688183645,19.39168484344708
2018-02-17 00:00:00.000000,0.33,12.40355107060638,13.0743121501078,9.674243855739284,14.96757229460694,19.379808843391
2018-02-18 00:00:00.000000,0.33,12.48621115068698,13.14400390757595,10.02395694830439,15.04567490785309,19.44212928086144
2018-02-19 00:00:00.000000,0.33,12.50531223076213,13.1669757871134,9.952974045530214,15.07163850164373,19.48042142342305
2018-02-20 00:00:00.000000,0.33,12.47721180191433,13.14913584557926,9.784346575443053,15.05431801955076,19.47837072897869
2018-02-21 00:00:00.000000,0.33,12.43193861460977,13.11263558128177,9.637650355366064,15.01665568459928,19.45227620988664
2018-02-22 00:00:00.000000,0.33,12.40140756068554,13.08620187390572,9.61429965521083,14.99222497076622,19.427938609284
2018-02-23 00:00:00.000000,0.33,12.37254314864859,13.06081974508742,9.592755870048531,14.96872339232822,19.40389548840225
2018-02-24 00:00:00.000000,0.33,12.38973821836228,13.0760531020779,9.719391660508967,14.99003753958893,19.41864004178016
2018-02-25 00:00:00.000000,0.33,12.55183719714321,13.21295081145289,10.29247206813275,15.13955188929778,19.54270631291331
2018-02-26 00:00:00.000000,0.33,12.74159881311105,13.37921625695367,10.69441292838136,15.31579225546262,19.71644487394623
2018-02-27 00:00:00.000000,0.33,12.60108150745482,13.2826555758927,9.766345725673265,15.20714186735819,19.68237443078419
2018-02-28 00:00:00.000000,0.33,12.56671810654553,13.25384642645403,9.739450819065997,15.18067575831289,19.65713186617409
2018-03-01 00:00:00.000000,0.33,12.53504611620892,13.22664929989738,9.71613207774533,15.15535015039423,19.63207360998741
2018-03-02 00:00:00.000000,0.33,13.2583013180123,13.8355048407663,12.23874195880567,15.81353306725521,20.18887411737668
2018-03-03 00:00:00.000000,0.33,13.68537325210624,14.24445740905925,12.54381092417102,16.23909231047518,20.67581699862439
2018-03-04 00:00:00.000000,0.33,13.3919185177945,14.05396720855179,10.37769039662908,16.02214584496629,20.6312776020131
2018-03-05 00:00:00.000000,0.33,13.33980445398604,14.01360492344196,10.33521425611968,15.98799811379255,20.6012974881026
2018-03-06 00:00:00.000000,0.33,13.29168672873504,13.97500061280787,10.29785016898224,15.95482888173187,20.57072989111686
2018-03-07 00:00:00.000000,0.33,13.24674353747081,13.93796482543239,10.26354819698659,15.92231952828142,20.54028711614499
2018-03-08 00:00:00.000000,0.33,13.77692991054949,14.3544517540134,12.33259309165033,16.35892338654536,20.87729662251511
2018-03-09 00:00:00.000000,0.33,13.52112766836418,14.18866600810022,10.4766803985971,16.17332224089044,20.8390639543962
2018-03-10 00:00:00.000000,0.33,13.47387882534928,14.15471589936864,10.43915369718971,16.14823857920387,20.81734321542194
2018-03-11 00:00:00.000000,0.33,13.43077804533409,14.12302534579621,10.40628473263622,16.12471927390429,20.79592779146631
2018-03-12 00:00:00.000000,0.33,13.39282083709964,14.09621113014254,10.37806613189267,16.10743624205256,20.78150771158431
2018-03-13 00:00:00.000000,0.33,13.41246607928893,14.11470179841675,10.55149188289599,16.13821300218995,20.80231251861528
2018-03-14 00:00:00.000000,0.33,13.51428572213868,14.19355903331406,10.96369582906283,16.22809845431107,20.87620335417045
2018-03-15 00:00:00.000000,0.33,13.41746532775992,14.1285647679732,10.40328065298354,16.15677572859752,20.85006096672416
2018-03-16 00:00:00.000000,0.33,13.37713769189937,14.09384654070401,10.37261456228209,16.12485565471955,20.81932976023575
2018-03-17 00:00:00.000000,0.33,13.33873189846523,14.06000440429787,10.34384509573156,16.09322902115825,20.78824291689531
2018-03-18 00:00:00.000000,0.33,13.30233863959679,14.02743529045415,10.31687030229419,16.06256867607745,20.75749481587901
2018-03-19 00:00:00.000000,0.33,13.26741243941842,13.99578649374085,10.2910076945756,16.03239154822673,20.72696176981158
2018-03-20 00:00:00.000000,0.33,13.23376013374982,13.96495983620681,10.266045373991,16.00265397997022,20.69665085379241
2018-03-21 00:00:00.000000,0.33,13.20135598423006,13.93497769401668,10.24201012632022,15.97348819581693,20.66663669013277
2018-03-22 00:00:00.000000,0.33,13.17008632420499,13.90579017798543,10.218798602076,15.94485493934612,20.63688817558169
2018-03-23 00:00:00.000000,0.33,13.47669520693344,14.15608399059841,11.38226235516616,16.21530520916125,20.8474626389898
2018-03-24 00:00:00.000000,0.33,13.54765771460717,14.23368883482079,11.14142152271098,16.29193471996327,20.96198313412379
2018-03-25 00:00:00.000000,0.33,13.46561762402607,14.18057174805188,10.53556979452121,16.23481769365662,20.96175449514402
2018-03-26 00:00:00.000000,0.33,13.41430526521434,14.13893303598475,10.40981803945937,16.19229662826628,20.92938905466276
2018-03-27 00:00:00.000000,0.33,13.37695501220603,14.10606687223821,10.3809432071315,16.16099097047564,20.89807386154643
2018-03-28 00:00:00.000000,0.33,13.34144497625839,14.07429885395004,10.35380387238165,16.13040878454978,20.86699336995469
2018-03-29 00:00:00.000000,0.33,13.30762951098101,14.04358867064503,10.32822289607141,16.10062055486112,20.8362200027781
2018-03-30 00:00:00.000000,0.33,13.27524530285208,14.01379924500678,10.3038814525737,16.07148271235972,20.8057572954956
2018-03-31 00:00:00.000000,0.33,13.24387157394344,13.98464336368881,10.2802462747896,16.04261284187742,20.77546772986091
2018-04-01 00:00:00.000000,0.33,13.21356941927234,13.95620921255536,10.25744498352183,16.01426031862776,20.74544369705336
2018-04-02 00:00:00.000000,0.33,13.18487467069315,13.92947580228527,10.23602421762576,15.98847343577434,20.71739685660213
2018-04-03 00:00:00.000000,0.33,13.25438901128471,13.98257517950568,10.55505392840668,16.04869246537295,20.75813078413368
2018-04-04 00:00:00.000000,0.33,13.31576912969292,14.03592544307112,10.6925361776212,16.10527344800552,20.81257354152976
2018-04-05 00:00:00.000000,0.33,13.30752675468259,14.03386256889016,10.53500751321986,16.10256546097646,20.82502460650348
2018-04-06 00:00:00.000000,0.33,13.24895477893058,13.98715643112968,10.28962171705358,16.05148844932049,20.79216818053226
2018-04-07 00:00:00.000000,0.33,13.21761890265641,13.95839434273328,10.26512083635276,16.02281526730146,20.76217289394906
2018-04-08 00:00:00.000000,0.33,13.1875944070981,13.93050800641329,10.24193270685053,15.9948267030511,20.73244618678673
2018-04-09 00:00:00.000000,0.33,13.15863011140431,13.9033018836917,10.21970119908888,15.96732007401896,20.70294695793864
2018-04-10 00:00:00.000000,0.33,13.13062999003999,13.87676022681269,10.19829629976505,15.94032851972514,20.67376150090397
2018-04-11 00:00:00.000000,0.33,13.10348564727266,13.85082081404648,10.17759120931058,15.91377722999245,20.6448270169158
2018-04-12 00:00:00.000000,0.33,13.0771180086907,13.82544616561786,10.1575164853635,15.88767412766163,20.61615388580247
2018-04-13 00:00:00.000000,0.33,13.05142610181333,13.80055075257971,10.13796801261908,15.86191849006654,20.5876945280348
2018-04-14 00:00:00.000000,0.33,13.02635101966134,13.77610793787304,10.11888957982185,15.83650785235269,20.55946218070421
2018-04-15 00:00:00.000000,0.33,13.00184220789322,13.75208950389982,10.10023078208305,15.8114089507036,20.53141881664741
2018-04-16 00:00:00.000000,0.33,13.38762940024303,14.07006607519261,11.48733433570137,16.1547881102394,20.81021627479896
2018-04-17 00:00:00.000000,0.33,13.8531948285885,14.4765955225706,12.57335355549907,16.58304020358453,21.2172697562361
2018-04-18 00:00:00.000000,0.33,13.58620421370504,14.30050970800701,10.55462683407137,16.3786183353012,21.17124453796146
2018-04-19 00:00:00.000000,0.33,13.54291000862132,14.26519233870281,10.51853109748753,16.34572380789743,21.13979221830873
2018-04-20 00:00:00.000000,0.33,13.52426597809772,14.24828142601033,10.57765249804926,16.33487234897249,21.12124045485816
2018-04-21 00:00:00.000000,0.33,13.47636934810223,14.20886087680159,10.46719916857209,16.29449410896902,21.08851451927784
2018-04-22 00:00:00.000000,0.33,13.43981736808048,14.17683490142475,10.43874978702375,16.2636989356434,21.05717108596147
2018-04-23 00:00:00.000000,0.33,13.40516942985613,14.14595366561394,10.41208066276763,16.2336796000887,21.02615120862473
2018-04-24 00:00:00.000000,0.33,13.37206083496741,14.11596247424112,10.38677404323089,16.20417444746784,20.99517265238338
2018-04-25 00:00:00.000000,0.33,13.34027471183695,14.08676043773888,10.3625975739366,16.17516849539291,20.96438563433217
2018-04-26 00:00:00.000000,0.33,13.30969322978529,14.05833130479505,10.33940811889301,16.14670107624413,20.93389760251467
2018-04-27 00:00:00.000000,0.33,13.28035237242991,14.03074854137333,10.31730225222379,16.11896050314207,20.90380851348121
2018-04-28 00:00:00.000000,0.33,13.34047131883424,14.07774362201233,10.5870001853232,16.17567325306881,20.94892985778949
2018-04-29 00:00:00.000000,0.33,13.28186279888848,14.03146484310243,10.32128421349784,16.12352477313972,20.91603184789345
2018-04-30 00:00:00.000000,0.33,13.25323374246098,14.00441499225519,10.29923603816328,16.09597286901206,20.88593136957999
2018-05-01 00:00:00.000000,0.33,13.22539312961598,13.97792292227676,10.27786736202951,16.06875233265639,20.85602197427679
2018-05-02 00:00:00.000000,0.33,13.18574518267029,13.93119484839923,10.24659636749293,16.00878910909579,20.79614048604514
2018-05-03 00:00:00.000000,0.33,13.15634794550514,13.90172216701282,10.22377125186598,15.9767871249107,20.76095000007452
2018-05-04 00:00:00.000000,0.33,13.12863873906021,13.8745340245258,10.2022734405327,15.94776729341537,20.72834167002717
2018-05-05 00:00:00.000000,0.33,13.10166087067202,13.84800420418867,10.18135668562138,15.91939755445044,20.69623669015334
2018-05-06 00:00:00.000000,0.33,13.07529936779843,13.82197722212348,10.16092730613098,15.89148066300894,20.66445477903126
2018-05-07 00:00:00.000000,0.33,13.04946952855583,13.79636020309766,10.14091541198704,15.86391611996881,20.63290886460291
2018-05-08 00:00:00.000000,0.33,13.02412333615211,13.77111724706924,10.12126864578411,15.83664865471508,20.60157612847442
2018-05-09 00:00:00.000000,0.33,12.9992208742835,13.74622100998808,10.10195821590913,15.80966799217176,20.57044890715553
2018-05-10 00:00:00.000000,0.33,12.97472458934367,13.72164136898031,10.08294121676632,15.78293499187787,20.53952095837759
2018-05-11 00:00:00.000000,0.33,12.95061508050578,13.69737379464982,10.06420067334612,15.756442800463,20.50876242601868
2018-05-12 00:00:00.000000,0.33,12.92687886220495,13.67341816195092,10.04573520033009,15.73022200489153,20.47820907381715
2018-05-13 00:00:00.000000,0.33,12.90350767398394,13.64978112103286,10.02753496129961,15.7042852878952,20.44788489555716
2018-05-14 00:00:00.000000,0.33,12.88046505056163,13.62642048585994,10.00957510629483,15.67859062194485,20.41775514698184
2018-05-15 00:00:00.000000,0.33,12.85774465123691,13.60334169124046,9.991845739898116,15.6531387849341,20.38782948045181
2018-05-16 00:00:00.000000,0.33,12.83531226005929,13.58050295909663,9.974324215878061,15.62789788805287,20.35809580281454
2018-05-17 00:00:00.000000,0.33,12.82928203806719,13.57226369472918,9.983320240054114,15.61883949769705,20.34991742725072
2018-05-18 00:00:00.000000,0.33,12.82161544746082,13.56300764956383,9.989501132798523,15.61002446702676,20.3398045754056
2018-05-19 00:00:00.000000,0.33,12.80067187207699,13.54224886245439,9.963226755085271,15.58729942408293,20.31459062228655
2018-05-20 00:00:00.000000,0.33,12.96671202957766,13.68812155822459,10.45162087238417,15.74912179727704,20.47117729564583
2018-05-21 00:00:00.000000,0.33,12.89330111414628,13.63401205683426,10.02123903627697,15.68342846079892,20.43694479440768
2018-05-22 00:00:00.000000,0.33,12.86962478954886,13.61019348048814,10.00183596184375,15.65740634985493,20.40584674710691
2018-05-23 00:00:00.000000,0.33,12.84630217179269,13.58671497207742,9.983085740664507,15.63171927971552,20.37495509058704
2018-05-24 00:00:00.000000,0.33,12.82325116646884,13.56348699806333,9.964708443348526,15.6062661918136,20.34431647779842
2018-05-25 00:00:00.000000,0.33,12.80050659177512,13.54054043167779,9.946701290005663,15.58110896053468,20.31396822502442
2018-05-26 00:00:00.000000,0.33,12.7781194521189,13.51793119284365,9.929109924937688,15.5563895428746,20.28402403871674
2018-05-27 00:00:00.000000,0.33,12.7560246837025,13.4955797094416,9.911796196850169,15.53187100592358,20.25430366227008
2018-05-28 00:00:00.000000,0.33,12.73415846896683,13.47342185194053,9.894614631164794,15.50733857950844,20.22462713468122
2018-05-29 00:00:00.000000,0.33,12.71260621115461,13.45155375639144,9.87768009698498,15.48306615592047,20.19519310108839
2018-05-30 00:00:00.000000,0.33,12.69134870817964,13.42995871307802,9.860983048567595,15.45905809567735,20.1660105899293
2018-05-31 00:00:00.000000,0.33,12.6703478916312,13.40858449151652,9.844493464311748,15.43525830524458,20.13704475639539
2018-06-01 00:00:00.000000,0.33,12.64955153361948,13.38737135694656,9.828185532218948,15.41163142056176,20.10827446043017
2018-06-02 00:00:00.000000,0.33,12.6178373307581,13.34797332097635,9.80265508910141,15.3585913384109,20.05231714166604
2018-06-03 00:00:00.000000,0.33,12.59475440008562,13.32350833091017,9.784311099830827,15.33024936598318,20.01863242744218
2018-06-04 00:00:00.000000,0.33,12.57376463139185,13.30203497986103,9.7677231294993,15.30564683046772,19.98872812612079
2018-06-05 00:00:00.000000,0.33,12.59950685783165,13.32140667858938,9.839593293856744,15.32973205460643,20.02009309282438
2018-06-06 00:00:00.000000,0.33,12.56789539458099,13.29267078387866,9.76333178656616,15.29419449305485,19.98705953575203
2018-06-07 00:00:00.000000,0.33,12.54604391661266,13.27008725051065,9.74574568506101,15.26852500374465,19.95505728157979
2018-06-08 00:00:00.000000,0.33,12.52444166924637,13.24777119679313,9.728675637849548,15.24316241223757,19.92331639637118
2018-06-09 00:00:00.000000,0.33,12.50347796890604,13.22591167665838,9.713212058043789,15.21824792930948,19.89186998323623
2018-06-10 00:00:00.000000,0.33,12.48257181468275,13.20417635809097,9.697367521005264,15.19346750960485,19.86065833397788
2018-06-11 00:00:00.000000,0.33,12.46175158699814,13.18256504646937,9.68132357820383,15.16881543446502,19.82965783539467
2018-06-12 00:00:00.000000,0.33,12.44105406519178,13.16110663808765,9.665207266012047,15.14432949674976,19.79888578051725
2018-06-13 00:00:00.000000,0.33,12.42048421414092,13.13978813368002,9.649083207546443,15.11999189027502,19.76833184263165
2018-06-14 00:00:00.000000,0.33,12.40020346171091,13.11871103000692,9.63302552006492,15.09582109097239,19.73797793773489
2018-06-15 00:00:00.000000,0.33,12.38015161080729,13.09783287841756,9.617057480420943,15.0718163617012,19.70782076392002
2018-06-16 00:00:00.000000,0.33,12.36023405072519,13.07710468945145,9.601187640322816,15.04799606250718,19.67786977989056
2018-06-17 00:00:00.000000,0.33,12.34045184447417,13.05651146134369,9.585416109018816,15.02432296640161,19.64809914649334
2018-06-18 00:00:00.000000,0.33,12.3205314103861,13.03587579516424,9.569707054238254,15.00078306370223,19.61851320134632
2018-06-19 00:00:00.000000,0.33,12.30077615231839,13.01539766615742,9.554106863618003,14.97739822577726,19.589100789006
2018-06-20 00:00:00.000000,0.33,12.28128433832501,12.99518182837977,9.53901079637016,14.95441267966655,19.55992322515326
2018-06-21 00:00:00.000000,0.33,12.27412444394052,12.98662763349379,9.541487324456769,14.94457646777613,19.54928984659421
2018-06-22 00:00:00.000000,0.33,12.27901242298723,12.98899035738522,9.568045843762079,14.94962228891018,19.55614159384243
2018-06-23 00:00:00.000000,0.33,12.25628626447705,12.96623408272066,9.522322737166792,14.92125988571857,19.52576465870813
2018-06-24 00:00:00.000000,0.33,12.23695968856837,12.94606388882172,9.50731266093224,14.89862537465538,19.49608292766186
2018-06-25 00:00:00.000000,0.33,12.21772110950773,12.92605531365312,9.492357972577866,14.87608780524085,19.46666309713591
2018-06-26 00:00:00.000000,0.33,12.19865209743446,12.90625430454358,9.477475414420125,14.85370634329802,19.4375326484093
2018-06-27 00:00:00.000000,0.33,12.17961757748217,12.88650121079132,9.462615108002447,14.83133203595486,19.40855247501965
2018-06-28 00:00:00.000000,0.33,12.16067913808617,12.8668546838727,9.447803405215213,14.80903162846137,19.37975404488992
2018-06-29 00:00:00.000000,0.33,12.14187248664384,12.84735339368903,9.433062222332302,14.78685151110601,19.35115339656791
2018-06-30 00:00:00.000000,0.33,12.12317653564764,12.82794970811979,9.418380331168574,14.76475631447465,19.32279750410921
2018-07-01 00:00:00.000000,0.33,12.10460944382029,12.80867412951515,9.403771170052504,14.74276635567655,19.29460569367158
2018-07-02 00:00:00.000000,0.33,12.07372146909478,12.76872472183871,9.37941334486692,14.68641005478355,19.23426122470831
2018-07-03 00:00:00.000000,0.33,12.05248670887795,12.74582308966014,9.362391202174951,14.65911253132761,19.20053897574945
2018-07-04 00:00:00.000000,0.33,12.03231877260424,12.72470649709588,9.346152722063634,14.63441083710306,19.16918648828902
2018-07-05 00:00:00.000000,0.33,12.01238430416985,12.70388732990611,9.330104752493302,14.6100909093125,19.13823644326281
2018-07-06 00:00:00.000000,0.33,11.99262720704597,12.68325267437588,9.31422112457585,14.58598973263772,19.10749392692379
2018-07-07 00:00:00.000000,0.33,11.97310066739938,12.66285031063118,9.298492876045097,14.56210433819115,19.07695359417357
2018-07-08 00:00:00.000000,0.33,11.95369079237281,12.64255300884443,9.282866843726248,14.53834115453484,19.04656686700052
2018-07-09 00:00:00.000000,0.33,11.93439565631669,12.6223579007972,9.267335857581148,14.51469109858992,19.0163425842417
2018-07-10 00:00:00.000000,0.33,11.91516574088343,12.60222734667088,9.251859374275291,14.49114678087632,18.98638727581654
2018-07-11 00:00:00.000000,0.33,11.89598854297562,12.58213623896662,9.236443121457071,14.46767229670286,18.95658659291029
2018-07-12 00:00:00.000000,0.33,11.87690817429536,12.56213178462417,9.221106243733173,14.44429148227878,18.92683521568668
2018-07-13 00:00:00.000000,0.33,11.85795878980492,12.54226881685525,9.205863650865204,14.42105266871361,18.89716136972794
2018-07-14 00:00:00.000000,0.33,11.83912233185078,12.52251721643767,9.190704324993478,14.39791722098221,18.86754807371579
2018-07-15 00:00:00.000000,0.33,11.82037438606612,12.50284411605845,9.175618969323294,14.37487195434449,18.83805139562968
2018-07-16 00:00:00.000000,0.33,11.80173252876907,12.48328039920844,9.1606231008415,14.35197120170394,18.80871380662927
2018-07-17 00:00:00.000000,0.33,11.78316473241534,12.46378656525461,9.14570397466605,14.32918146389256,18.77950918324827
2018-07-18 00:00:00.000000,0.33,11.92760849089268,12.60836688910019,9.383006570913023,14.4880064967305,18.97977041688928
2018-07-19 00:00:00.000000,0.33,11.89892547084435,12.58277631675736,9.237279921455952,14.45494855190164,18.95063004711884
2018-07-20 00:00:00.000000,0.33,11.88058566105436,12.5624848509402,9.22115640976672,14.43157878599247,18.91916686306668
2018-07-21 00:00:00.000000,0.33,11.86168844443637,12.54193011952487,9.20525973434322,14.40806527145918,18.88769657861411
2018-07-22 00:00:00.000000,0.33,11.90786017594384,12.5790103515742,9.39298668172989,14.44664541565704,18.91906367848653
2018-07-23 00:00:00.000000,0.33,11.9971988305887,12.65225013950491,9.687489904389745,14.5203464072379,18.98164451834299
2018-07-24 00:00:00.000000,0.33,11.94864881280314,12.61605519048301,9.31987807456244,14.48075834720037,18.95479237598896
2018-07-25 00:00:00.000000,0.33,11.92055746024805,12.58986038254885,9.251510704805806,14.4513467738587,18.9224703504185
2018-07-26 00:00:00.000000,0.33,11.91027423230437,12.58021916210978,9.262770840814676,14.43924203702391,18.90196317297466
2018-07-27 00:00:00.000000,0.33,11.8854784110062,12.5561983528944,9.221268332500115,14.41199644705272,18.87019809193627
2018-07-28 00:00:00.000000,0.33,11.86333638626604,12.53401235803248,9.203261814053617,14.38743241799238,18.83883962562689
2018-07-29 00:00:00.000000,0.33,11.84154793551287,12.51210236046685,9.185760304474353,14.36310164475969,18.80772855889042
2018-07-30 00:00:00.000000,0.33,11.82006282343968,12.49041672718986,9.168636792911407,14.33894499664385,18.77683442601296
2018-07-31 00:00:00.000000,0.33,11.79882299898451,12.46889525728514,9.151810079472186,14.31492350092991,18.74612717990904
2018-08-01 00:00:00.000000,0.33,11.7778501701706,12.4475855400872,9.135244620730992,14.29106933681548,18.71562483764447
2018-08-02 00:00:00.000000,0.33,11.76435475389931,12.43850890207267,9.124777899533203,14.2880067452524,18.70445413767683
2018-08-03 00:00:00.000000,0.33,11.74556514506694,12.41977910139371,9.11049674778261,14.26773533658812,18.67763404584748
2018-08-04 00:00:00.000000,0.33,11.72645508988692,12.4002902351891,9.095892622841179,14.24615185522426,18.64971456673528
2018-08-05 00:00:00.000000,0.33,11.70780319057729,12.38142896046703,9.081492852309804,14.22507917616153,18.62232103540403
2018-08-06 00:00:00.000000,0.33,11.68909677081612,12.36221913036725,9.067165049220506,14.20374107580801,18.59471141190555
2018-08-07 00:00:00.000000,0.33,11.67058837868695,12.34318160250515,9.05296625169311,14.18255010966728,18.56728117593995
2018-08-08 00:00:00.000000,0.33,11.65217840399882,12.32421353170357,9.038724138190364,14.16131138925367,18.53996092570901
2018-08-09 00:00:00.000000,0.33,11.63390538448027,12.30537501644498,9.024493436096476,14.1401359118274,18.51281855902687
2018-08-10 00:00:00.000000,0.33,11.61581639550045,12.28671701259634,9.010376668705861,14.11918219833688,18.48617993085928
2018-08-11 00:00:00.000000,0.33,11.5978767969947,12.26819158987793,8.996355116308376,14.09834261567002,18.45961524967611
2018-08-12 00:00:00.000000,0.33,11.58043949221046,12.2503943134851,8.982767320871398,14.07847022709404,18.43373322535713
2018-08-13 00:00:00.000000,0.33,11.56378729810464,12.23353787458139,8.971947054818598,14.05963828775558,18.40889495444883
2018-08-14 00:00:00.000000,0.33,11.57158063455701,12.24100666558762,8.989696750087727,14.0683901720158,18.42477792111929
2018-08-15 00:00:00.000000,0.33,11.55346752595724,12.22273376896141,8.964748202945378,14.04716358079684,18.39908163064946
2018-08-16 00:00:00.000000,0.33,11.53656598902493,12.20508860062,8.952445156238163,14.0272934671475,18.37297553496417
2018-08-17 00:00:00.000000,0.33,11.5196885022039,12.18750418145126,8.93973721199174,14.00745357750608,18.34697983841255
2018-08-18 00:00:00.000000,0.33,11.53036634665941,12.1986636278885,8.957635175409859,14.0186826489014,18.36169874658645
2018-08-19 00:00:00.000000,0.33,11.75642092816494,12.3957225499212,9.713968199986951,14.22036450681866,18.55423849461679
2018-08-20 00:00:00.000000,0.33,11.77364268128038,12.42043203110386,9.430185107000124,14.24440103251137,18.59703453291744
2018-08-21 00:00:00.000000,0.33,11.7211320079547,12.38048402465741,9.090394847609536,14.20270942874499,18.56866474670464
2018-08-22 00:00:00.000000,0.33,11.6987666062231,12.35923242851788,9.071461758464064,14.18084852231685,18.54130485794942
2018-08-23 00:00:00.000000,0.33,11.67711300935342,12.33840818149121,9.053920073303809,14.15923208017716,18.51410964100639
2018-08-24 00:00:00.000000,0.33,11.65595793628481,12.31787999103831,9.037094140553943,14.13768973293416,18.48736571584507
2018-08-25 00:00:00.000000,0.33,11.63525121680616,12.29762291111608,9.020829253724441,14.11622651301249,18.4606697345176
2018-08-26 00:00:00.000000,0.33,11.61495199128071,12.27761290238337,9.005035960713906,14.09485237389171,18.43381227923568
2018-08-27 00:00:00.000000,0.33,11.59504076864754,12.25786665299808,8.989635090828594,14.07365095850917,18.40715571086007
2018-08-28 00:00:00.000000,0.33,11.57565671009588,12.23847849062745,8.976280938170516,14.05277730346348,18.38070881942453
2018-08-29 00:00:00.000000,0.33,11.55668334754339,12.21937530756696,8.963701838825532,14.03213325528931,18.35444688076044
2018-08-30 00:00:00.000000,0.33,11.53796202717389,12.200459131226,8.950501020840113,14.01158786323125,18.32835506862836
2018-08-31 00:00:00.000000,0.33,11.51947108716873,12.18171274854261,8.936941397314285,13.9911346527673,18.30241099969257
2018-09-01 00:00:00.000000,0.33,11.50120109722435,12.16313742529518,8.923195051863013,13.97079263647482,18.27662331230172
2018-09-02 00:00:00.000000,0.33,11.49557104542335,12.16569469427818,8.917798590217863,13.98492677409664,18.28296672156781
2018-09-03 00:00:00.000000,0.33,11.4805950518696,12.15128686745161,8.90650388297376,13.97022542333656,18.2631727986184
2018-09-04 00:00:00.000000,0.33,11.46486949325536,12.1353588869603,8.894633455580342,13.9531815444219,18.24131589564541
2018-09-05 00:00:00.000000,0.33,11.44922188041384,12.11941365999826,8.882701188196274,13.93599669287266,18.21937608568421
2018-09-06 00:00:00.000000,0.33,11.43371117913016,12.10356613979671,8.870776598580907,13.91885463728541,18.1975307211522
2018-09-07 00:00:00.000000,0.33,11.43782876028293,12.10629861565185,8.880608462132068,13.92106991950751,18.20385190971522
2018-09-08 00:00:00.000000,0.33,11.44778912074789,12.11498336844589,8.89546751170803,13.93065585497411,18.21887041505521
2018-09-09 00:00:00.000000,0.33,11.43099195780366,12.09793943043909,8.872185358814136,13.9112480329653,18.19575480062024
2018-09-10 00:00:00.000000,0.33,11.44746975477104,12.11573726451239,8.894369084677283,13.93105356518887,18.2192428758945
2018-09-11 00:00:00.000000,0.33,11.62577993858535,12.27169748578395,9.47891829886679,14.09004834286322,18.37334772365471
2018-09-12 00:00:00.000000,0.33,11.66463416546086,12.31264435665739,9.359428883194713,14.13173365365258,18.42449207626383
2018-09-13 00:00:00.000000,0.33,12.18333541695086,12.75314527764406,11.09154330866458,14.58146478805406,18.83327935309023
2018-09-14 00:00:00.000000,0.33,12.01369520506706,12.64778976564755,9.407264754248022,14.47378777360916,18.82233813028228
2018-09-15 00:00:00.000000,0.33,11.97119859325956,12.61445931782816,9.282499756278153,14.44222853173047,18.79523776788072
2018-09-16 00:00:00.000000,0.33,11.94045828544288,12.58852815823677,9.256447274277953,14.41869776722106,18.76845353002039
2018-09-17 00:00:00.000000,0.33,11.91142516364071,12.5634303689035,9.232979326766896,14.39551521255389,18.74189379415884
2018-09-17 00:15:00.000003,0.33,11.91104735527005,12.5630377372326,9.23265382360188,14.39500493522281,18.74149371985838
2018-09-17 00:29:59.999997,0.33,11.91060984395871,12.56254021949056,9.232280024865569,14.39434150712597,18.74099702178962
2018-09-17 00:45:00.000000,0.33,11.9101540411385,12.56201121736046,9.23190613665613,14.39367757048794,18.74047272172345
2018-09-17 01:00:00.000003,0.33,11.90971914129826,12.56151663467381,9.231557148268408,14.3930952161645,18.73997949938929
2018-09-17 01:14:59.999997,0.33,11.90931159045838,12.56106984762842,9.231236094002588,14.39259995005906,18.73952972827563
2018-09-17 01:30:00.000000,0.33,11.90892743353546,12.56066458880267,9.23093741608357,14.39217324841503,18.73911850859314
2018-09-17 01:45:00.000003,0.33,11.90856651832437,12.56029933447624,9.230655965094297,14.39180388735873,18.73874409477352
2018-09-17 01:59:59.999997,0.33,11.9082282329594,12.55997233981891,9.230388924273377,14.39148395101463,18.73840418599112
2018-09-17 02:15:00.000000,0.33,11.90789844586615,12.55966242640165,9.230130286151345,14.39118807946707,18.73808046341803
2018-09-17 02:30:00.000003,0.33,11.90757748631987,12.55936760074946,9.229877830012473,14.39091176461391,18.73777124823255
2018-09-17 02:44:59.999997,0.33,11.90726332741423,12.559084468198,9.229629800209022,14.39065006544571,18.7374730975977
2018-09-17 03:00:00.000000,0.33,11.90695435096652,12.55881027976703,9.22938518631702,14.39039927308512,18.73718341138119
2018-09-17 03:15:00.000003,0.33,11.90664921064464,12.55854272978177,9.229143148371465,14.390156451812,18.73690003691454
2018-09-17 03:29:59.999997,0.33,11.90634696436767,12.55828014246027,9.228903070104732,14.38991950712933,18.73662141015345
2018-09-17 03:45:00.000000,0.33,11.90604693712422,12.55802130503178,9.228664506954088,14.38968694172523,18.73634638521587
2018-09-17 04:00:00.000003,0.33,11.90574863105116,12.5577653277609,9.22842714670735,14.38945767657467,18.73607411941821
2018-09-17 04:14:59.999997,0.33,11.90545168729288,12.55751156164119,9.228190758528436,14.3892309301163,18.73580399062456
2018-09-17 04:30:00.000000,0.33,11.90515583116316,12.55725951745003,9.227955178430843,14.38900612344696,18.7355355303201
2018-09-17 04:45:00.000003,0.33,11.90486087082081,12.55700884167702,9.227720280218662,14.38878283648586,18.73526839322433
2018-09-17 04:59:59.999997,0.33,11.90456665055539,12.55675925878448,9.227485975196801,14.3885607485633,18.73500231157834
2018-09-17 05:15:00.000000,0.33,11.90427305866013,12.55651056403059,9.227252192009352,14.38833962010756,18.7347370826176
2018-09-17 05:30:00.000003,0.33,11.90398000490113,12.55626259686326,9.227018879333444,14.38811926608805,18.73447254782716
2018-09-17 05:44:59.999997,0.33,11.90368742370581,12.55601523667993,9.226785995121258,14.38789954631684,18.73420858539113
2018-09-17 06:00:00.000000,0.33,11.90339526066653,12.55576838699841,9.226553508807024,14.38768035031838,18.73394509829803
2018-09-17 06:15:00.000003,0.33,11.90310347601992,12.55552197458719,9.226321394625918,14.38746159325171,18.73368201101581
2018-09-17 06:29:59.999997,0.33,11.90281203599759,12.55527593982547,9.226089633628208,14.38724320706551,18.73341926240016
2018-09-17 06:45:00.000000,0.33,11.90252091572482,12.55503023696207,9.225858209422707,14.38702513880491,18.7331568042263
2018-09-17 07:00:00.000003,0.33,11.90223009364059,12.55478482814487,9.225627109765922,14.38680734530331,18.73289459686906
2018-09-17 07:14:59.999997,0.33,11.90193955371312,12.55453968402113,9.225396323838536,14.38658979256375,18.73263260869986
2018-09-17 07:30:00.000000,0.33,11.90164928179833,12.55429477994727,9.225165843397086,14.38637245246258,18.73237081337466
2018-09-17 07:45:00.000003,0.33,11.90135926724261,12.55405009658348,9.22493566101693,14.38615530256923,18.73210918960491
2018-09-17 07:59:59.999997,0.33,11.90106950051014,12.55380561748184,9.224705770905398,14.38593832408452,18.73184771944489
2018-09-17 08:15:00.000000,0.33,11.90077997547457,12.55356133228736,9.224476169085092,14.38572150476062,18.73158639036578
2018-09-17 08:30:00.000003,0.33,11.90049068513385,12.55331722809123,9.224246849629804,14.38550482904222,18.73132518788113
2018-09-17 08:44:59.999997,0.33,11.90020162469485,12.55307329690129,9.224017809221895,14.38528828723633,18.73106410226704
2018-09-17 09:00:00.000000,0.33,11.89991278973076,12.55282953147883,9.223789044895003,14.38507187098009,18.7308031250767
2018-09-17 09:15:00.000003,0.33,11.89962417668351,12.55258592565113,9.223560553673527,14.38485557318799,18.73054224913059
2018-09-17 09:29:59.999997,0.33,11.89933578197932,12.55234247357878,9.223332333012461,14.38463938740817,18.73028146797211
2018-09-17 09:45:00.000000,0.33,11.89904760266906,12.55209917025987,9.223104380383804,14.38442330807322,18.73002077602971
2018-09-17 10:00:00.000003,0.33,11.89875963588872,12.55185601109857,9.22287669358063,14.38420733015721,18.72976016831194
2018-09-17 10:14:59.999997,0.33,11.8984718792676,12.55161299220485,9.222649270446086,14.38399144934329,18.72949964051615
2018-09-17 10:30:00.000000,0.33,11.89818433055233,12.55137011006769,9.22242210906584,14.38377566177646,18.72923918881228
2018-09-17 10:45:00.000003,0.33,11.89789698785787,12.55112736172003,9.222195207584862,14.38355996415314,18.7289788098993
2018-09-17 10:59:59.999997,0.33,11.89760984940642,12.55088474449754,9.221968564325799,14.38334435353524,18.72871850084508
2018-09-17 11:15:00.000000,0.33,11.89732291368187,12.55064225612901,9.221742177664458,14.38312882739205,18.72845825911041
2018-09-17 11:30:00.000003,0.33,11.89703617925655,12.55039989457326,9.221516046105386,14.38291338347272,18.72819808243924
2018-09-17 11:44:59.999997,0.33,11.89674964504921,12.55015765846009,9.221290168406552,14.38269802026481,18.72793796919933
2018-09-17 12:00:00.000000,0.33,11.89646330994058,12.54991554609756,9.221064542948382,14.38248273573226,18.72767791738263
2018-09-17 12:15:00.000003,0.33,11.89617568010308,12.54967164634815,9.220839185393718,14.3822658286901,18.72741659203408
2018-09-17 12:29:59.999997,0.33,11.89589039701765,12.54943021692801,9.220613617251495,14.38205096657956,18.72715693342844
2018-09-17 12:45:00.000000,0.33,11.89561368681375,12.54920209806382,9.220392337335541,14.38184960808302,18.726907783598
2018-09-17 13:00:00.000003,0.33,11.89532633396084,12.54895929741927,9.220167635839774,14.38163360623416,18.72664652179885
2018-09-17 13:14:59.999997,0.33,11.89503968875154,12.548715832418,9.219942866378327,14.38141671880888,18.72638532295728
2018-09-17 13:30:00.000000,0.33,11.89476189543598,12.54848542232609,9.219721559604565,14.38121296088977,18.72613440528186
2018-09-17 13:45:00.000003,0.33,11.89447429345969,12.54824128042356,9.219497115136647,14.38099540847246,18.7258720905833
2018-09-17 13:59:59.999997,0.33,11.89418778754337,12.54799718157814,9.219272656913404,14.38077767673304,18.7256102951394
2018-09-17 14:15:00.000000,0.33,11.89391038668118,12.54776666401224,9.21905220272002,14.38057361285342,18.7253592111597
2018-09-17 14:30:00.000003,0.33,11.89362250998842,12.54752168713312,9.218828018327264,14.38035514277473,18.72509611604628
2018-09-17 14:44:59.999997,0.33,11.89333586082569,12.54727678279118,9.218604021072993,14.38013648006762,18.72483362296967
2018-09-17 15:00:00.000000,0.33,11.89305843042358,12.54704558167898,9.218383776138982,14.37993158919475,18.72458189608097
2018-09-17 15:15:00.000003,0.33,11.89277103993703,12.5468005930015,9.21816030290136,14.37971291116811,18.72431870086564
2018-09-17 15:29:59.999997,0.33,11.89248487655979,12.546555826111,9.217936932495713,14.37949422824264,18.72405619259403
2018-09-17 15:45:00.000000,0.33,11.8922079396306,12.54632481758654,9.217717367209506,14.37928937904887,18.72380449563184
2018-09-17 16:00:00.000003,0.33,11.8919210057616,12.54607999881272,9.217494550757138,14.37907073686717,18.72354131115507
2018-09-17 16:14:59.999997,0.33,11.89163532107641,12.54583542326667,9.217271848522355,14.37885210607885,18.72327883338432
2018-09-17 16:30:00.000000,0.33,11.89135886652457,12.54560460750115,9.217052918721489,14.37864730588566,18.72302716665609
2018-09-17 16:45:00.000003,0.33,11.89107248532491,12.54536008281179,9.216830800159803,14.37842881501103,18.72276409483939
2018-09-17 16:59:59.999997,0.33,11.89078737345151,12.54511584432036,9.216608785078856,14.37821037951527,18.7225017585739
2018-09-17 17:15:00.000000,0.33,11.8905114851093,12.54488536330877,9.21639057175075,14.37800576995967,18.72225023711684
2018-09-17 17:30:00.000003,0.33,11.89022560648958,12.54464110881616,9.216169123461539,14.37778742277624,18.72198725846718
2018-09-17 17:44:59.999997,0.33,11.88994100409177,12.54439713097387,9.215947785779493,14.37756911464778,18.72172501216277
2018-09-17 18:00:00.000000,0.33,11.88966561455044,12.54416688469357,9.215730202055315,14.37736460115446,18.72147355802606
2018-09-17 18:15:00.000003,0.33,11.88938031469043,12.54392297397118,9.215509454339571,14.37714645751416,18.72121073612356
2018-09-17 18:29:59.999997,0.33,11.88909630361789,12.54367937372673,9.215288800860423,14.37692838854144,18.72094866714363
2018-09-17 18:45:00.000000,0.33,11.88882149249186,12.54344949259236,9.21507193114091,14.37672409915516,18.72069738596923
2018-09-17 19:00:00.000003,0.33,11.88853670064683,12.54320587248399,9.214851844452799,14.37650612322337,18.72043467678282
2018-09-17 19:14:59.999997,0.33,11.88825320234263,12.54296254795056,9.214631859146387,14.37628819952232,18.72017271307529
2018-09-17 19:30:00.000000,0.33,11.88797889031435,12.54273291136781,9.2144156094566,14.37608401866532,18.71992151018311
2018-09-17 19:45:00.000003,0.33,11.88769467340935,12.54248963857683,9.21419621071432,14.37586625232625,18.71965896362403
2018-09-17 19:59:59.999997,0.33,11.88741175913383,12.54224668935186,9.213976896616083,14.37564856796518,18.71939717872012
2018-09-17 20:15:00.000000,0.33,11.88713801683971,12.54201741224528,9.213761341481186,14.37544460778442,18.71914614673182
2018-09-17 20:30:00.000003,0.33,11.88685431215858,12.54177443960187,9.213542593728455,14.37522701918064,18.71888372306483
2018-09-17 20:44:59.999997,0.33,11.88657032079637,12.54152987009487,9.213324043621743,14.37500781646528,18.71862071071394
2018-09-17 21:00:00.000000,0.33,11.88628898965333,12.54128800203929,9.21310516824348,14.37479088357063,18.71835955628461
2018-09-17 21:15:00.000003,0.33,11.8860168215273,12.54106035630897,9.212890641166936,14.37458830643068,18.71810955856527
2018-09-17 21:29:59.999997,0.33,11.8857344265404,12.54081884986524,9.212673074493342,14.37437201108488,18.71784807033142
2018-09-17 21:45:00.000000,0.33,11.88545318953198,12.54057742052699,9.2124555322559,14.37415555542389,18.71758717804256
2018-09-17 22:00:00.000003,0.33,11.88518095748406,12.54034936927689,9.212241627099118,14.3739525217116,18.71733682537937
2018-09-17 22:14:59.999997,0.33,11.88489879724026,12.54010764206653,9.212024559448105,14.37373588092541,18.71707510739438
2018-09-17 22:30:00.000000,0.33,11.88461789812878,12.53986615139253,9.211807529738406,14.37351922552576,18.71681408597787
2018-09-17 22:45:00.000003,0.33,11.88434607392151,12.53963818159073,9.211594221366827,14.37331613507482,18.71656371041832
2018-09-17 22:59:59.999997,0.33,11.8840642736516,12.53939648832013,9.21137769214256,14.37309940377779,18.71630192364064
2018-09-17 23:15:00.000000,0.33,11.88378376082673,12.53915506729007,9.211161233060272,14.37288268879233,18.71604086242067
2018-09-17 23:30:00.000003,0.33,11.88351234032253,12.53892719292973,9.210948463562644,14.37267956026814,18.71579046077434
2018-09-17 23:44:59.999997,0.33,11.88323102686905,12.53868571092492,9.21073254829974,14.37246290422014,18.7155287405256
2018-09-18 00:00:00.000000,0.33,11.88295102275752,12.5384445531817,9.210516693408787,14.3722463188918,18.71526777933585
2018-09-18 00:15:00.000003,0.33,11.97148172315669,12.58934871689792,10.25512665940763,14.42884215551144,18.7219099100012
2018-09-18 00:29:59.999997,0.33,11.99109505741669,12.60835106013417,10.29873882727494,14.45223194980039,18.72884022696564
2018-09-18 00:45:00.000000,0.33,11.99839187974463,12.61751448998416,10.30590708117887,14.46381442848789,18.73499342282308
2018-09-18 01:00:00.000003,0.33,12.00326322717567,12.6238239403532,10.30984337553786,14.47150098928214,18.7403413675646
2018-09-18 01:14:59.999997,0.33,12.00729372022261,12.62885076087082,10.31298444429454,14.47731605534009,18.74497802276723
2018-09-18 01:30:00.000000,0.33,12.01084194567859,12.63306171679664,10.31572821730177,14.48196717377326,18.74903347321573
2018-09-18 01:45:00.000003,0.33,12.01405754425452,12.63669223174549,10.31821886964544,14.48583126264253,18.75263969370637
2018-09-18 01:59:59.999997,0.33,12.01704023935724,12.63991160829092,10.3205402080626,14.48915974753332,18.75591735469649
2018-09-18 02:15:00.000000,0.33,12.01985438342012,12.64283231803186,10.32274476687707,14.49211558576052,18.75895370327352
2018-09-18 02:30:00.000003,0.33,12.02254428803669,12.64553241113491,10.32486650629673,14.49480658594321,18.76181174393933
2018-09-18 02:44:59.999997,0.33,12.02514929345629,12.64808100143803,10.32693159122481,14.4973180779469,18.76454651960912
2018-09-18 03:00:00.000000,0.33,12.02768789246022,12.65051185291011,10.32895446660267,14.49969492163171,18.76718573046044
2018-09-18 03:15:00.000003,0.33,12.03018307191131,12.65286520794712,10.33094844121951,14.50198280468796,18.76976141409094
2018-09-18 03:29:59.999997,0.33,12.03264123899607,12.6551535305136,10.33291947529064,14.50419877869328,18.77228404883964
2018-09-18 03:45:00.000000,0.33,12.03507712962624,12.65740237671722,10.33487514163716,14.50636999407891,18.77477373231074
2018-09-18 04:00:00.000003,0.33,12.03749236520918,12.6596157469811,10.33681788938904,14.50850265563153,18.77723409442405
2018-09-18 04:14:59.999997,0.33,12.03989205871232,12.66180200838523,10.33875020844959,14.51060602686378,18.77967205941198
2018-09-18 04:30:00.000000,0.33,12.04228050821386,12.66396930664771,10.34067478220864,14.5126887541384,18.78209407285332
2018-09-18 04:45:00.000003,0.33,12.04466287418694,12.66612669836191,10.34259420047394,14.51476005489331,18.78450706705748
2018-09-18 04:59:59.999997,0.33,12.04703589755594,12.66826891044642,10.34450762802207,14.51681569277897,18.78690749535942
2018-09-18 05:15:00.000000,0.33,12.04940603988031,12.67040686686002,10.34641763135208,14.51886612818998,18.78930378150702
2018-09-18 05:30:00.000003,0.33,12.05176922351016,12.67253395119781,10.34832304450756,14.52090562887067,18.7916911765589
2018-09-18 05:44:59.999997,0.33,12.05413123944429,12.6746599059078,10.35022606154327,14.52294335815244,18.7940771117309
2018-09-18 06:00:00.000000,0.33,12.05648765608598,12.67677744683412,10.35212527854193,14.52497283625061,18.79645629034913
2018-09-18 06:15:00.000003,0.33,12.0588443123732,12.67889636060558,10.35402288056982,14.52700310084567,18.79883600099305
2018-09-18 06:29:59.999997,0.33,12.06119827641811,12.68101203798215,10.35591806663716,14.5290301188214,18.80121286515696
2018-09-18 06:45:00.000000,0.33,12.06354774959906,12.68312114828168,10.35780982302127,14.5310508763094,18.80358477672767
2018-09-18 07:00:00.000003,0.33,12.06589792315688,12.68523250073763,10.35970037297083,14.5330734431662,18.80595810248479
2018-09-18 07:14:59.999997,0.33,12.06824596316288,12.68734157712149,10.36158879652951,14.5350938423077,18.80832950072247
2018-09-18 07:30:00.000000,0.33,12.07059027354838,12.68944540112232,10.36347420911068,14.53710938688428,18.81069709011735
2018-09-18 07:45:00.000003,0.33,12.07293300746156,12.69154763426593,10.36535755441216,14.53912337323195,18.81306355595659
2018-09-18 07:59:59.999997,0.33,12.07528017495597,12.69365811138119,10.36724419264036,14.54115845571681,18.81545119919332
2018-09-18 08:15:00.000000,0.33,12.07762833589907,12.69577161199808,10.36913242646935,14.5432056009265,18.81784807087434
2018-09-18 08:30:00.000003,0.33,12.0799749425887,12.6978837480299,10.3710177908165,14.54524662793171,18.82023778657947
2018-09-18 08:44:59.999997,0.33,12.08231946245983,12.69999387785221,10.37289981066725,14.54727993363187,18.82262016783378
2018-09-18 09:00:00.000000,0.33,12.08466387061169,12.70210521846004,10.37477964966175,14.54931057452897,18.82499993972435
2018-09-18 09:15:00.000003,0.33,12.08700601118101,12.70421406091006,10.37665691230915,14.55133679808399,18.82737596516774
2018-09-18 09:29:59.999997,0.33,12.08934569505593,12.70631996488076,10.37853153843584,14.55335916560227,18.8297489846992
2018-09-18 09:45:00.000000,0.33,12.09168293454883,12.70842289173285,10.38040363864526,14.55537814147206,18.83211946108543
2018-09-18 10:00:00.000003,0.33,12.0940166730346,12.7105209550804,10.38227276309096,14.55739226776962,18.83448628647449
2018-09-18 10:14:59.999997,0.33,12.09634835482993,12.71261659378887,10.38413967823323,14.55940388585147,18.8368513418979
2018-09-18 10:30:00.000000,0.33,12.09868150489469,12.71471589972428,10.38600579144672,14.56141873023532,18.83921892619355
2018-09-18 10:45:00.000003,0.33,12.10101150452728,12.71681125500979,10.38786952664727,14.56342999600743,18.84158361160493
2018-09-18 10:59:59.999997,0.33,12.10334004099216,12.71890520267919,10.38973132214405,14.56543995060814,18.84394742593199
2018-09-18 11:15:00.000000,0.33,12.10566708911386,12.72099786022762,10.39159129362574,14.56744873299538,18.84631039600684
2018-09-18 11:30:00.000003,0.33,12.10799584643068,12.72309459424372,10.39345070276195,14.5694613037224,18.84867630293735
2018-09-18 11:44:59.999997,0.33,12.11032080847966,12.7251862868298,10.39530750139731,14.57146944347454,18.85103869360535
2018-09-18 12:00:00.000000,0.33,12.11264438127894,12.7272766836675,10.39716242399239,14.57347643316995,18.85340040500108
2018-09-18 12:15:00.000003,0.33,12.11496973673286,12.72937132152905,10.39901684837467,14.57548723742799,18.85576502890732
2018-09-18 12:29:59.999997,0.33,12.11729374837479,12.73146520215454,10.40086973539871,14.57749724782607,18.85812879589776
2018-09-18 12:45:00.000000,0.33,12.11961677972927,12.73355872639425,10.40272100866975,14.57950675665073,18.860492235012
2018-09-18 13:00:00.000003,0.33,12.12193818973348,12.73565111466162,10.4045699445092,14.58151518301094,18.86285505596542
2018-09-18 13:14:59.999997,0.33,12.12425781294884,12.73774129989746,10.40641649606573,14.58352168526032,18.86521648302055
2018-09-18 13:30:00.000000,0.33,12.12657637332643,12.73983101630164,10.40826143148113,14.58552790202844,18.86757779009388
2018-09-18 13:45:00.000003,0.33,12.12889357035938,12.7419196276561,10.41010474869221,14.58753331989084,18.8699385027218
2018-09-18 13:59:59.999997,0.33,12.13121228608774,12.74401192885894,10.41194752431365,14.58954239410002,18.87230205478489
2018-09-18 14:15:00.000000,0.33,12.13352958358454,12.74610314688537,10.41378887395324,14.59155075707539,18.87466491512271
2018-09-18 14:30:00.000003,0.33,12.13584550464498,12.74819330503424,10.41562851903497,14.59355805984051,18.87702688739298
2018-09-18 14:44:59.999997,0.33,12.13816062607087,12.75028342283463,10.41746668171272,14.59556481964707,18.87938819412663
2018-09-18 15:00:00.000000,0.33,12.14047521287809,12.75237396387522,10.41930351011838,14.59757144909781,18.88174905865401
2018-09-18 15:15:00.000003,0.33,12.14278825367022,12.75446325946644,10.42113867130947,14.59957676305334,18.88410869240579
2018-09-18 15:29:59.999997,0.33,12.14509939294972,12.75655014379884,10.42297174050418,14.60157997411401,18.88646667703543
2018-09-18 15:45:00.000000,0.33,12.14740922331818,12.7586359895966,10.42480328659157,14.6035825356777,18.88882430380206
2018-09-18 16:00:00.000003,0.33,12.14972044101417,12.76072527779514,10.42663447521131,14.60558913647646,18.89118510757913
2018-09-18 16:14:59.999997,0.33,12.15202820966408,12.76280995597824,10.42846331076162,14.60759224898953,18.89354332602095
2018-09-18 16:30:00.000000,0.33,12.15433425577645,12.76489262442234,10.43029025365284,14.6095937999564,18.89590077377257
2018-09-18 16:45:00.000003,0.33,12.15663816513844,12.76697302731128,10.43211530755143,14.61159358928422,18.89825720872175
2018-09-18 16:59:59.999997,0.33,12.15894237510696,12.76905582965061,10.43393950167357,14.61359607896849,18.90061603080146
2018-09-18 17:15:00.000000,0.33,12.16124222584306,12.77113302288047,10.43576108338053,14.61559393702229,18.90297139954335
2018-09-18 17:30:00.000003,0.33,12.16354253618721,12.77321257849177,10.43758186202802,14.6175943013929,18.90532900968767
2018-09-18 17:44:59.999997,0.33,12.16584049254521,12.77528996889885,10.43940085279015,14.61959311075224,18.90768546504919
2018-09-18 18:00:00.000000,0.33,12.16813465661318,12.77736250028049,10.44121721146507,14.62158787288068,18.91003899673314
2018-09-18 18:15:00.000003,0.33,12.17043060538593,12.7794397136739,10.44303434186659,14.6235874853077,18.91239451640254
2018-09-18 18:29:59.999997,0.33,12.17272461918587,12.78151544569779,10.44485012230666,14.6255863760121,18.91474820766938
2018-09-18 18:45:00.000000,0.33,12.17501919027036,12.78359374706111,10.44666512517492,14.62758786609027,18.91710410426055
2018-09-18 19:00:00.000003,0.33,12.17731144449529,12.7856698908493,10.44847804550372,14.62958756541134,18.91945918723133
2018-09-18 19:14:59.999997,0.33,12.17960131573022,12.78774357616563,10.45028875238199,14.63158510880028,18.92181334045186
2018-09-18 19:30:00.000000,0.33,12.1818896230028,12.78981614138654,10.45209771298743,14.63358156740948,18.92416715292414
2018-09-18 19:45:00.000003,0.33,12.18417553600363,12.79188640073125,10.45390466168387,14.63557592392135,18.92651968400165
2018-09-18 19:59:59.999997,0.33,12.18645880379472,12.7939535113806,10.45570931340572,14.63756740416607,18.92887020626095
2018-09-18 20:15:00.000000,0.33,12.1887405587617,12.79601966038645,10.45751243990605,14.63955809094455,18.93122031203898
2018-09-18 20:30:00.000003,0.33,12.1910231312539,12.79808878166419,10.45931500990707,14.64155175858267,18.93357280934823
2018-09-18 20:44:59.999997,0.33,12.19330405202374,12.80015672765763,10.46111618057899,14.6435447895136,18.93592478481694
2018-09-18 21:00:00.000000,0.33,12.1955814033413,12.80222005905553,10.46291487996914,14.64553415318871,18.93827411809386
2018-09-18 21:15:00.000003,0.33,12.19785688237951,12.80428152236209,10.46471184952384,14.64752221356596,18.94062275004749
2018-09-18 21:29:59.999997,0.33,12.2001327011332,12.80634507394913,10.46650810500724,14.64951258643592,18.94297334042002
2018-09-18 21:45:00.000000,0.33,12.20240468275442,12.80840359370901,10.46830193530015,14.65149880744196,18.94532076828624
2018-09-18 22:00:00.000003,0.33,12.20467712619328,12.81046428936816,10.47009500177364,14.65348735626122,18.94767024683745
2018-09-18 22:14:59.999997,0.33,12.20694578010687,12.8125200285471,10.47188566812722,14.65547175815868,18.95001654070031
2018-09-18 22:30:00.000000,0.33,12.20921497000586,12.8145780560812,10.47367560292319,14.65745852966869,18.95236488898976
2018-09-18 22:45:00.000003,0.33,12.21148045838981,12.81663126808282,10.47546317549826,14.65944123388996,18.95471008526493
2018-09-18 22:59:59.999997,0.33,12.21374653685623,12.81868686024871,10.4772500496792,14.66142635636517,18.95705734794156
2018-09-18 23:15:00.000000,0.33,12.21600898834454,12.82073775257509,10.47903459565691,14.66340748658791,18.95940149573488
2018-09-18 23:30:00.000003,0.33,12.21873922152774,12.82322529756163,10.48087799799333,14.66546398374502,18.96176421744181
2018-09-18 23:44:59.999997,0.33,12.2211283131054,12.82543437334436,10.48269024759116,14.66749923566272,18.96412635397819
2018-09-19 00:00:00.000000,0.33,12.22342937446782,12.8275436986323,10.48448500278471,14.66951213440029,18.96648375599981
2018-09-19 00:15:00.000003,0.33,12.13816598129356,12.78010287379884,9.444696387010945,14.61769533746477,18.96325915063358
2018-09-19 00:29:59.999997,0.33,12.12218623718642,12.76563662882307,9.404211478003548,14.60063435206579,18.96078682902456
2018-09-19 00:45:00.000000,0.33,12.11856017347094,12.76117273604577,9.400006317798868,14.5952984650501,18.95931563691783
2018-09-19 01:00:00.000003,0.33,12.11714828225136,12.75921862498227,9.398769481218324,14.59306068813458,18.95837213756601
2018-09-19 01:14:59.999997,0.33,12.11628567877212,12.75804497977704,9.398046573468056,14.5918056186724,18.9576988139896
2018-09-19 01:30:00.000000,0.33,12.1156294843831,12.75720684115177,9.397487001284464,14.59096666199621,18.95717759462262
2018-09-19 01:45:00.000003,0.33,12.11506765503635,12.7565453588616,9.397003146552745,14.59034540269899,18.95674852113782
2018-09-19 01:59:59.999997,0.33,12.11455729523847,12.75599482244155,9.396584719461512,14.58987339131521,18.9563809012051
2018-09-19 02:15:00.000000,0.33,12.11411813135833,12.75555391823014,9.39628760447213,14.58956887215065,18.95606405929987
2018-09-19 02:30:00.000003,0.33,12.11369338091542,12.75515542255196,9.39592622608927,14.58926616445006,18.95577217888298
2018-09-19 02:44:59.999997,0.33,12.11328134131933,12.75478685820462,9.395554727920485,14.58897352724705,18.95549574772381
2018-09-19 03:00:00.000000,0.33,12.11288193665396,12.75444297674335,9.395187405330137,14.58869788403062,18.95523029279153
2018-09-19 03:15:00.000003,0.33,12.11249117323843,12.75411524959611,9.394825114528762,14.58843477828873,18.95497074763249
2018-09-19 03:29:59.999997,0.33,12.11210850793469,12.75380184272385,9.394467422612438,14.58818344187526,18.95471666331296
2018-09-19 03:45:00.000000,0.33,12.11173247710161,12.75350007780394,9.394113843997696,14.58794187252243,18.95446703976715
2018-09-19 04:00:00.000003,0.33,12.11136243277674,12.75320852702506,9.393763783563186,14.58770902774335,18.95422169428434
2018-09-19 04:14:59.999997,0.33,12.11099361075157,12.75291958923837,9.393415627763515,14.58747802576851,18.9539760039436
2018-09-19 04:30:00.000000,0.33,12.11062901233359,12.75263696348391,9.393069538327659,14.58725233064368,18.95373313843976
2018-09-19 04:45:00.000003,0.33,12.11026540283652,12.75235629621341,9.39272507723194,14.58702811871149,18.95349027110521
2018-09-19 04:59:59.999997,0.33,12.10990023529862,12.75207297143706,9.392380852156544,14.58680095158045,18.95324446204238
2018-09-19 05:15:00.000000,0.33,12.10953945135634,12.75179581595144,9.39203837283236,14.58657921928885,18.95300229589319
2018-09-19 05:30:00.000003,0.33,12.10917601280383,12.75151477700205,9.391696145239301,14.58635320871502,18.95275610587592
2018-09-19 05:44:59.999997,0.33,12.10881374939151,12.7512347782916,9.391354434345425,14.58612749625697,18.95250982180616
2018-09-19 06:00:00.000000,0.33,12.10845308589702,12.75095709370306,9.391013887191502,14.58590355742746,18.9522644329565
2018-09-19 06:15:00.000003,0.33,12.10809435403095,12.75068204958434,9.39067473585666,14.5856818356501,18.95202030342667
2018-09-19 06:29:59.999997,0.33,12.1077327405974,12.75040252101607,9.390335544676066,14.58545559674438,18.95177233235588
2018-09-19 06:45:00.000000,0.33,12.10737246700693,12.75012424087569,9.389996938446814,14.58523024709975,18.95152491417662
2018-09-19 07:00:00.000003,0.33,12.10701447908651,12.74984921638376,9.389659709996227,14.58500783456604,18.95127940368373
2018-09-19 07:14:59.999997,0.33,12.10665392781371,12.74957017035384,9.389322637782406,14.58478143651713,18.95103048315571
2018-09-19 07:30:00.000000,0.33,12.10629643062571,12.74929505859859,9.388986673336888,14.58455858375519,18.95078417156153
2018-09-19 07:45:00.000003,0.33,12.10593708653617,12.74901718708527,9.388651156762036,14.58433299089233,18.95053538497426
2018-09-19 07:59:59.999997,0.33,12.10557961843702,12.74874149113519,9.388316600613237,14.5841092907842,18.95028791519348
2018-09-19 08:15:00.000000,0.33,12.10522073715245,12.7484634419653,9.387982233433288,14.58388319618806,18.95003834009056
2018-09-19 08:30:00.000003,0.33,12.10486184866154,12.74818478318479,9.387648490303665,14.58365638259546,18.94978794212941
2018-09-19 08:44:59.999997,0.33,12.10450543481096,12.74790923773798,9.387315601449565,14.58343235450102,18.94953943059716
2018-09-19 09:00:00.000000,0.33,12.10414586279684,12.74762895539673,9.386982897199173,14.58320373442093,18.94928703764766
2018-09-19 09:15:00.000003,0.33,12.1037875834415,12.74734980982664,9.38665068703377,14.58297598496425,18.9490352797281
2018-09-19 09:29:59.999997,0.33,12.10343155890051,12.74707384438462,9.386319788955737,14.58275116378159,18.94878551820494
2018-09-19 09:45:00.000000,0.33,12.10307371022005,12.74679513141682,9.385989290352606,14.58252364338661,18.94853339670312
2018-09-19 10:00:00.000003,0.33,12.10271773549507,12.74651858126356,9.385659701934669,14.58229802712799,18.94828265681139
2018-09-19 10:14:59.999997,0.33,12.10236030870288,12.74623964699927,9.385330293290691,14.58207000254871,18.94802984804252
2018-09-19 10:30:00.000000,0.33,12.10200302956587,12.74596036124839,9.385001523075406,14.58184150126393,18.9477765826198
2018-09-19 10:45:00.000003,0.33,12.10164650649926,12.74568164440357,9.384673105155992,14.58161333586075,18.94752345690247
2018-09-19 10:59:59.999997,0.33,12.1012916184463,12.74540528789071,9.384346082591852,14.58138736762596,18.94727177621644
2018-09-19 11:15:00.000000,0.33,12.10093528385293,12.74512656660767,9.384019224996594,14.58115902637394,18.94701805776705
2018-09-19 11:30:00.000003,0.33,12.10057859000744,12.74484654583183,9.383692653293359,14.58092925153885,18.94676318247794
2018-09-19 11:44:59.999997,0.33,12.10022465654851,12.74457039444633,9.383367323558899,14.58070305086177,18.94651091089632
2018-09-19 12:00:00.000000,0.33,12.09986829552727,12.74429052762697,9.38304221481042,14.58047320506927,18.94625555933646
2018-09-19 12:15:00.000003,0.33,12.09951251864907,12.7440108006373,9.382717324994521,14.58024317691732,18.94600018376591
2018-09-19 12:29:59.999997,0.33,12.09915810486599,12.74373299408878,9.38239351159511,14.58001479067346,18.94574600962745
2018-09-19 12:45:00.000000,0.33,12.09880379129094,12.74345500269511,9.382070099310939,14.57978599590254,18.94549142639305
2018-09-19 13:00:00.000003,0.33,12.09844921627102,12.74317631203373,9.381747408699356,14.57955642325703,18.94523614366558
2018-09-19 13:14:59.999997,0.33,12.09809708986557,12.74290077433583,9.381425536452676,14.57932967004722,18.94498295222464
2018-09-19 13:30:00.000000,0.33,12.09774199767078,12.74262083641865,9.381103873024896,14.57909856311919,18.94472610992099
2018-09-19 13:45:00.000003,0.33,12.09738753446165,12.74234099578755,9.380782335047424,14.57886709793994,18.94446892503181
2018-09-19 13:59:59.999997,0.33,12.09703387342544,12.74206206025615,9.380461575200727,14.57863617830587,18.94421193606935
2018-09-19 14:15:00.000000,0.33,12.09668239530579,12.74178621777916,9.380141969255977,14.57840801544498,18.94395684017142
2018-09-19 14:30:00.000003,0.33,12.0963291115921,12.74150769455374,9.379822748975409,14.57817716389205,18.9436994464096
2018-09-19 14:44:59.999997,0.33,12.09597767574168,12.74123128378462,9.379504326235091,14.57794817002225,18.94344343524417
2018-09-19 15:00:00.000000,0.33,12.09562471337794,12.74095243905159,9.379186064982703,14.5777167142115,18.9431853590565
2018-09-19 15:15:00.000003,0.33,12.09527389351923,12.74067608657713,9.378868686849893,14.57748750052987,18.942928968196
2018-09-19 15:29:59.999997,0.33,12.09492066276764,12.74039615437053,9.378551526155375,14.57725480396549,18.94266969782984
2018-09-19 15:45:00.000000,0.33,12.09457007725955,12.7401194837001,9.37823511766926,14.57702505926759,18.94241268902022
2018-09-19 16:00:00.000003,0.33,12.09421796907999,12.73984056278917,9.377919190440302,14.57679310304975,18.94215376404967
2018-09-19 16:14:59.999997,0.33,12.09386786363923,12.73956407016535,9.377604153315168,14.57656336210009,18.94189648657356
2018-09-19 16:30:00.000000,0.33,12.09351632994337,12.73928532847871,9.377289324579753,14.57633137024169,18.9416373066703
2018-09-19 16:45:00.000003,0.33,12.0931649638092,12.7390063246585,9.376975092718865,14.57609904933242,18.94137783470803
2018-09-19 16:59:59.999997,0.33,12.09281626731299,12.73873067401025,9.37666158053681,14.57586975558998,18.94112060093911
2018-09-19 17:15:00.000000,0.33,12.0924649152508,12.73845131409718,9.376348517294298,14.57563668414349,18.94085556288488
2018-09-19 17:30:00.000003,0.33,12.09211612722497,12.73817507284008,9.376036109689716,14.57540625586416,18.94059137661706
2018-09-19 17:44:59.999997,0.33,12.0917650159502,12.73789527189662,9.375723900608406,14.57517227091761,18.94032406601265
2018-09-19 18:00:00.000000,0.33,12.0914167652214,12.73761914227083,9.375412577095737,14.57494161202837,18.94005928472728
2018-09-19 18:15:00.000003,0.33,12.09106698852598,12.73734081249948,9.375101719771301,14.57470878291904,18.93979269489202
2018-09-19 18:29:59.999997,0.33,12.09071912354454,12.73706474188161,9.374791669853883,14.57447800518992,18.93952770448848
2018-09-19 18:45:00.000000,0.33,12.09036977237521,12.73678637976044,9.374481835287447,14.57424494609326,18.93926089333707
2018-09-19 19:00:00.000003,0.33,12.09002255590567,12.73651051115517,9.374172820848854,14.57401415503114,18.93899586343925
2018-09-19 19:14:59.999997,0.33,12.08967316618169,12.73623146168319,9.373864068251311,14.57378029010896,18.93872840282377
2018-09-19 19:30:00.000000,0.33,12.08932641631649,12.73595565273636,9.373556036126313,14.57354936852373,18.93846324354021
2018-09-19 19:45:00.000003,0.33,12.08897971561208,12.73567995708778,9.373248883354464,14.57331853911828,18.93819802703067
2018-09-19 19:59:59.999997,0.33,12.0886313794174,12.73540165288379,9.372941864966137,14.57308514512385,18.9379308485355
2018-09-19 20:15:00.000000,0.33,12.08828519351134,12.73512582347498,9.372635572341153,14.5728539907745,18.93766543229829
2018-09-19 20:30:00.000003,0.33,12.08793754320428,12.73484780103214,9.37232953646199,14.57262070893191,18.93739831046712
2018-09-19 20:44:59.999997,0.33,12.08759208746092,12.73457236214175,9.372024304977412,14.57238980871625,18.93713306252306
2018-09-19 21:00:00.000000,0.33,12.08724489102102,12.73429451385827,9.371719451799528,14.57215658982955,18.93686594570987
2018-09-19 21:15:00.000003,0.33,12.08689985120549,12.73401914609973,9.371415317161294,14.57192562837125,18.93660061099483
2018-09-19 21:29:59.999997,0.33,12.08655327424328,12.73374157070821,9.371111513045529,14.57169250713011,18.93633352872817
2018-09-19 21:45:00.000000,0.33,12.08620889927159,12.73346656021726,9.37080846459356,14.57146172355645,18.9360682827977
2018-09-19 22:00:00.000003,0.33,12.08586236491337,12.73318839800715,9.370505679854588,14.57122790705625,18.93580063531699
2018-09-19 22:14:59.999997,0.33,12.08551855300129,12.73291363182098,9.370203592557878,14.57099718186274,18.93553539928652
2018-09-19 22:30:00.000000,0.33,12.08517486919686,12.73263910512152,9.369902397970296,14.57076667581599,18.93527020156192
2018-09-19 22:45:00.000003,0.33,12.084831257632,12.73236445730802,9.369601737234765,14.57053600030484,18.93500485208278
2018-09-19 22:59:59.999997,0.33,12.08448775374189,12.73208966106582,9.369301544838834,14.57030510952103,18.93473932917344
2018-09-19 23:15:00.000000,0.33,12.08414282764976,12.73181262700018,9.369001638977252,14.57007205527081,18.93447215186431
2018-09-19 23:30:00.000003,0.33,12.08380039208101,12.73153827854984,9.368702072487682,14.56984131495189,18.93420679018105
2018-09-19 23:44:59.999997,0.33,12.08345566306554,12.73126095727708,9.368403176585595,14.56960782315795,18.93393922509121
2018-09-20 00:00:00.000000,0.33,12.08311397170988,12.7309870771009,9.368104605887059,14.56937736405118,18.93367404424849
2018-09-20 00:15:00.000003,-0.9789765936165568,12.01342854391376,12.66772951467788,9.200559720196653,14.52696293659337,18.92953331564816
2018-09-20 00:29:59.999997,-1.173770064303058,11.97587582855637,12.62223220490772,9.146610238388387,14.49195123132008,18.92364498085663
2018-09-20 00:45:00.000000,-1.337227953201678,11.94933459855574,12.58700646177971,9.110771513153605,14.46371763446435,18.91725328739588
2018-09-20 01:00:00.000003,-1.456881169051233,11.92879287546548,12.55850159300214,9.084485955245897,14.4403615985068,18.91099515141309
2018-09-20 01:14:59.999997,-1.537634627775968,11.91301206824848,12.53575328348367,9.065710687008314,14.42132539020443,18.90523923111981
2018-09-20 01:30:00.000000,-1.562062109460892,11.90237614079517,12.51921998563451,9.055819249152531,14.40700907641335,18.90024776352472
2018-09-20 01:45:00.000003,-1.534742234529154,11.89684053789231,12.50901356799566,9.05439482316986,14.3975839836619,18.89618705398343
2018-09-20 01:59:59.999997,-1.45048252848424,11.89670383831062,12.50547568564341,9.062057089977236,14.39332689973862,18.89318008803525
2018-09-20 02:15:00.000000,-1.300977336220019,11.90312684917858,12.50957774784523,9.080938551834612,14.39482253146142,18.89135186106544
2018-09-20 02:30:00.000003,-1.101223739299169,11.9157187579224,12.52108870245321,9.109550476480983,14.40196491951661,18.89076817842365
2018-09-20 02:44:59.999997,-0.8584681437958415,11.93353775811367,12.53926088183073,9.146067850050354,14.41434087467174,18.89143370747853
2018-09-20 03:00:00.000000,-0.5947231587259039,11.95516737823205,12.56270575642201,9.187448531820287,14.43100541481567,18.89326837837361
2018-09-20 03:15:00.000003,-0.3069158282318039,11.98023921626783,12.59081596986919,9.233561537237206,14.45145440356485,18.89618027194348
2018-09-20 03:29:59.999997,-0.01833480982403778,12.00723159268492,12.62203962252721,9.281190891765291,14.47459816924884,18.90001284702594
2018-09-20 03:45:00.000000,0.2747589725202266,12.0357272168577,12.65565004156596,9.330238073235574,14.49981405877131,18.90461289722111
2018-09-20 04:00:00.000003,0.572432686906827,12.06546455252517,12.69117099921934,9.380550622701463,14.52668295737804,18.90984565940213
2018-09-20 04:14:59.999997,0.8716716233481021,12.09608312959113,12.72810161443426,9.4316168529015,14.55479687248429,18.91558894605482
2018-09-20 04:30:00.000000,1.171447012018486,12.12758804902093,12.76627039867384,9.48335423097839,14.58390140863091,18.92174370753292
2018-09-20 04:45:00.000003,1.467077561846623,12.15934218264074,12.80502221280454,9.534859006087192,14.61357674488234,18.92820890610472
2018-09-20 04:59:59.999997,1.767554463406231,12.19163748894262,12.84446673948251,9.587172781461604,14.6438331400195,18.93492260674607
2018-09-20 05:15:00.000000,2.063479957779923,12.22398701388952,12.88415425619753,9.639113699737443,14.67436432181649,18.94181854873197
2018-09-20 05:30:00.000003,2.362109642334292,12.25667374515823,12.9242523416473,9.691502214058813,14.70521264529435,18.94886011604367
2018-09-20 05:44:59.999997,2.644687865825692,12.28865812928807,12.96382770946828,9.74192081879377,14.73578161127487,18.95597118069697
2018-09-20 06:00:00.000000,2.918476144914216,12.32002926875512,13.00279705621285,9.79096031030037,14.76591861092024,18.96309105906093
2018-09-20 06:15:00.000003,3.172072688824607,12.35005187181273,13.04042112455873,9.837113054823284,14.79513187172977,18.97013647748437
2018-09-20 06:29:59.999997,3.392853492333253,12.37768555353147,13.0755971457085,9.878419845760941,14.82265299097722,18.976985861566
2018-09-20 06:45:00.000000,3.578257766719648,12.40255446808494,13.10767527776573,9.91450420755701,14.84792292129672,18.98351158597118
2018-09-20 07:00:00.000003,3.716414222880635,12.42340231946576,13.13541686014705,9.943045872031492,14.87009782828668,18.98955727586226
2018-09-20 07:14:59.999997,3.812630106608517,12.44010564048769,13.15842291297336,9.96442632406695,14.88879385223779,18.99499020266104
2018-09-20 07:30:00.000000,3.857806646662434,12.45204361485819,13.17601058848781,9.977379469363285,14.90346715714129,18.99967817970821
2018-09-20 07:45:00.000003,3.84397652328008,12.45836677759909,13.18720048981331,9.980526456683103,14.91343469283096,19.0034756499742
2018-09-20 07:59:59.999997,3.777471510300918,12.45907199976066,13.1917507847073,9.974412900230625,14.91843791781752,19.00626856295055
2018-09-20 08:15:00.000000,3.648676657302888,12.45352883299823,13.18899318693624,9.957736296722203,14.91798045556593,19.00793857410265
2018-09-20 08:30:00.000003,3.471182945781667,12.44225419655735,13.17922087334492,9.932084941024687,14.91216494236422,19.0084187303488
2018-09-20 08:44:59.999997,3.245974967791205,12.42551952331769,13.162652677087,9.897928202102868,14.90110390361274,19.00767718368146
2018-09-20 09:00:00.000000,2.99325152080174,12.40461540715971,13.14045051243998,9.858136871973006,14.88553415184597,19.00576054591341
2018-09-20 09:15:00.000003,2.718146394005653,12.38021173827233,13.1134532116908,9.813706160022894,14.8660854829912,19.00275179228663
2018-09-20 09:29:59.999997,2.423803708912658,12.35284642834228,13.08237792917201,9.76531322380689,14.84328874315179,18.99875101362874
2018-09-20 09:45:00.000000,2.126962601359459,12.32371927149796,13.04849636514714,9.715376561227986,14.81805660318474,18.99390471119825
2018-09-20 10:00:00.000003,1.819401561771616,12.29289191503343,13.01217256835525,9.663279181672356,14.79075059635388,18.98833774828738
2018-09-20 10:14:59.999997,1.516316623117641,12.26131794380171,12.97441439462186,9.61104997935262,14.7621107534651,18.98219582028602
2018-09-20 10:30:00.000000,1.212039220060385,12.22908517454638,12.93554589965446,9.558319010580705,14.73246405086082,18.97559972828669
2018-09-20 10:45:00.000003,0.9212231330618659,12.19715510221546,12.89656340251995,9.50708190842962,14.70252066365754,18.96868876797944
2018-09-20 10:59:59.999997,0.6321085365310318,12.16538972021087,12.8575656526306,9.456247879807785,14.67241654949797,18.96156194653757
2018-09-20 11:15:00.000000,0.3495943246917294,12.13399253280862,12.81882114775613,9.406320111959834,14.64238386985157,18.95430353284419
2018-09-20 11:30:00.000003,0.07140192018162633,12.10289615706762,12.78036499044773,9.357051403601119,14.61250900297433,18.94697411144575
2018-09-20 11:44:59.999997,-0.2041406524181498,12.07202604581722,12.74217730465699,9.308214068662213,14.58280747633371,18.93961414542498
2018-09-20 12:00:00.000000,-0.4634099611811164,12.04214296576005,12.70495557002292,9.261588619312738,14.553745052554,18.93228965210938
2018-09-20 12:15:00.000003,-0.7132915665185581,12.01315299476829,12.66875491982128,9.216562965780843,14.52542064911562,18.92505215576388
2018-09-20 12:29:59.999997,-0.9404298751651339,11.98581068182413,12.63429610723873,9.17486589624162,14.49832970057028,18.91797911985127
2018-09-20 12:45:00.000000,-1.150108019646189,11.96012147916852,12.6017348181398,9.136096894158415,14.47263749166461,18.91113263597243
2018-09-20 13:00:00.000003,-1.325317819243653,11.9371175319968,12.57205613852547,9.102554691311221,14.44901426448151,18.90461270479223
2018-09-20 13:14:59.999997,-1.472570757796037,11.91710902393388,12.54566760754859,9.074220463785583,14.42776420591273,18.89850860163992
2018-09-20 13:30:00.000000,-1.57642607173528,11.90095734779555,12.5234831153249,9.052976377563716,14.40955125778769,18.89293584061475
2018-09-20 13:45:00.000003,-1.625190083027653,11.88929197488642,12.50639559366305,9.04005577924147,14.39512462423953,18.88803394836795
2018-09-20 13:59:59.999997,-1.628073888643506,11.88197351995102,12.49455479281389,9.034561373619335,14.38470892561748,18.88391394037591
2018-09-20 14:15:00.000000,-1.566487410190302,11.87999016692113,12.4889959799034,9.038737980784937,14.37905842853702,18.88071565515455
2018-09-20 14:30:00.000003,-1.446597560571132,11.883482713902,12.49008609215479,9.052259343343055,14.37851693370727,18.87855875979155
2018-09-20 14:44:59.999997,-1.272148518663972,11.89320581270338,12.4984082228643,9.076056766876654,14.38338422295444,18.87754526490025
2018-09-20 15:00:00.000000,-1.035441095360644,11.90946036488369,12.51438148205546,9.110779038629872,14.39401570494709,18.87776819983435
2018-09-20 15:15:00.000003,-0.7787394864454381,11.92982948317162,12.53603049211073,9.150609909753214,14.40922898505533,18.8791810048349
2018-09-20 15:29:59.999997,-0.4885880844384186,11.95429528914007,12.56302859147448,9.19650896832804,14.42869980094549,18.88172742399371
2018-09-20 15:45:00.000000,-0.1865748321318194,11.98158251293781,12.59410659126588,9.245649807408425,14.45155460846242,18.88529505236848
2018-09-20 16:00:00.000003,0.1193326741384753,12.01072639560153,12.62812000048222,9.296471760480053,14.4769308279877,18.88973545790505
2018-09-20 16:14:59.999997,0.4292599678838528,12.04128564142476,12.66437212712347,9.348625972412705,14.50425028683774,18.89490305263149
2018-09-20 16:30:00.000000,0.7406859453405047,12.07285641318402,12.70227540961305,9.401600820795682,14.53302749254453,18.90066169839613
2018-09-20 16:45:00.000003,1.053597084438755,12.10536573070712,12.74155964403609,9.455357104694722,14.56295701724355,18.90689731464866
2018-09-20 16:59:59.999997,1.358367169333344,12.13807567245636,12.78144436192621,9.508485235994012,14.5934800218997,18.91348690286385
2018-09-20 17:15:00.000000,1.668913372582175,12.17137566635599,12.82208401742536,9.562506131800378,14.62463349435875,18.92035816598641
2018-09-20 17:30:00.000003,1.965288052343892,12.20421658074472,12.8625347497765,9.61488961846288,14.65579174243416,18.9274083078139
2018-09-20 17:44:59.999997,2.268888410229607,12.23744616139972,12.90336316150746,9.668125730108597,14.68723145286103,18.93459965894895
2018-09-20 18:00:00.000000,2.554407031091287,12.26989246959541,12.94358050616515,9.719158662106139,14.71831563254628,18.94185037597896
2018-09-20 18:15:00.000003,2.833181475089211,12.30174835776303,12.98316954937171,9.769031788760453,14.74896107923746,18.94910219963154
2018-09-20 18:29:59.999997,3.087953760641852,12.33213647405113,13.02132675963268,9.815564840010943,14.77858355037602,18.95626656462793
2018-09-20 18:45:00.000000,3.323920722715203,12.36086383143951,13.05766647742053,9.859026748204688,14.80690613391465,18.9632622348558
2018-09-20 19:00:00.000003,3.524585534206934,12.3870427738357,13.09120850302071,9.897501262835558,14.83322884293926,18.96997382522563
2018-09-20 19:14:59.999997,3.678165672101004,12.40937154324047,13.12063387397029,9.928629717579657,14.85663159747935,18.97624630608711
2018-09-20 19:30:00.000000,3.795077150738162,12.42794841261888,13.14573451942567,9.953371453905905,14.87684957181052,18.98195801500265
2018-09-20 19:45:00.000003,3.85215763601419,12.44135099140304,13.16511869147852,9.968621766324663,14.89292761379043,18.98694689797458
2018-09-20 19:59:59.999997,3.851038689988567,12.44909535542431,13.17805098125226,9.974046110312367,14.9042572860726,18.99105575748682
2018-09-20 20:15:00.000000,3.789449856822208,12.45077407039655,13.18394526955244,9.96915513337467,14.91035520638966,18.99414222493219
2018-09-20 20:30:00.000003,3.672244814744858,12.44643343431937,13.18266024078924,9.954432096070555,14.91103970362828,18.99609930169881
2018-09-20 20:44:59.999997,3.492819578870045,12.43563117765992,13.17371274747938,9.928994059035372,14.90595118694354,18.99682713993765
2018-09-20 21:00:00.000000,3.261831063517659,12.4188632014206,13.15739923974471,9.894233213600542,14.89520250918597,18.99627121628637
2018-09-20 21:15:00.000003,2.996032388690333,12.39730192134811,13.13475303568902,9.852702839667202,14.87943439830597,18.99445449229734
2018-09-20 21:29:59.999997,2.699328584357591,12.37148208505913,13.10646225892961,9.805160171420411,14.85916307946904,18.99143595049175
2018-09-20 21:45:00.000000,2.390112108586404,12.34275600026745,13.07393512985497,9.754261534014619,14.83534623056114,18.98733908130403
2018-09-20 22:00:00.000003,2.062847322423341,12.31133230653409,13.03767090556621,9.699765592224288,14.8084425599049,18.9822830659541
2018-09-20 22:14:59.999997,1.731563628529498,12.27820517917338,12.9987529833422,9.643631911495394,14.77923505414836,18.97641560533086
2018-09-20 22:30:00.000000,1.398814530960032,12.2439182372471,12.95792780309884,9.586570786618212,14.74833757827562,18.96988214778571
2018-09-20 22:45:00.000003,1.062487838606015,12.20863960574338,12.91556550961579,9.528526103464397,14.7160973190885,18.9628064437149
2018-09-20 22:59:59.999997,0.7319986408208201,12.17314260921135,12.87249797139236,9.470892536182435,14.68309997665947,18.95531953768864
2018-09-20 23:15:00.000000,0.4087694844835414,12.13787581511365,12.82932099475438,9.414172533063462,14.64980656608932,18.94754400792818
2018-09-20 23:30:00.000003,0.0883661525728775,12.10268085921714,12.78607074571763,9.357836911392646,14.61634959697874,18.93956907785823
2018-09-20 23:44:59.999997,-0.225375856503118,12.06777900906706,12.7430215247626,9.302353771694165,14.58295747174163,18.93147239031238
2018-09-21 00:00:00.000000,-0.5320417244210737,12.03331648775258,12.70039135716153,9.247881225474714,14.54981648998763,18.92331894157657
2018-09-21 00:15:00.000003,-0.8276072386762571,11.99953583989125,12.65840301176856,9.194931341782059,14.51690591971313,18.91504097437279
2018-09-21 00:29:59.999997,-1.109267174656352,11.96675630972204,12.61744485089545,9.14404146224326,14.48462769542343,18.90673194698848
2018-09-21 00:45:00.000000,-1.370309742762301,11.93566485771298,12.57823249293324,9.096467205811743,14.45358550910185,18.89855422933468
2018-09-21 01:00:00.000003,-1.609954437089384,11.90728279454421,12.54164234613265,9.053715620180029,14.42432136351729,18.89065039621257
2018-09-21 01:14:59.999997,-1.812413403555859,11.88211045953902,12.50843014391137,9.017010472879297,14.39748429426255,18.88314886784113
2018-09-21 01:30:00.000000,-1.987279529855551,11.85967304061632,12.4784890441957,8.984913085835718,14.37314339301117,18.87612949394566
2018-09-21 01:45:00.000003,-2.123923159692721,11.8404485766902,12.45235260459167,8.958582310342766,14.35169452790069,18.86967602674708
2018-09-21 01:59:59.999997,-2.219898301417805,11.82482913153626,12.43051451473194,8.938854461869497,14.33362003064398,18.86388040792595
2018-09-21 02:15:00.000000,-2.267282674371715,11.8133433898725,12.41359546650675,8.926510805821176,14.31932055913515,18.85883804374063
2018-09-21 02:30:00.000003,-2.25642041847829,11.80670766440073,12.40241738486161,8.922807396516113,14.30936040225944,18.85466130875958
2018-09-21 02:44:59.999997,-2.181128510208603,11.80556304187356,12.3977729638903,8.928768269299757,14.30433458345895,18.85147438560663
2018-09-21 03:00:00.000000,-2.040564210173072,11.81027203720581,12.40020503219914,8.944750348393503,14.30468502760757,18.84939752460011
2018-09-21 03:15:00.000003,-1.837266940057871,11.82094276122098,12.40998158033985,8.970612018446245,14.31065783612461,18.84853279130084
2018-09-21 03:29:59.999997,-1.590680579818211,11.83685652175463,12.42657322403886,9.004241381527347,14.32198280199019,18.848921424389
2018-09-21 03:45:00.000000,-1.30993691875756,11.85754567850399,12.44935926618431,9.044720904888717,14.33822027273652,18.85054882553018
2018-09-21 04:00:00.000003,-1.008068326666009,11.88372260521066,12.47835323221661,9.094398503529659,14.3594355141785,18.85340070945998
2018-09-21 04:14:59.999997,-0.7019591613813168,11.91198675332859,12.51086409057506,9.14481787807408,14.38352886416799,18.85726611753802
2018-09-21 04:30:00.000000,-0.3772252228620572,11.94267114613645,12.54671769230897,9.198470879887422,14.41030895406694,18.8620132518331
2018-09-21 04:45:00.000003,-0.05772272309800697,11.97444305474545,12.58456785133143,9.252461649139548,14.43888371618217,18.86748132689055
2018-09-21 04:59:59.999997,0.2624943855775652,12.00707130155291,12.62389655724581,9.30703307241886,14.4687916638285,18.87352704099379
2018-09-21 05:15:00.000000,0.5923491739411576,12.04087279129945,12.66479352102333,9.363282547916732,14.50000253617446,18.88005531024222
2018-09-21 05:30:00.000003,0.9126946635830095,12.07481773649418,12.70627925082158,9.418793880289115,14.53184454580782,18.88694649083651
2018-09-21 05:44:59.999997,1.228944230575675,12.10908311762438,12.74827677879025,9.474094234727447,14.56409700640118,18.89410417523899
2018-09-21 06:00:00.000000,1.546851031487088,12.14362507321238,12.79067706803855,9.529690681963144,14.59671021584368,18.90146328205565
2018-09-21 06:15:00.000003,1.855899521503355,12.17786697589956,12.83292039772005,9.58427384912296,14.62930220142516,18.90894938744508
2018-09-21 06:29:59.999997,2.156384079446865,12.21158617440902,12.87469575714538,9.637624178417202,14.66162134202858,18.91649279639838
2018-09-21 06:45:00.000000,2.448308220403515,12.24474494749854,12.91589026820413,9.689720476694559,14.69352362479804,18.92403866189222
2018-09-21 07:00:00.000003,2.710942835540086,12.27602878146355,12.95526498115724,9.73771816433679,14.72420373727319,18.93147920902956
2018-09-21 07:14:59.999997,2.94974906756735,12.3053334363941,12.9924969043656,9.781895375578191,14.7533177242457,18.93871694016472
2018-09-21 07:30:00.000000,3.151717678875319,12.33176911155384,13.02667036923407,9.820452757286278,14.78021043671457,18.94563158735614
2018-09-21 07:45:00.000003,3.313263185906557,12.35463102942747,13.05688525179797,9.852512197635107,14.80425922766544,18.95208997538165
2018-09-21 07:59:59.999997,3.418514290424072,12.37277386912901,13.08187658495061,9.875840617429942,14.82453655285633,18.95792410626565
2018-09-21 08:15:00.000000,3.478772883709419,12.38627989567098,13.10143664110957,9.891373870080464,14.84077178359883,18.96300333439546
2018-09-21 08:30:00.000003,3.474240605894231,12.39386285683656,13.11431324512608,9.89635726641774,14.85210542152911,18.96716710962775
2018-09-21 08:44:59.999997,3.414059229675065,12.39555436989026,13.12024931329209,9.89157307545162,14.85824569721504,18.97029071168658
2018-09-21 09:00:00.000000,3.278370254732317,12.39016694926032,13.11804495262398,9.874438153853744,14.85834619578057,18.97221681033438
2018-09-21 09:15:00.000003,3.094705242664423,12.37884582056624,13.10843569873079,9.848261079758304,14.85274316088557,18.97287656774344
2018-09-21 09:29:59.999997,2.856099416743,12.36146970678642,13.0913749958089,9.812460881104839,14.84141537881098,18.97222300144115
2018-09-21 09:45:00.000000,2.584676003714314,12.33928630407311,13.06798400521878,9.769920037825342,14.82505819492492,18.97028905471085
2018-09-21 10:00:00.000003,2.282046106454338,12.31285558954965,13.03897335454291,9.721323730550376,14.80419294977539,18.96714044184858
2018-09-21 10:14:59.999997,1.963363936047506,12.28329751503559,13.00553088956905,9.66888855068655,14.77966123347526,18.96289611163158
2018-09-21 10:30:00.000000,1.631373524409045,12.25123583579941,12.96849211426525,9.61341028433332,14.75212197524659,18.9576892849506
2018-09-21 10:45:00.000003,1.288847276059381,12.21711926059466,12.92849378496373,9.555483685436228,14.72210360900466,18.951651828928
2018-09-21 10:59:59.999997,0.947279855662926,12.18186584038351,12.88655318626656,9.496838498473098,14.69035518544043,18.94493388662334
2018-09-21 11:15:00.000000,0.6051409953669533,12.14594739021809,12.84333560535781,9.437742268962332,14.65738093876223,18.9376744823142
2018-09-21 11:30:00.000003,0.2732492880564809,12.11012517494201,12.79972013922904,9.379708680775313,14.62385397511823,18.93002117871425
2018-09-21 11:44:59.999997,-0.05207208871429303,12.0744712133965,12.75601001189317,9.32250417064502,14.59010002318671,18.92209620675392
2018-09-21 12:00:00.000000,-0.3714928458438526,12.03905828961483,12.71241390780926,9.2660781330068,14.55632966205255,18.91399627175128
2018-09-21 12:15:00.000003,-0.6783607034732342,12.00436137876486,12.66945327726346,9.211372278453597,14.5229305549952,18.90581786117254
2018-09-21 12:29:59.999997,-0.9777711740160626,11.97031295367844,12.62720253290499,9.157902204331844,14.49001299884505,18.89763238097047
2018-09-21 12:45:00.000000,-1.263215950559549,11.93732235043845,12.5860708628991,9.106550547025567,14.45786929408765,18.88951035770714
2018-09-21 13:00:00.000003,-1.529662697044986,11.90642357704093,12.54690811827046,9.059108461597859,14.42699146158629,18.8815371356872
2018-09-21 13:14:59.999997,-1.778245474208872,11.87791020780678,12.51008545865458,9.015790013455598,14.39765687923164,18.87378977309894
2018-09-21 13:30:00.000000,-2.002644906534783,11.85154922842273,12.47569879630605,8.976303146055326,14.37008782002102,18.86633605795398
2018-09-21 13:45:00.000003,-2.195610458310401,11.82777395262051,12.44429473114328,8.941674311581414,14.34477122681178,18.85926638855637
2018-09-21 13:59:59.999997,-2.349969021853511,11.8071791998446,12.41656079579825,8.913246895751236,14.32233002102894,18.85269369697822
2018-09-21 14:15:00.000000,-2.465495300512289,11.78996044732584,12.39284886793729,8.89076246209476,14.30295869274292,18.84670434894729
2018-09-21 14:30:00.000003,-2.522218146523516,11.77724434480507,12.37432461596943,8.876663411204557,14.28744689328901,18.84142796771136
2018-09-21 14:44:59.999997,-2.531158908981814,11.76897032650363,12.36118956490209,8.870080646766079,14.27602703035907,18.83696880007324
2018-09-21 15:00:00.000000,-2.473376892956434,11.76613742693931,12.35448155620606,8.873261412413141,14.26944124726489,18.83346443458899
2018-09-21 15:15:00.000003,-2.347327530980917,11.76928262889692,12.35493516761307,8.886815752401601,14.26826275883873,18.83104844372854
2018-09-21 15:29:59.999997,-2.158580364218797,11.77840402600911,12.36274760785454,8.910280275329836,14.27271726884998,18.82983239199589
2018-09-21 15:45:00.000000,-1.914104374697099,11.79323503296721,12.37777549490485,8.94282231216676,14.28276106728231,18.82988186226957
2018-09-21 16:00:00.000003,-1.628680374657314,11.81310298868861,12.3994338114814,8.98263205513341,14.29797372963711,18.83120182471716
2018-09-21 16:14:59.999997,-1.315532534623858,11.83725313286123,12.42681788915886,9.028202240505658,14.31770636688365,18.83373619752964
2018-09-21 16:30:00.000000,-0.9746337287886636,11.86711609946689,12.4604664630129,9.082178819348758,14.34190775743586,18.83743775310056
2018-09-21 16:45:00.000003,-0.6102730176442585,11.9005590637566,12.49900861628547,9.141131178230447,14.37035434469062,18.8422571612569
2018-09-21 16:59:59.999997,-0.2496187180966012,11.93583689976987,12.54056035884644,9.202428407229336,14.40173112538785,18.84803532214503
2018-09-21 17:15:00.000000,0.1313556893591879,11.97361499672335,12.58532014468504,9.268494288889908,14.43603093448605,18.85466579383685
2018-09-21 17:30:00.000003,0.4702977261648204,12.01005973121226,12.62981109799807,9.328068555876039,14.47023102344817,18.8618112220581
2018-09-21 17:44:59.999997,0.8282999290781955,12.04747478951287,12.67543592053429,9.38963716329047,14.50528445252422,18.86937203787988
2018-09-21 18:00:00.000000,1.165487948679929,12.08451864876264,12.72103728517185,9.449075013741165,14.54040635154528,18.87720590485136
2018-09-21 18:15:00.000003,1.491634748248421,12.12094214185364,12.76615823982918,9.506871695721824,14.5752624642072,18.8851917385852
2018-09-21 18:29:59.999997,1.829499523057659,12.15788882630054,12.81167193642533,9.566053446011596,14.6103740282804,18.89329860232585
2018-09-21 18:45:00.000000,2.138503593496489,12.19340355737094,12.85594377733369,9.621636356068352,14.64472638555822,18.90141526017126
2018-09-21 19:00:00.000003,2.44664087354479,12.22846147278564,12.89959335871689,9.67660305602723,14.67857778703067,18.90949727388924
2018-09-21 19:14:59.999997,2.731134766447336,12.26197858459968,12.94167360681785,9.728289260615204,14.71134296678718,18.9174617959535
2018-09-21 19:30:00.000000,2.996116364692763,12.29387562161368,12.98195706372377,9.776853252653222,14.74276807833608,18.92523750594675
2018-09-21 19:45:00.000003,3.218737182528783,12.32264743461879,13.01898280818168,9.819155804669569,14.77190082671686,18.93269092663765
2018-09-21 19:59:59.999997,3.400844501982379,12.34789672931159,13.05212362437456,9.854945069916225,14.79818812347177,18.93969041502386
2018-09-21 20:15:00.000000,3.535681571729135,12.36903809655921,13.0805665086122,9.8833617816913,14.82102449165558,18.94609595993482
2018-09-21 20:30:00.000003,3.608141584354749,12.38461817126771,13.10286192055779,9.901667661436685,14.83942230949665,18.95173061642208
2018-09-21 20:44:59.999997,3.632026955562897,12.39494666671712,13.11896542282688,9.911315593242424,14.85319615277706,18.95646580636438
2018-09-21 21:00:00.000000,3.590986736480469,12.39906503708484,13.12791874182401,9.910197870135727,14.86166984564753,18.96015963420317
2018-09-21 21:15:00.000003,3.484268277916129,12.3965215075699,13.12909560455905,9.897828340652442,14.86433644081989,18.96267679961064
2018-09-21 21:29:59.999997,3.321292387085725,12.38766271816633,13.12261243879288,9.875370163594143,14.86117616460828,18.96393142106464
2018-09-21 21:45:00.000000,3.103376661686896,12.3727130705767,13.10859696978199,9.843286431665238,14.85222193630349,18.96386908453903
2018-09-21 22:00:00.000003,2.832712887254769,12.35176784740835,13.0871463289191,9.801807085584949,14.83753002638549,18.96246018839461
2018-09-21 22:14:59.999997,2.535135078864204,12.32637103495845,13.05967750884993,9.75439797695091,14.8179945995005,18.95976536906014
2018-09-21 22:30:00.000000,2.205154956095721,12.29678181874358,13.02669348834162,9.700902337663644,14.79403510342799,18.9558614043917
2018-09-21 22:45:00.000003,1.858535622251131,12.26407467323767,12.98932261825912,9.643510101071262,14.76644425085362,18.95086712262157
2018-09-21 22:59:59.999997,1.50486461143913,12.22922479928374,12.94869822688892,9.58390329685349,14.73607716191781,18.94493508936301
2018-09-21 23:15:00.000000,1.147640894815372,12.19285652945819,12.90566057419141,9.522923634827754,14.70361234360228,18.93822079588173
2018-09-21 23:30:00.000003,0.7944963621589013,12.15579149749041,12.86119005595298,9.461872911700334,14.66978326324658,18.93088879714269
2018-09-21 23:44:59.999997,0.4515783239809922,12.11887726162763,12.81629613769267,9.40197490100107,14.63532992481618,18.92310818155745
2018-09-22 00:00:00.000000,0.104726365840283,12.08153960617489,12.77074049735337,9.341521575046823,14.60024923676074,18.91498558106656
2018-09-22 00:15:00.000003,-0.2242746101449027,12.04479568110303,12.72542059442113,9.283105568599964,14.56497414767423,18.90651944925058
2018-09-22 00:29:59.999997,-0.5556709094367047,12.0079771212954,12.67998407155631,9.224538121550873,14.52948514982236,18.89780782201821
2018-09-22 00:45:00.000000,-0.869953627355635,11.97206453071018,12.63535926186168,9.168196003712502,14.49451100819895,18.88902890901797
2018-09-22 01:00:00.000003,-1.163017915399598,11.93768459782494,12.59229310632263,9.11503833687476,14.46065231358251,18.88034219886401
2018-09-22 01:14:59.999997,-1.446086158470332,11.90478360946526,12.55082667044702,9.064306345585184,14.42795544396917,18.87183467757557
2018-09-22 01:30:00.000000,-1.69329367595999,11.87533437636903,12.51259162903018,9.020237722484325,14.39738537303355,18.8636344734403
2018-09-22 01:45:00.000003,-1.923393959501779,11.84814268552505,12.4769917817353,8.979705121843239,14.36877809660266,18.85579844554001
2018-09-22 01:59:59.999997,-2.133648388765314,11.82300422421361,12.44394042951729,8.9425651613658,14.34215066487062,18.84836740062334
2018-09-22 02:15:00.000000,-2.305902356049398,11.8008632681731,12.41433865683337,8.91144153415147,14.31825871856807,18.84143492366986
2018-09-22 02:30:00.000003,-2.448664437308588,11.7815566970965,12.38820772448864,8.88508114458298,14.29706534326357,18.83505308138041
2018-09-22 02:44:59.999997,-2.551007052113938,11.76562088023536,12.36610676454488,8.864682499544116,14.27892527824842,18.82929158566455
2018-09-22 03:00:00.000000,-2.589943977665857,11.75442529210074,12.34942309205878,8.853232124701053,14.2648012808702,18.82427975339384
2018-09-22 03:15:00.000003,-2.581519288212061,11.74774960027182,12.3382483288182,8.849340346839274,14.25487024101084,18.82012178532536
2018-09-22 03:29:59.999997,-2.496961028309804,11.7470165733848,12.33399363673674,8.856370747063902,14.25011927165517,18.8169707329619
2018-09-22 03:45:00.000000,-2.346816328451913,11.75234124227331,12.337074765678,8.8736601727257,14.25093085882659,18.81495477146537
2018-09-22 04:00:00.000003,-2.130492035562509,11.76388176629467,12.34779907128469,8.901307233648122,14.25759002612122,18.8141902010338
2018-09-22 04:14:59.999997,-1.86016353216879,11.78116551315616,12.3658394572079,8.937930877797422,14.26993507152787,18.81473142069735
2018-09-22 04:30:00.000000,-1.562299508369854,11.80288037360208,12.38999858418471,8.980226449437293,14.28712297527261,18.81654072919275
2018-09-22 04:45:00.000003,-1.226523706505332,11.82997513641425,12.42055669274551,9.030621969189012,14.30909842602274,18.8195849662853
2018-09-22 04:59:59.999997,-0.8932965957032202,11.86031439649501,12.45548071177239,9.084077266204,14.33451222617725,18.82371652312378
2018-09-22 05:15:00.000000,-0.5427495399229753,11.89340163053282,12.49418657195826,9.141275420166252,14.36321025666996,18.82883016566826
2018-09-22 05:30:00.000003,-0.1918852879100913,11.92804391310746,12.53540926206207,9.199678220101857,14.39417153285098,18.83476261276967
2018-09-22 05:44:59.999997,0.1573761946398778,11.96402528487372,12.57861267803888,9.2618286035889,14.42756278876203,18.8414232545254
2018-09-22 06:00:00.000000,0.5124416987927185,12.00094374471012,12.62325789886825,9.324109944668738,14.46207207486133,18.8486172876358
2018-09-22 06:15:00.000003,0.8658113310979755,12.03819994092514,12.66868325761666,9.385300793741731,14.49702128400916,18.85618616096631
2018-09-22 06:29:59.999997,1.209909841639675,12.07558019239212,12.71450393711329,9.445598077784382,14.53224253086279,18.86402794681041
2018-09-22 06:45:00.000000,1.55255466154671,12.11303577415227,12.76054551725897,9.505718951256277,14.56768528537648,18.87206848981909
2018-09-22 07:00:00.000003,1.885405601065372,12.15007924384847,12.80629882875779,9.564646330010808,14.60301625698946,18.88022960852837
2018-09-22 07:14:59.999997,2.201100435336967,12.18608591260954,12.85109272682046,9.62123666546185,14.63779241015443,18.88842146317354
2018-09-22 07:30:00.000000,2.498789612423153,12.22078168323881,12.89453521598028,9.675048233746203,14.67158107161707,18.89654515735047
2018-09-22 07:45:00.000003,2.768627021635175,12.25337842979468,12.93578397040886,9.724661423278913,14.70381865548786,18.90448942530589
2018-09-22 07:59:59.999997,3.007354665709218,12.28345073451035,12.97428197591629,9.769399447299628,14.73403777743259,18.91214484002727
2018-09-22 08:15:00.000000,3.207931627173297,12.31025038302912,13.00916810918425,9.808089743786509,14.76164356118617,18.91938638439328
2018-09-22 08:30:00.000003,3.36527603354749,12.33319154292451,13.03972595696416,9.839794413275671,14.7860747709606,18.92608544062255
2018-09-22 08:44:59.999997,3.461719262597156,12.3510855194244,13.06465604878832,9.862140343428385,14.80638350282955,18.93207522728648
2018-09-22 09:00:00.000000,3.510785152686531,12.36391038820674,13.08365348722727,9.876061630718239,14.82229395332821,18.93722490748459
2018-09-22 09:15:00.000003,3.487004889595288,12.37015494342175,13.09524473731535,9.87821504495675,14.83278819953517,18.94136015814841
2018-09-22 09:29:59.999997,3.400185257886013,12.36979482425664,13.09909043540339,9.869350967621495,14.83749504492337,18.94433823996727
2018-09-22 09:45:00.000000,3.250765944946566,12.36281549613336,13.09500420307853,9.849638551487303,14.83619849159509,18.94604929609135
2018-09-22 10:00:00.000003,3.040380593854497,12.34924528900355,13.08289832571304,9.819306821676157,14.82878183547068,18.9464123399951
2018-09-22 10:14:59.999997,2.780439504273392,12.32966008890504,13.06324446021761,9.77979679198817,14.81551644095988,18.945399246389
2018-09-22 10:30:00.000000,2.482443277396602,12.30495932534776,13.03693227922535,9.73287022094195,14.79697065923164,18.94304329856265
2018-09-22 10:45:00.000003,2.163160926141253,12.27642684462786,13.00528513160063,9.68107578083983,14.77406201230037,18.93944667933219
2018-09-22 10:59:59.999997,1.818350764577029,12.244360505092,12.96887134807789,9.62434172116825,14.74727134620724,18.9347182978811
2018-09-22 11:15:00.000000,1.47036434432988,12.21019949327204,12.92916276025112,9.565736642412004,14.71764432055251,18.92901864328061
2018-09-22 11:30:00.000003,1.11051316800163,12.17404270358815,12.88658569363201,9.50467435446814,14.68561123204685,18.92248966411061
2018-09-22 11:44:59.999997,0.7508316061061521,12.13680364781421,12.84213380185948,9.442858411515136,14.65188089493839,18.91528335145572
2018-09-22 12:00:00.000000,0.3908729359560071,12.09893771272776,12.79645364989375,9.3806385911266,14.61695630350982,18.90754026472612
2018-09-22 12:15:00.000003,0.03385948796342809,12.06070751339455,12.74998392985064,9.318472512967693,14.5812455751393,18.89938551817274
2018-09-22 12:29:59.999997,-0.3196382443282491,12.02230955920975,12.70306127374474,9.256555571361817,14.54505459350499,18.89092573865431
2018-09-22 12:45:00.000000,-0.6674960205359615,11.98401724718548,12.65606029219411,9.195276402919966,14.50868727472906,18.88225621534716
2018-09-22 13:00:00.000003,-1.001915579544475,11.94641876231219,12.60962028184164,9.13578386808645,14.47261757345614,18.87348001038511
2018-09-22 13:14:59.999997,-1.321500324235232,11.90992114899448,12.56423687236854,9.078613664223425,14.43722650815647,18.86469495087224
2018-09-22 13:30:00.000000,-1.61830345448669,11.87605558043199,12.52115446530393,9.026456234734038,14.40323101436032,18.85602466481329
2018-09-22 13:45:00.000003,-1.898834120404049,11.84441353064226,12.48032253151588,8.978040152445017,14.3707407455852,18.84755252190931
2018-09-22 13:59:59.999997,-2.159353879757439,11.81472350064096,12.44175920135686,8.933152667185238,14.33997145617938,18.83935349727382
2018-09-22 14:15:00.000000,-2.388372256912817,11.78758524319402,12.40611147922822,8.89341715720289,14.3115138130153,18.83152826963348
2018-09-22 14:30:00.000003,-2.589401229015174,11.76298815042951,12.37352270506393,8.85807543325127,14.28540278917681,18.82414156553626
2018-09-22 14:44:59.999997,-2.754694377912155,11.74136109537557,12.34446913774937,8.828008758467215,14.26194985373793,18.81726563877577
2018-09-22 15:00:00.000000,-2.87399744315416,11.7234039225068,12.31971284000209,8.804627097920337,14.24170927526099,18.81099989013205
2018-09-22 15:15:00.000003,-2.940361897171297,11.70976897808861,12.30003307636462,8.789044175453785,14.22527498509026,18.8054614038177
2018-09-22 15:29:59.999997,-2.951718944085809,11.70087535657472,12.28601658387578,8.781768372995355,14.21311888113691,18.80076796509033
2018-09-22 15:45:00.000000,-2.890540019515909,11.69782328996675,12.27884816749816,8.785079070881531,14.206100443361,18.79707228965575
2018-09-22 16:00:00.000003,-2.766082528355689,11.70064955257745,12.27883587287934,8.798311904027708,14.20453719394829,18.79449999442796
2018-09-22 16:14:59.999997,-2.566955487505038,11.71002330555716,12.28673285539112,8.822849860560476,14.20899327654847,18.79318258633137
2018-09-22 16:30:00.000000,-2.30450793530934,11.72575082169689,12.3025650969623,8.857633931733872,14.21955102200419,18.7932119379724
2018-09-22 16:45:00.000003,-2.007392267694042,11.74638297932216,12.3250472617206,8.89912594713185,14.23539860885663,18.79457387953756
2018-09-22 16:59:59.999997,-1.676300047308803,11.77144794148181,12.35354936329396,8.946729983387328,14.25601324792989,18.79721381669947
2018-09-22 17:15:00.000000,-1.336254988382559,11.7995469097996,12.3865571828583,8.997432958244964,14.2803211123533,18.80099908060436
2018-09-22 17:30:00.000003,-0.9838191234996914,11.83228132518607,12.42452197708062,9.054537579274902,14.30811375961191,18.80581842160814
2018-09-22 17:44:59.999997,-0.6214747015609056,11.86705916081557,12.46559563334794,9.11370513315346,14.33851089489279,18.81151878019445
2018-09-22 18:00:00.000000,-0.2612562151315746,11.90295576948822,12.50863853798568,9.173452884377205,14.37067065808329,18.81793166307564
2018-09-22 18:15:00.000003,0.09807236684630033,11.93968255374604,12.55312458907466,9.23377230185724,14.404225746275,18.82492146281611
2018-09-22 18:29:59.999997,0.4435375196638185,11.97660758206104,12.59837816136504,9.293567054614623,14.43902492730582,18.83239265935721
2018-09-22 18:45:00.000000,0.7999226809251595,12.01418525026279,12.64445564080455,9.35423595933808,14.47432672553916,18.84020132541605
2018-09-22 19:00:00.000003,1.137050987331874,12.05225877922839,12.6911174330455,9.419789248922346,14.51160144605809,18.84839254590421
2018-09-22 19:14:59.999997,1.464518718923324,12.08923110680542,12.73691694965467,9.478780868742556,14.54742339574177,18.8566466639817
2018-09-22 19:30:00.000000,1.792770925050092,12.12587088927332,12.78229880478874,9.536938580364517,14.58262980475228,18.86490436051607
2018-09-22 19:45:00.000003,2.089541013295787,12.16061667342627,12.82588983315752,9.590777828083079,14.61658747781027,18.87307147417744
2018-09-22 19:59:59.999997,2.37836103858352,12.19428537654641,12.86816274622254,9.642902130786277,14.64952084353973,18.8810998638022
2018-09-22 20:15:00.000000,2.620543909489965,12.22483529251508,12.9072971028906,9.688432604631462,14.68027374594847,18.88885138860158
2018-09-22 20:30:00.000003,2.837093210436627,12.25272264146225,12.94335296020841,9.72939516064488,14.70873392373594,18.89622740205697
2018-09-22 20:44:59.999997,3.001192885299415,12.27646367192479,12.97491768456537,9.76238811947712,14.73394910339486,18.90307964368248
2018-09-22 21:00:00.000000,3.120963643561117,12.29589171845147,13.00153354223655,9.787920619803746,14.75553446362448,18.90927996639266
2018-09-22 21:15:00.000003,3.183009163226821,12.31008636021005,13.02220421769955,9.804179718656808,14.7727938161783,18.91468354627181
2018-09-22 21:29:59.999997,3.185057854964419,12.3184690871378,13.03616648129405,9.810352647409138,14.78504015292193,18.91913328761605
2018-09-22 21:45:00.000000,3.122582590603694,12.32053612454002,13.04277641243441,9.805690196489696,14.79176128594651,18.92248771469609
2018-09-22 22:00:00.000003,2.985580509700438,12.31540228567421,13.04103572542828,9.788635716572564,14.79225205811136,18.92459459961853
2018-09-22 22:14:59.999997,2.791403960872752,12.30364921313586,13.03120923219978,9.761155353417761,14.78658483137466,18.92536294709861
2018-09-22 22:30:00.000000,2.535681300641499,12.28521753518419,13.01323707271834,9.722911074070407,14.77467181354961,18.92472608774383
2018-09-22 22:45:00.000003,2.237511201488446,12.26115439733302,12.98802871313749,9.676395632462548,14.75706408915212,18.92269147464593
2018-09-22 22:59:59.999997,1.906135286989863,12.23237019555784,12.95655854773608,9.623239918737182,14.73443688614102,18.91932334252676
2018-09-22 23:15:00.000000,1.554692231270259,12.19996967503949,12.92003039902588,9.565518587414925,14.70765736363701,18.9147391590242
2018-09-22 23:30:00.000003,1.188706274389808,12.16471895737081,12.8794100223316,9.504385881398248,14.6774795245084,18.90908144565247
2018-09-22 23:44:59.999997,0.8091837281179498,12.1271080018593,12.83540173510809,9.440318557115663,14.64446347888064,18.90249087283186
2018-09-23 00:00:00.000000,0.4345641048176684,12.0885895672178,12.78950551956482,9.37605758246489,14.60963618847878,18.89514614025778
2018-09-23 00:15:00.000003,0.05457333966584155,12.04892137437758,12.7417882746741,9.31054833065097,14.57302507152766,18.88705483671925
2018-09-23 00:29:59.999997,-0.3161884641980466,12.0089834629897,12.69321181467116,9.24570750225183,14.53544845522594,18.87839575717554
2018-09-23 00:45:00.000000,-0.6793383434131013,11.96913135889823,12.6443805608357,9.181737640379804,14.49752830760289,18.86938785119812
2018-09-23 01:00:00.000003,-1.036852086936038,11.92949288896927,12.59561237481288,9.118547531542731,14.45960557569418,18.86019498927341
2018-09-23 01:14:59.999997,-1.37533009354267,11.89108688571508,12.54789097477369,9.058209151584155,14.42234008851705,18.85096240157138
2018-09-23 01:30:00.000000,-1.69684866203072,11.85524100499383,12.50230006730151,9.002563992402951,14.38631762887827,18.84181875358547
2018-09-23 01:45:00.000003,-2.001429815300643,11.82140832093549,12.45876227348263,8.95040216186102,14.35168407124372,18.83285003940871
2018-09-23 01:59:59.999997,-2.281350720465567,11.78979196268254,12.417703622627,8.90290486200098,14.31907536255093,18.82416857130277
2018-09-23 02:15:00.000000,-2.534711755387748,11.76046888226859,12.37934229018948,8.859511597765371,14.28854134867031,18.81584390425365
2018-09-23 02:30:00.000003,-2.767136947349248,11.73324170330845,12.34359759416069,8.819514833279934,14.26001158826439,18.80791827979239
2018-09-23 02:44:59.999997,-2.964371226096489,11.70876795874413,12.31109696107358,8.784551410997473,14.23391017784888,18.80046018107992
2018-09-23 03:00:00.000000,-3.123748524567315,11.68744626874612,12.28233589004167,8.755210150496074,14.21062151763846,18.79354869415012
2018-09-23 03:15:00.000003,-3.246830770091972,11.66941928665127,12.25757963114789,8.731470883360364,14.1903691470513,18.78725552310842
2018-09-23 03:29:59.999997,-3.307521968116621,11.65605535171948,12.23817854514744,8.71651347677811,14.17409441390072,18.78171120275694
2018-09-23 03:45:00.000000,-3.315459419046085,11.64741931360306,12.22446921845328,8.709721416600921,14.16214461463378,18.77702999811878
2018-09-23 04:00:00.000003,-3.251976225822112,11.64453274856728,12.21753923001729,8.713348654053709,14.15531509302471,18.7733587185629
2018-09-23 04:14:59.999997,-3.107080701703172,11.64838180773466,12.21855079270469,8.729046017252097,14.1544700396731,18.77086152273391
2018-09-23 04:30:00.000000,-2.89025074679392,11.65904939159295,12.22787544959535,8.756117596816889,14.15994913492229,18.76968089305915
2018-09-23 04:45:00.000003,-2.602375815417909,11.67653461409366,12.24565680445983,8.79442252055666,14.17194029076918,18.76992335651626
2018-09-23 04:59:59.999997,-2.279428096411386,11.69919157369761,12.27047742887588,8.839693036341634,14.18953015311438,18.77157496090068
2018-09-23 05:15:00.000000,-1.914777608464716,11.72672984328389,12.30182537181882,8.892072832933032,14.2123065521117,18.77459070906186
2018-09-23 05:30:00.000003,-1.545209234504393,11.75729915658365,12.33787096699536,8.947108759110982,14.23894735389255,18.7788225188791
2018-09-23 05:44:59.999997,-1.164860907838978,11.79179210826232,12.37853588957777,9.007186747992254,14.26901226683959,18.78413140237164
2018-09-23 06:00:00.000000,-0.7705098554347192,11.8294116385001,12.42305978947119,9.071298113999624,14.30203136094394,18.79038091795969
2018-09-23 06:15:00.000003,-0.3753468443107235,11.86862816846775,12.47002011012942,9.136738750352734,14.33711791413397,18.79740484384314
2018-09-23 06:29:59.999997,0.0210299184940465,11.90888779227189,12.5186961351442,9.20294845022821,14.37371962436123,18.80505339238758
2018-09-23 06:45:00.000000,0.4010108731916852,11.94895219719325,12.56776831550034,9.267499536514551,14.4109030817257,18.81314972803048
2018-09-23 07:00:00.000003,0.7735899499684878,11.98880305707659,12.61691441901684,9.33108973002851,14.44831775503902,18.82155183865131
2018-09-23 07:14:59.999997,1.14961725364136,12.02967091734927,12.66717066432649,9.396588092290157,14.48711073828504,18.83027847996487
2018-09-23 07:30:00.000000,1.48875795718491,12.06874771433798,12.71598720930227,9.457149591006397,14.52499477182316,18.83911535531782
2018-09-23 07:45:00.000003,1.850692354772698,12.10862121022622,12.76521316334481,9.52129579795937,14.56323240073379,18.84804618100461
2018-09-23 07:59:59.999997,2.166661358247612,12.14704625580741,12.81306817266192,9.586203410152299,14.60210400420114,18.85707785222146
2018-09-23 08:15:00.000000,2.488282152771459,12.18430986866457,12.85958963183611,9.644698362615904,14.6387425838179,18.86592591802794
2018-09-23 08:30:00.000003,2.754232733351686,12.21787424246404,12.90249458500741,9.694830578172663,14.67254765709793,18.87443415691947
2018-09-23 08:44:59.999997,3.004784730483179,12.2492439536752,12.94269579494577,9.741552838771177,14.70417819527191,18.88255858305476
2018-09-23 09:00:00.000000,3.201188748232106,12.27648785822002,12.97847459807827,9.780231352304517,14.73262586428143,18.89016677627929
2018-09-23 09:15:00.000003,3.352619096733174,12.29941057909839,13.00933150923373,9.811339058406206,14.7574472917575,18.89713075574351
2018-09-23 09:29:59.999997,3.451904060539795,12.3175485903601,13.03462691564942,9.834075059473568,14.77812901123107,18.90332191730312
2018-09-23 09:45:00.000000,3.483111373420896,12.32948985840294,13.05296367584397,9.845711278519678,14.79371837577969,18.90857032923262
2018-09-23 10:00:00.000003,3.451074153320375,12.33499166603059,13.06381645628291,9.846444704468734,14.80373980057708,18.91272654384169
2018-09-23 10:14:59.999997,3.337357689526578,12.33280895792582,13.06588299921219,9.833730960892735,14.80726265953447,18.91561290636142
2018-09-23 10:30:00.000000,3.16294020064219,12.32371753816981,13.05952561309889,9.81005476744762,14.80436160503612,18.91712365959981
2018-09-23 10:45:00.000003,2.930981292688975,12.30803087004021,13.04499460897224,9.776060658381994,14.79516891094665,18.91720213572319
2018-09-23 10:59:59.999997,2.64316481482386,12.28592662376666,13.02248376671693,9.732036409608163,14.7797984406312,18.91582172374957
2018-09-23 11:15:00.000000,2.326574581283318,12.25906282285524,12.99352383961123,9.681668923744274,14.7592216015381,18.91305194019223
2018-09-23 11:30:00.000003,1.985114287041211,12.22832079398831,12.95920205053303,9.626143365990146,14.73426551721918,18.90901344674131
2018-09-23 11:44:59.999997,1.628641746271622,12.19456802401713,12.92057018743545,9.56700255203999,14.70570609888462,18.90384765821679
2018-09-23 12:00:00.000000,1.256894818790477,12.15817678705148,12.8782243837011,9.504548996583557,14.67406880780125,18.89769210085023
2018-09-23 12:15:00.000003,0.8810408289812969,12.12007444506615,12.83320515081758,9.440480259014247,14.64012214896719,18.89070392702609
2018-09-23 12:29:59.999997,0.500136046652416,12.08080033699584,12.78624366979614,9.375167001076871,14.6044100350534,18.88303009459646
2018-09-23 12:45:00.000000,0.1208290658672046,12.04084412520569,12.73800126855751,9.309534707129574,14.56748248793475,18.87481225338412
2018-09-23 13:00:00.000003,-0.2471581378013458,12.00098149733524,12.68937804833253,9.245073240513719,14.53004376541282,18.86620335450948
2018-09-23 13:14:59.999997,-0.6141869885214489,11.96098372631354,12.64041098334723,9.180710778585054,14.49223011821856,18.85731178844538
2018-09-23 13:30:00.000000,-0.9629250479439782,11.92183335208488,12.59206940664363,9.118670858682075,14.45472056711529,18.84826813292391
2018-09-23 13:45:00.000003,-1.293105710068849,11.8840039065815,12.54497520146965,9.059474096913837,14.41800634762319,18.83919731936905
2018-09-23 13:59:59.999997,-1.612697545114608,11.84821275027992,12.49967760725324,9.003779089823954,14.38235696228337,18.8302005019885
2018-09-23 14:15:00.000000,-1.89906620493153,11.81542224530111,12.45723113334585,8.953974317827493,14.34857776516746,18.82140816692929
2018-09-23 14:30:00.000003,-2.162387661399381,11.78508935455545,12.41759646065893,8.908889057467068,14.31703410966855,18.81293805906429
2018-09-23 14:44:59.999997,-2.401792857959966,11.75703937879295,12.38073848953944,8.867683900659348,14.28764851906299,18.80485440508873
2018-09-23 15:00:00.000000,-2.603481722009726,11.73194062393937,12.3473297576532,8.831894157366415,14.26084005764959,18.79724097548881
2018-09-23 15:15:00.000003,-2.771172299641325,11.70989565497771,12.31761548632771,8.80134185858785,14.23681974421182,18.79017056397547
2018-09-23 15:29:59.999997,-2.900953008490226,11.6911751429453,12.29193187835604,8.776534166846714,14.21585758968702,18.78371881170892
2018-09-23 15:45:00.000000,-2.975781907071136,11.67676103436822,12.27127986998554,8.75963059910312,14.1986618829437,18.77799493502312
2018-09-23 16:00:00.000003,-2.994829326538521,11.66711663196795,12.25630484008995,8.751130942525615,14.18574993051232,18.77311745855309
2018-09-23 16:14:59.999997,-2.944392776512919,11.66317068797332,12.24804598747308,8.752864514135,14.17788936924487,18.76923250667156
2018-09-23 16:30:00.000000,-2.821036940307353,11.66551544169547,12.24729516625757,8.765620151450435,14.17570735753903,18.76648280856278
2018-09-23 16:45:00.000003,-2.625555672568876,11.67444032896417,12.2545454053715,8.789550172285695,14.17962746458682,18.76500510175117
2018-09-23 16:59:59.999997,-2.358954845296846,11.69010665464996,12.27011014945797,8.82466382331088,14.18992238547678,18.76490906445068
2018-09-23 17:15:00.000000,-2.052509347129811,11.711115507033,12.29281597710091,8.867277846428552,14.20585922830839,18.76619941487559
2018-09-23 17:30:00.000003,-1.697877728203841,11.7374498373295,12.32248094497587,8.917877774399209,14.22723077250533,18.76886140285204
2018-09-23 17:44:59.999997,-1.327219524537219,11.76759735727298,12.35757222693756,8.972844529459975,14.2529741469992,18.77278924498072
2018-09-23 18:00:00.000000,-0.9400305383048271,11.80315574339037,12.39849753140052,9.0353617176051,14.2828329465877,18.77788430120557
2018-09-23 18:15:00.000003,-0.530895015679489,11.84171094696746,12.44361842207876,9.10168196400297,14.31609354195039,18.78401588559613
2018-09-23 18:29:59.999997,-0.1327841964803848,11.88133415942416,12.49093927916675,9.16779968335256,14.35139064296339,18.79098360201968
2018-09-23 18:45:00.000000,0.2632091722781639,11.92173201019196,12.5397694027171,9.234140212944864,14.3881002873306,18.79860813611441
2018-09-23 19:00:00.000003,0.6445088687085554,11.9622669798812,12.58936140440102,9.299710886872207,14.42599569707363,18.80676044293635
2018-09-23 19:14:59.999997,1.034244297491924,12.00376905016421,12.64014604044378,9.366749473873565,14.46500084705432,18.8153412253581
2018-09-23 19:30:00.000000,1.399096766133778,12.04438559110235,12.69038052553187,9.430575749923916,14.50357674090163,18.82414327078151
2018-09-23 19:45:00.000003,1.76498933113467,12.08541254622627,12.74089682594445,9.498367630823193,14.54324770143059,18.83318228295462
2018-09-23 19:59:59.999997,2.110027451864635,12.12554420544069,12.79059789508079,9.564622772836548,14.58283929732618,18.84233195656524
2018-09-23 20:15:00.000000,2.434676215573624,12.16369833113725,12.83838518408359,9.623950010388779,14.62030584328018,18.85134387264061
2018-09-23 20:30:00.000003,2.746145141120417,12.2003597502952,12.88444886142386,9.680502622078965,14.65627288169056,18.86016000776467
2018-09-23 20:44:59.999997,3.006993526487015,12.23360827428529,12.9270499858786,9.729806149508619,14.68974182351045,18.86864647198054
2018-09-23 21:00:00.000000,3.246418109789727,12.26425760806916,12.96654169262685,9.774948053914148,14.7208631700023,18.8767247650248
2018-09-23 21:15:00.000003,3.429182053354124,12.2905347663151,13.00128336608419,9.811670483561057,14.74856550532455,18.88424338771171
2018-09-23 21:29:59.999997,3.584033578609735,12.31346301895015,13.03182767664605,9.843227637767757,14.773049467376,18.8911231256143
2018-09-23 21:45:00.000000,3.669647494210054,12.33068666060431,13.05614340419353,9.864061662795608,14.79303537908357,18.89719814454499
2018-09-23 22:00:00.000003,3.710658533740458,12.34283500034862,13.07440673027977,9.87669783635827,14.80847063552548,18.90235995722053
2018-09-23 22:14:59.999997,3.673819688130587,12.34807950192543,13.08492310844714,9.876885354042999,14.81822878880091,18.90643890880118
2018-09-23 22:30:00.000000,3.577264573043484,12.34676638395761,13.08765443811056,9.866358515533438,14.82212976064414,18.90931181969981
2018-09-23 22:45:00.000003,3.403693242020715,12.33791260151689,13.08161848583291,9.842932829130232,14.8194839445647,18.91083927410489
2018-09-23 22:59:59.999997,3.172340357160717,12.32234572170876,13.06728647638105,9.809026809194492,14.81046490201964,18.91094677160784
2018-09-23 23:15:00.000000,2.880109818730398,12.30007238973908,13.04467525663492,9.764481631450003,14.7950714513183,18.90958606383596
2018-09-23 23:30:00.000003,2.549608440320267,12.27236126506701,13.01494160292923,9.712208604848032,14.7740238260914,18.90679030556012
2018-09-23 23:44:59.999997,2.192607580410353,12.24036747095963,12.97933897035804,9.654255918992593,14.74819579231105,18.90265805766324
2018-09-24 00:00:00.000000,1.810558419162799,12.2046545255901,12.93866011444771,9.591244781218583,14.71821174833989,18.89730759663112
2018-09-24 00:15:00.000003,1.417935396483781,12.16622786139537,12.89396258352915,9.525211872899364,14.68467238690569,18.89076153323022
2018-09-24 00:29:59.999997,1.016267725778245,12.12566526623419,12.84607014472437,9.45683503084624,14.64835332859618,18.88320238555515
2018-09-24 00:45:00.000000,0.6116868902567032,12.08383520530342,12.79603265521084,9.387325736832365,14.61011584543775,18.87487088835957
2018-09-24 01:00:00.000003,0.2099311330874198,12.04141311350932,12.74473410777378,9.317717071175574,14.57068801710118,18.86597832558503
2018-09-24 01:14:59.999997,-0.1878468123053664,11.99867580752486,12.69267810831911,9.248324690484381,14.53053592456519,18.85668360937056
2018-09-24 01:30:00.000000,-0.5771245028172939,11.95607265215484,12.64045093311831,9.179874452145397,14.49012198298366,18.84711844134484
2018-09-24 01:45:00.000003,-0.9526874282265827,11.91413999945432,12.58870642183593,9.113254995734545,14.44994518411393,18.83740588509029
2018-09-24 01:59:59.999997,-1.312751993437305,11.87331577932748,12.53799018020527,9.049042775720151,14.41042067601408,18.82765842422008
2018-09-24 02:15:00.000000,-1.651602215063824,11.83519543483765,12.48957408711968,8.989917888759058,14.37224790905638,18.81800543032125
2018-09-24 02:30:00.000003,-1.964364257976687,11.79991659188698,12.44393878974601,8.93628797708464,14.33600654719547,18.8085747356481
2018-09-24 02:44:59.999997,-2.254989725809491,11.76697745429172,12.40101731773526,8.886975059805845,14.30192164071586,18.79946814843094
2018-09-24 03:00:00.000000,-2.512767727319229,11.73670602916629,12.36121350982276,8.842520173175215,14.27019533639705,18.7907672794737
2018-09-24 03:15:00.000003,-2.738416474233321,11.70926038159736,12.32480661093472,8.802959269043955,14.24102260876928,18.78254640155734
2018-09-24 03:29:59.999997,-2.928055154581426,11.68492407772044,12.2921480406481,8.768819173473215,14.21467894224786,18.77488056259786
2018-09-24 03:45:00.000000,-3.076874899015859,11.66407758178027,12.26368792225344,8.740793071412678,14.19151203365135,18.76785022959148
2018-09-24 04:00:00.000003,-3.179655996423435,11.64717147425035,12.23995991218846,8.719669033866367,14.171926672216,18.76154350785142
2018-09-24 04:14:59.999997,-3.226665421945644,11.63490202045443,12.22174153107921,8.706798390989235,14.15649787940427,18.75606876397888
2018-09-24 04:30:00.000000,-3.211091269452234,11.62789948385752,12.20979780753702,8.703265247931961,14.14581964847574,18.75154779126423
2018-09-24 04:45:00.000003,-3.12100619200842,11.62708503873913,12.20517963025517,8.710777604386879,14.14066979672028,18.74812947902104
2018-09-24 04:59:59.999997,-2.952362731716273,11.63312341411735,12.20875533217522,8.730211210522565,14.14171468013929,18.74596501884525
2018-09-24 05:15:00.000000,-2.708790068494686,11.64613930653749,12.22087323983136,8.761362349927847,14.14929938840012,18.74518741939062
2018-09-24 05:30:00.000003,-2.404248748625785,11.66559711523914,12.24117279130303,8.802650228828043,14.16324784036244,18.74586272000476
2018-09-24 05:44:59.999997,-2.05782490642477,11.69046812133714,12.26871536500775,8.85157845653869,14.18291635187426,18.74797754701011
2018-09-24 06:00:00.000000,-1.68307618043741,11.71973592051947,12.30239431255783,8.90614332678342,14.20749145746171,18.75145057953633
2018-09-24 06:15:00.000003,-1.294176423814421,11.75256837828155,12.34107318109133,8.964788102114953,14.23607361276634,18.75614821770023
2018-09-24 06:29:59.999997,-0.8951549717566741,11.79021613466213,12.38493597987786,9.029901968978207,14.26830940257306,18.76194443462758
2018-09-24 06:45:00.000000,-0.4818662905533079,11.83016374447522,12.43221370375014,9.09758047019128,14.30338508530391,18.76868275045545
2018-09-24 07:00:00.000003,-0.07337444185056212,11.87121747341538,12.48152100983598,9.165637362772943,14.34030793177499,18.77618065299741
2018-09-24 07:14:59.999997,0.3248417910554021,11.91253990301661,12.53179169078469,9.232842851830341,14.37824611862932,18.7842503020197
2018-09-24 07:30:00.000000,0.7085736179194864,11.95348494377663,12.58214504048281,9.298363226636182,14.41650012502236,18.79271159583864
2018-09-24 07:45:00.000003,1.098805209582588,11.99541780581267,12.63360360084746,9.365678497952599,14.45596899781485,18.80153469515017
2018-09-24 07:59:59.999997,1.45276027373636,12.03593211099956,12.68404149199739,9.428892529411703,14.49509911590043,18.81055006428055
2018-09-24 08:15:00.000000,1.807115248142896,12.07580983940829,12.73369826355433,9.491022184414662,14.53345148624352,18.81960713673677
2018-09-24 08:30:00.000003,2.133667344053578,12.11395220766069,12.78158750767881,9.550027105821075,14.57069736537201,18.82859221355791
2018-09-24 08:44:59.999997,2.439280020745447,12.1515085909268,12.82849480232938,9.614048768245926,14.60907221539055,18.83762617967809
2018-09-24 09:00:00.000000,2.726519632151466,12.18650589167197,12.87275930403878,9.667781081182149,14.64422664579487,18.84634179110409
2018-09-24 09:15:00.000003,2.963114914458296,12.21760623261719,12.91297040705238,9.713229015846876,14.67607681233427,18.85459198429429
2018-09-24 09:29:59.999997,3.176466095519349,12.24580122933765,12.94966455938865,9.754072080810333,14.70517403353922,18.86232784215006
2018-09-24 09:45:00.000000,3.326996499741932,12.26905787914211,12.98100905984652,9.785450611827866,14.7304037617354,18.86940503543245
2018-09-24 10:00:00.000003,3.441479786953051,12.2882323849043,13.00737372600963,9.81031869348499,14.7518471845896,18.87573264301043
2018-09-24 10:14:59.999997,3.493122696500348,12.30181382738258,13.02741089062334,9.825138180632083,14.76863528219272,18.88117256975493
2018-09-24 10:30:00.000000,3.485751824247158,12.30944124981101,13.0405348337591,9.829834564652648,14.78027874411075,18.88559374286871
2018-09-24 10:45:00.000003,3.398220853872806,12.30967439150302,13.04528431918604,9.821432141075004,14.7857549341617,18.88882169076858
2018-09-24 10:59:59.999997,3.251251655081584,12.30319861904406,13.04192217438069,9.802293649145286,14.78507090355771,18.89074669136587
2018-09-24 11:15:00.000000,3.028285412954765,12.28921540459986,13.02966668475441,9.770502025903426,14.77767915078279,18.89124886406153
2018-09-24 11:30:00.000003,2.749332956291065,12.2684956866091,13.00904201808768,9.728319564344893,14.76383245585796,18.89027408640953
2018-09-24 11:44:59.999997,2.423382092953944,12.24184270958239,12.98083109447079,9.677257257759877,14.74401383386,18.8878310677477
2018-09-24 12:00:00.000000,2.064281728927206,12.21032064332084,12.94612950676924,9.619428157125947,14.71897907916075,18.883992536037
2018-09-24 12:15:00.000003,1.688022362506212,12.17528544737271,12.90639354796941,9.55737166571536,14.68975871536237,18.87889579839534
2018-09-24 12:29:59.999997,1.293137007841483,12.13717984849733,12.86235136898074,9.491385129022651,14.65698098654676,18.87268484731134
2018-09-24 12:45:00.000000,0.8905253234623397,12.09691944498224,12.81505505467457,9.423125476002848,14.62143225824814,18.86552020736698
2018-09-24 13:00:00.000003,0.4815483222150183,12.05519811124308,12.76538712561526,9.353276691318028,14.58375512038647,18.85756140771382
2018-09-24 13:14:59.999997,0.07277281136054974,12.01254046272296,12.71406633272946,9.282805050907198,14.5445556629073,18.84896093490671
2018-09-24 13:30:00.000000,-0.3372069489244344,11.96910489083536,12.66146469878512,9.211717608310245,14.50420041603629,18.83984994227138
2018-09-24 13:45:00.000003,-0.7395216900569259,11.9255466311803,12.60832823959889,9.14127854303378,14.46325486501663,18.83036215092877
2018-09-24 13:59:59.999997,-1.124823328390068,11.88271138108697,12.55560615081198,9.073019493108088,14.42242602598749,18.82064529689305
2018-09-24 14:15:00.000000,-1.49620825666109,11.84133071736811,12.50403838710459,9.007731108193283,14.38220558800249,18.81083468699424
2018-09-24 14:30:00.000003,-1.837255832718076,11.80329306907318,12.4552736737761,8.949197916066602,14.34368259702639,18.8011082560421
2018-09-24 14:44:59.999997,-2.154998910844117,11.76776975462582,12.40921564629675,8.895531064766935,14.30723173251103,18.79160891564694
2018-09-24 15:00:00.000000,-2.440925169853195,11.73487780196227,12.36617915212289,8.846683738515457,14.27304932492121,18.7824435878467
2018-09-24 15:15:00.000003,-2.696190293599934,11.70469141516187,12.32638144968035,8.80252984727572,14.24129124457442,18.77369977113961
2018-09-24 15:29:59.999997,-2.916181260926131,11.67751706721779,12.29019798789853,8.76365938754012,14.2122441179264,18.76546244864801
2018-09-24 15:45:00.000000,-3.095155027112481,11.65378687401707,12.25812986957068,8.730887611557621,14.18629434553358,18.75782218918128
2018-09-24 16:00:00.000003,-3.23625575118924,11.63357632954281,12.23037845918795,8.70402515156759,14.16362692966103,18.75085389240702
2018-09-24 16:14:59.999997,-3.32465580733122,11.61768441117886,12.20775628461906,8.684879716519758,14.14481955813975,18.74465743031642
2018-09-24 16:30:00.000000,-3.364179081368469,11.60622989560832,12.19054713610601,8.673296500336521,14.13014769246477,18.73932123126862
2018-09-24 16:45:00.000003,-3.337563472439121,11.60015476104118,12.17972589415429,8.671391416003607,14.12031685294722,18.73496545306987
2018-09-24 16:59:59.999997,-3.232842983222914,11.60045598167907,12.17642902553137,8.680993061526703,14.11617708525553,18.73174264315554
2018-09-24 17:15:00.000000,-3.055594782711918,11.60741328979838,12.18119546565979,8.701887128129483,14.11816831214693,18.72978922880396
2018-09-24 17:30:00.000003,-2.79694595400484,11.62164800607359,12.19477368896288,8.73522975819366,14.12686457456127,18.72924615919238
2018-09-24 17:44:59.999997,-2.478070342128212,11.64238820066762,12.2166377036093,8.778714356413776,14.1420152872046,18.73017878255326
2018-09-24 18:00:00.000000,-2.111420629795306,11.66888979903532,12.24610130117506,8.830594061619713,14.16313038733506,18.73258734838594
2018-09-24 18:15:00.000003,-1.713580202592979,11.70005967442282,12.28202286976614,8.88858741676713,14.18940208527914,18.73639977533425
2018-09-24 18:29:59.999997,-1.299414411074041,11.73500989676783,12.32324854737251,8.950957158565206,14.21991241263584,18.74148683374205
2018-09-24 18:45:00.000000,-0.8690918698233288,11.77545698535294,12.370289886781,9.02104805080525,14.25447863261157,18.74773997798355
2018-09-24 19:00:00.000003,-0.4288480499556674,11.81817086236375,12.42085496167567,9.093286421793007,14.2920113696229,18.7549894284769
2018-09-24 19:14:59.999997,0.0118147928557303,11.86232697874054,12.4738028351407,9.166597769928169,14.3316433026249,18.76305472258291
2018-09-24 19:30:00.000000,0.4432346701136658,11.90695262413494,12.52797405830113,9.239335185247468,14.37249936193498,18.77174630107918
2018-09-24 19:45:00.000003,0.8543686529798946,11.95098187431075,12.58211339600676,9.309691010094815,14.41363589983503,18.78086107412198
2018-09-24 19:59:59.999997,1.278140086693119,11.99609971447388,12.63735420579162,9.381830504201606,14.45552991313241,18.79031156117371
2018-09-24 20:15:00.000000,1.663321420626409,12.04018564171238,12.69206411034474,9.451045659561677,14.49807128366249,18.80004224156498
2018-09-24 20:30:00.000003,2.043988687615479,12.08334987649788,12.7458024023773,9.518246168372892,14.53971538636093,18.80984992399343
2018-09-24 20:44:59.999997,2.393938395544173,12.12439155205716,12.79741033465268,9.580829452958074,14.57970194310633,18.81955434438728
2018-09-24 21:00:00.000000,2.724235942990081,12.16384553840839,12.84711732652834,9.642236847964426,14.61871869296881,18.82911311648587
2018-09-24 21:15:00.000003,3.024316342988424,12.20199918446103,12.89510115269075,9.706276108386353,14.65810804263486,18.83859551614565
2018-09-24 21:29:59.999997,3.285747650816167,12.23608961943267,12.93891471825078,9.756911431132439,14.69314564163256,18.84758379531053
2018-09-24 21:45:00.000000,3.507960573451574,12.26640454558573,12.97837267000561,9.800471421001916,14.72453459612232,18.85596751220164
2018-09-24 22:00:00.000003,3.691092828120154,12.29280596430466,13.01324023452313,9.837336751458292,14.75240628809581,18.86368016486989
2018-09-24 22:14:59.999997,3.820382583851112,12.31429615928998,13.04253850293521,9.865444551016118,14.77615765064717,18.87061195151545
2018-09-24 22:30:00.000000,3.903917569956642,12.33093480376027,13.06610101131324,9.885504402955801,14.79559925783722,18.87667079803059
2018-09-24 22:45:00.000003,3.925468971976987,12.34171340085007,13.08293332066284,9.895336397043607,14.81004937512113,18.88173528151584
2018-09-24 22:59:59.999997,3.881628927326446,12.34601541828676,13.09226391936553,9.894086890060516,14.81891540008473,18.88567475641724
2018-09-24 23:15:00.000000,3.776083420780552,12.34375883855592,13.09381729798736,9.882013327993958,14.82192332252906,18.88838147836587
2018-09-24 23:30:00.000003,3.5992963940035,12.33427642017933,13.08688239074861,9.857787051673654,14.81855836735203,18.88974102265897
2018-09-24 23:44:59.999997,3.355049874143472,12.31752446722444,13.07123919719257,9.821707397336509,14.80859159704422,18.88965982532788
2018-09-25 00:00:00.000000,3.06109366278475,12.29462076955653,13.04773780653927,9.77643166871968,14.79248724733371,18.88811894113601
2018-09-25 00:15:00.000003,2.71888949657338,12.26791115979722,13.02033113136411,9.724536043613742,14.77786317545618,18.88854021903292
2018-09-25 00:29:59.999997,2.352464940569241,12.2385656649473,12.98987713650252,9.668424264305372,14.76260124987216,18.890302475822
2018-09-25 00:45:00.000000,1.95796793063693,12.20569080280625,12.95483534586164,9.606836809693895,14.74295351436228,18.89142682004037
2018-09-25 01:00:00.000003,1.565694136727183,12.17042353488356,12.91573863657728,9.543346022801181,14.71837051507877,18.89078589504319
2018-09-25 01:14:59.999997,1.146786360742768,12.1316066485587,12.8717423290904,9.4747655267349,14.68855529887743,18.88806165629235
2018-09-25 01:30:00.000000,0.7423342763905842,12.09151058385705,12.82494319473279,9.406422782341375,14.65522413738054,18.88348756257782
2018-09-25 01:45:00.000003,0.329931484986575,12.04994460622518,12.77567696197493,9.336420518554913,14.61907117355739,18.87740426226268
2018-09-25 01:59:59.999997,-0.07631425581061599,12.00764429491111,12.7248616618585,9.266451947350177,14.58105264922036,18.87016743252617
2018-09-25 02:15:00.000000,-0.4627109602335306,11.96578001221415,12.67384023083676,9.1987006078572,14.54232351905575,18.86212463812817
2018-09-25 02:30:00.000003,-0.8454583367400765,11.92400083025429,12.62265997494789,9.131512200342707,14.50316362537448,18.85352668010001
2018-09-25 02:44:59.999997,-1.200229860234446,11.88369375235037,12.57268111814696,9.068027806029585,14.46457616571963,18.84462463082935
2018-09-25 03:00:00.000000,-1.532590882357497,11.84576611919702,12.52483056389268,9.00914504937136,14.42721595140307,18.83563212897022
2018-09-25 03:15:00.000003,-1.837398537598874,11.81107262884783,12.47999169081452,8.95623381022765,14.39172898532414,18.82673821574872
2018-09-25 03:29:59.999997,-2.111656864741292,11.77929248512072,12.43837354001133,8.909109792999033,14.35871361290844,18.8181156957424
2018-09-25 03:45:00.000000,-2.348756445652517,11.75063369206247,12.40037957553844,8.867647485261164,14.32841796588977,18.80989339247416
2018-09-25 04:00:00.000003,-2.543241999082707,11.72550175249723,12.36653554363645,8.832513588763943,14.30121450001145,18.80219202252969
2018-09-25 04:14:59.999997,-2.696971177438649,11.7040319063647,12.33712514739491,8.803652266817787,14.27734570402297,18.79511230600678
2018-09-25 04:30:00.000000,-2.797243739931543,11.68694958648183,12.31291757059583,8.782647097546445,14.25737896259928,18.78877359762188
2018-09-25 04:45:00.000003,-2.844998496065848,11.67453336816315,12.2943503555535,8.769682695989145,14.24168700481201,18.78328586572678
2018-09-25 04:59:59.999997,-2.831727513698209,11.66737147106397,12.28210077266835,8.765892440124697,14.23078252645307,18.77876426120405
2018-09-25 05:15:00.000000,-2.747579998937422,11.66624437155893,12.2770636510624,8.772712742813294,14.22533795418098,18.77534981114158
2018-09-25 05:30:00.000003,-2.589850083103644,11.67163907792509,12.2798984274664,8.790778810800385,14.22587750769399,18.77316625819119
2018-09-25 05:44:59.999997,-2.354221928218937,11.68407522619247,12.2912874593598,8.820822758452373,14.23292619278051,18.77235208557419
2018-09-25 06:00:00.000000,-2.047130482492445,11.7035092120063,12.31137256402864,8.86229038214122,14.24665474683779,18.77300827357832
2018-09-25 06:15:00.000003,-1.703968648734062,11.72830841841981,12.33874440405109,8.910937197869936,14.26614363716169,18.77511719751448
2018-09-25 06:29:59.999997,-1.317830611540123,11.75839330287037,12.37303511271861,8.967249621106701,14.29103762081518,18.77863625199232
2018-09-25 06:45:00.000000,-0.9101045652018223,11.79488153185056,12.41436171107235,9.032512488968367,14.32094308235917,18.78349403864135
2018-09-25 07:00:00.000003,-0.4808632346741782,11.83475585886182,12.46056753526723,9.101789369354858,14.35483426946023,18.78954955132374
2018-09-25 07:14:59.999997,-0.04008016121554451,11.87722866051411,12.51057189389497,9.174001898407175,14.39189225066552,18.79664475159325
2018-09-25 07:30:00.000000,0.3971727275260716,11.92111688827993,12.56305308120016,9.24699040749703,14.43122628882248,18.8046035229506
2018-09-25 07:45:00.000003,0.8212224047006981,11.96570470826537,12.61711240707119,9.319976646502544,14.47258336800422,18.81329642669945
2018-09-25 07:59:59.999997,1.251157086568485,12.01127922400618,12.67253333848786,9.393550989523016,14.51482413635842,18.82251734189562
2018-09-25 08:15:00.000000,1.654695127285681,12.05610251408924,12.72765023391896,9.465310453343104,14.55728055493444,18.83208806117912
2018-09-25 08:30:00.000003,2.050898721796137,12.10130631477224,12.78311228373266,9.542086824902064,14.60150352365629,18.84202596826858
2018-09-25 08:44:59.999997,2.424014757958812,12.14455140428787,12.83689566550826,9.610070745584105,14.6436089153918,18.85195870644136
2018-09-25 09:00:00.000000,2.785173776919597,12.18645662828742,12.88921351886062,9.675271394700014,14.68434405081842,18.86179114626974
2018-09-25 09:15:00.000003,3.116746023428944,12.22628339848069,12.93934922994774,9.736119109775805,14.72342924075082,18.87143330189262
2018-09-25 09:29:59.999997,3.415321559610815,12.26338493553454,12.98651844014283,9.791786568163056,14.76036955598322,18.88077328047
2018-09-25 09:45:00.000000,3.68028568063397,12.29772234403788,13.03039818239811,9.842491326674503,14.79484155700647,18.88970633658924
2018-09-25 10:00:00.000003,3.910235874365478,12.32866899651638,13.07039644410779,9.887258963682662,14.82645991099887,18.89812928783028
2018-09-25 10:14:59.999997,4.088635231241551,12.35510457460527,13.10537741365404,9.923781796532262,14.85442927164482,18.90590603082746
2018-09-25 10:30:00.000000,4.231205081444134,12.37748683506003,13.13549636605459,9.953752804613044,14.87873389296928,18.91294966540373
2018-09-25 10:45:00.000003,4.31461918407369,12.39452683518382,13.15955680023007,9.974174929045109,14.89857521184175,18.91913298084406
2018-09-25 10:59:59.999997,4.330401143777196,12.40523273146342,13.17643728313405,9.983427593697712,14.91313283754653,18.92430325122022
2018-09-25 11:15:00.000000,4.303878035098786,12.41064683925342,13.1867865507897,9.98456923154834,14.92269647561855,18.92838876992036
2018-09-25 11:30:00.000003,4.191466373856172,12.40849467389099,13.18861378580655,9.972089386115298,14.92599556560875,18.93122868383306
2018-09-25 11:44:59.999997,4.02388958624027,12.39972786496544,13.18239832856116,9.949238348946858,14.92317138555178,18.93273801903226
2018-09-25 12:00:00.000000,3.781165120320173,12.38340665083119,13.16729153282856,9.913655591804343,14.9136541000199,18.93280754399019
2018-09-25 12:15:00.000003,3.485837351677979,12.36048591701898,13.14396728210867,9.86803681341503,14.89779360336482,18.93140014434271
2018-09-25 12:29:59.999997,3.146750179495771,12.33194210149847,13.11331855307964,9.814235905686477,14.87615330227203,18.92854150605126
2018-09-25 12:45:00.000000,2.772528986408791,12.29863120323034,13.07628262676023,9.753735452742552,14.84937645999645,18.92430402889391
2018-09-25 13:00:00.000003,2.384923797124361,12.26208037378331,13.03448244608814,9.689548021728685,14.81858864095925,18.91883491633262
2018-09-25 13:14:59.999997,1.966345664268009,12.22187358054155,12.98790489311302,9.619884293403725,14.78395112174788,18.91223921514376
2018-09-25 13:30:00.000000,1.548896064611964,12.17982592655924,12.93829391925869,9.548883126054973,14.74664630950196,18.9046924872963
2018-09-25 13:45:00.000003,1.113341944289217,12.13553130084349,12.88565604964107,9.474684161291687,14.7068522112644,18.89632050339976
2018-09-25 13:59:59.999997,0.6881496771837662,12.09070020912371,12.83162046104516,9.401022117335394,14.6656534572195,18.88729971739866
2018-09-25 14:15:00.000000,0.2602894163222099,12.04531323406624,12.77650909397293,9.326844729655477,14.62338552358331,18.87777003052039
2018-09-25 14:30:00.000003,-0.1496002032549888,12.00044986147375,12.72146067862839,9.254722099579768,14.58090242616548,18.8678968706761
2018-09-25 14:44:59.999997,-0.5401556369303392,11.95665626480311,12.66724826470279,9.185292556525892,14.53884738720811,18.85784213743344
2018-09-25 15:00:00.000000,-0.904244742721871,11.91463817676676,12.61474020366012,9.119727215053773,14.49789967726212,18.84776964861167
2018-09-25 15:15:00.000003,-1.242430876129768,11.87474156494439,12.56447584396263,9.058287328019656,14.4585159583083,18.83782396850646
2018-09-25 15:29:59.999997,-1.555143326700241,11.83786919774864,12.517232907549,9.002240446505194,14.4211556322128,18.82813544550199
2018-09-25 15:45:00.000000,-1.829101137931644,11.8049673000949,12.47400345634723,8.953461690037225,14.38653023055181,18.81884646706878
2018-09-25 16:00:00.000003,-2.073690161528414,11.77528946322104,12.43457671836421,8.910569311251614,14.3549190238596,18.81007234614022
2018-09-25 16:14:59.999997,-2.281160259586284,11.74896438381963,12.39919484508192,8.873475079001485,14.32642718978382,18.80189300789242
2018-09-25 16:30:00.000000,-2.450531670957995,11.72611120308761,12.36806319255425,8.842267135104073,14.30118703347451,18.79437539658243
2018-09-25 16:45:00.000003,-2.572284047281058,11.70730018616085,12.34179068618595,8.818145661220218,14.27962142331462,18.78760449891454
2018-09-25 16:59:59.999997,-2.641067324082894,11.69304435874682,12.32098811396895,8.801985555178145,14.26219286328974,18.78167572196734
2018-09-25 17:15:00.000000,-2.656784838943571,11.68358825957047,12.30603342637506,8.794005328412839,14.2492246647313,18.77668081677844
2018-09-25 17:30:00.000003,-2.593447591908225,11.68036765535034,12.29836829349359,8.797429992111473,14.24172776363219,18.77277085245591
2018-09-25 17:44:59.999997,-2.464847672328896,11.68330467310973,12.29822332994513,8.811181564874001,14.23997594417032,18.77006161383292
2018-09-25 18:00:00.000000,-2.255188790448129,11.69329729866285,12.30657476944959,8.83714475545302,14.24465859180501,18.76869505860928
2018-09-25 18:15:00.000003,-1.978630235236896,11.71001985822983,12.32333719356622,8.873970868240296,14.25582544451675,18.76876451671182
2018-09-25 18:29:59.999997,-1.658874974718891,11.73235351225406,12.34755279918824,8.918736072861842,14.27283506826678,18.77027385556342
2018-09-25 18:45:00.000000,-1.283893698051441,11.76087672479323,12.37946039213867,8.973113614535466,14.29572466853048,18.7732275591694
2018-09-25 19:00:00.000003,-0.8958748861255267,11.79526703963195,12.41816376960303,9.035017675139395,14.32358574799179,18.77753892808364
2018-09-25 19:14:59.999997,-0.4732946908045572,11.83374655973936,12.46236396801134,9.102660432185896,14.35583232319474,18.78309738720866
2018-09-25 19:30:00.000000,-0.03020635195143997,11.87564060139855,12.51123960880559,9.1748191433338,14.39195576768761,18.78979211419983
2018-09-25 19:45:00.000003,0.3987941230292735,11.91895576982198,12.56285360317992,9.247342035092116,14.43095328309816,18.79746752475492
2018-09-25 19:59:59.999997,0.8254597260419891,11.96298275436387,12.6160093048505,9.319596107020791,14.47127305014434,18.80587179314436
2018-09-25 20:15:00.000000,1.254333793064495,12.00826168049392,12.67083750770861,9.393844103289187,14.51310462703601,18.81487001987509
2018-09-25 20:30:00.000003,1.663418252427505,12.05392656755693,12.72643289827494,9.471562685156018,14.55699209408718,18.82441511162638
2018-09-25 20:44:59.999997,2.057172618449183,12.09826710997579,12.7811053710863,9.542285924565947,14.59953335697986,18.8341432956172
2018-09-25 21:00:00.000000,2.431500760141085,12.14120208879745,12.8344710440708,9.609605917600428,14.64095406883962,18.84390753277091
2018-09-25 21:15:00.000003,2.787446792074721,12.18266658364754,12.88628982643186,9.673974092970981,14.68123351041076,18.85361059661725
2018-09-25 21:29:59.999997,3.117981407996324,12.22223590018194,12.93606816557196,9.734510690436073,14.72000590691206,18.86314937072924
2018-09-25 21:45:00.000000,3.410442871095232,12.25884403248365,12.98268754736856,9.789253545740014,14.75653179836854,18.87238840298959
2018-09-25 22:00:00.000003,3.669574092854899,12.29261300183026,13.02591864559174,9.83896853345899,14.79051874582809,18.881214067305
2018-09-25 22:14:59.999997,3.887688570941342,12.3226072121353,13.06490376959818,9.88190855744643,14.821409910135,18.88950360514526
2018-09-25 22:30:00.000000,4.062680940451306,12.3484393237629,13.09910819582673,9.917606075336206,14.84877262935549,18.8971413767415
2018-09-25 22:45:00.000003,4.197796478109175,12.37008424172557,13.12835344648107,9.946334759817733,14.87241576384007,18.90403721455146
2018-09-25 22:59:59.999997,4.266068325357412,12.38588960124423,13.15108244955435,9.964427414170274,14.89129835048731,18.91004104009858
2018-09-25 23:15:00.000000,4.276848145131316,12.3957662203846,13.16690284817584,9.972527462270508,14.90503164397058,18.91502335949284
2018-09-25 23:30:00.000003,4.2414827219204,12.40028514363785,13.17617865644165,9.972165537779981,14.91375337797476,18.91891546890082
2018-09-25 23:44:59.999997,4.125622755091668,12.39754636902387,13.17721757441149,9.95887570930505,14.91637882996321,18.9215746549831
2018-09-26 00:00:00.000000,3.955434499893966,12.38830452694245,13.17034301839734,9.935399949236233,14.91299569132093,18.92291897267521
2018-09-26 00:15:00.000003,3.714370762644321,12.37304008409701,13.15702921511185,9.901158986545985,14.90754314504412,18.92489409549638
2018-09-26 00:29:59.999997,3.423047137666088,12.35245073522262,13.13755998960718,9.858138680929898,14.89853411052863,18.92706382838717
2018-09-26 00:45:00.000000,3.076915119327264,12.3259862049744,13.11081428036063,9.805618988800699,14.88350576734615,18.92817418244486
2018-09-26 01:00:00.000003,2.702354609593622,12.29465437892009,13.07732969387123,9.746648829313338,14.86220683956517,18.92750076708299
2018-09-26 01:14:59.999997,2.302535008779838,12.25903050989593,13.0377912738928,9.682055615835548,14.8351874877141,18.92488280225972
2018-09-26 01:30:00.000000,1.876116862163196,12.21939002838984,12.99271416957371,9.611987831914329,14.80308802652383,18.92044218367581
2018-09-26 01:45:00.000003,1.444985092484044,12.17722196902003,12.94366524142301,9.53955235402923,14.76720821744463,18.91445606844077
2018-09-26 01:59:59.999997,0.9996513321353914,12.13263282195919,12.8911282337489,9.464118318266001,14.72816654268116,18.90718706069408
2018-09-26 02:15:00.000000,0.5589932985419687,12.08707174999939,12.83660399095822,9.388416797387935,14.68707246916086,18.89891319116456
2018-09-26 02:30:00.000003,0.1179266449933905,12.04076085176422,12.78064801144444,9.312234831919453,14.64450389972265,18.88986489759012
2018-09-26 02:44:59.999997,-0.3068032080874675,11.99473553497396,12.7244161765706,9.23780955077061,14.60137839701238,18.88027143582368
2018-09-26 03:00:00.000000,-0.7156048132669128,11.94945743638821,12.66863086923726,9.1655274540258,14.55833304490215,18.8703355227299
2018-09-26 03:15:00.000003,-1.094367797484157,11.90600593526152,12.61448749731633,9.09746633866687,14.51627141100295,18.86026679012642
2018-09-26 03:29:59.999997,-1.446285898965123,11.86503079626581,12.562767395627,9.034202454526149,14.47578421714159,18.85024937059296
2018-09-26 03:45:00.000000,-1.763002107243677,11.82811214825369,12.51484579757403,8.97841141758049,14.43771233089623,18.84047187745913
2018-09-26 04:00:00.000003,-2.040473304261265,11.79484876629672,12.47094449274358,8.929319399873027,14.40254849502319,18.83109380488639
2018-09-26 04:14:59.999997,-2.280876783897694,11.76514739296667,12.43126030029564,8.88683190213378,14.37071397820212,18.82225829352475
2018-09-26 04:30:00.000000,-2.484845978867761,11.73889319573752,12.39581223360405,8.850139898971749,14.34214872645537,18.81404781844057
2018-09-26 04:45:00.000003,-2.643118613807753,11.71657238808011,12.36511759014388,8.820289277553414,14.31718203014066,18.80655019115628
2018-09-26 04:59:59.999997,-2.752705064824624,11.69854114945107,12.33962312788072,8.79783560076345,14.29616036975353,18.79985307867197
2018-09-26 05:15:00.000000,-2.817300953608024,11.68479363302777,12.31944315475009,8.782476341230982,14.27921838505228,18.79402820371557
2018-09-26 05:30:00.000003,-2.821577280771492,11.67613224185038,12.3053786085551,8.776058800224204,14.2669202206468,18.78917187340126
2018-09-26 05:44:59.999997,-2.76618840469958,11.67286997115199,12.2978900561585,8.778838123262492,14.25964390041905,18.78538111258404
2018-09-26 06:00:00.000000,-2.639046177977289,11.67577855453831,12.29782015735138,8.792385179736277,14.25800574427818,18.78276948792781
2018-09-26 06:15:00.000003,-2.437196869182507,11.68536469434908,12.30583692246969,8.81737921655241,14.26253103292095,18.78146067632946
2018-09-26 06:29:59.999997,-2.174694675215838,11.70125166398632,12.32179056788872,8.85236066487178,14.27317661568547,18.78152963798609
2018-09-26 06:45:00.000000,-1.855692608402276,11.72311492920242,12.34539707437924,8.896657031928646,14.28978756605284,18.78301074459631
2018-09-26 07:00:00.000003,-1.485721120824348,11.75074090844741,12.37645882887365,8.949571571004366,14.31216457539335,18.78590941696215
2018-09-26 07:14:59.999997,-1.091486261619045,11.78438459160774,12.41454710856301,9.010742077283938,14.33971801586929,18.79016941071018
2018-09-26 07:30:00.000000,-0.6651338777698038,11.82295436137025,12.45872550233982,9.078860131634064,14.37192309715589,18.79570338220903
2018-09-26 07:45:00.000003,-0.2171109837019944,11.86504249935033,12.50773824180543,9.15147650506595,14.40802859185448,18.80238964676218
2018-09-26 07:59:59.999997,0.2336535500053769,11.90926982488872,12.56010703487403,9.22598405679994,14.44704709070368,18.81006682011262
2018-09-26 08:15:00.000000,0.6751216009032299,11.95478244582668,12.614826410515,9.30131804150184,14.48870760452183,18.81861579122873
2018-09-26 08:30:00.000003,1.113951374855769,12.00100766561828,12.67089000980066,9.376297692217689,14.53137747502395,18.82779304662399
2018-09-26 08:44:59.999997,1.535258915526905,12.04784960824588,12.72791390098234,9.455944184368443,14.57632798304365,18.83756366181808
2018-09-26 09:00:00.000000,1.937879984334213,12.09344292545095,12.78409935598627,9.529487642801833,14.620291335988,18.8475735472624
2018-09-26 09:15:00.000003,2.330532376290154,12.13800826516991,12.83932682576976,9.599815248205472,14.66318786185018,18.85764932014652
2018-09-26 09:29:59.999997,2.683539005865166,12.18002906418254,12.89211436292127,9.664441402011157,14.70434356525119,18.86763123062492
2018-09-26 09:45:00.000000,3.023907120369227,12.22051233849047,12.94305023568324,9.726492883169808,14.74404769370863,18.8774366897747
2018-09-26 10:00:00.000003,3.315826355269641,12.25755029302431,12.99040447958451,9.781519309182585,14.7812259418609,18.88691114708996
2018-09-26 10:14:59.999997,3.582236860946837,12.29195350432322,13.03448280103427,9.832267081234237,14.81590923642673,18.89595667136591
2018-09-26 10:30:00.000000,3.813569312999805,12.32307769236208,13.07473113099819,9.877279795610136,14.84774441529596,18.90447710125968
2018-09-26 10:45:00.000003,3.992159562505135,12.34962693564469,13.10989410478656,9.91390318771015,14.87588289608599,18.91233843610163
2018-09-26 10:59:59.999997,4.138450398889931,12.37229772633818,13.14032861469994,9.94442849297876,14.90043409458413,18.91946451741587
2018-09-26 11:15:00.000000,4.229195290893005,12.38995292455611,13.16504295197714,9.965984214633908,14.9207192063914,18.92574737634709
2018-09-26 11:30:00.000003,4.258026569803145,12.40171114925415,13.18302244920066,9.977239106403495,14.93602878827996,18.93105491446951
2018-09-26 11:44:59.999997,4.238870548390874,12.4079948372597,13.19439611239836,9.979760613016438,14.94635343280681,18.93530367486254
2018-09-26 12:00:00.000000,4.153206427866077,12.40780682729812,13.19823413544875,9.971214957954484,14.95106203322301,18.93838200474178
2018-09-26 12:15:00.000003,3.998147107488409,12.4005763547723,13.19383494500805,9.950795795543511,14.9496083125074,18.94017063675554
2018-09-26 12:29:59.999997,3.786736815727672,12.38679231501839,13.18145160681951,9.920025376558394,14.94205799636643,18.94060014090768
2018-09-26 12:45:00.000000,3.505671403280256,12.36579010615064,13.16047953449733,9.87730348837023,14.92800945073256,18.93958988338747
2018-09-26 13:00:00.000003,3.177525446105752,12.33877470479002,13.13182534892197,9.825672025449991,14.90795814460367,18.93713264711736
2018-09-26 13:14:59.999997,2.808629777669714,12.3065279484844,13.09629637887792,9.766473958401358,14.88245008991259,18.93327157459782
2018-09-26 13:30:00.000000,2.419771564108414,12.27047229893223,13.05538600819776,9.702541294686652,14.85249867358048,18.9281218513113
2018-09-26 13:45:00.000003,1.999007341347464,12.23050091774639,13.00933814927729,9.632809764165348,14.81839456405732,18.92178526900955
2018-09-26 13:59:59.999997,1.570173359986324,12.18803609447147,12.95957141436669,9.560413209805139,14.78112180849402,18.91441351351167
2018-09-26 14:15:00.000000,1.133834629807517,12.14364942184925,12.90690197275766,9.4859774448779,14.74136449411685,18.90616429605457
2018-09-26 14:30:00.000003,0.6888726272614838,12.09770613567801,12.85189212582998,9.409670877673218,14.69957394046248,18.89717655907163
2018-09-26 14:44:59.999997,0.2480929457761929,12.05120726533246,12.79561192736166,9.333366195044723,14.65650396499082,18.88760495443142
2018-09-26 15:00:00.000000,-0.1836849444885975,12.00465962312514,12.73878552510524,9.257927336404856,14.6127827145217,18.87760288162277
2018-09-26 15:15:00.000003,-0.6012949575222047,11.95864802856146,12.6821746275311,9.18427029316827,14.56901901256682,18.86732237124944
2018-09-26 15:29:59.999997,-0.9939286689284484,11.9140891496738,12.62682252905938,9.114078929238742,14.52599962805894,18.85693101796769
2018-09-26 15:45:00.000000,-1.35866597539316,11.87170194002147,12.573594802025,9.048334213939226,14.48438386485063,18.84659221818936
2018-09-26 16:00:00.000003,-1.699234451488965,11.83273816023483,12.52351690863766,8.988672164636304,14.44473890383298,18.83645675952365
2018-09-26 16:14:59.999997,-1.999512637444612,11.79742161901176,12.47723683400438,8.93576456370209,14.40770917728657,18.82667508867404
2018-09-26 16:30:00.000000,-2.266710836350396,11.76544560357723,12.43486721045565,8.889216973318005,14.37380992344808,18.81739087831982
2018-09-26 16:45:00.000003,-2.49446603522567,11.73694521461423,12.39666603897669,8.84876441089159,14.34311657667651,18.80869733770728
2018-09-26 16:59:59.999997,-2.678040391055378,11.71227986269081,12.3630829178625,8.81497984274798,14.31591612961514,18.80068501337744
2018-09-26 17:15:00.000000,-2.810963699776053,11.69193756710993,12.33468639314647,8.788777365841467,14.29263418832603,18.79345151329142
2018-09-26 17:30:00.000003,-2.897177879802095,11.67596045865601,12.31166137580968,8.769898021272798,14.27346133131913,18.78707957995293
2018-09-26 17:44:59.999997,-2.923182385854358,11.66508188606577,12.29476780063298,8.759967725928238,14.25894333525776,18.78167117166836
2018-09-26 18:00:00.000000,-2.886129833370206,11.65976877915578,12.28460550821188,8.759640703049078,14.24955087394537,18.77733405115202
2018-09-26 18:15:00.000003,-2.787473067753591,11.66019194397872,12.2814949100516,8.768928074615443,14.24556593950931,18.77416235506675
2018-09-26 18:29:59.999997,-2.607564418473045,11.66745263422526,12.28655958036111,8.790275220282414,14.247782831248,18.77228654315778
2018-09-26 18:45:00.000000,-2.359107384649064,11.68142077761345,12.29993212451733,8.822607022172948,14.25638046001612,18.77180842253006
2018-09-26 19:00:00.000003,-2.059994971028765,11.70125243002101,12.32092839189311,8.863725231962526,14.27094408624093,18.77275511746312
2018-09-26 19:14:59.999997,-1.703577994790864,11.72705803382784,12.34956958416719,8.914134033532017,14.29143337290564,18.7751412608561
2018-09-26 19:30:00.000000,-1.325557135090724,11.75723582158438,12.38430703582634,8.96983490472044,14.31679461622478,18.77888164472268
2018-09-26 19:45:00.000003,-0.9142799507814967,11.79407695901912,12.42615548102382,9.035579963371424,14.34715088797349,18.78392380139806
2018-09-26 19:59:59.999997,-0.4747234695545564,11.83475946605702,12.4732513901731,9.106369796859088,14.38170656203236,18.79015946954465
2018-09-26 20:15:00.000000,-0.0322048996165667,11.87770075804035,12.52389254483104,9.179124791106991,14.41928491828858,18.79741971419634
2018-09-26 20:30:00.000003,0.4128826626794414,11.92232013246166,12.57721565138023,9.253414870224912,14.4593002776929,18.80554975928193
2018-09-26 20:44:59.999997,0.8393490100545542,11.9673752232138,12.63190096334093,9.326966028917338,14.50116042819434,18.81440115792919
2018-09-26 21:00:00.000000,1.2733405562923,12.01347494079121,12.68796061515348,9.401437951739045,14.54393236348067,18.82377662870073
2018-09-26 21:15:00.000003,1.669014345963741,12.05908707582909,12.74390156969961,9.479139967131365,14.58857843114544,18.83364146883448
2018-09-26 21:29:59.999997,2.068354798929406,12.10389555076376,12.79917906997177,9.550731184520183,14.63173058460997,18.84362578698033
2018-09-26 21:45:00.000000,2.424637545102259,12.14606655102766,12.85204198313157,9.615863086202621,14.67296330068586,18.85353835044061
2018-09-26 22:00:00.000003,2.769632812367187,12.1867000091063,12.90308485706185,9.678493705745701,14.71277191911358,18.86329986169909
2018-09-26 22:14:59.999997,3.076693393370024,12.22463380562538,12.9512613101455,9.735603290705866,14.75048705865545,18.87278964171528
2018-09-26 22:30:00.000000,3.34299319607678,12.25909486404964,12.99563537699829,9.786217940125981,14.78545905315694,18.88186835119487
2018-09-26 22:45:00.000003,3.572433003131838,12.29020000241704,13.03600717314928,9.831020620658746,14.81742694714403,18.89042204829433
2018-09-26 22:59:59.999997,3.766149851592698,12.31765783427791,13.07205870117621,9.86968485011397,14.84616369652909,18.89835661030691
2018-09-26 23:15:00.000000,3.904230235778736,12.34018294665906,13.1025716555074,9.899421881828767,14.87084761831278,18.90553935249887
2018-09-26 23:30:00.000003,4.010500352752168,12.35872235277967,13.12815663540669,9.923009158912757,14.89173627656985,18.91191087592012
2018-09-26 23:44:59.999997,4.056671403198695,12.37184963709818,13.14756992287679,9.936956387999363,14.90804710820475,18.91736307563695
2018-09-27 00:00:00.000000,4.04347355393951,12.37902176686201,13.16007289977933,9.940773887549096,14.91923211349943,18.92177818830685
2018-09-27 00:15:00.000003,3.988871518887916,12.38203624271464,13.16791984709576,9.937779443491252,14.92904346142317,18.92672756082101
2018-09-27 00:29:59.999997,3.859598896579052,12.37898963310042,13.16930395440455,9.923345552466897,14.93505873705728,18.93176904619669
2018-09-27 00:45:00.000000,3.667189070093547,12.36931120460781,13.16293082414873,9.897721283667229,14.93494868917072,18.9358136432332
2018-09-27 01:00:00.000003,3.422929438719551,12.3532139815865,13.14853035497927,9.8621909454403,14.92799400380689,18.93817844428192
2018-09-27 01:14:59.999997,3.113573250410101,12.33012783209953,13.12546034175181,9.81542957796693,14.91377331355212,18.93858941245244
2018-09-27 01:30:00.000000,2.767633404346026,12.30147579517379,13.09492371663089,9.761020629107948,14.89317319497664,18.93708364892424
2018-09-27 01:45:00.000003,2.390175453104461,12.26809612498962,13.0579581363613,9.70013835346851,14.86707184259906,18.93382787813443
2018-09-27 01:59:59.999997,1.985655254797526,12.23063074122358,13.01541688394374,9.63370306534956,14.83622857570889,18.92902253017727
2018-09-27 02:15:00.000000,1.5590363535385,12.1897002077218,12.96811049403251,9.562646145436846,14.8013425390242,18.92286851379304
2018-09-27 02:30:00.000003,1.134294565650386,12.14695382148596,12.91773970481976,9.490402999331854,14.76367520224172,18.91560727640408
2018-09-27 02:44:59.999997,0.6928085772285684,12.10214100408416,12.8644623757576,9.41524336508854,14.7235014210315,18.90741740659628
2018-09-27 03:00:00.000000,0.2603798036201787,12.05680931054688,12.80979935985401,9.340519210434323,14.68187039393255,18.89850538423107
2018-09-27 03:15:00.000003,-0.1633957791529994,12.01137599596557,12.75447345396587,9.266629406471454,14.63945069761692,18.88906105116651
2018-09-27 03:29:59.999997,-0.5776143847590541,11.96616283423939,12.69902659166948,9.193879411736768,14.59672746117412,18.87924808409039
2018-09-27 03:45:00.000000,-0.9690661780136556,11.92214129852788,12.64452300978956,9.12417644907325,14.55449275463105,18.86924238341286
2018-09-27 04:00:00.000003,-1.325858258964241,11.88049685555674,12.5922580709842,9.059629177692091,14.51369741564268,18.85923991880812
2018-09-27 04:14:59.999997,-1.659424139137309,11.84217025020438,12.54307775957066,9.000948181938345,14.47484040859633,18.84940501703925
2018-09-27 04:30:00.000000,-1.961164861703854,11.80714526952612,12.49733164804958,8.948144693138778,14.43832927608807,18.83987576623842
2018-09-27 04:45:00.000003,-2.216927512603025,11.77589271776236,12.45581732859127,8.902701321656505,14.40501824869919,18.83081900279956
2018-09-27 04:59:59.999997,-2.443916704835738,11.74779776618031,12.41821610906564,8.862624176135984,14.37482238261243,18.82233106649518
2018-09-27 05:15:00.000000,-2.624332045716588,11.72353365579068,12.38518222300858,8.829393800145336,14.34809050690806,18.81450613630094
2018-09-27 05:30:00.000003,-2.758641390753926,11.70336396002085,12.35710669045199,8.80321003299065,14.32511762281276,18.80743165402271
2018-09-27 05:44:59.999997,-2.848059424087523,11.68737333196354,12.33418315401908,8.784029232166125,14.30608692173368,18.80118520838351
2018-09-27 06:00:00.000000,-2.872898841851005,11.67661419750637,12.31745899674717,8.774258316828199,14.29173274227928,18.79588394809675
2018-09-27 06:15:00.000003,-2.838233025483303,11.67127414383468,12.30732302851437,8.773714498035476,14.28240285722546,18.79162952900226
2018-09-27 06:29:59.999997,-2.744248520257954,11.67149175646875,12.30403961237478,8.782448435623538,14.27833462208227,18.78851283960591
2018-09-27 06:45:00.000000,-2.576852897394401,11.67807422513745,12.30844499092352,8.802226116843755,14.2801260130238,18.78664217423531
2018-09-27 07:00:00.000003,-2.347594668547178,11.69084078206231,12.32057365949916,8.831999608339734,14.28786680099845,18.78609886030695
2018-09-27 07:14:59.999997,-2.063986105217383,11.70941082398587,12.34013152892249,8.870792173198764,14.30139189387553,18.78691912589187
2018-09-27 07:30:00.000000,-1.72179835945204,11.73394327060179,12.36724585200717,8.919004907623851,14.32075400941682,18.7891312988325
2018-09-27 07:45:00.000003,-1.357305517236848,11.762746143437,12.40035519411937,8.972412997633334,14.34491787575783,18.79266119424957
2018-09-27 07:59:59.999997,-0.9563943299056099,11.79827565715668,12.44063416339579,9.03611750536977,14.37411569453768,18.79747430102546
2018-09-27 08:15:00.000000,-0.5310783877794814,11.83760155752052,12.48608247510705,9.104660123473861,14.40743647598991,18.80346210376012
2018-09-27 08:30:00.000003,-0.08758383535938444,11.8799595762566,12.535753957392,9.177023705464764,14.44419951456433,18.81049961742866
2018-09-27 08:44:59.999997,0.3528987476370659,11.92404855346973,12.58829694602929,9.250723477812231,14.48368304545081,18.81844922141881
2018-09-27 09:00:00.000000,0.7840452196632328,11.96898081847563,12.64259852614507,9.324477886778574,14.52511081987682,18.82715179356047
2018-09-27 09:15:00.000003,1.221813278484181,12.01586286612358,12.69915587514224,9.404693223618239,14.56934103317449,18.83656660063534
2018-09-27 09:29:59.999997,1.624808456735604,12.06137419997525,12.75502014440176,9.478816942551653,14.61305764621167,18.84634237847653
2018-09-27 09:45:00.000000,2.015348961824602,12.10561291563458,12.80979488244576,9.548810762557343,14.65561899632108,18.85624347561743
2018-09-27 10:00:00.000003,2.385847369845563,12.14840306621964,12.86313295137266,9.615616102321711,14.69707380755463,18.86614619409031
2018-09-27 10:14:59.999997,2.717723616856464,12.18849938583354,12.91376468722868,9.676765062749547,14.73664059780329,18.87589297497751
2018-09-27 10:30:00.000000,3.035097951630935,12.22684251065954,12.96225195152588,9.735029167506209,14.77454031218037,18.88539945712023
2018-09-27 10:45:00.000003,3.295178434370865,12.2610916828896,13.00648159547805,9.784992416368258,14.80944671654169,18.89449017830155
2018-09-27 10:59:59.999997,3.526270048116413,12.29219005092525,13.04683682181021,9.829878759366226,14.84141384328417,18.9030584083764
2018-09-27 11:15:00.000000,3.707939135261433,12.31893875599027,13.08225909982056,9.866906291775484,14.86975950026405,18.91097407427324
2018-09-27 11:30:00.000003,3.840605444240464,12.34090253447309,13.11215983874605,9.895660420883557,14.89401350877646,18.91811379567766
2018-09-27 11:44:59.999997,3.934232305286534,12.35848386971752,13.1367549946594,9.917347611069241,14.91421125782271,18.92440308809598
2018-09-27 12:00:00.000000,3.968857882802944,12.37052818252871,13.15497182653738,9.9293646820329,14.92967370976639,18.92973415222349
2018-09-27 12:15:00.000003,3.944686107410248,12.3765847664337,13.16618697874418,9.931293154815334,14.9399226227038,18.93399502135638
2018-09-27 12:29:59.999997,3.866943006935435,12.37675674337202,13.17033494898989,9.923686999621316,14.94482739766375,18.93710311527404
2018-09-27 12:45:00.000000,3.728948642312547,12.37063013087922,13.16698597261926,9.905668770596838,14.94407039254888,18.93897781313928
2018-09-27 13:00:00.000003,3.531979463630532,12.35809163002368,13.15593187271889,9.877244888684231,14.93746520212784,18.93955128785144
2018-09-27 13:14:59.999997,3.281856348473809,12.33946956853008,13.13737530453296,9.839272209912687,14.92508988887863,18.93878676118523
2018-09-27 13:30:00.000000,2.980287026038916,12.3150561843118,13.11154617261472,9.79229445917578,14.90706528417254,18.93667061775597
2018-09-27 13:45:00.000003,2.634263110246124,12.28523582891938,13.07885994706567,9.737118401354428,14.88366888936991,18.93321774571495
2018-09-27 13:59:59.999997,2.259325224127404,12.25109978548072,13.04040627015358,9.67596220176013,14.85561413224834,18.92850226100822
2018-09-27 14:15:00.000000,1.857515351798289,12.21318039738445,12.99688854393666,9.609499116717243,14.82344475357277,18.92261906087762
2018-09-27 14:30:00.000003,1.431512590911791,12.17186447714081,12.94884442215134,9.538270916422151,14.78760360861878,18.9156684996769
2018-09-27 14:44:59.999997,0.9939374701115474,12.12807157306468,12.89725353739104,9.46412588130933,14.74880769689667,18.90777790355163
2018-09-27 15:00:00.000000,0.5471113005537463,12.0825276191851,12.84298336637045,9.38788495262861,14.70767239605566,18.89908142981832
2018-09-27 15:15:00.000003,0.09382654098125301,12.03560992374798,12.78659891824479,9.310071042710783,14.66467476146511,18.8897059737485
2018-09-27 15:29:59.999997,-0.3498799808429044,11.98833188030883,12.72919920086468,9.232889233820906,14.62064435112482,18.87980606096071
2018-09-27 15:45:00.000000,-0.7870628044865389,11.94099010735097,12.67133833040351,9.156363785042343,14.57606984412437,18.86952384949378
2018-09-27 16:00:00.000003,-1.197791172528794,11.89493322914457,12.61440469582499,9.083303290066937,14.53194348822862,18.85903852959934
2018-09-27 16:14:59.999997,-1.586466154716924,11.85138679466228,12.5595563046728,9.015156161967736,14.48899778653672,18.84852556618391
2018-09-27 16:30:00.000000,-1.937950123952117,11.81160602566227,12.50813069428302,8.954225551036485,14.44817720145827,18.83817609981621
2018-09-27 16:45:00.000003,-2.263427714219819,11.7746246164919,12.45988644348924,8.898326312305212,14.4097588482257,18.82813686324592
2018-09-27 16:59:59.999997,-2.544465415407323,11.7411635673333,12.41563644781912,8.849465201280637,14.37443870251434,18.81856243593318
2018-09-27 17:15:00.000000,-2.78440660719429,11.71132576358491,12.37570027314836,8.806952197854818,14.34238143600962,18.80956463807546
2018-09-27 17:30:00.000003,-2.988041286256171,11.68496797931195,12.34007344107335,8.770206186735397,14.31361736756278,18.80122237759945
2018-09-27 17:44:59.999997,-3.13187278892884,11.66324927313003,12.30987508878321,8.742001426499183,14.28891640462347,18.79365775801929
2018-09-27 18:00:00.000000,-3.238179173810988,11.64557062343604,12.28478600624507,8.72014746550253,14.26815593214123,18.78693848016931
2018-09-27 18:15:00.000003,-3.28655101316077,11.63275278001611,12.26556667892797,8.706831135650646,14.25186023767444,18.78115586061981
2018-09-27 18:29:59.999997,-3.279920226518937,11.62497382466051,12.25253557154512,8.702041874082854,14.24031583567629,18.77639370002534
2018-09-27 18:45:00.000000,-3.217154060409014,11.62240361465259,12.24595302715125,8.705981821256602,14.23374853082883,18.77272682642443
2018-09-27 19:00:00.000003,-3.076031449941226,11.62631002197451,12.24707318845054,8.72144261551148,14.23300893235332,18.77027647140743
2018-09-27 19:14:59.999997,-2.869815759236705,11.63655715743809,12.25602285771368,8.747330391847848,14.23828118762869,18.76913934236303
2018-09-27 19:30:00.000000,-2.600930658795995,11.65302413147252,12.27277727948247,8.783279297041197,14.24960232520808,18.76937865602994
2018-09-27 19:45:00.000003,-2.282006449029765,11.6751403594637,12.29686114226715,8.827758214163632,14.26666123887721,18.77101127051581
2018-09-27 19:59:59.999997,-1.925839984437034,11.7020597914055,12.32741185333204,8.879007182572105,14.28886659038483,18.77399221513607
2018-09-27 20:15:00.000000,-1.536912335053136,11.73335814624807,12.36389134190563,8.93622223479395,14.31573998703782,18.77825157025753
2018-09-27 20:30:00.000003,-1.128550515781054,11.76970207884903,12.4061955133148,9.000348557031492,14.34688173259625,18.78370220117472
2018-09-27 20:44:59.999997,-0.6932298038179898,11.81038408124618,12.45370341509646,9.070645249014492,14.38194241283632,18.79025274062213
2018-09-27 21:00:00.000000,-0.2431211225840002,11.85393561534541,12.50513334021029,9.144458155075137,14.42016704204859,18.79777808514222
2018-09-27 21:15:00.000003,0.2014774937721114,11.89873455168641,12.55883232595308,9.218672957811982,14.46043072720183,18.80610214200912
2018-09-27 21:29:59.999997,0.6411133691089955,11.94418872181549,12.61391825445231,9.292785773259581,14.50201484907689,18.81505173964464
2018-09-27 21:45:00.000000,1.06578541611943,11.98968395097541,12.66958284343658,9.3657095485375,14.54437904484404,18.82447062435779
2018-09-27 22:00:00.000003,1.476669279311728,12.03534791871231,12.72576740514791,9.438302729906882,14.58785371246929,18.83429176212404
2018-09-27 22:14:59.999997,1.855029865306246,12.07967819417628,12.78078687226127,9.510670706645215,14.63152283764205,18.84436249277594
2018-09-27 22:30:00.000000,2.231049593496509,12.12342587182171,12.83501211416837,9.582666779278455,14.67483183083705,18.85451755568191
2018-09-27 22:45:00.000003,2.547050564705188,12.16296191842718,12.88527417411835,9.642381095597763,14.71456955803928,18.86438965984892
2018-09-27 22:59:59.999997,2.860853419741443,12.20081633949105,12.93325198753874,9.699922303610991,14.75224324971411,18.87392912014714
2018-09-27 23:15:00.000000,3.100576436280188,12.23368793178623,12.97614757188119,9.746984970736257,14.78628617663281,18.88295246535861
2018-09-27 23:30:00.000003,3.325516929109569,12.26367963252254,13.01530343284602,9.790170487463808,14.81741488233292,18.89139946164749
2018-09-27 23:44:59.999997,3.474300136992195,12.2880355515755,13.04832768360072,9.822356424389488,14.84411238668412,18.89909012623627
2018-09-28 00:00:00.000000,3.610380209366416,12.30921420653022,13.07700856397568,9.8506551675747,14.86736208765736,18.90599725286681
2018-09-28 00:15:00.000003,3.684219741376119,12.32567968935173,13.10069939071714,9.869943675860013,14.88824447092762,18.9129631311411
2018-09-28 00:29:59.999997,3.723040055591123,12.33818424818613,13.11971878023059,9.882828237300252,14.90610500464143,18.9197515857756
2018-09-28 00:45:00.000000,3.7058438077021,12.34542725800457,13.13265973914683,9.886457236004885,14.91922347881994,18.92570882944589
2018-09-28 01:00:00.000003,3.635534388130476,12.34696694782772,13.13877583483533,9.880657391919664,14.92678143857829,18.93039061197869
2018-09-28 01:14:59.999997,3.518052728411145,12.34290526600358,13.13796186019346,9.86611840666976,14.92869571318663,18.93362236024645
2018-09-28 01:30:00.000000,3.334824437892011,12.33223973266677,13.12929963377053,9.840496539291872,14.9244434989211,18.93532293636576
2018-09-28 01:45:00.000003,3.084436281318553,12.3146666670414,13.11233238806232,9.803467718507758,14.91371403233039,18.93545062310789
2018-09-28 01:59:59.999997,2.798105640782901,12.29175776915517,13.08836629045761,9.75896884297822,14.89734797021804,18.93407043926391
2018-09-28 02:15:00.000000,2.460636594702566,12.26321034132663,13.0573607047112,9.70554921421013,14.87541255259253,18.93123226842161
2018-09-28 02:30:00.000003,2.098132464463672,12.23045285407346,13.0206396923663,9.646546064782202,14.84879588341257,18.92705102522417
2018-09-28 02:44:59.999997,1.719597690345593,12.19456097189138,12.97943375793047,9.583725956279268,14.81840956388885,18.92168068550081
2018-09-28 03:00:00.000000,1.320663419974683,12.15570564460322,12.9341864004255,9.516884064732642,14.78469459768702,18.91525791457022
2018-09-28 03:15:00.000003,0.9099027357748681,12.11455806522637,12.88567130188679,9.447264090100582,14.74824053469115,18.90792295062685
2018-09-28 03:29:59.999997,0.4948816596407155,12.0720617845918,12.83492261085235,9.376291388456774,14.7097614472365,18.89982684844182
2018-09-28 03:45:00.000000,0.07523861110841612,12.02842901770922,12.78238633764983,9.304111008763323,14.66968573756387,18.89110223246766
2018-09-28 04:00:00.000003,-0.3311134239541746,11.9847835230391,12.72924873910703,9.23315999443074,14.62888665884742,18.88191287377819
2018-09-28 04:14:59.999997,-0.7204124724814475,11.94182599462023,12.67642582996515,9.164401878007299,14.58809682992563,18.87242739438483
2018-09-28 04:30:00.000000,-1.085712423257507,11.90030837693229,12.62484862903599,9.099040910924016,14.54804196920926,18.86281777264109
2018-09-28 04:45:00.000003,-1.429753732864731,11.8607396632719,12.57514545945951,9.037498926386416,14.50919545178422,18.85323443688941
2018-09-28 04:59:59.999997,-1.734514006408628,11.82519631219118,12.52910162048575,8.983701235561952,14.47264384539534,18.84386590495667
2018-09-28 05:15:00.000000,-2.004615807067895,11.79302722625676,12.48675051135607,8.935863373003912,14.43870505303331,18.83485790270144
2018-09-28 05:30:00.000003,-2.23568748134424,11.76437367151367,12.44849570869559,8.894620137038283,14.40794195663074,18.8263568663207
2018-09-28 05:44:59.999997,-2.404156944501414,11.74047500562189,12.41563742944727,8.862619675437584,14.38126121730351,18.81853461866219
2018-09-28 06:00:00.000000,-2.53722726785039,11.72047827588854,12.38769212703366,8.836757941867432,14.35838034869237,18.81147631282482
2018-09-28 06:15:00.000003,-2.609636864534962,11.70540270508165,12.36560673593216,8.819710031195813,14.33991958356382,18.80529499189239
2018-09-28 06:29:59.999997,-2.626320911465094,11.69542926224732,12.34974483434802,8.811313925059467,14.32620108450022,18.80009448563014
2018-09-28 06:45:00.000000,-2.591111173852091,11.69049566309124,12.34016958514428,8.81117311219479,14.31732639130412,18.79595144729594
2018-09-28 07:00:00.000003,-2.478112726909611,11.69190998568166,12.33813901036774,8.822391068223807,14.31415924637244,18.79299049230773
2018-09-28 07:14:59.999997,-2.308595978952955,11.69919740763266,12.34348133848315,8.842959695814079,14.31667193097345,18.79128974416118
2018-09-28 07:30:00.000000,-2.067328057639083,11.71297545887434,12.35679094443266,8.874496627304875,14.3252917453856,18.79093929958491
2018-09-28 07:45:00.000003,-1.777520095536981,11.7324125070854,12.37743907340372,8.914501099471384,14.33964292179054,18.79196152420698
2018-09-28 07:59:59.999997,-1.449289386596528,11.75678763731977,12.4046952739803,8.961443896291824,14.35919050472369,18.7943245166823
2018-09-28 08:15:00.000000,-1.081547057124253,11.78769443622985,12.43925254579477,9.018314870444534,14.38401280791194,18.79800885225037
2018-09-28 08:30:00.000003,-0.6932827108540387,11.82272970083884,12.47927441404776,9.080337303307834,14.41313104568675,18.80290994908915
2018-09-28 08:44:59.999997,-0.2564666314964154,11.86267959222316,12.52528616640326,9.150441837669709,14.44695286012211,18.8090014222035
2018-09-28 09:00:00.000000,0.1881933446960117,11.90573487890851,12.57575535359625,9.224158249399713,14.48475647205113,18.81620445064789
2018-09-28 09:15:00.000003,0.6510721695743479,11.95213066923381,12.63046838746421,9.30625843986801,14.52700847518983,18.82449701767926
2018-09-28 09:29:59.999997,1.120026787757801,12.00031469077373,12.68793055066964,9.387589272122137,14.57103223924386,18.83359768411889
2018-09-28 09:45:00.000000,1.570643808365241,12.04859525799719,12.74635501516789,9.46644842941002,14.61577146637872,18.84328000899523
2018-09-28 10:00:00.000003,2.033396913763188,12.09798517647441,12.80623137997911,9.546982442526993,14.66163547208391,18.85344548777175
2018-09-28 10:14:59.999997,2.465159490825803,12.1463375582549,12.86562665011962,9.623932872955107,14.70738782842214,18.86391422167637
2018-09-28 10:30:00.000000,2.872219237012349,12.19317652086283,12.92373432116671,9.697243033093205,14.75234610764687,18.87451007704195
2018-09-28 10:45:00.000003,3.265129874063187,12.23885479957223,12.9806075271158,9.76820706562159,14.79640873047738,18.88511093013815
2018-09-28 10:59:59.999997,3.603018572964179,12.28118041172314,13.03409179921538,9.83187073777555,14.83814602778389,18.89550903223934
2018-09-28 11:15:00.000000,3.910418088231958,12.32044203477573,13.08405807601964,9.890220249671616,14.87731684905648,18.90555154077877
2018-09-28 11:30:00.000003,4.177200146559532,12.35599943013971,13.12982442976283,9.941937796067743,14.91342326499526,18.91509651187061
2018-09-28 11:44:59.999997,4.400952128453367,12.38741257413521,13.17083655121777,9.986373793161366,14.94601387903126,18.92401499735872
2018-09-28 12:00:00.000000,4.589308124395725,12.415004920871,13.20726017119435,10.02451259970422,14.97509062897276,18.9322274671851
2018-09-28 12:15:00.000003,4.721417484854607,12.43746277340639,13.23783718873874,10.05356764881329,14.99988915047916,18.93961371454036
2018-09-28 12:29:59.999997,4.822678032329319,12.4558159082952,13.26325278461346,10.0765093459218,15.02073365555228,18.94612632658297
2018-09-28 12:45:00.000000,4.862199111585311,12.4685733872242,13.28225267466749,10.08955498970557,15.03682756843325,18.95166344136567
2018-09-28 13:00:00.000003,4.874549335237439,12.47721110695563,13.29592397410897,10.0967922555059,15.04876167832916,18.95621426507111
2018-09-28 13:14:59.999997,4.824247463148565,12.48012030055101,13.30297333084245,10.0939913928959,15.05575909545065,18.9597009504464
2018-09-28 13:30:00.000000,4.706505309878591,12.47645257289118,13.30243979419083,10.07987090304578,15.0571165767293,18.96201314608314
2018-09-28 13:45:00.000003,4.529640914363111,12.46633095102566,13.29420703368684,10.05525152475045,15.05265782896753,18.96306498805443
2018-09-28 13:59:59.999997,4.277262056275115,12.44876264076454,13.27730675871513,10.01795145086566,15.04171665757785,18.9627419856076
2018-09-28 14:15:00.000000,3.984304899633002,12.42537767539605,13.25297344430633,9.97229327307932,15.024983766748,18.9610320270362
2018-09-28 14:30:00.000003,3.637910598722215,12.39593143331337,13.22115376461535,9.917069505044816,15.00246259357417,18.95792608197762
2018-09-28 14:44:59.999997,3.258148908394073,12.36164102286254,13.18292473284055,9.85510201535535,14.97483955112275,18.9534807632289
2018-09-28 15:00:00.000000,2.852385564923211,12.32354385487572,13.13936479015593,9.788133588240635,14.94285911877681,18.94779657190937
2018-09-28 15:15:00.000003,2.438571485079102,12.2829348103235,13.09194788582926,9.718569748831786,14.90756844421614,18.94103037271946
2018-09-28 15:29:59.999997,2.00260103512227,12.23956483007257,13.0408222663934,9.645000594644314,14.86921198909319,18.93330323959596
2018-09-28 15:45:00.000000,1.565807241546111,12.19467323796699,12.98723810350453,9.570179003870905,14.82867151872784,18.92477296287781
2018-09-28 16:00:00.000003,1.122848467829968,12.148426368414,12.93162054607053,9.49387282141247,14.7863720262042,18.91557589080298
2018-09-28 16:14:59.999997,0.6878583429378007,12.10190659511558,12.87509386413499,9.418133161552186,14.74309727005944,18.90586793305809
2018-09-28 16:30:00.000000,0.2651867372920056,12.05585740150229,12.81857734109067,9.34397194410908,14.69953959016919,18.89580839606695
2018-09-28 16:45:00.000003,-0.1494583379795203,12.01020517331208,12.76226704375891,9.27094580424511,14.65597970657516,18.88552303103258
2018-09-28 16:59:59.999997,-0.5341891344691536,11.96625290463647,12.70746314148044,9.201966044352398,14.61334185213432,18.87517480503519
2018-09-28 17:15:00.000000,-0.8980874839122523,11.92404916975693,12.65451398490037,9.13636278526546,14.57198462773626,18.8648993035329
2018-09-28 17:30:00.000003,-1.221640850650797,11.88482113267938,12.60466302209242,9.076770796373113,14.53278863365365,18.85486158381677
2018-09-28 17:44:59.999997,-1.506412886708328,11.84950582919029,12.5588802324696,9.02432134435416,14.49641816928227,18.84522289711278
2018-09-28 18:00:00.000000,-1.751076817788526,11.81868668309513,12.517845828023,8.979725302156218,14.46337385236716,18.83612754349051
2018-09-28 18:15:00.000003,-1.947561010516637,11.79219151678026,12.48182799520131,8.942767715845356,14.43405826681996,18.82770193707742
2018-09-28 18:29:59.999997,-2.106421551223878,11.76959009342991,12.4506502073802,8.912159977367311,14.40847358020747,18.82003063853315
2018-09-28 18:45:00.000000,-2.223259172216004,11.75106128622487,12.42451688812065,8.888656968892821,14.38689327963122,18.81319334270427
2018-09-28 19:00:00.000003,-2.288498595680924,11.73709755978655,12.40393990175549,8.873079500139939,14.36960500799085,18.80726395531825
2018-09-28 19:14:59.999997,-2.303321250308298,11.72784324781407,12.38917081160624,8.865378905376973,14.35678497236086,18.80230744116229
2018-09-28 19:30:00.000000,-2.257835701011286,11.72388810417757,12.38083659197413,8.866797328525553,14.34887381242983,18.79840527485496
2018-09-28 19:45:00.000003,-2.152780098511573,11.72546578298329,12.37929899966627,8.877492200712418,14.34616974095057,18.79564039778452
2018-09-28 19:59:59.999997,-1.984493184738933,11.73289759546143,12.38496179293826,8.897997401055722,14.34898796245152,18.79409271511883
2018-09-28 20:15:00.000000,-1.760886383800418,11.74602461432427,12.39780243315901,8.927529726168618,14.35733600753389,18.79381544414506
2018-09-28 20:30:00.000003,-1.488120699104111,11.76451049344661,12.41753445727516,8.96527329612374,14.37103872457802,18.79482648865945
2018-09-28 20:44:59.999997,-1.171126107026568,11.78948751778022,12.44472092291976,9.013081316495263,14.39030456723848,18.79715542516008
2018-09-28 21:00:00.000000,-0.8252625399410144,11.81955729766966,12.47827979185165,9.068911029659155,14.41486774946959,18.80078804909658
2018-09-28 21:15:00.000003,-0.4488530163370946,11.85389484356605,12.51735569923509,9.131483627556058,14.44402054116919,18.80564044430267
2018-09-28 21:29:59.999997,-0.05256854668097206,11.89136664047287,12.5608050511084,9.197252776082383,14.47653843486794,18.81155318382901
2018-09-28 21:45:00.000000,0.339517041431115,11.930355815547,12.606937223104,9.263673657811063,14.51137715243163,18.81834943294394
2018-09-28 22:00:00.000003,0.7414979582031567,11.97099448910588,12.65548642572025,9.332076508753408,14.54825401401096,18.82589238247501
2018-09-28 22:14:59.999997,1.135808223848179,12.01245132561578,12.70551773701573,9.400361315229429,14.58642842027696,18.83402559328198
2018-09-28 22:30:00.000000,1.517360374206217,12.05387698031525,12.756022965814,9.467373945443342,14.62516179048071,18.84258375160767
2018-09-28 22:45:00.000003,1.884037366632358,12.09468290505768,12.80621707749351,9.532444419728316,14.66384957679588,18.85140822164803
2018-09-28 22:59:59.999997,2.227739564884974,12.13410267390494,12.85519763469553,9.594273521071228,14.70181204296008,18.86033814098515
2018-09-28 23:15:00.000000,2.54381145240165,12.17158258402044,12.90224782193871,9.651969156811933,14.73845041850555,18.86921920201298
2018-09-28 23:30:00.000003,2.827145827883665,12.2064800093635,12.94656733234925,9.704607880150283,14.77316353439342,18.87789975202667
2018-09-28 23:44:59.999997,3.075119570980831,12.23840426619271,12.98761230003015,9.751611054215733,14.8054714674671,18.88624323152307
2018-09-29 00:00:00.000000,3.282197094667872,12.26673342828278,13.02464328669731,9.79203728274384,14.83483562097293,18.89411313669153
2018-09-29 00:15:00.000003,3.45056106847969,12.29120600641377,13.05706190059407,9.825958201572314,14.86052969831018,18.90122321958404
2018-09-29 00:29:59.999997,3.568013324439811,12.31096652248808,13.08401076589634,9.851626304442284,14.88208655751292,18.90748212910866
2018-09-29 00:45:00.000000,3.649845462420855,12.32652394567721,13.10583233652441,9.870680263245918,14.89979675563156,18.91291686852649
2018-09-29 01:00:00.000003,3.679901586665689,12.33710089943594,13.12185914112771,9.881172813052384,14.9132656109273,18.91749726288784
2018-09-29 01:14:59.999997,3.655441759704843,12.34223328289932,13.13154522558421,9.88240998948533,14.92206765086323,18.92114594233059
2018-09-29 01:30:00.000000,3.589974307311854,12.34248839296415,13.13524773106067,9.876035135985317,14.92633899307762,18.92381084261111
2018-09-29 01:45:00.000003,3.465776069759931,12.3369705857661,13.13218074554682,9.859850871850597,14.92555635360946,18.9254056772874
2018-09-29 01:59:59.999997,3.291772494368399,12.32591193391742,13.12238337838187,9.834799169883384,14.91965541385395,18.92586779352889
2018-09-29 02:15:00.000000,3.061218758561103,12.30902892974252,13.10554015829328,9.800194825303109,14.9083886156207,18.92513433590092
2018-09-29 02:30:00.000003,2.787194765178282,12.2868613709228,13.08207267561887,9.75752320292101,14.89198949732275,18.9231850486686
2018-09-29 02:44:59.999997,2.471340523345612,12.25972649230799,13.05234282545733,9.707213599114477,14.87068309736162,18.92002758942183
2018-09-29 03:00:00.000000,2.119047827836099,12.22804390214476,13.01680284631915,9.650077747812169,14.84478367707641,18.91569407945415
2018-09-29 03:15:00.000003,1.743583607471233,12.19276824544917,12.97641923802142,9.588052480937968,14.81495111019778,18.91026572791735
2018-09-29 03:29:59.999997,1.346484825674311,12.15432350666925,12.93177102572612,9.521682506333672,14.78166109802852,18.90383442548506
2018-09-29 03:45:00.000000,0.930683198629597,12.11310884916511,12.8833807116852,9.451543565719952,14.74532788149359,18.89649472472522
2018-09-29 04:00:00.000003,0.5112351667552648,12.07038846712277,12.83251470020594,9.379950804871765,14.70678637771135,18.8883813342443
2018-09-29 04:14:59.999997,0.08076918748232918,12.02609373973895,12.7793936639269,9.30625358347619,14.66631985965646,18.8796036374601
2018-09-29 04:30:00.000000,-0.3403641515127639,11.98136498046338,12.72517777811824,9.233080666154635,14.62476987683346,18.87030658446876
2018-09-29 04:45:00.000003,-0.7504766345305862,11.93679133692944,12.67067378802236,9.16113703946227,14.58278867308372,18.86064048845046
2018-09-29 04:59:59.999997,-1.143728351601211,11.89303529754814,12.616712633905,9.091454992809421,14.5410179863409,18.85075852639356
2018-09-29 05:15:00.000000,-1.508319769532162,11.85165382019729,12.56475075894666,9.026805470519738,14.50040784860006,18.84084069371771
2018-09-29 05:30:00.000003,-1.841786565010473,11.81388477321332,12.51601799918316,8.968920557949726,14.46177416696166,18.83106887812103
2018-09-29 05:44:59.999997,-2.141981465816255,11.77914901221581,12.47060841065043,8.916486342727037,14.42548622178814,18.82159100234184
2018-09-29 06:00:00.000000,-2.398768770684986,11.74799030785226,12.42926004636797,8.871138773113838,14.39234377455208,18.81257571489755
2018-09-29 06:15:00.000003,-2.610673240589092,11.72070160250906,12.3924599368033,8.832902793514071,14.36269778188744,18.80415788616277
2018-09-29 06:29:59.999997,-2.776834680966612,11.69747126315656,12.3605509345788,8.801688425814913,14.33676234243457,18.79644449369243
2018-09-29 06:45:00.000000,-2.888365522909693,11.67886438467449,12.3341734785506,8.778628549286616,14.31500663246217,18.78954966977125
2018-09-29 07:00:00.000003,-2.955001719335979,11.66467002338774,12.31329761270822,8.76278249765733,14.29748214317086,18.78355185660029
2018-09-29 07:14:59.999997,-2.962520126984558,11.65556983907751,12.29859808059136,8.755782736119105,14.28466532153665,18.77854556875481
2018-09-29 07:30:00.000000,-2.920625620785,11.65138272284396,12.29005593092395,8.756748668734108,14.27660714513233,18.77459632734007
2018-09-29 07:45:00.000003,-2.822773306991963,11.65240877773141,12.28798345770344,8.766393406298187,14.273537483141,18.77176441806437
2018-09-29 07:59:59.999997,-2.663902458094808,11.65904541383194,12.29282200303893,8.785462054889594,14.27578251763795,18.77011923357675
2018-09-29 08:15:00.000000,-2.452156853233159,11.67106845153139,12.30446455473767,8.813133959825654,14.28331840091657,18.76970308871885
2018-09-29 08:30:00.000003,-2.194294166290607,11.68815581554572,12.32264244184223,8.848541341151703,14.29595123557508,18.77052602693733
2018-09-29 08:44:59.999997,-1.895309037934335,11.70989888448169,12.34691899967682,8.890931723828615,14.31339547694536,18.77256964203188
2018-09-29 09:00:00.000000,-1.557960555017488,11.73614078461626,12.37708845400519,8.93989475642683,14.33542505271415,18.77580191712957
2018-09-29 09:15:00.000003,-1.19455616898709,11.76737323841395,12.41309018611145,8.995990678279693,14.36176597963363,18.78017361599386
2018-09-29 09:29:59.999997,-0.7955538906307574,11.80356308497342,12.45483575326795,9.059628506152164,14.39235590966675,18.78564332045757
2018-09-29 09:45:00.000000,-0.3743850620612638,11.84321969148847,12.50113918536504,9.127917215671001,14.4265491041402,18.79212595164543
2018-09-29 10:00:00.000003,0.05662857024689156,11.8852489266334,12.55087457015103,9.198835231825905,14.46357829436135,18.79950370339558
2018-09-29 10:14:59.999997,0.4921343986621203,11.9291884529415,12.60343620425472,9.272017131894463,14.5032941896242,18.80769470222876
2018-09-29 10:30:00.000000,0.9160761998645798,11.97422649308757,12.65785209988209,9.348184649467994,14.54564435425766,18.81663146479226
2018-09-29 10:45:00.000003,1.344592448192572,12.02062205065006,12.71396500571441,9.426603107750012,14.58959193018881,18.82614514772079
2018-09-29 10:59:59.999997,1.744511831394939,12.0655111623031,12.76917891718327,9.498272536224388,14.63244646153372,18.83590431396255
2018-09-29 11:15:00.000000,2.138560832822492,12.1097066096162,12.82376235514733,9.56838296982098,14.67472558344193,18.84578704351208
2018-09-29 11:30:00.000003,2.483512455858954,12.1510219474813,12.87570731740886,9.631765171402101,14.71522239329141,18.85560453763874
2018-09-29 11:44:59.999997,2.816054768064056,12.19062377193739,12.92560731174116,9.692452757233438,14.75418867241183,18.86525322600092
2018-09-29 12:00:00.000000,3.090889272448761,12.22628373671608,12.97147097131641,9.744872891540263,14.79030089657078,18.87454508168376
2018-09-29 12:15:00.000003,3.338351187412425,12.25875761269663,13.01354666070045,9.792131516056365,14.82358573327016,18.88336246468872
2018-09-29 12:29:59.999997,3.522679458665424,12.28634778138745,13.05020198867209,9.830093343288109,14.85293140242057,18.89152925186154
2018-09-29 12:45:00.000000,3.679814895975351,12.31025354292508,13.08224803747283,9.862499116558132,14.87871216210381,18.8989690913371
2018-09-29 13:00:00.000003,3.778403153449818,12.32894696090411,13.10836483367829,9.885571093569009,14.90012193838849,18.90556018126598
2018-09-29 13:14:59.999997,3.839667599901227,12.34309285234847,13.12889458472052,9.90158532016355,14.91728645257395,18.91123692246767
2018-09-29 13:30:00.000000,3.84307905489831,12.3516822061469,13.14294896750374,9.90804256118503,14.9296220166423,18.91590645544148
2018-09-29 13:45:00.000003,3.798983876411276,12.35493598305596,13.15055397757635,9.905938361745916,14.93706090122557,18.91950120681743
2018-09-29 13:59:59.999997,3.711099518673904,12.35310189704079,13.15189137031087,9.89586102785748,14.93969069799957,18.9219890250832
2018-09-29 14:15:00.000000,3.563046843351291,12.34528035434702,13.14617457903718,9.875674729745167,14.93700779384973,18.92330323725092
2018-09-29 14:30:00.000003,3.360338243188063,12.33148676131417,13.1332673919277,9.845822601774817,14.92885582722961,18.92338795785589
2018-09-29 14:44:59.999997,3.111051386410044,12.31228537070887,13.11356782722102,9.807636521738473,14.91543262397581,18.92222436593557
2018-09-29 15:00:00.000000,2.809724707780638,12.28744134313404,13.08692479821526,9.760435760979371,14.89665752609562,18.91979233424088
2018-09-29 15:15:00.000003,2.473685227184963,12.25789457802006,13.05418983178719,9.70639531403113,14.87304837038831,18.91612508529249
2018-09-29 15:29:59.999997,2.099787013600379,12.22380401634704,13.01566493946339,9.645442189483433,14.84485314564765,18.91126494802316
2018-09-29 15:45:00.000000,1.71030365050604,12.18655551225356,12.97269058095363,9.580606735983054,14.81297299936189,18.90532085623018
2018-09-29 16:00:00.000003,1.296455772154244,12.14614341519352,12.92553337905475,9.511227536983794,14.77771375013539,18.89838822536738
2018-09-29 16:14:59.999997,0.8730604661837802,12.10352141825579,12.87516973993822,9.439310448127278,14.73976659576644,18.89058829410549
2018-09-29 16:30:00.000000,0.4377242696471608,12.05915953797577,12.82223166888062,9.365063727513597,14.69958581290165,18.88203806754783
2018-09-29 16:45:00.000003,-0.002407459641154474,12.01349073977354,12.76729435466261,9.289416738182661,14.65765930796725,18.87285473068231
2018-09-29 16:59:59.999997,-0.4352543148914279,11.96738506272766,12.7113195319899,9.21414105226104,14.61471448530397,18.86317748617369
2018-09-29 17:15:00.000000,-0.8601207388520904,11.9212892055681,12.65496020663868,9.139694793817633,14.57128763628992,18.85314298685689
2018-09-29 17:30:00.000003,-1.257960955435411,11.87657088146588,12.59962759417524,9.068856124260689,14.52838000889504,18.84292749405206
2018-09-29 17:44:59.999997,-1.628425065359925,11.8348684300316,12.5468045667925,9.003949101372363,14.48690920898172,18.83272158795368
2018-09-29 18:00:00.000000,-1.969708122817262,11.79642358965102,12.49708046764118,8.944984798064912,14.44741447627723,18.82268676362851
2018-09-29 18:15:00.000003,-2.272868982516702,11.76118349213079,12.45090228799499,8.892058820461619,14.41050805989222,18.81298587848699
2018-09-29 18:29:59.999997,-2.538516907545711,11.72931627790421,12.40865152064791,8.845722349977793,14.37672288816512,18.80376929534156
2018-09-29 18:45:00.000000,-2.763094059500557,11.70103358456661,12.37068455237923,8.805680900147948,14.34619795774588,18.79514140930397
2018-09-29 19:00:00.000003,-2.945085021610249,11.67653406131125,12.33730537076436,8.772154738218644,14.31915564232329,18.78719337973272
2018-09-29 19:14:59.999997,-3.080327426020192,11.65614577637665,12.30891841721365,8.745721304208509,14.29590850227878,18.78001430903903
2018-09-29 19:30:00.000000,-3.167343633932441,11.64011740687837,12.28586638236037,8.726701981263977,14.27673620612998,18.77368838916772
2018-09-29 19:45:00.000003,-3.21063780383927,11.62836459465854,12.26816985661484,8.71465785759385,14.26169823477497,18.76827193518025
2018-09-29 19:59:59.999997,-3.208421125583414,11.62096953362506,12.25594071858836,8.709767564118449,14.25089692354014,18.76381376908688
2018-09-29 20:15:00.000000,-3.154272344192046,11.61830770565787,12.24956165098927,8.71285106727035,14.2446068439977,18.76036816925912
2018-09-29 20:30:00.000003,-3.04946080154688,11.62052606993226,12.24925529637949,8.723937851256737,14.24299753718563,18.75798574746964
2018-09-29 20:44:59.999997,-2.88467838881814,11.62812356608639,12.25553488958542,8.744173448103878,14.24644688554103,18.75673134983504
2018-09-29 21:00:00.000000,-2.67475827559091,11.64060260058401,12.26805994393169,8.771992421448518,14.25477834293466,18.75663248946097
2018-09-29 21:15:00.000003,-2.41133852132785,11.65823373780273,12.28704975958555,8.808212817286979,14.2681285180579,18.75772044054563
2018-09-29 21:29:59.999997,-2.106094133732196,11.68059790916568,12.31216831578553,8.851576626281139,14.28626734872696,18.75999191060612
2018-09-29 21:45:00.000000,-1.769636879197973,11.70701192648479,12.34272611947409,8.900616043146742,14.3087178138959,18.76340394115311
2018-09-29 22:00:00.000003,-1.403957355453318,11.73718297101505,12.37832679539076,8.954879168197172,14.33513232398873,18.76789886975846
2018-09-29 22:14:59.999997,-1.015278510118496,11.7728489872084,12.41969886679416,9.017271554596942,14.36555344126078,18.77343474635415
2018-09-29 22:30:00.000000,-0.6066275445026743,11.81165764455331,12.46524577477738,9.083740095409938,14.39927607068446,18.77992109403746
2018-09-29 22:45:00.000003,-0.1972543202752811,11.85215149930083,12.51348089868489,9.151520230714857,14.43530371536313,18.78721197350253
2018-09-29 22:59:59.999997,0.2056727737437703,11.89338273955188,12.56326145955884,9.21917351424641,14.47278045834864,18.79514340986155
2018-09-29 23:15:00.000000,0.5984026402012956,11.93469778541863,12.61369250239647,9.285882995094608,14.51100314512866,18.80354881582997
2018-09-29 23:30:00.000003,0.9728990342502527,11.97569201901775,12.66423499835331,9.351242359232925,14.54993268519304,18.81232492528279
2018-09-29 23:44:59.999997,1.329432663628132,12.01651721820661,12.7147034155016,9.417551918792492,14.58970435963815,18.8214015301007
2018-09-30 00:00:00.000000,1.64780958420449,12.05528814399259,12.76321377102306,9.481245542079549,14.62886977256363,18.8305768336025
2018-09-30 00:15:00.000003,1.951921401421286,12.09161267996558,12.80901746035195,9.53729704111767,14.66485511012991,18.83935694599153
2018-09-30 00:29:59.999997,2.208426836043021,12.12417405255333,12.8508225051358,9.585692689984967,14.69760802785535,18.84761638503015
2018-09-30 00:45:00.000000,2.438284248073202,12.1537746909009,12.88910110203842,9.629177257628049,14.72766429553434,18.85538197754813
2018-09-30 01:00:00.000003,2.610829102506046,12.17880054072809,12.92240476610162,9.663940014749711,14.75418464959657,18.86257801911863
2018-09-30 01:14:59.999997,2.755258493998128,12.20029380938468,12.95136071598721,9.69324910952718,14.77744744923541,18.8691535490944
2018-09-30 01:30:00.000000,2.846720814409536,12.21713561120268,12.97499294586507,9.714184995537643,14.79679044876707,18.87500014785489
2018-09-30 01:45:00.000003,2.898835103835247,12.22960673820676,12.99334283286264,9.72806984234561,14.81215503282775,18.88003649212162
2018-09-30 01:59:59.999997,2.904353552883429,12.23733876798622,13.0060359370903,9.73405635550283,14.82326370329755,18.88418302661349
2018-09-30 02:15:00.000000,2.865344926034055,12.2402819217447,13.01293597962309,9.732264882903156,14.82997770113339,18.88737581999646
2018-09-30 02:30:00.000003,2.773296353912093,12.23791623416085,13.0135377683444,9.721543654858033,14.83192814420412,18.88954129081553
2018-09-30 02:44:59.999997,2.637020408389643,12.23054852465718,13.00801073291965,9.702866216892792,14.82915986679123,18.89063726333995
2018-09-30 03:00:00.000000,2.453000731256836,12.21801011319527,12.99617959588329,9.67585601256971,14.82156602245171,18.89062610403804
2018-09-30 03:15:00.000003,2.222585369490405,12.20031189150848,12.97802267961758,9.640626522841593,14.80910984576618,18.88948062896113
2018-09-30 03:29:59.999997,1.946012679245368,12.177491407149,12.95357222684229,9.597225660727105,14.79178707568034,18.88718282005964
2018-09-30 03:45:00.000000,1.636675792241096,12.15031505536715,12.92351576682107,9.547441220203387,14.7700344852822,18.88375976323852
2018-09-30 04:00:00.000003,1.291807990134741,12.11888592804137,12.88807040140308,9.491185077670423,14.74404705918055,18.87924670313553
2018-09-30 04:14:59.999997,0.9306408557847677,12.08438683607139,12.8483636645676,9.431074186178247,14.71458168111765,18.87373246106666
2018-09-30 04:30:00.000000,0.5516888424757702,12.04736745062002,12.8051051454515,9.367494974678573,14.68214551376953,18.86731748095926
2018-09-30 04:45:00.000003,0.1616298756071844,12.00833747505702,12.75894217886481,9.301410665784452,14.64725639697052,18.8601112532604
2018-09-30 04:59:59.999997,-0.2338422146806229,11.96780935159509,12.71053187465685,9.23373591286555,14.61044418331726,18.8522306584865
2018-09-30 05:15:00.000000,-0.629362945885762,11.92635246915766,12.66057980766362,9.165405277173486,14.57225928322097,18.84379951906659
2018-09-30 05:30:00.000003,-1.016772872965844,11.8847126346952,12.6099515893297,9.097739755314635,14.5333568783805,18.83495531010259
2018-09-30 05:44:59.999997,-1.387010583174596,11.84393945018994,12.55975407133232,9.032557690856594,14.49452193905432,18.82585403486368
2018-09-30 06:00:00.000000,-1.733748742047706,11.80596056827866,12.51163704795929,8.972970900090832,14.45673084422147,18.81667696056141
2018-09-30 06:15:00.000003,-2.049857645994651,11.77065281540314,12.46609134206708,8.918548324935992,14.42058999851007,18.80759055513489
2018-09-30 06:29:59.999997,-2.332418128718851,11.73818325550238,12.42365516006901,8.869974625344321,14.38685960750403,18.79877118103395
2018-09-30 06:45:00.000000,-2.57377562059158,11.70899944335131,12.38495531454571,8.8277003402065,14.3559592806421,18.79036456834562
2018-09-30 07:00:00.000003,-2.776968539286734,11.68318211818316,12.35027014045899,8.791299686324264,14.32807508434003,18.78248224213114
2018-09-30 07:14:59.999997,-2.933433061935149,11.66124539661665,12.32019068995999,8.761823984886265,14.30364622449746,18.77523925279574
2018-09-30 07:30:00.000000,-3.044181216912994,11.64338847446546,12.29505760622193,8.73936219287687,14.28296958543965,18.76873702363063
2018-09-30 07:45:00.000003,-3.105885278289841,11.62991019886637,12.27525918831105,8.724399785277726,14.26635788039083,18.76306940569885
2018-09-30 07:59:59.999997,-3.120904283823182,11.62085658275736,12.26094831455144,8.716778629087143,14.25396387880264,18.75830878055474
2018-09-30 08:15:00.000000,-3.08301146029246,11.61660162925487,12.25253480981501,8.717275879977064,14.24609321169548,18.75453179098481
2018-09-30 08:30:00.000003,-2.996985222697996,11.61708154538874,12.250054853313,8.725473355254657,14.2428141637734,18.75178967563622
2018-09-30 08:44:59.999997,-2.857598034430576,11.62256414044622,12.25378942489609,8.74197367566932,14.24433275464794,18.75013354688452
2018-09-30 09:00:00.000000,-2.667957596744727,11.63303189863776,12.26379213456283,8.766526974083254,14.25071573377366,18.74960578371211
2018-09-30 09:15:00.000003,-2.434358919202213,11.64818779168138,12.27981289080761,8.798371252313563,14.26181338431887,18.75021865353701
2018-09-30 09:29:59.999997,-2.158380379211077,11.66791476578779,12.3017258044215,8.837234550577652,14.27750730833259,18.751969557682
2018-09-30 09:45:00.000000,-1.844286587082148,11.69190714940628,12.32920067320302,8.88252846952267,14.29757926289903,18.75483607268773
2018-09-30 10:00:00.000003,-1.49694489971851,11.71994863456651,12.36200168096116,8.933629178586921,14.32179090545556,18.7587875863047
2018-09-30 10:14:59.999997,-1.120179172107764,11.75326987295135,12.40062397604051,8.992691271460268,14.35017350338316,18.76379770760327
2018-09-30 10:30:00.000000,-0.7097396127423078,11.79118064362292,12.44462622324893,9.058688112775377,14.38256245287321,18.7698311381899
2018-09-30 10:45:00.000003,-0.2909456519470637,11.83160760839556,12.49227183010792,9.127341946999707,14.41794353124288,18.77677662566785
2018-09-30 10:59:59.999997,0.1329588946688126,11.87376927153623,12.54257662927425,9.197686148987625,14.45558517245185,18.78450256227026
2018-09-30 11:15:00.000000,0.555583855579376,11.91695700752507,12.59466139913387,9.268600517499419,14.49481505165638,18.79286694038852
2018-09-30 11:30:00.000003,0.9644634872145292,11.96049148165037,12.64775419967639,9.339042722750698,14.53541948876839,18.80176601846217
2018-09-30 11:44:59.999997,1.370366841652824,12.00472421394963,12.7018520225634,9.409802991616536,14.5770251116295,18.81108875108137
2018-09-30 12:00:00.000000,1.747055616797659,12.04858150301344,12.75576008397215,9.484579693559121,14.6203394010478,18.82081455574528
2018-09-30 12:15:00.000003,2.113653561434095,12.09085047738019,12.80821719565173,9.551818105694787,14.66165543703944,18.83055577460407
2018-09-30 12:29:59.999997,2.422417232288369,12.12922288273232,12.85696805380111,9.609716054829661,14.70000586283997,18.8400627847407
2018-09-30 12:45:00.000000,2.720039349593706,12.16552717160452,12.90313048694914,9.664621014594461,14.73627771408994,18.84926167965314
2018-09-30 13:00:00.000003,2.957405680768107,12.19754062535822,12.94478893722944,9.710776319664626,14.76929869139767,18.85798773312132
2018-09-30 13:14:59.999997,3.169509190131175,12.22631978713363,12.98248647715675,9.75191694191103,14.79930264269843,18.86615143615642
2018-09-30 13:30:00.000000,3.324611394349279,12.25031517890624,13.01483529494752,9.784229304201359,14.82539782205691,18.87361453157791
2018-09-30 13:45:00.000003,3.458008501297661,12.27107359543701,13.04290367973428,9.812023276030375,14.84813335880437,18.88033603427489
2018-09-30 13:59:59.999997,3.52104862112526,12.28608423656088,13.06461370379387,9.829056178351838,14.86623338278952,18.88617523234541
2018-09-30 14:15:00.000000,3.558473175369233,12.29707046049522,13.0811495636093,9.840414897897134,14.88030703293979,18.89109977800529
2018-09-30 14:30:00.000003,3.525555207731385,12.30194475057861,13.09078325687,9.84071828763984,14.88929214062352,18.89499249555942
2018-09-30 14:44:59.999997,3.454652947394159,12.30185603216371,13.09423876696293,9.833532449473575,14.8935218364726,18.89781018134228
2018-09-30 15:00:00.000000,3.331905266166143,12.29635820605108,13.09116994215096,9.817478791385419,14.89278287170923,18.89950514336192
2018-09-30 15:15:00.000003,3.158745940474578,12.28543083534361,13.08147051405887,9.792682944480658,14.88696300747175,18.90003653703152
2018-09-30 15:29:59.999997,2.935506125224468,12.26907020186608,13.06513198319888,9.759133015596769,14.87601249859288,18.89937467119403
2018-09-30 15:45:00.000000,2.670202855940511,12.24761868676139,13.04241365339874,9.717810388731799,14.86012246651987,18.89751665748742
2018-09-30 16:00:00.000003,2.369908447304135,12.22167745216077,13.01392059231608,9.669832540215927,14.83967201637333,18.89449349982003
2018-09-30 16:14:59.999997,2.031477895827733,12.19128274956822,12.97981135647313,9.61498457277529,14.81480667010474,18.89033876769175
2018-09-30 16:30:00.000000,1.670967987032184,12.15741626937288,12.94103305889218,9.555425813064419,14.78615702913515,18.88512846572989
2018-09-30 16:45:00.000003,1.285712403167798,12.12027381265637,12.89795276980808,9.491160945109424,14.75405527302357,18.8789414344026
2018-09-30 16:59:59.999997,0.8823081455431264,12.08039164609399,12.85117262510971,9.42317458814239,14.71894472874175,18.87186755181187
2018-09-30 17:15:00.000000,0.4686489312654998,12.03865255461326,12.80161693111974,9.352870694729912,14.6814366161125,18.86401450294784
2018-09-30 17:30:00.000003,0.04739982396495474,11.99539088950719,12.74980634858703,9.280765729010422,14.64198861904346,18.85549337126995
2018-09-30 17:44:59.999997,-0.3707373740331206,11.95136128450884,12.69659453676878,9.208392391303617,14.60125227922732,18.84643224176323
2018-09-30 18:00:00.000000,-0.7777766791268138,11.90736472646146,12.64292448426446,9.137128057871767,14.5599487145218,18.83697708624349
2018-09-30 18:15:00.000003,-1.167274974901416,11.86415587012341,12.58971486845063,9.068174063706683,14.51878490418024,18.82728368963514
2018-09-30 18:29:59.999997,-1.529324303223466,11.82330753178586,12.53843229939821,9.00422263123956,14.47870700969265,18.81753292782473
2018-09-30 18:45:00.000000,-1.858228800492392,11.7860588724758,12.49035725536507,8.947128186598148,14.4405914768364,18.8079129591743
2018-09-30 19:00:00.000003,-2.157729334785502,11.75167388488809,12.44544824425629,8.895243018035345,14.40478573903042,18.79857430840114
2018-09-30 19:14:59.999997,-2.41691696178606,11.7206358325116,12.40434911704713,8.850042175048754,14.37196221604779,18.78967349720379
2018-09-30 19:30:00.000000,-2.637827934828621,11.69300070527406,12.36731344360228,8.810787020237116,14.34222743055169,18.78131730546601
2018-09-30 19:45:00.000003,-2.816380365066269,11.66905479302009,12.33472178814102,8.77794530964733,14.31584883256793,18.7736010615072
2018-09-30 19:59:59.999997,-2.95919221014482,11.64862484235396,12.30652826117526,8.750842515187829,14.29284945538395,18.76659189268645
2018-09-30 20:15:00.000000,-3.060377070185991,11.63197714474528,12.2830101084324,8.730118983669591,14.27343651806192,18.76035131118553
2018-09-30 20:30:00.000003,-3.119374487901352,11.6192689826637,12.26438189010286,8.715962513178264,14.25778750579762,18.75493730914584
2018-09-30 20:44:59.999997,-3.140985817973659,11.61034778196898,12.25056059161564,8.707860167870505,14.24587512087319,18.75038079703332
2018-09-30 21:00:00.000000,-3.111225872596974,11.60587248649173,12.24215829496593,8.707436000511768,14.23811333352542,18.74674269501668
2018-09-30 21:15:00.000003,-3.041320996513404,11.60555674726258,12.23902468170821,8.713620474665419,14.23444864037109,18.7440520953575
2018-09-30 21:29:59.999997,-2.914913856462142,11.61013159704499,12.2418382104067,8.72825312581529,14.23533819268175,18.74237288922479
2018-09-30 21:45:00.000000,-2.738522321620537,11.61957122286996,12.2507035787231,8.750857110532467,14.24090503335217,18.74175567665374
2018-09-30 22:00:00.000003,-2.518147483538959,11.63361055185006,12.26542669476694,8.78070346044463,14.25104681348677,18.74222420436627
2018-09-30 22:14:59.999997,-2.245552280146991,11.65263585877951,12.28636740771206,8.818708720622201,14.26597734667847,18.74381342226124
2018-09-30 22:30:00.000000,-1.938435328230691,11.67589082815477,12.31287972947243,8.862879816014818,14.28530351871683,18.74651007083545
2018-09-30 22:45:00.000003,-1.593759338998631,11.7033736255595,12.34488439354678,8.913346074821462,14.30888990628865,18.75029569476378
2018-09-30 22:59:59.999997,-1.226730265254395,11.7352266751701,12.38211632506418,8.969920118059136,14.33638025897616,18.75512192199309
2018-09-30 23:15:00.000000,-0.8428980151023692,11.77119207605027,12.42409576261357,9.032105487168069,14.36735490526008,18.76091542002312
2018-09-30 23:30:00.000003,-0.4440443668074416,11.80969898767481,12.46957072132258,9.097441542545289,14.40115103417048,18.76756909714053
2018-09-30 23:44:59.999997,-0.05391868529505529,11.84912033274457,12.51689540974649,9.162662092453086,14.43665418953599,18.77492013661355
2018-10-01 00:00:00.000000,0.335492210020134,11.88925354266073,12.56552850112772,9.228218967137211,14.4733676389638,18.78282180057046
2018-10-01 00:15:00.000003,0.6990012155057373,11.9287134435161,12.61420253012849,9.290945460057973,14.51116082442512,18.79212970641746
2018-10-01 00:29:59.999997,1.064720403115714,11.96905942452795,12.6640518954985,9.355179192661337,14.55085375379332,18.80253957598628
2018-10-01 00:45:00.000000,1.383032526769334,12.00714591197289,12.7121131144637,9.413257110884796,14.58948017584535,18.81320520327551
2018-10-01 01:00:00.000003,1.695022914344557,12.04502454358136,12.75955928735148,9.476827783554231,14.62896041781771,18.82382957137291
2018-10-01 01:14:59.999997,1.957258019110306,12.07903809024046,12.8032591524408,9.528459907007,14.66478241144201,18.83390110719728
2018-10-01 01:30:00.000000,2.194695512870869,12.10991788874085,12.84335303450321,9.573800333658443,14.69723592405167,18.84326897431727
2018-10-01 01:45:00.000003,2.392347572185504,12.13719945367624,12.87933741464663,9.612562443068066,14.72636976314553,18.85188442186104
2018-10-01 01:59:59.999997,2.542784301385915,12.16016842442264,12.9104086134909,9.643625468850278,14.75175363010286,18.8596824370191
2018-10-01 02:15:00.000000,2.653623943011592,12.17894565347723,12.93647433331012,9.66775149059136,14.77328906350644,18.86661018273607
2018-10-01 02:30:00.000003,2.729225203902391,12.1937549069532,12.95765474276033,9.685565495514886,14.79103485021206,18.87263882604408
2018-10-01 02:44:59.999997,2.762825872580779,12.20426476895354,12.97364708532578,9.696243429002841,14.8047912894738,18.87773320006893
2018-10-01 03:00:00.000000,2.751625512452668,12.21014141317106,12.984083263695,9.699256594464883,14.81431024999507,18.88184917909761
2018-10-01 03:15:00.000003,2.698722071408988,12.21142763654619,12.98891876993183,9.69490416751164,14.8195279599603,18.88495253147427
2018-10-01 03:29:59.999997,2.59341088437367,12.20751122694017,12.98758129733208,9.68177482898503,14.82005678462296,18.88699337198787
2018-10-01 03:45:00.000000,2.445512859077338,12.19870988133324,12.98023923755918,9.660932453144676,14.81595166942006,18.8879408271392
2018-10-01 04:00:00.000003,2.251359669569694,12.18488909653411,12.96677101978207,9.632008454817335,14.80713003997642,18.88776992413857
2018-10-01 04:14:59.999997,2.010318411796649,12.16597048171468,12.94708452826911,9.594864564667972,14.79351096352252,18.88645805579952
2018-10-01 04:30:00.000000,1.729249006297377,12.1423171750722,12.92148571968307,9.550384336268083,14.77527341399813,18.88400813802997
2018-10-01 04:45:00.000003,1.416833551737536,12.11452502907966,12.89055278089682,9.49984721987166,14.75281469430772,18.88045757667119
2018-10-01 04:59:59.999997,1.07787782087651,12.08309790380488,12.85485230281782,9.444126691902925,14.72654982378782,18.87586630242123
2018-10-01 05:15:00.000000,0.7234155241428886,12.04898104756869,12.81535953673003,9.384957104066373,14.69714211728794,18.8703319432748
2018-10-01 05:30:00.000003,0.3567686799821198,12.01279894025041,12.77284351590794,9.323162650356732,14.66515887025992,18.86396684532834
2018-10-01 05:44:59.999997,-0.0186386440864365,11.97488306991132,12.72781155764676,9.259305383766684,14.63104995392715,18.85688061081058
2018-10-01 06:00:00.000000,-0.3963447736577762,11.93579488223089,12.68094272700722,9.194388096562838,14.59534351620331,18.84919256062649
2018-10-01 06:15:00.000003,-0.7672730043231947,11.89632760867519,12.63314069450274,9.129857229689652,14.55871711813733,18.84103902733922
2018-10-01 06:29:59.999997,-1.13128612864244,11.85686066596539,12.58497361645729,9.066061547102969,14.52164177591791,18.83254864391785
2018-10-01 06:45:00.000000,-1.474429589596443,11.81883205828967,12.53778186518571,9.005719206243255,14.48499137907327,18.82387969868536
2018-10-01 07:00:00.000003,-1.788166674024004,11.78392073838829,12.49313026208993,8.951575050798468,14.44976744875768,18.81521748122593
2018-10-01 07:14:59.999997,-2.073865409965703,11.75157288838003,12.45115062633641,8.902310906079595,14.41641912609145,18.80671732999285
2018-10-01 07:30:00.000000,-2.322852720907965,11.72222303375336,12.41250403450969,8.85917703321504,14.38565942273908,18.79854433413785
2018-10-01 07:45:00.000003,-2.530659240462844,11.69621824373697,12.37772020471996,8.822192359537775,14.35779476110091,18.79082755201808
2018-10-01 07:59:59.999997,-2.701981000169886,11.67354845541003,12.34697145652352,8.7908957543523,14.33297199142516,18.78366708755501
2018-10-01 08:15:00.000000,-2.831090837092149,11.65454837554656,12.32065679812455,8.765972793601668,14.3115009853522,18.77715762400751
2018-10-01 08:30:00.000003,-2.918902261498753,11.63934368592897,12.29900282058072,8.747458110649712,14.29358708692751,18.77137906190775
2018-10-01 08:44:59.999997,-2.964324949957313,11.62807654296852,12.28221745621689,8.735534796767249,14.27940923966451,18.76639864999035
2018-10-01 09:00:00.000000,-2.968036788101764,11.62080606146046,12.2704222715063,8.73018688686272,14.26908097022734,18.76226998512571
2018-10-01 09:15:00.000003,-2.920050882523174,11.618076476156,12.26416155955948,8.732646134084193,14.2629869071293,18.75906113986881
2018-10-01 09:29:59.999997,-2.831007498799895,11.61959333138746,12.26327645605645,8.741859026416433,14.26107126959367,18.75681017535836
2018-10-01 09:45:00.000000,-2.691439795625622,11.62575000404197,12.26813500678121,8.758832430222267,14.26358447003546,18.75556469113151
2018-10-01 10:00:00.000003,-2.505570076785819,11.63650353601767,12.27876615062505,8.78324691477722,14.27057945203585,18.75535994061168
2018-10-01 10:14:59.999997,-2.277786516979015,11.65169455469278,12.29506591231611,8.814571446939992,14.28198109576945,18.75621297197583
2018-10-01 10:30:00.000000,-2.003632167670869,11.67146300315981,12.31714024157273,8.85326057574132,14.29786648397844,18.75814079870405
2018-10-01 10:45:00.000003,-1.69550068382218,11.69534348471424,12.34459684957065,8.897938089481734,14.31794962594476,18.76112948164745
2018-10-01 10:59:59.999997,-1.350551361044825,11.72333010436583,12.37732753156983,8.948837992139218,14.34212938035911,18.76516146342368
2018-10-01 11:15:00.000000,-0.9756825452409528,11.75731610220193,12.41629041781848,9.0089447983943,14.37060915530169,18.77023570941747
2018-10-01 11:30:00.000003,-0.5726965708882933,11.79490369448889,12.45997237378045,9.074058434946666,14.40279204890243,18.7762949043253
2018-10-01 11:44:59.999997,-0.160393594031396,11.83485944096729,12.50710220930261,9.141780133282683,14.43782808199056,18.78323193978811
2018-10-01 12:00:00.000000,0.2523723468191764,11.87623922990952,12.5565806570937,9.210535598958069,14.474902557935,18.79090917177508
2018-10-01 12:15:00.000003,0.6612119499241427,11.91840711153064,12.6075650639377,9.279502568376524,14.51340585985029,18.79918632441056
2018-10-01 12:29:59.999997,1.064905160464442,11.96161511442645,12.66013020713764,9.349657549429203,14.55385680420414,18.80802632464675
2018-10-01 12:45:00.000000,1.44700284557722,12.00414971604518,12.71244039069931,9.417473062166488,14.59426520108977,18.81719991670756
2018-10-01 13:00:00.000003,1.810646112276955,12.04650323230496,12.76456466472274,9.489595452372146,14.63615941147673,18.82670377351748
2018-10-01 13:14:59.999997,2.150051028561016,12.0864660552143,12.81450388332282,9.552032886789716,14.67548271120098,18.83613385686026
2018-10-01 13:30:00.000000,2.453175313308325,12.12354658681642,12.86148820144496,9.6082844276872,14.71237991158063,18.84532724842388
2018-10-01 13:45:00.000003,2.729823011771935,12.15800051508853,12.90547899715991,9.659915371672023,14.74700850692566,18.85419035102224
2018-10-01 13:59:59.999997,2.952908295839032,12.18834942270899,12.9450688438499,9.703468196419763,14.77843709863465,18.86257031124856
2018-10-01 14:15:00.000000,3.145112741376046,12.21519282254914,12.98046464547176,9.741324316536883,14.80670246253239,18.87036725548881
2018-10-01 14:30:00.000003,3.283518577654912,12.23733562283111,13.01054487791798,9.770674196771084,14.83106238890473,18.87745080708996
2018-10-01 14:44:59.999997,3.398836459222635,12.25609523560284,13.0362343151779,9.795208402341734,14.85200190379363,18.8837791837224
2018-10-01 15:00:00.000000,3.455871189166738,12.26985639980026,13.05618645438024,9.810727572276349,14.86868197878892,18.88924959992055
2018-10-01 15:15:00.000003,3.478079432436207,12.27927521976752,13.0707869865219,9.819544507010013,14.88126539150578,18.8938135801143
2018-10-01 15:29:59.999997,3.440359677129309,12.28310438155687,13.07894433429098,9.818590491128274,14.88905215644422,18.89737698279015
2018-10-01 15:45:00.000000,3.36266456678348,12.28206075875366,13.08109188243621,9.810096868809842,14.89222563247572,18.89989751940296
2018-10-01 16:00:00.000003,3.234605299576772,12.2757934855532,13.07692135077421,9.793042533233521,14.89058002950342,18.90132895958428
2018-10-01 16:14:59.999997,3.054852983303591,12.26407186392033,13.06616116993092,9.767084041924074,14.88390887202287,18.901623231285
2018-10-01 16:30:00.000000,2.828180753382381,12.2470413938489,13.04888167008713,9.732730907011886,14.8722263947387,18.90075079521724
2018-10-01 16:45:00.000003,2.56268756828102,12.22523460469491,13.02556473440486,9.691128485174138,14.85581795275448,18.89871769863467
2018-10-01 16:59:59.999997,2.257334982321368,12.198786835298,12.99642040272878,9.642327266316594,14.83483939578379,18.8955426143833
2018-10-01 17:15:00.000000,1.925255122945822,12.16851841590719,12.96224125301813,9.588125103211725,14.80982130952709,18.89128333377414
2018-10-01 17:30:00.000003,1.571463575430281,12.13502624028339,12.92372776209218,9.529495650335177,14.78128689854425,18.8860226220595
2018-10-01 17:44:59.999997,1.197841888342122,12.09866005568538,12.88136189874776,9.466910884588621,14.74963483771745,18.87984913604859
2018-10-01 18:00:00.000000,0.8075992296913018,12.05984998370941,12.83567215203511,9.400984713585306,14.71526014772859,18.87285409649122
2018-10-01 18:15:00.000003,0.4135971649731205,12.01968257574176,12.78775880026765,9.333702882195617,14.67889457667461,18.86515947988491
2018-10-01 18:29:59.999997,0.01068096073993834,11.97810924537894,12.73783101398255,9.264619270832545,14.64081467980365,18.85686609520968
2018-10-01 18:45:00.000000,-0.3857394960145781,11.93604368166054,12.68683487222251,9.19576535732727,14.60171104621167,18.84810070860206
2018-10-01 19:00:00.000003,-0.7712202475848842,11.89413983057264,12.63558821845367,9.128115244576785,14.56222116424484,18.83900018482829
2018-10-01 19:14:59.999997,-1.138592543105805,11.85313182866859,12.58496966489812,9.062892908196433,14.52301538912084,18.82971165357981
2018-10-01 19:30:00.000000,-1.482387188989567,11.81413960595656,12.53608089123543,9.001883332125733,14.48483039071063,18.82039246193215
2018-10-01 19:45:00.000003,-1.794147710124931,11.77866972656331,12.49031770919102,8.947587040499078,14.44855593738949,18.81121728580586
2018-10-01 19:59:59.999997,-2.077407722785887,11.74601812382068,12.44764230306385,8.89844805592516,14.41453438840482,18.80232661394824
2018-10-01 20:15:00.000000,-2.328903254267701,11.71626735647408,12.40834583815148,8.854881385109415,14.38318583680553,18.79384791665054
2018-10-01 20:30:00.000003,-2.540189975727541,11.68982718306509,12.37293737467698,8.817307462650554,14.35477810997454,18.78588410233449
2018-10-01 20:44:59.999997,-2.72195018976446,11.66638947557674,12.34128484319127,8.78457630477355,14.32924658194488,18.77849935985164
2018-10-01 21:00:00.000000,-2.87017864500469,11.64607623541912,12.31352412936485,8.757043759385198,14.30669918386608,18.77174735489099
2018-10-01 21:15:00.000003,-2.979721428803937,11.62920668689363,12.28998992801631,8.735390051516298,14.28738466215279,18.76568547426488
2018-10-01 21:29:59.999997,-3.060121910478384,11.61545137861521,12.27045463300966,8.718598618038499,14.27118890137946,18.76034045475255
2018-10-01 21:45:00.000000,-3.099105724260459,11.60531661924988,12.25536576380648,8.708014544639664,14.25840748400077,18.755755976012
2018-10-01 22:00:00.000003,-3.098720619473088,11.59890576104235,12.24489982967115,8.703607077400273,14.24919036636224,18.75197355617454
2018-10-01 22:14:59.999997,-3.0484420944543,11.5968026860243,12.23965049980658,8.706677028306604,14.24395745194414,18.74905826732523
2018-10-01 22:30:00.000000,-2.943670491879985,11.59948626788377,12.24018284966263,8.718020828831493,14.24313198372234,18.74708583009566
2018-10-01 22:45:00.000003,-2.77747504234683,11.6075269503146,12.24716196346428,8.73866581534714,14.24721468693813,18.7461537513096
2018-10-01 22:59:59.999997,-2.555046875196789,11.62094037632419,12.26076452036037,8.768221950299559,14.25639281996053,18.74634119864367
2018-10-01 23:15:00.000000,-2.285420938545544,11.63939254869551,12.28078484977989,8.805621949570316,14.27054798225021,18.74768739058618
2018-10-01 23:30:00.000003,-1.971673374931482,11.66261580893733,12.30695559199802,8.850368184029147,14.28951332800929,18.75020382580983
2018-10-01 23:44:59.999997,-1.633782592910013,11.68962486393298,12.33834114146368,8.900007372572716,14.31261615536688,18.75383756037691
2018-10-02 00:00:00.000000,-1.276817983416753,11.72022895849891,12.37439586083401,8.954346945404605,14.33934543642074,18.75850723061055
2018-10-02 00:15:00.000003,-0.9055502671214278,11.75622440583242,12.41691395434319,9.015877806859477,14.37287566861343,18.76572762839642
2018-10-02 00:29:59.999997,-0.5235018147478315,11.79509067176252,12.46388079904985,9.080284898467216,14.41094632791542,18.77505268622615
2018-10-02 00:45:00.000000,-0.145814586983744,11.83511416047784,12.51299180032902,9.14497317852411,14.45064870447684,18.78535183563642
2018-10-02 01:00:00.000003,0.2198651400282027,11.87502701518301,12.56249244913031,9.208274033348129,14.49025652739422,18.7958286733745
2018-10-02 01:14:59.999997,0.5724558926191452,11.91421521969996,12.61142564252481,9.26967128400473,14.52904101746359,18.80610902794544
2018-10-02 01:30:00.000000,0.9135758312222592,11.95275539248611,12.65968786204798,9.329893499871948,14.56729649172753,18.81611625562223
2018-10-02 01:45:00.000003,1.218668837373811,11.98946703661721,12.70612775533383,9.385809972668127,14.6042886252069,18.82579203035993
2018-10-02 01:59:59.999997,1.51353901961174,12.02490580799684,12.75088652321829,9.44160443842334,14.64022001446657,18.83513179147125
2018-10-02 02:15:00.000000,1.772160535114623,12.05815806979516,12.79313656264297,9.495869279173721,14.67511578498138,18.84413493510011
2018-10-02 02:30:00.000003,2.00981262359348,12.08843594004005,12.83207341134136,9.541192642751332,14.70647677322413,18.85257141133217
2018-10-02 02:44:59.999997,2.211567399858029,12.11536899726226,12.86722673163866,9.580191260770441,14.73469110916587,18.86039318424592
2018-10-02 03:00:00.000000,2.372324688402597,12.138545207229,12.89808876173648,9.612453517593277,14.75961017218983,18.86755019412204
2018-10-02 03:15:00.000003,2.498358603718099,12.15806679875288,12.92459391094776,9.638644205723725,14.78119728611649,18.87399708373531
2018-10-02 03:29:59.999997,2.587205040254112,12.17377024767219,12.94652840246861,9.65847725912625,14.7993015388695,18.87968611354149
2018-10-02 03:45:00.000000,2.634203358042251,12.18529124619588,12.96349920429886,9.671254016343806,14.81364317261618,18.88455989430482
2018-10-02 04:00:00.000003,2.64504877952365,12.1927910401887,12.97555397679215,9.677589686953361,14.82421257292932,18.88858129901617
2018-10-02 04:14:59.999997,2.601914078966959,12.19527207597215,12.98178292207257,9.675160566594286,14.83041054694752,18.8916730992186
2018-10-02 04:30:00.000000,2.510794374951665,12.19269634957391,12.98197829527303,9.664376859731536,14.83202721345535,18.89376753814012
2018-10-02 04:45:00.000003,2.379283938058204,12.18543232947636,12.97638531352437,9.646241619773113,14.82917873534033,18.89483219325851
2018-10-02 04:59:59.999997,2.20125308975148,12.17322218953541,12.96478610349592,9.620064832823017,14.82172395281184,18.89483292915084
2018-10-02 05:15:00.000000,1.977159982441826,12.15601445156097,12.94710063309437,9.585809014684502,14.80958134019946,18.89374155958815
2018-10-02 05:30:00.000003,1.718217791877814,12.13441642453454,12.92384881073499,9.54494469150592,14.79306977078866,18.89156890635172
2018-10-02 05:44:59.999997,1.429564049893053,12.10891362510312,12.89554792551549,9.498375217498701,14.77256070707029,18.88835368409807
2018-10-02 06:00:00.000000,1.114434768490209,12.07989111818292,12.86265897843222,9.446719060219952,14.74840028722591,18.88415144028896
2018-10-02 06:15:00.000003,0.788457329178882,12.04847863190438,12.82630695600229,9.392253712063773,14.72135086921833,18.87906560664557
2018-10-02 06:29:59.999997,0.440906706544639,12.01461754395721,12.78667015893811,9.334050166888652,14.69159568347125,18.87317571211977
2018-10-02 06:45:00.000000,0.08802912354793131,11.97911818542871,12.74458274510506,9.274101280211147,14.65975241597974,18.86658895137507
2018-10-02 07:00:00.000003,-0.2662462372610339,11.94253578993534,12.70074755263414,9.213260952289478,14.62637764859797,18.8594222958517
2018-10-02 07:14:59.999997,-0.6188151342414818,11.90532239422743,12.65577018382854,9.152162214342226,14.59195641374239,18.85179357874444
2018-10-02 07:30:00.000000,-0.9545092643973643,11.86857582965984,12.61081445707815,9.093006321582232,14.55732817681408,18.84385272752028
2018-10-02 07:45:00.000003,-1.273116291160284,11.83281609158601,12.56660713227723,9.036317979916994,14.52307790980436,18.83574660781956
2018-10-02 07:59:59.999997,-1.56594903122077,11.79953998793969,12.52449062495442,8.984661619694558,14.49004306602949,18.82764097155629
2018-10-02 08:15:00.000000,-1.830397945913486,11.7692120159338,12.48516945040284,8.938527452262006,14.45880641638207,18.8196879190374
2018-10-02 08:30:00.000003,-2.064772463418453,11.74157898075134,12.44885199711726,8.897483905402611,14.42980657749941,18.81202585573847
2018-10-02 08:44:59.999997,-2.261895269137284,11.71706439533959,12.41611378718166,8.862478199805306,14.40357593815542,18.80478957810889
2018-10-02 09:00:00.000000,-2.427248939718962,11.69552794356287,12.38699506511821,8.832530652059678,14.38011684732561,18.79806386658584
2018-10-02 09:15:00.000003,-2.553491503736016,11.677346914863,12.36191594590783,8.808448240079311,14.35971322880359,18.79193188389831
2018-10-02 09:29:59.999997,-2.649514965308811,11.66226824766753,12.34075423684392,8.789321268455762,14.3423267946938,18.78644540782015
2018-10-02 09:45:00.000000,-2.706097818731516,11.65068265004342,12.32388089197539,8.776156568479273,14.328219093892,18.78166193122248
2018-10-02 10:00:00.000003,-2.72231180933204,11.64279968756103,12.31156455162404,8.769234412299857,14.31760642913064,18.77763750709025
2018-10-02 10:14:59.999997,-2.699759229444977,11.63864854565079,12.30390396522335,8.768443632677988,14.31058760713088,18.77441686009967
2018-10-02 10:30:00.000000,-2.624439274610994,11.63896291197986,12.30161711688024,8.775485556967793,14.30766014797878,18.7720742934053
2018-10-02 10:45:00.000003,-2.503601746271321,11.6436846817586,12.30479244751318,8.789787514352117,14.30894198347348,18.77066419114268
2018-10-02 10:59:59.999997,-2.333389312983815,11.65307203932226,12.31374019463474,8.811807866922733,14.31465055945611,18.77024543682809
2018-10-02 11:15:00.000000,-2.107561171164724,11.6675362612336,12.32890783428753,8.842392072694942,14.32512344414311,18.77088468483413
2018-10-02 11:30:00.000003,-1.843324856202768,11.68642353209305,12.34979785045662,8.879647837513012,14.34007605741431,18.77259905472305
2018-10-02 11:44:59.999997,-1.527300921062921,11.71031323307433,12.3769184281826,8.92498172497752,14.35977148188446,18.77542424284787
2018-10-02 12:00:00.000000,-1.181220114036787,11.73962226679511,12.41025518367327,8.978281546408736,14.3840094349738,18.77936061235796
2018-10-02 12:15:00.000003,-0.7973762352562059,11.77392833908876,12.44949434559848,9.039185842978213,14.41265302014084,18.7843915863019
2018-10-02 12:29:59.999997,-0.3932936123150232,11.8117027988623,12.49334942790173,9.104614735605743,14.44495596045639,18.79043985977275
2018-10-02 12:45:00.000000,0.01620264067287222,11.85161395843477,12.54046202245579,9.172080641789234,14.47999543780476,18.79737773612075
2018-10-02 13:00:00.000003,0.4334207911350536,11.8935216676573,12.5904577775695,9.24209703377889,14.51772645302222,18.80512639003454
2018-10-02 13:14:59.999997,0.8334267844090307,11.93573583208291,12.64163475542955,9.310937992776182,14.55686538072526,18.81351182835168
2018-10-02 13:30:00.000000,1.243740959830352,11.97988964689732,12.69492502601727,9.386352952490036,14.59859107076425,18.8225189869368
2018-10-02 13:45:00.000003,1.617741564014415,12.0225435794425,12.74734729323378,9.455842534457746,14.63975793303158,18.83182833252313
2018-10-02 13:59:59.999997,1.988197579959236,12.06433846878631,12.79899335029946,9.522143158055805,14.67991644519497,18.84123671155409
2018-10-02 14:15:00.000000,2.315335368110888,12.10347083076282,12.84816082139134,9.582277056004521,14.71829930898675,18.85057080102906
2018-10-02 14:30:00.000003,2.624606955598893,12.14066120137499,12.89511399829485,9.639055830431184,14.75503167488442,18.85972298547712
2018-10-02 14:44:59.999997,2.892280878169958,12.17472584749508,12.93873108944688,9.689614804615124,14.7893583452058,18.86855233476347
2018-10-02 15:00:00.000000,3.132195536052857,12.20591866209947,12.97897764329247,9.735292383782395,14.82116375644467,18.87695640636786
2018-10-02 15:15:00.000003,3.323694113208185,12.23303559690673,13.01469130802954,9.773415992011431,14.84967190028889,18.8847985717894
2018-10-02 15:29:59.999997,3.492634243879423,12.25724195220327,13.04662221021773,9.807252945214428,14.87523199839907,18.8920242527367
2018-10-02 15:45:00.000000,3.60850686728816,12.27689794188744,13.07342048665892,9.832779960922641,14.89701846331453,18.89852399681354
2018-10-02 16:00:00.000003,3.701602780566451,12.29319594268059,13.09591315730035,9.853484782052334,14.91546111826408,18.90426776049543
2018-10-02 16:14:59.999997,3.738284092745427,12.30453449460462,13.11277101307452,9.865270264325698,14.92973961970225,18.9091626859784
2018-10-02 16:30:00.000000,3.730411632794559,12.3110332457378,13.12387223860714,9.86911995120876,14.93967684127014,18.91313497529323
2018-10-02 16:45:00.000003,3.681646341512561,12.3128919145512,13.12931908754168,9.865585888526068,14.94529665224064,18.91614153100288
2018-10-02 16:59:59.999997,3.577886540453879,12.30930969613345,13.12838293534832,9.852817818743365,14.94612000171555,18.918108609642
2018-10-02 17:15:00.000000,3.42370040053783,12.30025516036455,13.12089285130175,9.831136445520999,14.94197342276434,18.91897637476434
2018-10-02 17:30:00.000003,3.216821066667173,12.28563651840558,13.10667014804113,9.80039191937979,14.93268927487948,18.91869026036281
2018-10-02 17:44:59.999997,2.967817252152223,12.2659964354204,13.08612723370922,9.761968922106892,14.9184947185384,18.91723558829925
2018-10-02 18:00:00.000000,2.678320798614723,12.24154419582195,13.05952694650634,9.716165832807109,14.89957564863884,18.91461905490849
2018-10-02 18:15:00.000003,2.355886229512465,12.21285105360064,13.02745788772178,9.664077725564066,14.87630937878406,18.91087751046289
2018-10-02 18:29:59.999997,2.009395522274858,12.18063106226667,12.99068327032093,9.607088385237127,14.84924035199514,18.90608385917066
2018-10-02 18:45:00.000000,1.642648617161037,12.1454089665323,12.9498540444693,9.54598146898051,14.81886249047441,18.90032815240707
2018-10-02 19:00:00.000003,1.260707544168394,12.10768499370036,12.90558434565979,9.481615475102469,14.78566269884338,18.89371089491422
2018-10-02 19:14:59.999997,0.8691806319890376,12.06805505810877,12.85857305469548,9.414971957793934,14.75016575520818,18.88634220561488
2018-10-02 19:30:00.000000,0.4757188320977365,12.02741116617065,12.80978941767931,9.347428779701998,14.7130315396082,18.87835050234074
2018-10-02 19:45:00.000003,0.09587886577081221,11.98682214075467,12.76042243136435,9.281224021401789,14.67516404087497,18.86989502300739
2018-10-02 19:59:59.999997,-0.27775376684246,11.94630560980506,12.71079523690657,9.215772999040734,14.63692441160666,18.86111058684096
2018-10-02 20:15:00.000000,-0.6301832465304048,11.9068254635407,12.66193545681158,9.15309451079247,14.59906407573438,18.85215020035803
2018-10-02 20:30:00.000003,-0.9651929316470803,11.86860029283301,12.61429287487129,9.093085800068085,14.56199131352097,18.84314747667954
2018-10-02 20:44:59.999997,-1.278639204312184,11.83206909703973,12.56841305963762,9.036443722668645,14.52613060897184,18.83422511977718
2018-10-02 21:00:00.000000,-1.562802865457906,11.79860370856708,12.52546816087721,8.985564743397985,14.49218793423174,18.8255220534645
2018-10-02 21:15:00.000003,-1.829102272255832,11.76785577220578,12.48537427259423,8.939095133099359,14.46020454525366,18.81712410829766
2018-10-02 21:29:59.999997,-2.066046974301968,11.73975984028866,12.44834691131496,8.897434286376273,14.43052974416417,18.80912049014009
2018-10-02 21:45:00.000000,-2.270419179039382,11.71460567113479,12.4147939560136,8.8613585911732,14.40361279754844,18.80160769618327
2018-10-02 22:00:00.000003,-2.447092517237009,11.6921842279569,12.38463660849881,8.82979249411354,14.37933911332693,18.79463423702289
2018-10-02 22:14:59.999997,-2.586599822603078,11.67293349728343,12.358310914448,8.803763236462409,14.3579749031161,18.78825872220224
2018-10-02 22:30:00.000000,-2.66854037975724,11.65805186743997,12.33702038612043,8.78590435858872,14.34035364486582,18.78259528587126
2018-10-02 22:45:00.000003,-2.726515328330227,11.64636156650994,12.31992178523738,8.772649632049568,14.32602280808837,18.77767646124106
2018-10-02 22:59:59.999997,-2.7544897547275,11.63779075299185,12.30687443080873,8.764244820729708,14.3148687709192,18.77351642497926
2018-10-02 23:15:00.000000,-2.713791492208329,11.63423019007126,12.29958909539312,8.765353397130932,14.30801719304553,18.77022468498972
2018-10-02 23:30:00.000003,-2.632667136059729,11.63500397305671,12.29774239201551,8.773331247382957,14.30537069088921,18.76785857988892
2018-10-02 23:44:59.999997,-2.472862757143365,11.64182425173101,12.30293145725727,8.792489369445875,14.30800245018674,18.76655448191793
2018-10-03 00:00:00.000000,-2.249155250594286,11.65471158161594,12.3155069321064,8.821787459054931,14.31624595253655,18.76643021342798
2018-10-03 00:15:00.000003,-1.974654725450128,11.67294087416539,12.33482514444344,8.859475701171947,14.32946591331027,18.76736811157047
2018-10-03 00:29:59.999997,-1.655695539305441,11.69616083700239,12.36057961999635,8.904687505451191,14.34758586905216,18.76942840517352
2018-10-03 00:45:00.000000,-1.30686483033926,11.72381988752683,12.39217037958846,8.956014983179399,14.37031705271254,18.7726810380058
2018-10-03 01:00:00.000003,-0.9376476460869607,11.75708019500679,12.42989383576774,9.015279001569695,14.39749480360523,18.77712968745416
2018-10-03 01:14:59.999997,-0.5561976179114397,11.7929247996362,12.47155911846102,9.077204267015548,14.42803194220182,18.78265204057136
2018-10-03 01:30:00.000000,-0.1553428993338857,11.83143996178587,12.51685772258937,9.142766115453718,14.46156717018797,18.78912749955921
2018-10-03 01:45:00.000003,0.2070644871131803,11.86944016785672,12.56282520588276,9.204759295222926,14.49627553193646,18.79631580364626
2018-10-03 01:59:59.999997,0.5807488113306767,11.90859966769417,12.61037888034112,9.268808599493825,14.532695226653,18.8041113408711
2018-10-03 02:15:00.000000,0.9347856784323406,11.94767161068734,12.65823744199129,9.334027563737527,14.5702602546353,18.81237782211311
2018-10-03 02:30:00.000003,1.27061784616436,11.98612762595808,12.70565659763282,9.397155685813535,14.60771305192615,18.82089938112061
2018-10-03 02:44:59.999997,1.629101255775172,12.02526599758062,12.75363162176179,9.460269173111683,14.64492898975039,18.82954731121594
2018-10-03 03:00:00.000000,1.954478250188042,12.06278460184408,12.80025473630428,9.519064580394499,14.68117319504806,18.83820483662929
2018-10-03 03:15:00.000003,2.2632170651668,12.09885909531151,12.84536791719269,9.575041501274736,14.7163275740799,18.84678461185121
2018-10-03 03:29:59.999997,2.538026324194824,12.13250319139697,12.88797638087955,9.626018711965818,14.74971060446786,18.85516489347183
2018-10-03 03:45:00.000000,2.771476790964736,12.16281471228158,12.92702917218137,9.67057394622327,14.78056459033131,18.86319815369315
2018-10-03 04:00:00.000003,2.971074284737502,12.18989293290246,12.96236796468142,9.70939971491108,14.80864259035469,18.87076776525166
2018-10-03 04:14:59.999997,3.129988524006149,12.21318220414897,12.99335882483324,9.741552982486168,14.83350927424903,18.87775911173616
2018-10-03 04:30:00.000000,3.253966951814919,12.23276653914638,13.01991775687446,9.7675964196518,14.85504049109384,18.8840887357936
2018-10-03 04:45:00.000003,3.328042202335078,12.24775826908865,13.04118653851685,9.78555626197557,14.87264725344047,18.8896502169281
2018-10-03 04:59:59.999997,3.343174123596088,12.25727734347922,13.05619066019857,9.793886607625383,14.88562034929919,18.89431329512725
2018-10-03 05:15:00.000000,3.316037013851607,12.261892699704,13.06521813500178,9.794451417113013,14.89403999426536,18.89800355532643
2018-10-03 05:30:00.000003,3.254693622533097,12.26220645143231,13.06878871597097,9.78855482527601,14.89821949715583,18.90069976493177
2018-10-03 05:44:59.999997,3.129201032026052,12.25668353343149,13.06560397093009,9.772407844733564,14.89735127398058,18.90231722966273
2018-10-03 06:00:00.000000,2.976396926663739,12.24689877494872,13.05685971473403,9.750332717126382,14.89210649531861,18.90286225966251
2018-10-03 06:15:00.000003,2.795473751352322,12.23332240349164,13.04313586230984,9.722839720722295,14.88291704282171,18.9023761521396
2018-10-03 06:29:59.999997,2.547978461226086,12.21397662025761,13.02281453397245,9.684953801316006,14.868782734392,18.90079542711903
2018-10-03 06:45:00.000000,2.300237190090169,12.19198869771018,12.99844199438926,9.644774784041385,14.85123560940352,18.89821905765328
2018-10-03 07:00:00.000003,1.99617169794257,12.16523162265476,12.96852730456986,9.596028106171373,14.82947461201996,18.89463415436647
2018-10-03 07:14:59.999997,1.677846302288797,12.13543592202094,12.9344482246518,9.543480722282442,14.80432040321538,18.89010907479459
2018-10-03 07:30:00.000000,1.346764823559308,12.1032691659153,12.89701975099925,9.488015627154663,14.77640089436801,18.88474168586824
2018-10-03 07:45:00.000003,0.9934589061567335,12.06849114347265,12.856229875766,9.428615494425477,14.74579879639021,18.87860042444703
2018-10-03 07:59:59.999997,0.6433492148251642,12.03267168259053,12.81353382074938,9.368686424626086,14.71345054251237,18.87181231204289
2018-10-03 08:15:00.000000,0.290820534750186,11.99603869961932,12.76942339221179,9.308028566699653,14.67979761302037,18.86449529858855
2018-10-03 08:30:00.000003,-0.05450630325162256,11.95919584454535,12.72462138996361,9.247913705977666,14.64541695879796,18.85677639010964
2018-10-03 08:44:59.999997,-0.392472528474509,11.92245272578591,12.67961221497151,9.188629250018002,14.61072210212282,18.84877313084014
2018-10-03 09:00:00.000000,-0.7115782825917262,11.88665087757693,12.63531295979879,9.131832760627754,14.57638745138222,18.8406209446292
2018-10-03 09:15:00.000003,-1.004943200390376,11.85255210758205,12.59263017084321,9.078776370005453,14.54310393840986,18.83246710474754
2018-10-03 09:29:59.999997,-1.275411617446373,11.82037982082257,12.55199250292322,9.029421028392703,14.51125047711592,18.82443819634749
2018-10-03 09:45:00.000000,-1.5135350811681,11.79132339017068,12.51446941669518,8.985940272316792,14.48150556771283,18.81667417486941
2018-10-03 10:00:00.000003,-1.728415225216911,11.76530557780497,12.48018040171398,8.947539790971287,14.45402160435093,18.80927267640156
2018-10-03 10:14:59.999997,-1.908268771743078,11.74232842630282,12.44939770435315,8.914589265851472,14.42913446145907,18.80232806486707
2018-10-03 10:30:00.000000,-2.060133105326689,11.72223427610281,12.42214550307521,8.886694761659987,14.40704399247765,18.79591952934971
2018-10-03 10:45:00.000003,-2.179722453257099,11.70516372599398,12.3986079455242,8.864007856953025,14.38785948296751,18.79010584050693
2018-10-03 10:59:59.999997,-2.26663208477818,11.69117513083247,12.37889426747658,8.846450486265855,14.37162921494033,18.78492884992918
2018-10-03 11:15:00.000000,-2.318844825955872,11.68041846849766,12.36318799224791,8.834283200456527,14.35848243231109,18.78043041179774
2018-10-03 11:30:00.000003,-2.320777548585247,11.67374981967662,12.35233113627566,8.829449714625742,14.34899532059094,18.77669019115338
2018-10-03 11:44:59.999997,-2.278797865856488,11.67120803043894,12.34653147927456,8.831526222258654,14.34337360940109,18.77377684069101
2018-10-03 12:00:00.000000,-2.164232044301712,11.67428319812784,12.34724916229468,8.843979073943657,14.3426194037733,18.77182276680045
2018-10-03 12:15:00.000003,-1.986814579319695,11.68311441374689,12.35491247387926,8.866243625642891,14.34713664144738,18.77095261871526
2018-10-03 12:29:59.999997,-1.758588620273867,11.69731023365677,12.36933655897517,8.89694383251621,14.35684950198577,18.77123908889027
2018-10-03 12:45:00.000000,-1.467960834272714,11.71735851585217,12.39098992414787,8.937325010845012,14.37207955845337,18.77275668940216
2018-10-03 13:00:00.000003,-1.144884920048862,11.74348628679115,12.41969017947764,8.986520190649369,14.39248443438277,18.77552058773845
2018-10-03 13:14:59.999997,-0.7863830394021034,11.77466724350121,12.45464312702223,9.04309063912313,14.41772807220578,18.77950436718639
2018-10-03 13:30:00.000000,-0.4006218447794501,11.80996522921167,12.49502839908596,9.105519909693141,14.44750335130563,18.78466573247342
2018-10-03 13:45:00.000003,0.008417212439355243,11.84885687783607,12.54014696617556,9.174081386777374,14.48138508463814,18.79093247309909
2018-10-03 13:59:59.999997,0.4072009632460832,11.8892780814302,12.58797265334464,9.244345779187084,14.51809394111525,18.79813679159476
2018-10-03 14:15:00.000000,0.804442598580679,11.93037649290258,12.63734394982752,9.312927023979823,14.55587332582413,18.80601436658547
2018-10-03 14:30:00.000003,1.196719075230767,11.97212212658437,12.68788635537229,9.381276734061553,14.59455833666665,18.81440936850208
2018-10-03 14:44:59.999997,1.562302564335178,12.01289128132579,12.73796607880374,9.446343076610106,14.63313058720095,18.8231277630125
2018-10-03 15:00:00.000000,1.921203233229376,12.05312382124434,12.78760992227329,9.510216274090705,14.67148904081855,18.83203599827086
2018-10-03 15:15:00.000003,2.255413690160563,12.09185696807795,12.83586285550641,9.570655929328199,14.70896247711509,18.84098838647735
2018-10-03 15:29:59.999997,2.572427559862726,12.12915753482431,12.88257390219621,9.628285505230556,14.74533105947031,18.84987230924025
2018-10-03 15:45:00.000000,2.856442965127512,12.16403958343884,12.92675243606986,9.68102010705059,14.77990979249685,18.85855581146051
2018-10-03 16:00:00.000003,3.119093583565065,12.19677486734949,12.96842229734498,9.73002693570369,14.81261804293103,18.86695269365585
2018-10-03 16:14:59.999997,3.342768596690409,12.22631236803958,13.00656982768453,9.773014174091742,14.84277839533459,18.87493986382966
2018-10-03 16:30:00.000000,3.547977271077353,12.25362377222277,13.04178654822477,9.812692342873348,14.87064507002864,18.8824634818293
2018-10-03 16:45:00.000003,3.700374849366109,12.27671792878497,13.07240071090073,9.844335256762365,14.8951878014572,18.88939784962178
2018-10-03 16:59:59.999997,3.834747832170199,12.29693458699687,13.09931370928705,9.871925567343181,14.91686128987268,18.89570515794698
2018-10-03 17:15:00.000000,3.917058596569907,12.3126941183809,13.12120872158493,9.89138615462252,14.93485007759432,18.90128843517316
2018-10-03 17:30:00.000003,3.94521945212714,12.32329917849254,13.1372366927434,9.901807852011236,14.94850969859288,18.90602914336247
2018-10-03 17:44:59.999997,3.933926771581974,12.32929637554307,13.14767198160997,9.904932668829716,14.9579173134928,18.90985935445533
2018-10-03 18:00:00.000000,3.859673788661726,12.32942625268006,13.15137608075191,9.897770343701595,14.96232714699989,18.91266852413063
2018-10-03 18:15:00.000003,3.728712051639917,12.32357058215907,13.14802057425003,9.880674616652765,14.96142989670102,18.91436064740197
2018-10-03 18:29:59.999997,3.53757131931754,12.31141424059591,13.13720352216883,9.853134554795384,14.95490583026851,18.91484411253258
2018-10-03 18:45:00.000000,3.29894840767656,12.29359010327662,13.11935277822799,9.816838962504919,14.94296086488279,18.91407965378548
2018-10-03 19:00:00.000003,3.0134875376817,12.27042934792545,13.09476016680941,9.772307643402561,14.9257650964195,18.91205562637296
2018-10-03 19:14:59.999997,2.697077148172402,12.24284058467251,13.06431958740467,9.721555159635868,14.90391423176284,18.90881727317009
2018-10-03 19:30:00.000000,2.354759233246473,12.21150959207813,13.02885022962737,9.665596725341308,14.8779851149878,18.90444443758946
2018-10-03 19:45:00.000003,1.986489023997428,12.17671703251466,12.98880641076095,9.604662858583744,14.84835723476428,18.89902270393361
2018-10-03 19:59:59.999997,1.609267000834662,12.13960734015073,12.94536197963254,9.541137040728554,14.81585595449012,18.89268038812299
2018-10-03 20:15:00.000000,1.218761145080696,12.1003701489433,12.89894629452001,9.474871617173157,14.78088955521886,18.88553412456688
2018-10-03 20:30:00.000003,0.8207585003949399,12.05954210788744,12.85019664383817,9.406759581665835,14.74393739656397,18.87770094276386
2018-10-03 20:44:59.999997,0.4335098484451398,12.01857082552159,12.80056699583222,9.339552587890726,14.70597589792884,18.86934099813146
2018-10-03 21:00:00.000000,0.04927223125035578,11.97740141981256,12.75033346797653,9.27259889501545,14.66735800666851,18.86058612347399
2018-10-03 21:15:00.000003,-0.3186877372312311,11.93684436067073,12.7003824132414,9.207642226249787,14.6287529006117,18.85158012567507
2018-10-03 21:29:59.999997,-0.6687609080746194,11.89736771553875,12.65136655355667,9.145239236731673,14.59069401074394,18.84246213163691
2018-10-03 21:45:00.000000,-1.000896285867809,11.85923305353197,12.60371724525333,9.08558904902508,14.553554201888,18.83335406529571
2018-10-03 22:00:00.000003,-1.31272082638462,11.82280765282825,12.55788906985589,9.029223464567771,14.51768729195729,18.82436490968982
2018-10-03 22:14:59.999997,-1.603426018840634,11.78916445417726,12.51472660512307,8.977795033579353,14.48355033169548,18.81560086662402
2018-10-03 22:30:00.000000,-1.866027258625929,11.75851171714142,12.47465589529748,8.931692408866741,14.45153908054803,18.80716119272899
2018-10-03 22:45:00.000003,-2.108826620465681,11.73013221253621,12.43735219852738,8.889299089220309,14.4216464525816,18.79911063989467
2018-10-03 22:59:59.999997,-2.317387420838729,11.70463985004886,12.40342575176867,8.852582974229222,14.39444538449226,18.79154223804659
2018-10-03 23:15:00.000000,-2.496740004977549,11.68192647287546,12.37291005125559,8.820547759892088,14.36988981298854,18.78450748677839
2018-10-03 23:30:00.000003,-2.641915904460864,11.66224898261909,12.34609910750163,8.793707980180953,14.34815787039999,18.77805936421755
2018-10-03 23:44:59.999997,-2.741780290519392,11.646277366672,12.32368611788304,8.77350883946718,14.32973880568934,18.77227785334044
2018-10-04 00:00:00.000000,-2.800920928164675,11.63406938250297,12.30587597451207,8.759667927313712,14.3148343720616,18.7672333255957
2018-10-04 00:15:00.000003,-2.804003451497471,11.62633836474643,12.29331175235894,8.753929889030127,14.30364376842389,18.76285543524851
2018-10-04 00:29:59.999997,-2.743409267873634,11.62384575702382,12.28690169624199,8.757603713721103,14.2969918557222,18.75930430882344
2018-10-04 00:45:00.000000,-2.613694239037526,11.62728521329364,12.2875609758384,8.77171609498688,14.29572803830046,18.75681762176297
2018-10-04 01:00:00.000003,-2.406152497745123,11.63746596794082,12.29629216077129,8.797601924322933,14.30065191939305,18.7556084467936
2018-10-04 01:14:59.999997,-2.135486308007731,11.65408526385267,12.31307405544469,8.833829539993888,14.31182807018866,18.75579661973244
2018-10-04 01:30:00.000000,-1.812661231775879,11.67653895518702,12.33740271848226,8.878931192463714,14.32894432691771,18.75741718605528
2018-10-04 01:45:00.000003,-1.456502959897592,11.70381965264054,12.36830557144182,8.930468725834775,14.35127060860631,18.7604212830073
2018-10-04 01:59:59.999997,-1.085949219385527,11.73631387493017,12.4053080630917,8.988815013892784,14.3781151861546,18.76470889729149
2018-10-04 02:15:00.000000,-0.6938397331461269,11.77255361479345,12.44718195649309,9.052036997919545,14.40878706123832,18.77014622450384
2018-10-04 02:30:00.000003,-0.2998509245742382,11.81077890852473,12.49223065007583,9.116851556990271,14.4421834397616,18.77655226831898
2018-10-04 02:44:59.999997,0.0938866726946742,11.85029285493382,12.53947687554874,9.182547509877775,14.47757012511116,18.78374978799461
2018-10-04 03:00:00.000000,0.4739819346900766,11.89039222366934,12.58811006732091,9.248142595309911,14.51481311184366,18.79162145717544
2018-10-04 03:15:00.000003,0.8482494362010391,11.93098484069177,12.63760052007414,9.316361269245773,14.5535667975456,18.8000386081455
2018-10-04 03:29:59.999997,1.209524900928077,11.97145512153816,12.68721121229644,9.383267937121387,14.59258135034528,18.80879069779038
2018-10-04 03:45:00.000000,1.545438972393004,12.01015224613819,12.73532771020371,9.444115696488463,14.63011118111676,18.81761084242103
2018-10-04 04:00:00.000003,1.886224656677886,12.04855972806767,12.78294594265327,9.504795459960423,14.66709003167887,18.82644290679787
2018-10-04 04:14:59.999997,2.188445829291381,12.08464778876717,12.8283374685061,9.56025246864159,14.70255455331268,18.83515864641202
2018-10-04 04:30:00.000000,2.491964252945265,12.12002376694388,12.8726364485511,9.615055807864293,14.73709853989985,18.84372625417178
2018-10-04 04:45:00.000003,2.74835561310999,12.15233524439441,12.9138484165143,9.66332305391542,14.76950337782006,18.85201322954312
2018-10-04 04:59:59.999997,2.990131011961033,12.18268223455161,12.9526210995922,9.708526472915137,14.80000983055957,18.85995781091483
2018-10-04 05:15:00.000000,3.191006719290094,12.20975096246117,12.98778178688794,9.747526600034874,14.8278959752454,18.86745430325323
2018-10-04 05:30:00.000003,3.354332955362609,12.23324576921091,13.01884946134832,9.780258550803456,14.85276210198182,18.87440006717312
2018-10-04 05:44:59.999997,3.483033747379004,12.25330895887693,13.04575528083468,9.807278419332974,14.87447250990373,18.88071781684274
2018-10-04 06:00:00.000000,3.562691790738852,12.26885293899246,13.06751719769577,9.826278752280748,14.89238956617526,18.8863003723011
2018-10-04 06:15:00.000003,3.597273187797063,12.27973800168247,13.08381171381381,9.837457865469359,14.90621682938423,18.89105441055427
2018-10-04 06:29:59.999997,3.571125401221883,12.28492925048672,13.09360450073516,9.838639949473496,14.91523549314312,18.89485641204333
2018-10-04 06:45:00.000000,3.498413654113238,12.28483203392593,13.09702590098802,9.83134305109443,14.91942392608052,18.89762686559742
2018-10-04 07:00:00.000003,3.355775720407259,12.27816787018069,13.09288925911966,9.812589942924419,14.91799044341537,18.89924357846783
2018-10-04 07:14:59.999997,3.166637070952845,12.26590045413165,13.0817820133514,9.785211192751097,14.9111852838495,18.89965188137159
2018-10-04 07:30:00.000000,2.914500665484588,12.24729753824171,13.06308751960423,9.747284594755202,14.89861633465599,18.89877986557973
2018-10-04 07:45:00.000003,2.630460904028623,12.2238667704536,13.03805798163803,9.702619514093538,14.88102716491336,18.89664906660537
2018-10-04 07:59:59.999997,2.315229222435887,12.19620723176975,13.00744051464335,9.6519004137048,14.85895441897544,18.89332069655154
2018-10-04 08:15:00.000000,1.970877830205187,12.16468211359913,12.97174275018052,9.595596222100072,14.83280039259785,18.88886834790776
2018-10-04 08:30:00.000003,1.620829466422187,12.13082654911809,12.93249097628601,9.536978568842882,14.80361724509781,18.88343427438355
2018-10-04 08:44:59.999997,1.251318147117657,12.0944386643575,12.88983105724824,9.474790184541298,14.77165297159811,18.87712953587773
2018-10-04 09:00:00.000000,0.88176971203805,12.05668260160297,12.84492717799281,9.411570645452239,14.73771891453031,18.87009728019697
2018-10-04 09:15:00.000003,0.5114058958333405,12.01816704816634,12.79857596150777,9.347801635476866,14.70240075664116,18.86247944558875
2018-10-04 09:29:59.999997,0.1473081483821822,11.97942296359223,12.75147754515954,9.284496866142199,14.66627952286034,18.85441709774479
2018-10-04 09:45:00.000000,-0.199656477825458,11.94129461114309,12.70460231120172,9.223292997077136,14.6301026389769,18.84606623901583
2018-10-04 10:00:00.000003,-0.5407588819318507,11.90354638601848,12.65799959295814,9.163042501016935,14.59402160070707,18.83753940179838
2018-10-04 10:14:59.999997,-0.8600272856140153,11.86708570199443,12.61257723639299,9.10578814607714,14.55868057943561,18.82896646609623
2018-10-04 10:30:00.000000,-1.165550654496224,11.83184900943295,12.56848383470714,9.050838215937693,14.52426841744859,18.82044610626933
2018-10-04 10:45:00.000003,-1.452303743811815,11.79849214192318,12.52630184559537,8.999378012411304,14.49115051634757,18.81207300978197
2018-10-04 10:59:59.999997,-1.713843108429278,11.7681835249489,12.48701027797457,8.953438326137217,14.45990290535131,18.80395265474877
2018-10-04 11:15:00.000000,-1.953879197316959,11.74020125461717,12.45036861912184,8.911385062989092,14.43057497477217,18.79615732657063
2018-10-04 11:30:00.000003,-2.160147804729109,11.71504588064843,12.41698060331223,8.874798133597876,14.4037662265462,18.78878834137256
2018-10-04 11:44:59.999997,-2.343128372800898,11.69238251615629,12.38669033039536,8.842457895595633,14.37943388240352,18.78190461177363
2018-10-04 12:00:00.000000,-2.483770208795571,11.673018534952,12.36026521780053,8.81619399032487,14.35802153752119,18.77558444189686
2018-10-04 12:15:00.000003,-2.587479091022518,11.65702999448402,12.33794000544452,8.79567564020037,14.33972364362546,18.76989604667609
2018-10-04 12:29:59.999997,-2.636751985068448,11.64535810614562,12.32067256743585,8.78302965363386,14.3252134206406,18.76494670590256
2018-10-04 12:45:00.000000,-2.623508261073085,11.63880190213762,12.30940622716674,8.779614456836011,14.31520503041448,18.76087026621331
2018-10-04 13:00:00.000003,-2.54684674971806,11.63778786024016,12.30477338127613,8.785852850095413,14.31021607062804,18.75779979032668
2018-10-04 13:14:59.999997,-2.377365472112806,11.64403692513886,12.30855264742232,8.805471833761395,14.3114958074736,18.75592712231436
2018-10-04 13:30:00.000000,-2.141694794199211,11.65697787291769,12.3206076903497,8.835962095006995,14.31910994212355,18.75538605515126
2018-10-04 13:45:00.000003,-1.839226032474808,11.67654592205154,12.3409682140023,8.877159431044747,14.33312912724937,18.75627041801768
2018-10-04 13:59:59.999997,-1.489377767724902,11.70194950152108,12.36898072852103,8.926793999309819,14.35309041871748,18.75859575856117
2018-10-04 14:15:00.000000,-1.113064405490463,11.73342828958205,12.40418444945139,8.984788629694268,14.37838862260507,18.76231420114881
2018-10-04 14:30:00.000003,-0.7119606602947675,11.76950655594792,12.44526115731569,9.048845109317742,14.40823445193832,18.76731824637271
2018-10-04 14:44:59.999997,-0.303553360171662,11.8082192257511,12.49036377591378,9.115426919862523,14.44145845550763,18.77343620897817
2018-10-04 15:00:00.000000,0.1149544778779503,11.84952231432849,12.53916839321088,9.185474248372197,14.47821818706391,18.78058225449759
2018-10-04 15:15:00.000003,0.5213220537139044,11.89186171781211,12.58993318594302,9.257697351912133,14.51739619655735,18.78858117302038
2018-10-04 15:29:59.999997,0.9255963845642782,11.93486857343707,12.64197179254562,9.3302404886375,14.55789200046038,18.79720958093182
2018-10-04 15:45:00.000000,1.323299536643381,11.97809335300144,12.6946353831704,9.400338697047427,14.59847425617882,18.80623186036442
2018-10-04 16:00:00.000003,1.69660469724492,12.02013297255411,12.74649472401454,9.467034490253317,14.63855702756766,18.81547187928754
2018-10-04 16:14:59.999997,2.071920036104552,12.06200653983546,12.7981428804688,9.533594233750149,14.67849860489362,18.8248462559527
2018-10-04 16:30:00.000000,2.409735720766396,12.10180179072516,12.84790102194595,9.595190955105997,14.71720473012679,18.83420197335994
2018-10-04 16:45:00.000003,2.752263706355474,12.14115271165477,12.89689279091582,9.656641246334466,14.75527264681697,18.84349299723853
2018-10-04 16:59:59.999997,3.054965118136325,12.17811078968879,12.94350681622647,9.712711141696461,14.79166487617177,18.85259649835129
2018-10-04 17:15:00.000000,3.338472362376715,12.21300965959019,12.98772893255311,9.765289806251591,14.82629117065034,18.86142727718794
2018-10-04 17:30:00.000003,3.588311193903567,12.24532376137684,13.02894106776014,9.8130531284915,14.85868285806308,18.86988782581827
2018-10-04 17:44:59.999997,3.806955921035457,12.27463658557887,13.06668393874724,9.85557594942237,14.88851169628042,18.8778863306156
2018-10-04 18:00:00.000000,3.978846864343633,12.29987080044018,13.09989304214532,9.890631303531832,14.91504525701401,18.8853002706442
2018-10-04 18:15:00.000003,4.11345223096628,12.32115466617355,13.12845528507667,9.919085594424612,14.93810259386962,18.89203671357569
2018-10-04 18:29:59.999997,4.191947620883939,12.33735285035379,13.15126779814157,9.938445337416466,14.95693241920409,18.89796933452658
2018-10-04 18:45:00.000000,4.213656678690499,12.34797176097097,13.16765596723872,9.948196886839783,14.97100138278943,18.90297095835994
2018-10-04 19:00:00.000003,4.184916013496006,12.35312346414783,13.17752449683821,9.949014851653113,14.98015839685604,18.90694662066435
2018-10-04 19:14:59.999997,4.081237282756083,12.35133654056345,13.17948331040344,9.937615266581647,14.98347136213003,18.90975282822867
2018-10-04 19:30:00.000000,3.915120186095662,12.34276166281161,13.17338049440934,9.915103767179096,14.98071076685919,18.91127830702926
2018-10-04 19:45:00.000003,3.687157697427733,12.32739054885303,13.15910027415456,9.88158279594575,14.97173491282668,18.91143932106143
2018-10-04 19:59:59.999997,3.399997625399953,12.30538090790897,13.13673213827959,9.837463525192954,14.95654687245142,18.91018344610414
2018-10-04 20:15:00.000000,3.077643431924493,12.27830848439725,13.10759469531232,9.786347534968638,14.93595846459941,18.90754880928688
2018-10-04 20:30:00.000003,2.728110085023154,12.24704049343514,13.07269374660689,9.72967493953177,14.91072243120639,18.9036232644347
2018-10-04 20:44:59.999997,2.358002827728584,12.2123623478352,13.03302518555856,9.668578315517472,14.88155716979139,18.89852805251434
2018-10-04 21:00:00.000000,1.968574622095453,12.17470694629712,12.98924708650376,9.603508955105706,14.84899600392756,18.89238783464018
2018-10-04 21:15:00.000003,1.576631230242444,12.13528186534139,12.94264855428636,9.536883342164169,14.81396664449416,18.88536459801725
2018-10-04 21:29:59.999997,1.165842412107667,12.09363876237919,12.89313208440129,9.466984658526904,14.77655929600208,18.87757088151498
2018-10-04 21:45:00.000000,0.7641971712615001,12.05139059123124,12.84221167784434,9.397443619730067,14.73778111640186,18.86916497198239
2018-10-04 22:00:00.000003,0.3654704956446035,12.00892509774039,12.7905366029171,9.328136641883248,14.698154579942,18.86029404018497
2018-10-04 22:14:59.999997,-0.02683575604339454,11.9664749503645,12.73853208764464,9.259492820399897,14.6580869174779,18.85108685678381
2018-10-04 22:30:00.000000,-0.4061145353955873,11.92457369369268,12.68684167180314,9.192509672423489,14.61808825634295,18.84167101447792
2018-10-04 22:45:00.000003,-0.7669365384395734,11.88379404549056,12.6361604507468,9.128135721324437,14.57870246346427,18.83217621514116
2018-10-04 22:59:59.999997,-1.116263834322595,11.84403081118993,12.5865816596115,9.065690576303325,14.54007790806754,18.82269799336243
2018-10-04 23:15:00.000000,-1.447024624594389,11.80604633397304,12.53876943047009,9.006633675317204,14.50262805870384,18.81333337971569
2018-10-04 23:30:00.000003,-1.750327736471869,11.77138176219299,12.49399311508912,8.953688237882972,14.46708659297424,18.80420396586982
2018-10-04 23:44:59.999997,-2.034843409812302,11.73899918820563,12.45181155579633,8.90441299908811,14.43340131058052,18.79538008690695
2018-10-05 00:00:00.000000,-2.289354197928357,11.70925110204917,12.41269117443885,8.860248063283633,14.40213631234839,18.78696164194973
2018-10-05 00:15:00.000003,-2.508651781537197,11.68237561699179,12.37687547438886,8.821576770012056,14.37320373605334,18.77886210012014
2018-10-05 00:29:59.999997,-2.695850604437901,11.65838674049659,12.34453359453112,8.78787586255537,14.34682172873658,18.77118074907228
2018-10-05 00:45:00.000000,-2.83568259511821,11.63814639797494,12.31658861017923,8.76103278645418,14.32377331748548,18.76411649245363
2018-10-05 01:00:00.000003,-2.928106859512498,11.62203969807119,12.29361011706827,8.741408828684623,14.30456051577629,18.75783209808792
2018-10-05 01:14:59.999997,-2.960028959646559,11.61091598230214,12.27653632150822,8.730715085207757,14.28986392663844,18.75247087784971
2018-10-05 01:30:00.000000,-2.926510012726911,11.60540139036076,12.26616074564043,8.72988260669365,14.2802793122185,18.74816398357195
2018-10-05 01:45:00.000003,-2.812282356311786,11.60656110670231,12.26367061754245,8.740992980466174,14.27666529207551,18.74506576888502
2018-10-05 01:59:59.999997,-2.617075521141666,11.61489648510418,12.2698074768208,8.764513201687757,14.27962031015871,18.74332604948564
2018-10-05 02:15:00.000000,-2.350400539455625,11.63025024020714,12.28465520121205,8.799499984843116,14.28927764635095,18.74305171032241
2018-10-05 02:30:00.000003,-2.023382606198835,11.65211337660499,12.30783460727299,8.844573204496147,14.30542136891116,18.7442941645722
2018-10-05 02:44:59.999997,-1.663399926784436,11.67904977731752,12.33799586608326,8.896282578789387,14.32711784418734,18.74700114658748
2018-10-05 03:00:00.000000,-1.283934709686362,11.71022126623295,12.37396262736072,8.953120061279146,14.35342964328155,18.75105427193473
2018-10-05 03:15:00.000003,-0.8929234239966289,11.74640936737339,12.41557130675061,9.016535185210893,14.38381997050712,18.75632353055441
2018-10-05 03:29:59.999997,-0.4845650927513376,11.78531470642562,12.46112612997807,9.083147821375512,14.41746542756822,18.76264728608533
2018-10-05 03:45:00.000000,-0.07754121155669444,11.82572053601436,12.50922595452209,9.150724305084232,14.4533623547298,18.76983760106024
2018-10-05 04:00:00.000003,0.3247525693969937,11.86703975128591,12.55905003695596,9.21865802001517,14.49099550493385,18.77773428690536
2018-10-05 04:14:59.999997,0.7140016168760069,11.90865230213011,12.6098200128143,9.286101567776326,14.53000111870669,18.78620397028453
2018-10-05 04:30:00.000000,1.105987919986391,11.95175125691216,12.66215699767603,9.360517851721324,14.57157112905128,18.79524746903334
2018-10-05 04:45:00.000003,1.47071068276852,11.99323449543042,12.71337552969676,9.426751721628262,14.61162264175721,18.80446462253426
2018-10-05 04:59:59.999997,1.832114530410237,12.03401143091474,12.76386301899669,9.491258156017498,14.65084115502331,18.81373470063299
2018-10-05 05:15:00.000000,2.174867219446485,12.07352037608243,12.81307763941486,9.55302320383225,14.68912485874658,18.82297379502713
2018-10-05 05:30:00.000003,2.500997011583077,12.11170094750046,12.86083960238977,9.61216120551618,14.72632789385228,18.83210716134037
2018-10-05 05:44:59.999997,2.810767626663538,12.14843151360103,12.90694947521811,9.668631430477742,14.76230832476255,18.84107046296175
2018-10-05 06:00:00.000000,3.073109819460937,12.18192093792211,12.94974716595143,9.718292619618998,14.79594185669667,18.84972117615576
2018-10-05 06:15:00.000003,3.3198085278491,12.21319674529957,12.98980031851144,9.76462468962767,14.8274850640723,18.85799200578654
2018-10-05 06:29:59.999997,3.504773629260294,12.24006031948737,13.02510180449232,9.802190960289805,14.85562410891434,18.86571970652435
2018-10-05 06:45:00.000000,3.653041793913095,12.26289171941034,13.05565417541463,9.833091467001546,14.8802225346071,18.87279032844724
2018-10-05 07:00:00.000003,3.745231368263997,12.28061196321965,13.08041027870816,9.85488863928798,14.90056227894363,18.87906615539627
2018-10-05 07:14:59.999997,3.78495863530134,12.29298367366327,13.09892716225906,9.867636165440501,14.91625352459905,18.88442560341386
2018-10-05 07:30:00.000000,3.753508696688483,12.29875005477016,13.10994069822273,9.868711187611533,14.92641288006011,18.88871239370915
2018-10-05 07:45:00.000003,3.664865631122555,12.29821159361665,13.11343720455348,9.859519149306394,14.93090191024793,18.89181773915788
2018-10-05 07:59:59.999997,3.513039561777075,12.29103042511919,13.10902718494097,9.839362033648284,14.92942124988999,18.89364326361348
2018-10-05 08:15:00.000000,3.297335048206722,12.27704814330471,13.09644375014111,9.808093739640496,14.92173376891792,18.894105582051
2018-10-05 08:30:00.000003,3.024187243934541,12.25667850377145,13.07594831508296,9.766726873484714,14.907923354836,18.8931591259398
2018-10-05 08:44:59.999997,2.711764400475294,12.23093342621996,13.04846735040736,9.717620806392434,14.88860080344682,18.89082871926562
2018-10-05 09:00:00.000000,2.372445672190556,12.20092160238627,13.01517394941226,9.662804687981566,14.86457457602962,18.88720076552616
2018-10-05 09:15:00.000003,2.005440263152446,12.16704610969254,12.97669899752301,9.602575670452728,14.83635390948784,18.88237663250944
2018-10-05 09:29:59.999997,1.630527492867339,12.13067544882053,12.93446560995896,9.53973095389935,14.80493681611987,18.87650746010154
2018-10-05 09:45:00.000000,1.240012854707681,12.09190671480733,12.88888420045021,9.47376064337126,14.77074449099832,18.86972893581156
2018-10-05 10:00:00.000003,0.8438498741685062,12.05149136879248,12.84080117715576,9.406071346272304,14.73440188193179,18.86218242889705
2018-10-05 10:14:59.999997,0.4484878193012212,12.01031024863637,12.79120936509377,9.33794533407891,14.69660430376145,18.85401814328122
2018-10-05 10:30:00.000000,0.05180557357569898,11.96844359402896,12.7404387680352,9.269262707086005,14.65770752050022,18.84536273674386
2018-10-05 10:45:00.000003,-0.3323577114045701,11.926757505099,12.68941768649307,9.201891960233656,14.61840529681147,18.83635843714116
2018-10-05 10:59:59.999997,-0.710859700125086,11.88525447840057,12.6383841507175,9.135284038681904,14.57896522182647,18.82711938423967
2018-10-05 11:15:00.000000,-1.074863274981475,11.84452196451211,12.58798304608312,9.070629374237125,14.53986744111688,18.81776141153188
2018-10-05 11:30:00.000003,-1.41959337605999,11.80536034428175,12.5390179476171,9.009238687130111,14.50166289127051,18.80840617702442
2018-10-05 11:44:59.999997,-1.746075259256277,11.76900615035402,12.49247807777377,8.952887112551158,14.46488960155163,18.79917261483765
2018-10-05 12:00:00.000000,-2.048112527952674,11.73504041083267,12.44845398324564,8.900797173343292,14.4298367777976,18.79016149421516
2018-10-05 12:15:00.000003,-2.325147385388499,11.70345205155043,12.40718203966468,8.853333242090022,14.39698039373094,18.7814820777651
2018-10-05 12:29:59.999997,-2.567157274609867,11.67471197250251,12.3692076007647,8.811321913489461,14.36667623833743,18.77323197665246
2018-10-05 12:45:00.000000,-2.77923745473056,11.64876050214303,12.334628727326,8.774033761784295,14.33895870720763,18.76547747395189
2018-10-05 13:00:00.000003,-2.953920159329787,11.62598281628354,12.30386654211289,8.742323027499143,14.31412616969972,18.75829223966565
2018-10-05 13:14:59.999997,-3.078185695171985,11.60720117043787,12.27778589583462,8.717915995921938,14.2928000750806,18.75178057837693
2018-10-05 13:30:00.000000,-3.15435170667911,11.59266168490051,12.25680918084056,8.700865647961423,14.27534096304819,18.74604218613167
2018-10-05 13:45:00.000003,-3.1639718201819,11.58343029773507,12.2420555525096,8.6934847592858,14.26255309025406,18.74121314614614
2018-10-05 13:59:59.999997,-3.096621765793837,11.58050621102661,12.23469982797623,8.697475106994267,14.25531562779854,18.73745947342711
2018-10-05 14:15:00.000000,-2.945960471037615,11.58466970074294,12.23575099656243,8.713992466792321,14.25441862391345,18.73495752573532
2018-10-05 14:30:00.000003,-2.702489423951164,11.59679323256132,12.24628882922758,8.744490770193542,14.26069656351245,18.73389558504401
2018-10-05 14:44:59.999997,-2.387980947674591,11.61625081147131,12.26601717036612,8.78673043396136,14.27407215188127,18.7343868787481
2018-10-05 15:00:00.000000,-2.026057416600952,11.64179089775435,12.29384060496229,8.837627821515106,14.2938239181161,18.73644037019147
2018-10-05 15:15:00.000003,-1.62564137207337,11.67258462528503,12.32882291022744,8.895668907769283,14.3192442529772,18.7399987883218
2018-10-05 15:29:59.999997,-1.21329329115289,11.70799704615445,12.3698006388292,8.959117435036836,14.34929641204076,18.74493001817123
2018-10-05 15:45:00.000000,-0.7893709678152154,11.74772569133918,12.41598127110176,9.027939359077445,14.38325302647422,18.75107636667914
2018-10-05 16:00:00.000003,-0.3465093901707882,11.79036207916261,12.46618078634647,9.100440004356813,14.42047401606218,18.75827848842989
2018-10-05 16:14:59.999997,0.09285386801418255,11.83442842025887,12.51885922030859,9.173665106306268,14.45990004380718,18.7663438948712
2018-10-05 16:30:00.000000,0.5267297412726164,11.87919979938112,12.57300882013049,9.246813272766104,14.50072989850763,18.77508130728954
2018-10-05 16:45:00.000003,0.939219746172206,11.92385405167262,12.6277226803485,9.31859866542272,14.54276913126692,18.78436012617686
2018-10-05 16:59:59.999997,1.366251333995252,11.97033757449912,12.68427688581864,9.39578205552282,14.5868876582537,18.7941547573622
2018-10-05 17:15:00.000000,1.755134187759132,12.01551770143299,12.73995515493673,9.470621204631392,14.6311803967625,18.80425306848036
2018-10-05 17:30:00.000003,2.15260510706248,12.06016079991876,12.79505536970838,9.541726078605334,14.67417861373306,18.81439949299164
2018-10-05 17:44:59.999997,2.509928040515878,12.10242840095594,12.84796111649055,9.607012677486814,14.71544459346773,18.82444668788012
2018-10-05 18:00:00.000000,2.869559654657349,12.14403280977789,12.89984859436866,9.671741001979468,14.75581026350225,18.83437071214889
2018-10-05 18:15:00.000003,3.185638383785609,12.18290519114164,12.94899261831126,9.730482858708578,14.79423155852913,18.84405301888313
2018-10-05 18:29:59.999997,3.479029552468184,12.21948400244324,12.99541932008863,9.78533223256966,14.8306211279908,18.85340649752264
2018-10-05 18:45:00.000000,3.723314503074564,12.252388328594,13.03778854283506,9.833062337714873,14.8640680005894,18.86229192812766
2018-10-05 19:00:00.000003,3.93595489557097,12.28179462153363,13.07603924132923,9.875014441269531,14.89445339665341,18.87061081282373
2018-10-05 19:14:59.999997,4.089324897227797,12.30615662450096,13.10871453388564,9.907636044165486,14.92079604860336,18.87821268346558
2018-10-05 19:30:00.000000,4.19264416986401,12.32539892715581,13.13544880848177,9.93154569184228,14.94271911380388,18.88496845095566
2018-10-05 19:45:00.000003,4.232719714450139,12.3386307150234,13.15529447399086,9.94496997478902,14.95954678738664,18.89073595116665
2018-10-05 19:59:59.999997,4.201727032090341,12.34500239992516,13.16726778648189,9.946503055420036,14.97054724562593,18.89536064395407
2018-10-05 20:15:00.000000,4.116578415615159,12.34511049380491,13.17164640524179,9.938103689123805,14.97578036224025,18.89874822576995
2018-10-05 20:30:00.000003,3.947757446105525,12.33734878258572,13.16697433357547,9.915983056666384,14.97428925930878,18.90075492121742
2018-10-05 20:44:59.999997,3.721852633472785,12.32266525919616,13.15381665065271,9.883075065164661,14.96628653355603,18.90130747463938
2018-10-05 21:00:00.000000,3.43377934437753,12.30105975630745,13.13220657011569,9.839112538543667,14.95177936545429,18.90036068401637
2018-10-05 21:15:00.000003,3.102308497615901,12.2737098538046,13.10309222617837,9.78689235832379,14.93137003338268,18.89793749613797
2018-10-05 21:29:59.999997,2.742232538356769,12.24183579511777,13.06774964204346,9.728723443970848,14.90593263101103,18.89412893202417
2018-10-05 21:45:00.000000,2.355334759227783,12.2060241956834,13.02703484490712,9.665166633324517,14.87610554488192,18.88904916965894
2018-10-05 22:00:00.000003,1.96177133645919,12.16772032245545,12.98248582232795,9.599121118292667,14.8429828631049,18.8828687770444
2018-10-05 22:14:59.999997,1.54583679008254,12.12663537194812,12.93421307878589,9.529049854866713,14.8067980795062,18.87571753498318
2018-10-05 22:30:00.000000,1.136315669534349,12.08438925784092,12.88378828862506,9.458676058848544,14.76865141412927,18.86777695800648
2018-10-05 22:45:00.000003,0.7161322391619102,12.04077399139511,12.8313664322024,9.386452773558922,14.72877307808535,18.85918089779494
2018-10-05 22:59:59.999997,0.3068513440490268,11.99710540123082,12.77823952264154,9.315198339119918,14.6880387480115,18.85009091319822
2018-10-05 23:15:00.000000,-0.1021129770666004,11.95314291621602,12.72449625574861,9.243868159861842,14.64666904342267,18.84062925429831
2018-10-05 23:30:00.000003,-0.4956525076153194,11.90973926656683,12.67101621581249,9.174390757706554,14.60530961873428,18.83093129868264
2018-10-05 23:44:59.999997,-0.8756785186759477,11.86716731920594,12.61826156919702,9.106875666145987,14.56436534244391,18.82111931016036
2018-10-06 00:00:00.000000,-1.240113942330819,11.82574989421012,12.56666336779609,9.041762100659035,14.52418494569227,18.81130185984743
2018-10-06 00:15:00.000003,-1.585386067879235,11.78660657410332,12.51700012175738,8.980963085708419,14.48490425961217,18.80141708359088
2018-10-06 00:29:59.999997,-1.909324873479483,11.75015055241778,12.46982266740836,8.924980500390264,14.44708775186876,18.79160733375496
2018-10-06 00:45:00.000000,-2.208938750221261,11.71602413934505,12.42528597634321,8.873187816291185,14.41126393263201,18.78207260283891
2018-10-06 01:00:00.000003,-2.480772566751388,11.6844713631706,12.38378500214749,8.826487803472956,14.37798738721019,18.77297998639985
2018-10-06 01:14:59.999997,-2.716965196065263,11.65591193810241,12.34583635078214,8.78515241606654,14.3474820983353,18.7644300692465
2018-10-06 01:30:00.000000,-2.912609006200948,11.6307639173271,12.31195013929495,8.749875162930886,14.32008331316862,18.75650547962026
2018-10-06 01:45:00.000003,-3.056882866973059,11.6097582252739,12.28293337200001,8.722112237419866,14.29636577762292,18.74930872989914
2018-10-06 01:59:59.999997,-3.147120102962527,11.59335901084215,12.25940687065833,8.70247712457758,14.2768104587588,18.74294699203341
2018-10-06 02:15:00.000000,-3.169528015753025,11.58248632983103,12.24239138293989,8.692809968605488,14.26216337661129,18.73755411879278
2018-10-06 02:30:00.000003,-3.113614090233403,11.57809329825958,12.23301182999528,8.694759387466283,14.25326618047003,18.73329247958806
2018-10-06 02:44:59.999997,-2.970567130691523,11.58107779556847,12.23238173852141,8.709763364516578,14.25096909628848,18.73034181307526
2018-10-06 03:00:00.000000,-2.72852306427934,11.59246161501431,12.24172881694359,8.739609323276357,14.25621153656867,18.7289010469906
2018-10-06 03:15:00.000003,-2.410711109979517,11.61160562949036,12.2607745881372,8.78194106993247,14.26894276208915,18.7290931963726
2018-10-06 03:29:59.999997,-2.037378780520517,11.63744546135418,12.28861655109186,8.834076206330808,14.28856641738761,18.73094437896939
2018-10-06 03:45:00.000000,-1.626872352383808,11.66875417149658,12.32398610867482,8.893438462674734,14.31417431917898,18.73439090059025
2018-10-06 04:00:00.000003,-1.214035830525851,11.70432859075066,12.36514967520374,8.957111469480466,14.34433875600618,18.73926072075213
2018-10-06 04:14:59.999997,-0.7853493717863836,11.74439447338771,12.41166853513123,9.026625399457917,14.37850994266206,18.74538765731931
2018-10-06 04:30:00.000000,-0.3436933718751274,11.78709480799041,12.46199912679293,9.099091668194301,14.41583522968565,18.75258644938364
2018-10-06 04:45:00.000003,0.09517901713214003,11.83117945262365,12.51474080101107,9.172275085170439,14.45531505435632,18.76065402285775
2018-10-06 04:59:59.999997,0.5328599330351418,11.87618724022072,12.56913028522232,9.24592921032975,14.4963055515923,18.76940579384007
2018-10-06 05:15:00.000000,0.9501465747282088,11.92129842696716,12.6243269595351,9.318657376043989,14.53877832496933,18.77873314914009
2018-10-06 05:30:00.000003,1.380089643880618,11.96828199884373,12.68140890464328,9.397678925964676,14.58355694868783,18.78861248132911
2018-10-06 05:44:59.999997,1.783260291482917,12.01427392960004,12.73792677619185,9.473281236725816,14.62817790462208,18.7987816878739
2018-10-06 06:00:00.000000,2.187392643513433,12.0596220416336,12.79385321760851,9.545470184168545,14.6717121999679,18.80902505590638
2018-10-06 06:15:00.000003,2.559805747084265,12.1030881735808,12.8480456373139,9.613043121884886,14.71387926916144,18.81921725534429
2018-10-06 06:29:59.999997,2.92623607431251,12.14563264877298,12.90108840623006,9.679155749839358,14.75510612893604,18.82931202262472
2018-10-06 06:45:00.000000,3.256662567171634,12.18576820706198,12.95166570715081,9.740161077931653,14.79458477674797,18.83919724451762
2018-10-06 07:00:00.000003,3.553687708067823,12.22325105480643,12.99922339049162,9.796202685876262,14.83184263087289,18.84875595968008
2018-10-06 07:14:59.999997,3.807308928929596,12.25708684468268,13.04274596058267,9.845439429569847,14.86617964526329,18.8578505214076
2018-10-06 07:30:00.000000,4.017799869537138,12.28683314812786,13.08161660393757,9.88747464737709,14.89710734162289,18.86634909801009
2018-10-06 07:45:00.000003,4.170419928737029,12.31139057433032,13.11468081244275,9.92012690802545,14.92379979066991,18.87409526184026
2018-10-06 07:59:59.999997,4.270086350446576,12.33057851842071,13.14151136151654,9.943627649131496,14.9458564430793,18.88095394218406
2018-10-06 08:15:00.000000,4.292751634784099,12.34283471526708,13.16055628226899,9.954692735659318,14.96221347619745,18.88674447360922
2018-10-06 08:30:00.000003,4.251487461780675,12.3482861726158,13.17158819269037,9.954483342746757,14.97257303882946,18.8913269767687
2018-10-06 08:44:59.999997,4.144234057166774,12.34674228131571,13.17429251979115,9.942764506915324,14.97665799017232,18.89458549944428
2018-10-06 09:00:00.000000,3.952936204949463,12.33707243816509,13.16758704139197,9.917014788507233,14.97368186011522,18.89637885833044
2018-10-06 09:15:00.000003,3.706517112605472,12.32038245816911,13.15216264687478,9.880601671546241,14.96400910188864,18.89664841413086
2018-10-06 09:29:59.999997,3.395859169853705,12.29651492647047,13.12793816527095,9.832806671520519,14.94760004375217,18.89535262251601
2018-10-06 09:45:00.000000,3.044831359499363,12.26702592640131,13.09623305055885,9.777146040715984,14.92524360394513,18.89253506887504
2018-10-06 10:00:00.000003,2.666634592070195,12.2331011869674,13.05836700029906,9.71572848851812,14.89787245157813,18.88830287324512
2018-10-06 10:14:59.999997,2.268437021958212,12.19565410543572,13.01550382865975,9.649859679135488,14.86634155529701,18.88280182044595
2018-10-06 10:30:00.000000,1.858301540027239,12.15556873672334,12.96874570009059,9.580955710611276,14.83149538845092,18.87620031882064
2018-10-06 10:45:00.000003,1.43665442011525,12.11327225743715,12.91877744483574,9.509407048319405,14.793925144205,18.86865946540266
2018-10-06 10:59:59.999997,1.014584897029808,12.06964435552267,12.86660404205871,9.4368754678449,14.75439897849884,18.86034898906448
2018-10-06 11:15:00.000000,0.5882491799218539,12.02504959590824,12.81280276624829,9.36333382258097,14.71336850184338,18.85141488294959
2018-10-06 11:30:00.000003,0.1671997708411955,11.98016574422543,12.7581642473708,9.290104314047152,14.6714397040584,18.84200381438692
2018-10-06 11:44:59.999997,-0.2516002074747006,11.93502729588334,12.70294783902771,9.21696377357704,14.62890818531813,18.83223464186408
2018-10-06 12:00:00.000000,-0.6597656151716914,11.89020390434097,12.64779318869717,9.14506935803493,14.58626572083666,18.82222757605726
2018-10-06 12:15:00.000003,-1.055226159872962,11.84608877689365,12.59322250580951,9.074945551409717,14.54393480962869,18.81209650497182
2018-10-06 12:29:59.999997,-1.431575712508024,11.8035599370289,12.54008100497265,9.008119457119097,14.50248053573722,18.80196343735266
2018-10-06 12:45:00.000000,-1.788696338821094,11.76402581542747,12.48948790728004,8.94668559942304,14.46250771486385,18.79195273494608
2018-10-06 13:00:00.000003,-2.120493009272197,11.72697973509095,12.44151976982979,8.889678682949814,14.42433315415036,18.78217076854412
2018-10-06 13:14:59.999997,-2.42508565038229,11.69246422928518,12.3964616307188,8.837732002586046,14.38850139514259,18.77273679457164
2018-10-06 13:30:00.000000,-2.697856073009373,11.66070206397075,12.35465311446482,8.790848897304315,14.35518833497352,18.76373823165762
2018-10-06 13:45:00.000003,-2.936069544539995,11.63192189641086,12.31641763673568,8.749200243320482,14.32457852693591,18.75524899326132
2018-10-06 13:59:59.999997,-3.128353251671215,11.60681166414897,12.28249160079917,8.71423060600632,14.29719390320849,18.74736809956769
2018-10-06 14:15:00.000000,-3.271464857603448,11.58587089627451,12.25351199942197,8.686629126465329,14.27351790913738,18.74020349017342
2018-10-06 14:30:00.000003,-3.353877927955797,11.56988960298189,12.23037457275753,8.667957230425632,14.25422439843047,18.73388537987038
2018-10-06 14:44:59.999997,-3.362293641670341,11.55985198661557,12.21420397175902,8.660114057638614,14.24016922403947,18.72857416055413
2018-10-06 15:00:00.000000,-3.290127835042281,11.55654016902085,12.2060017214119,8.66429555033039,14.23214074987712,18.7244427203317
2018-10-06 15:15:00.000003,-3.124585000519146,11.56099909116881,12.20700308934301,8.682361892531054,14.23107209676942,18.72168578142922
2018-10-06 15:29:59.999997,-2.862931091278306,11.57402777264094,12.21826825674917,8.715173164033374,14.23774663406377,18.72049788880923
2018-10-06 15:45:00.000000,-2.536201015259127,11.59436171381198,12.23890027926304,8.75920397282137,14.25172571153348,18.72096421207287
2018-10-06 16:00:00.000003,-2.154182102908351,11.62122844661484,12.26814472302543,8.812831009193543,14.27247365022966,18.72309271272276
2018-10-06 16:14:59.999997,-1.737598912623724,11.65333355781596,12.30465906374878,8.873303244706738,14.29904246649141,18.72680344579782
2018-10-06 16:30:00.000000,-1.308339367319728,11.68932895864686,12.3468490291471,8.937859895751565,14.33020598968345,18.73193446332926
2018-10-06 16:45:00.000003,-0.8637825402471562,11.73107732562922,12.39519152693615,9.010362054878701,14.36569000788186,18.73834738738438
2018-10-06 16:59:59.999997,-0.4108591124761793,11.77510660412623,12.44718260225601,9.084841139258272,14.40427992360543,18.74584161248976
2018-10-06 17:15:00.000000,0.05023787217297029,11.82107145083186,12.50205905357007,9.16143244111478,14.44532494326386,18.7542369011268
2018-10-06 17:30:00.000003,0.5010956875369418,11.86765291778084,12.55840859152037,9.23749995609759,14.48781256824952,18.76333126464891
2018-10-06 17:44:59.999997,0.9371632065324759,11.91406642120463,12.61519067493141,9.312005336197757,14.53092764974577,18.77292573039445
2018-10-06 18:00:00.000000,1.383603186827825,11.96233792433939,12.67402750104904,9.389872586784296,14.5762716299202,18.78304627614991
2018-10-06 18:15:00.000003,1.801135900604906,12.01033317849389,12.73288660352327,9.470761932413522,14.62320448984923,18.79361402035106
2018-10-06 18:29:59.999997,2.210629341957707,12.05720606881673,12.79076471711834,9.546511692763685,14.66887482339787,18.80429311310954
2018-10-06 18:45:00.000000,2.585707518550327,12.10158803314921,12.84630264483085,9.615184968804103,14.7123212544657,18.81485475721198
2018-10-06 19:00:00.000003,2.951485562161114,12.14461897301237,12.90019355070011,9.681588704937472,14.75433244921162,18.82524163717775
2018-10-06 19:14:59.999997,3.281200137133293,12.18504057288085,12.9513190484778,9.742708988381931,14.79432881374369,18.83535387000286
2018-10-06 19:30:00.000000,3.580723028504758,12.22291036542127,12.99942064130512,9.799249626029354,14.83204822150879,18.84509587760538
2018-10-06 19:45:00.000003,3.83106020971283,12.25677658132732,13.04313890175445,9.848209489095318,14.86660516643926,18.85432522129504
2018-10-06 19:59:59.999997,4.035616703644259,12.28625054911206,13.08186161632034,9.889457720366426,14.89749767117918,18.86290623176879
2018-10-06 20:15:00.000000,4.184885144853402,12.31055395186948,13.11470838037562,9.921561213006305,14.92406922612375,18.87069401705921
2018-10-06 20:30:00.000003,4.268887604143425,12.32874502172119,13.14062011498033,9.942858028657607,14.94553645013465,18.87752704302557
2018-10-06 20:44:59.999997,4.277901831267044,12.33983171670052,13.15844688332878,9.951706764045582,14.96104999306075,18.88322730745052
2018-10-06 21:00:00.000000,4.215435206063273,12.34356392219821,13.1676746978028,9.948196409296294,14.97014596159604,18.88764043245835
2018-10-06 21:15:00.000003,4.086534491675674,12.34004056581662,13.1682049955514,9.932903722503562,14.97266567055613,18.89065337366125
2018-10-06 21:29:59.999997,3.872199913959201,12.32816227763415,13.15901039807306,9.90326728088083,14.96786423967174,18.89212886208916
2018-10-06 21:45:00.000000,3.605330493509875,12.3092839040592,13.14101531696798,9.863233756579596,14.95627349787438,18.892026534214
2018-10-06 22:00:00.000003,3.278233391697043,12.28349542938019,13.11439507198203,9.812470239135784,14.93802212264995,18.8903304593854
2018-10-06 22:14:59.999997,2.911911565862493,12.25222497588013,13.08042441820741,9.754090736919967,14.91390037187526,18.88710007049613
2018-10-06 22:30:00.000000,2.524336712053667,12.21689018398444,13.04066966412177,9.690717942002648,14.88500464257476,18.88247097064589
2018-10-06 22:45:00.000003,2.116307854028261,12.17814075647947,12.99609064720491,9.622966762473908,14.85209095400146,18.87659480153866
2018-10-06 22:59:59.999997,1.69811869083627,12.13692088380823,12.94782239217408,9.552461977534179,14.81601789375835,18.86964763307649
2018-10-06 23:15:00.000000,1.265896112461104,12.09340832454878,12.89632303851672,9.479035439255211,14.77723807682048,18.86177996672012
2018-10-06 23:30:00.000003,0.8345516193669439,12.04867057697436,12.84272591230388,9.40480672185843,14.73657172594348,18.8531612417401
2018-10-06 23:44:59.999997,0.4008908150350287,12.00317131031818,12.7877051680087,9.329900910437521,14.69452870782903,18.84394214763077
2018-10-07 00:00:00.000000,-0.02935105647539946,11.95726748521971,12.73179392404314,9.255055120249962,14.65158826896596,18.83426025876752
2018-10-07 00:15:00.000003,-0.4553020083356765,11.91107973772847,12.67518608427589,9.180414391023742,14.60770822882419,18.82406165343489
2018-10-07 00:29:59.999997,-0.8702232112034491,11.8651778827921,12.61855774607512,9.107040043779316,14.5635527618187,18.81350488380544
2018-10-07 00:45:00.000000,-1.269903514481916,11.82018811913607,12.56268475832618,9.035884859852787,14.5198536789213,18.80281684314643
2018-10-07 01:00:00.000003,-1.651113449130649,11.77773966504287,12.50890417725697,8.969524388653303,14.47740442811427,18.7921981811319
2018-10-07 01:14:59.999997,-2.011613137301433,11.73794614495727,12.45764181433618,8.90783741770423,14.43660243670342,18.78178394902575
2018-10-07 01:30:00.000000,-2.346197605400829,11.700584134186,12.40911241689409,8.850835799382946,14.39795016923832,18.77169418272426
2018-10-07 01:45:00.000003,-2.655980323919028,11.66560715881121,12.36342715071541,8.79834688676402,14.36161676853165,18.76201082481243
2018-10-07 01:59:59.999997,-2.931374882139117,11.63344533150246,12.32106485854391,8.750948611957853,14.3278138567378,18.75280218136665
2018-10-07 02:15:00.000000,-3.167518674430449,11.60453368942001,12.28254800786187,8.709367662878261,14.29690518682856,18.74414822840777
2018-10-07 02:30:00.000003,-3.361630708826491,11.57927443083207,12.24838882502821,8.674142294501214,14.26926284186894,18.73613584668659
2018-10-07 02:44:59.999997,-3.500477492264969,11.55845897925185,12.21945110391277,8.64697355686145,14.2455325381166,18.72887967867467
2018-10-07 03:00:00.000000,-3.572182067508603,11.54299651824913,12.19677575916878,8.629601361761083,14.22650854566501,18.72252465556242
2018-10-07 03:15:00.000003,-3.5718417146803,11.533549344121,12.18123170188063,8.62298350127322,14.21288007226046,18.71722594004546
2018-10-07 03:29:59.999997,-3.479633074643233,11.53143892685584,12.17428111374998,8.62977011515958,14.20572484685396,18.71317836236578
2018-10-07 03:45:00.000000,-3.285322493155094,11.53776802021443,12.17728650014849,8.651730898708948,14.20609516771685,18.71060134955925
2018-10-07 04:00:00.000003,-2.999812808211639,11.5526877640144,12.19075565820204,8.688083392410586,14.21443207964907,18.7096754972226
2018-10-07 04:14:59.999997,-2.643445452185953,11.57535098556285,12.2141019322276,8.736409075723317,14.23043572045067,18.7104892132606
2018-10-07 04:30:00.000000,-2.239146477903756,11.60438257840122,12.24602192855756,8.793641827190633,14.25323624171717,18.71302201079366
2018-10-07 04:45:00.000003,-1.804334194500935,11.63839152750648,12.28499258460962,8.857137028496306,14.28174656719743,18.71716295408691
2018-10-07 04:59:59.999997,-1.36195667638703,11.67582431894693,12.32926105532085,8.923706832294288,14.31460800057835,18.72271935029613
2018-10-07 05:15:00.000000,-0.9109258386307905,11.71860905560693,12.37923754753227,8.997410435498312,14.35146964685898,18.72952674527835
2018-10-07 05:30:00.000003,-0.4467797891421544,11.76396056640817,12.43294033616283,9.073891504487392,14.39140519864116,18.73739196291378
2018-10-07 05:44:59.999997,0.01877574326016124,11.81084932829988,12.4891563639919,9.151556061540175,14.43354560753089,18.74611971208827
2018-10-07 06:00:00.000000,0.4809418383519291,11.85858487050169,12.54695612202557,9.22946670544921,14.47715753265018,18.75552432042122
2018-10-07 06:15:00.000003,0.9186870199158577,11.90564451276155,12.60472968249908,9.304594499171472,14.5210907461882,18.7653873877596
2018-10-07 06:29:59.999997,1.371241097304895,11.95411666976585,12.66394533265258,9.382197462549158,14.56618989006521,18.77564756716403
2018-10-07 06:45:00.000000,1.795770255942232,12.00206660272821,12.72310511725985,9.457872390320363,14.61209123658371,18.7862344809661
2018-10-07 07:00:00.000003,2.209091451186475,12.05023793777463,12.7823449730277,9.540078273160596,14.65989373995076,18.79717209739119
2018-10-07 07:14:59.999997,2.592918172904271,12.09585296353865,12.8392684808154,9.611871446097283,14.70495117118141,18.80801834345518
2018-10-07 07:30:00.000000,2.963522942579687,12.13968890178185,12.89419042007195,9.679486266100627,14.74792088952254,18.81864371385887
2018-10-07 07:45:00.000003,3.294020306415137,12.18053923778759,12.94597063967228,9.74102543166002,14.7885087453026,18.8289464628738
2018-10-07 07:59:59.999997,3.583880623787228,12.21809796120397,12.99399637460322,9.796444700975854,14.82629597332482,18.83880996525917
2018-10-07 08:15:00.000000,3.821507466547878,12.25117939684285,13.03706858511023,9.843581251357978,14.86048420062316,18.8480810016487
2018-10-07 08:30:00.000003,4.008126932241103,12.27934727269852,13.07453837687323,9.882117593507603,14.8905518175476,18.85661452774315
2018-10-07 08:44:59.999997,4.140154518999856,12.30214642959626,13.1057977740803,9.91141330028083,14.9160141070522,18.86427282662102
2018-10-07 09:00:00.000000,4.20340825087581,12.3184976576486,13.12971045436239,9.929344321924905,14.93605466043121,18.87089599561607
2018-10-07 09:15:00.000003,4.189396704083782,12.32744243571271,13.14515322694793,9.934381289704147,14.94983984285386,18.87630859947588
2018-10-07 09:29:59.999997,4.093927303093633,12.32829451580448,13.15123191090469,9.925589384105448,14.95666565456211,18.88033550341217
2018-10-07 09:45:00.000000,3.937817831314714,12.32191380988986,13.14845631807608,9.905489189342786,14.95673114293597,18.88288590535091
2018-10-07 10:00:00.000003,3.689369175350254,12.30665067440038,13.13536855875016,9.870081363404344,14.94908760281971,18.8838133874296
2018-10-07 10:14:59.999997,3.395606687963025,12.28470117372718,13.11365917567874,9.825153676893326,14.93466942125008,18.88311095077021
2018-10-07 10:30:00.000000,3.0443702108333,12.25623750593803,13.0836330938245,9.770242939014256,14.91373259951998,18.88079504445395
2018-10-07 10:45:00.000003,2.662523560387421,12.22275090503342,13.04672567021433,9.708742741913767,14.8872507849915,18.87696005975149
2018-10-07 10:59:59.999997,2.253725973985412,12.18506885571409,13.00402890438456,9.641648055008678,14.8560226572447,18.87173877267533
2018-10-07 11:15:00.000000,1.834657505559379,12.14453559997787,12.95704135652208,9.571480659778986,14.82113259150294,18.86531087198705
2018-10-07 11:30:00.000003,1.403026815105255,12.10157744892867,12.90650910862579,9.498442895322503,14.78323769408093,18.85785074933577
2018-10-07 11:44:59.999997,0.9566428499423139,12.05634465082773,12.85281809590193,9.422425317976682,14.74271463845328,18.8495022588078
2018-10-07 12:00:00.000000,0.5181565385122346,12.01048800735878,12.79758848676483,9.34668067425136,14.70063940415814,18.84045241949754
2018-10-07 12:15:00.000003,0.07269892452094495,11.96367429176561,12.74087701492246,9.26971955964142,14.65721964634555,18.83083488514134
2018-10-07 12:29:59.999997,-0.3623411999975573,11.91678691741821,12.68360614976593,9.193663250929749,14.61314707841815,18.82079780177445
2018-10-07 12:45:00.000000,-0.7938672317491396,11.86983723514294,12.62602199730885,9.117984730632182,14.56869890897311,18.81046017347644
2018-10-07 13:00:00.000003,-1.212447133965101,11.82347384524589,12.56881789867136,9.043999247258549,14.52438494111727,18.79994319972258
2018-10-07 13:14:59.999997,-1.614808062787627,11.77920655426532,12.51321859514903,8.974123699644684,14.48089411492923,18.78938191767055
2018-10-07 13:30:00.000000,-1.995212948529256,11.73770489022834,12.46002574958031,8.90933162605235,14.43880975427248,18.77890740930958
2018-10-07 13:45:00.000003,-2.355252726127589,11.69832510703864,12.40917972076913,8.848592532114466,14.39852513120949,18.76864071628341
2018-10-07 13:59:59.999997,-2.688652131463229,11.66126266005757,12.3610056291718,8.792473583248,14.36037026252765,18.75868526293286
2018-10-07 14:15:00.000000,-2.98722032498726,11.62696808521504,12.31603915931539,8.741470613772236,14.32461784287461,18.74913081971277
2018-10-07 14:30:00.000003,-3.255811290306635,11.59544252358948,12.27442803502358,8.695157256738266,14.29138844714973,18.74005043072339
2018-10-07 14:44:59.999997,-3.481222887387915,11.56742721583693,12.23693667659165,8.65513846315518,14.26120612807299,18.73154070169331
2018-10-07 15:00:00.000000,-3.658671522766398,11.54338520541769,12.20415226846531,8.622232025549701,14.2345584879154,18.72370790149688
2018-10-07 15:15:00.000003,-3.783276162931211,11.52378147323653,12.17666784717962,8.597212602473192,14.21192378853183,18.71666357716033
2018-10-07 15:29:59.999997,-3.833691324475122,11.50990185475478,12.15583410250486,8.582836430228173,14.19427789868109,18.71056645117875
2018-10-07 15:45:00.000000,-3.809063289202352,11.50237279865718,12.14252503932977,8.580032301293599,14.18233809049153,18.70558257518726
2018-10-07 16:00:00.000003,-3.688790198731947,11.50246357311401,12.13818661907287,8.590343533617697,14.17713413207704,18.70191015876966
2018-10-07 16:14:59.999997,-3.467915585032409,11.51113407125089,12.14402329296849,8.616622216862899,14.17967093246566,18.69976722086109
2018-10-07 16:30:00.000000,-3.157663826807244,11.52823695053165,12.16023869959905,8.656786604307198,14.1901912446637,18.69931313838489
2018-10-07 16:45:00.000003,-2.783048822695969,11.55290912080586,12.18619683584048,8.708209302905935,14.20825351836057,18.70061234457809
2018-10-07 16:59:59.999997,-2.363613026572362,11.58366611984598,12.22042779112763,8.768028232501202,14.23292060465656,18.70362078945007
2018-10-07 17:15:00.000000,-1.916598577979019,11.61917979363041,12.26145984607148,8.833668805872263,14.26309862352049,18.70821318780652
2018-10-07 17:30:00.000003,-1.463810432609796,11.65789535867964,12.30752977466607,8.90204922417774,14.29743813779696,18.71418895486237
2018-10-07 17:44:59.999997,-0.9993026664980376,11.70164452524248,12.35907323744219,8.977204084118556,14.3356603989202,18.7213859836512
2018-10-07 18:00:00.000000,-0.5226494019088663,11.74829087356304,12.41448927196138,9.055712256102716,14.37696486585236,18.72962290136792
2018-10-07 18:15:00.000003,-0.04175128987941358,11.79671802835952,12.47259253627307,9.135898749716102,14.42055317780804,18.73871676699122
2018-10-07 18:29:59.999997,0.4295098398872074,11.84570701182662,12.53205267467792,9.215567610336837,14.46547329344508,18.74847127329647
2018-10-07 18:45:00.000000,0.885491750769642,11.8944235138437,12.59178974232794,9.293565847662736,14.51088988110653,18.75868943374057
2018-10-07 19:00:00.000003,1.340161227050437,11.94362441633502,12.65215257614821,9.371679999136965,14.55678320157315,18.76924403452798
2018-10-07 19:14:59.999997,1.777636104648046,11.9922123088858,12.71214525495534,9.447936524763557,14.60267605085845,18.78001269649119
2018-10-07 19:30:00.000000,2.187626912582536,12.03979646203617,12.77135932359444,9.522143544094117,14.6489768831889,18.79096276290954
2018-10-07 19:45:00.000003,2.584313972810807,12.08704648385336,12.82995394762986,9.60100303907981,14.69624165774686,18.80208607214084
2018-10-07 19:59:59.999997,2.93924847920289,12.13117993048702,12.88548953632851,9.670809828976148,14.74084206106579,18.81301909253283
2018-10-07 20:15:00.000000,3.284536120029788,12.17308954763955,12.93838933838558,9.734702111483985,14.7825339568075,18.82357459265768
2018-10-07 20:30:00.000003,3.558201060928113,12.21013161753093,12.9862073271295,9.788349137390949,14.82038520823274,18.8335828164976
2018-10-07 20:44:59.999997,3.799445718060167,12.24330678785719,13.02939583482194,9.835775770899462,14.85470399515548,18.84294977392466
2018-10-07 21:00:00.000000,3.971627391292543,12.27068524184769,13.06620332355121,9.872413612525367,14.8843880412252,18.85150604812219
2018-10-07 21:15:00.000003,4.097034308888055,12.29281872224148,13.0967597062039,9.90051874023045,14.90937171757652,18.85913498316347
2018-10-07 21:29:59.999997,4.137718672121698,12.30757515663649,13.11909576343228,9.915162760224623,14.92835016066739,18.86564430353768
2018-10-07 21:45:00.000000,4.112921606679517,12.31525321327194,13.13307510304766,9.918138406248005,14.94106408582107,18.87088930448567
2018-10-07 22:00:00.000003,3.992088050455579,12.31404960380477,13.13695983541129,9.905429405978156,14.94632894227486,18.87467193547667
2018-10-07 22:14:59.999997,3.818411374178484,12.30575719201667,13.13196633131209,9.882146824749595,14.9447461495452,18.87692014582103
2018-10-07 22:30:00.000000,3.556706075405014,12.28884532092505,13.11684641501901,9.844211673602127,14.93554745534984,18.87751779964514
2018-10-07 22:45:00.000003,3.246201768826292,12.26515341186257,13.09299157604581,9.796495484454233,14.91950595240857,18.87646084159088
2018-10-07 22:59:59.999997,2.884342124681695,12.23524688257095,13.06106161001292,9.73955433137724,14.89708795319112,18.87378661047076
2018-10-07 23:15:00.000000,2.494383955685032,12.20058102369129,13.02256584897603,9.676407148357022,14.86931777818804,18.86960942292081
2018-10-07 23:30:00.000003,2.078769968202145,12.16189900828597,12.97851635207758,9.607924689990798,14.83697323790383,18.86407096250578
2018-10-07 23:44:59.999997,1.657932456251234,12.12074359658629,12.93058016629188,9.5371130378679,14.8012534639907,18.85736881322242
2018-10-08 00:00:00.000000,1.223856318496725,12.07726952296366,12.87928636750287,9.463481700824724,14.76269661000321,18.84967643848928
2018-10-08 00:15:00.000003,0.7808470222718484,12.03186538250561,12.82510052177225,9.387612638106923,14.72142986118303,18.84097846160223
2018-10-08 00:29:59.999997,0.3428415197390381,11.98576715071347,12.76933462670244,9.311724761330408,14.67849999926527,18.83148791089611
2018-10-08 00:45:00.000000,-0.09981284986931505,11.93878848445965,12.71219479325245,9.23487742225803,14.63437200393011,18.82144246889866
2018-10-08 01:00:00.000003,-0.5324554158940478,11.89179918191,12.65462277632028,9.158975397421438,14.58979099583483,18.81104853763027
2018-10-08 01:14:59.999997,-0.9641386873594546,11.84468486494939,12.59675318767604,9.083177219572462,14.54494498209827,18.80043300033871
2018-10-08 01:30:00.000000,-1.378831302037554,11.79857075462814,12.53962183400157,9.009888983968665,14.50050144251615,18.78972152128636
2018-10-08 01:45:00.000003,-1.779957076710264,11.75508343692825,12.48448334404006,8.94138678482043,14.45709319265957,18.77903804348773
2018-10-08 01:59:59.999997,-2.153762054348398,11.71414164433944,12.43180768802283,8.877694374791409,14.41529460216662,18.76850640424519
2018-10-08 02:15:00.000000,-2.507463825715435,11.67535938052976,12.38159422485008,8.818509313186674,14.37556880033999,18.75824829298487
2018-10-08 02:30:00.000003,-2.833534603638751,11.63890788428489,12.33412033268946,8.76352641898336,14.3379364016866,18.7483364037565
2018-10-08 02:44:59.999997,-3.125853267493105,11.60519049003162,12.28985528367092,8.713501520261165,14.30269930328591,18.73885022892837
2018-10-08 03:00:00.000000,-3.381236154115018,11.57463432603415,12.24932601552016,8.669019104617062,14.27022791656232,18.72987757195585
2018-10-08 03:15:00.000003,-3.593717817866707,11.54768065813386,12.21307172568719,8.63091800457795,14.24095090096909,18.72151461619802
2018-10-08 03:29:59.999997,-3.754187684358071,11.52494850590045,12.1818065706026,8.600449267067841,14.21542840452769,18.71387407100744
2018-10-08 03:45:00.000000,-3.844515062289016,11.50764463418131,12.15681566918649,8.580481023954539,14.19461807186642,18.70711306043655
2018-10-08 04:00:00.000003,-3.862769211186104,11.49642916393379,12.1389922990962,8.572219521055183,14.17925691435711,18.70139807270391
2018-10-08 04:14:59.999997,-3.789781683707501,11.49244193310254,12.12968404651557,8.576052407184882,14.17027541026564,18.69691884944118
2018-10-08 04:30:00.000000,-3.613615221036833,11.49682432059268,12.13028832703359,8.593717675379649,14.16872467402747,18.69389354535679
2018-10-08 04:45:00.000003,-3.34170550195261,11.50977649836358,12.14135756966528,8.624785328023101,14.17512350607048,18.69251131930665
2018-10-08 04:59:59.999997,-2.981816347460735,11.53155111459798,12.16326682684858,8.672612356556046,14.1899180437147,18.69293147974097
2018-10-08 05:15:00.000000,-2.577944790014883,11.56009280928079,12.19423565039811,8.73169850060958,14.21199272578053,18.69514957643045
2018-10-08 05:30:00.000003,-2.124734225763706,11.59456951371125,12.23330186632141,8.7972038040452,14.24044733396207,18.69908099863915
2018-10-08 05:44:59.999997,-1.664694032788083,11.6327763541663,12.27818248528547,8.865972686701566,14.27370390960968,18.70453653587506
2018-10-08 06:00:00.000000,-1.195935852127215,11.67501526394743,12.32826202324475,8.939350159051529,14.31096278328516,18.71131933459993
2018-10-08 06:15:00.000003,-0.7235311898993123,11.72105945195185,12.3827966760583,9.017211287960462,14.35151782341343,18.71923185669688
2018-10-08 06:29:59.999997,-0.2344233383846502,11.76957206028854,12.44072640258834,9.098189338593079,14.39484241688499,18.72809968055767
2018-10-08 06:45:00.000000,0.2487613389254275,11.81914435970946,12.50058952841901,9.179438332945372,14.43993125918797,18.73772605389782
2018-10-08 07:00:00.000003,0.725365946367836,11.86914266822653,12.56150099297089,9.260299172043228,14.48607863281765,18.74792664398464
2018-10-08 07:14:59.999997,1.178042870068281,11.91855085833653,12.62228158488153,9.338499697679934,14.53233759485875,18.75850161633375
2018-10-08 07:30:00.000000,1.63984566345781,11.96855988405974,12.68368348278039,9.417794436434633,14.57906343493809,18.76935626512278
2018-10-08 07:45:00.000003,2.058055247821624,12.01692895802957,12.74387646675737,9.492936979053974,14.62575750483362,18.78039387931424
2018-10-08 07:59:59.999997,2.482812145322389,12.06530037521175,12.80387170072862,9.568916170464126,14.67253530007137,18.79154565008886
2018-10-08 08:15:00.000000,2.853138442489952,12.11185871352962,12.86197867466147,9.6478273369347,14.72024333072149,18.80282933068581
2018-10-08 08:30:00.000003,3.219733373939234,12.1560816494528,12.91753312875139,9.716043761029074,14.76427604334702,18.81378968128437
2018-10-08 08:44:59.999997,3.530370440273878,12.19622898787028,12.96878791807226,9.775477680453871,14.80471545504278,18.82426297253691
2018-10-08 09:00:00.000000,3.798815095153049,12.23234671948345,13.01543135114613,9.827789270063981,14.84164318647327,18.83414638051488
2018-10-08 09:15:00.000003,4.01026743562994,12.26336827572199,13.05637038121894,9.870869886007727,14.87438319297667,18.84329702156512
2018-10-08 09:29:59.999997,4.163254503711552,12.28874493938704,13.09085755929387,9.904096006184249,14.90235640749571,18.85156523855975
2018-10-08 09:45:00.000000,4.250703145477022,12.30777635348802,13.11805386385671,9.926297077047824,14.92492544971892,18.85879846036393
2018-10-08 10:00:00.000003,4.268290117978061,12.31986920211821,13.13719825123221,9.93665031475565,14.941504524224,18.86484495143406
2018-10-08 10:14:59.999997,4.191906714809319,12.32331200227312,13.14656158878059,9.931657194078605,14.95088893287286,18.86950154360638
2018-10-08 10:30:00.000000,4.060495329933022,12.31967629069216,13.14715130181883,9.915929433195044,14.95354718822114,18.87268089692938
2018-10-08 10:45:00.000003,3.834745075550539,12.30709155800519,13.13737440348462,9.884687913028287,14.94846308350846,18.87423518438999
2018-10-08 10:59:59.999997,3.550310394111929,12.286949218781,13.11817259698938,9.842024478425285,14.9361039346965,18.87411306141995
2018-10-08 11:15:00.000000,3.209182111123128,12.25991752286196,13.09019852862497,9.78898050270822,14.91689296583129,18.87231832123269
2018-10-08 11:30:00.000003,2.826934260361277,12.22721884931617,13.05463527187375,9.728015315708463,14.89161111311937,18.86892143912956
2018-10-08 11:44:59.999997,2.417125643471046,12.19000430782144,13.01281897898325,9.661124197372583,14.86120483658826,18.86405166391411
2018-10-08 12:00:00.000000,1.991670850885461,12.14945921804584,12.96614504674109,9.59031660412433,14.8267034419287,18.85788198722552
2018-10-08 12:15:00.000003,1.559749707701107,12.10664042151842,12.91591729004469,9.517272903449747,14.78910883667376,18.85061315506885
2018-10-08 12:29:59.999997,1.112975186624642,12.06153208100981,12.86246666044249,9.44127298044883,14.74881365267675,18.84240748082276
2018-10-08 12:45:00.000000,0.671457579801518,12.01553229801575,12.80720814041125,9.365117810131165,14.70679314719738,18.83345333881007
2018-10-08 13:00:00.000003,0.2232988022208973,11.96858092311341,12.75040707885268,9.287773661408275,14.66334419028319,18.82389610503142
2018-10-08 13:14:59.999997,-0.2178283522324868,11.92133822482736,12.69281043752404,9.210876278294247,14.61906908845865,18.81388110086052
2018-10-08 13:30:00.000000,-0.6614158371853597,11.87359405461786,12.63444590752552,9.133469279113898,14.57409543577866,18.80351161585826
2018-10-08 13:45:00.000003,-1.092746394326126,11.82619392394449,12.57614866659081,9.057459376918114,14.52901254597286,18.79290690897047
2018-10-08 13:59:59.999997,-1.511905673535746,11.78010254203884,12.51879310149018,8.984199758681994,14.48436258183124,18.7821886520494
2018-10-08 14:15:00.000000,-1.909808191300136,11.73695719889781,12.46376240872477,8.916498117035644,14.44095121585443,18.77149990215989
2018-10-08 14:30:00.000003,-2.280992458967206,11.69629016915103,12.41129402913843,8.85372171505533,14.39940361686475,18.76098650308683
2018-10-08 14:44:59.999997,-2.632283583141993,11.65770786304406,12.36128036667584,8.794944330894873,14.35985198062553,18.75075149352585
2018-10-08 15:00:00.000000,-2.947124669360672,11.62188030910044,12.31441760330167,8.741380167286733,14.3226454830874,18.74089009057532
2018-10-08 15:15:00.000003,-3.228357735497565,11.58897592238126,12.27102846427572,8.69293746159681,14.28802970729706,18.73149121884884
2018-10-08 15:29:59.999997,-3.471013840158563,11.55941683234154,12.23162100681517,8.65030464645744,14.25636721023222,18.72264709454967
2018-10-08 15:45:00.000000,-3.660958636471757,11.53400468759106,12.19705696305499,8.615286235106625,14.2283163569543,18.71447669205216
2018-10-08 16:00:00.000003,-3.796673024333139,11.51315836609916,12.16792906811582,8.588408386594814,14.20437426744598,18.70710103770527
2018-10-08 16:14:59.999997,-3.858414427846327,11.49820513870449,12.1455938435314,8.574149118472102,14.18559700932062,18.70069154214078
2018-10-08 16:30:00.000000,-3.843900480770195,11.48961737011646,12.13084808229368,8.570291952259314,14.17254126384262,18.69540524853508
2018-10-08 16:45:00.000003,-3.732788247415364,11.48869357619337,12.12515048132768,8.579213104903076,14.1662599830494,18.69144270578145
2018-10-08 16:59:59.999997,-3.519888405844922,11.49628645179114,12.12964313872685,8.601960359373718,14.16765124616788,18.68901158974605
2018-10-08 17:15:00.000000,-3.216766271220727,11.5122965861505,12.14455598482051,8.637566732050628,14.17700597249184,18.68827585672939
2018-10-08 17:30:00.000003,-2.840805706521923,11.53633740095558,12.16964542983722,8.686299085716717,14.19423362024692,18.68932914893424
2018-10-08 17:44:59.999997,-2.422550004037169,11.56703457826378,12.2034694152896,8.75076838247015,14.21868026506193,18.69216762904903
2018-10-08 18:00:00.000000,-1.966838924546854,11.60282267715588,12.24456861743779,8.81751923444167,14.24884493775065,18.69664435915771
2018-10-08 18:15:00.000003,-1.504920689584777,11.64200428157741,12.29101171926147,8.887084058053288,14.28340158731367,18.70256401308203
2018-10-08 18:29:59.999997,-1.029828733931808,11.68619314941345,12.34307682902132,8.963316685742253,14.32201752373232,18.7097605952238
2018-10-08 18:45:00.000000,-0.5449736859554247,11.73357837664565,12.39927062969663,9.043218634712812,14.36385855365373,18.71804627483569
2018-10-08 19:00:00.000003,-0.05092592900226327,11.78305253270701,12.45848796899372,9.12540780544683,14.40822596218347,18.72724128945053
2018-10-08 19:14:59.999997,0.4314179404631527,11.83310700937614,12.51915490871274,9.206930907583773,14.45401933330345,18.73713788242566
2018-10-08 19:30:00.000000,0.9006938020099858,11.88303807199479,12.58027704290694,9.287066295367147,14.50044789406951,18.74753593456047
2018-10-08 19:45:00.000003,1.37178337395587,11.93372830787638,12.64231642378639,9.367811057343538,14.54755751327616,18.75831367531059
2018-10-08 19:59:59.999997,1.822077358575578,11.98361962238632,12.70386986016482,9.446083714104669,14.59450534977919,18.76931654496401
2018-10-08 20:15:00.000000,2.249604100844119,12.03286830629722,12.76500789472885,9.523170753352296,14.64223258153804,18.78054555774332
2018-10-08 20:30:00.000003,2.656777311469991,12.08084493477777,12.82479689239083,9.59931866999498,14.68941822849101,18.79184488941962
2018-10-08 20:44:59.999997,3.023824232327112,12.12685676963129,12.88240915037077,9.675600720710406,14.73637230226714,18.80313467554119
2018-10-08 21:00:00.000000,3.376990684915722,12.17010333816616,12.93699951304744,9.741649919032884,14.7796285642918,18.81403931020202
2018-10-08 21:15:00.000003,3.658112155583942,12.20832903214816,12.98629556769477,9.79701084686148,14.8186818518241,18.82436150742015
2018-10-08 21:29:59.999997,3.905712086735733,12.24245981108591,13.03073835966484,9.845757394118863,14.85401192774547,18.83401151056096
2018-10-08 21:45:00.000000,4.079434451852761,12.27043518808656,13.06843723033325,9.882987292694912,14.8844445972331,18.84281158848768
2018-10-08 22:00:00.000003,4.209305872619914,12.29319225507929,13.09983271714854,9.911930514642153,14.91010374035606,18.85065523958579
2018-10-08 22:14:59.999997,4.258034219385094,12.30876814997121,13.12314597340018,9.92791825995972,14.92983043004969,18.85736741949218
2018-10-08 22:30:00.000000,4.232768511900371,12.31682274326312,13.13771791801486,9.93116386753225,14.94305162121895,18.86278632333662
2018-10-08 22:45:00.000003,4.125422470624049,12.31665377100679,13.14270970981225,9.920451396430702,14.9491247720773,18.8667515004203
2018-10-08 22:59:59.999997,3.95237790626502,12.30886933481914,13.13843147794145,9.897698969479482,14.94813434071847,18.86916801374296
2018-10-08 23:15:00.000000,3.699517579898921,12.29276310369504,13.12423602852132,9.861167759364056,14.93963451047313,18.86993489666701
2018-10-08 23:30:00.000003,3.390993707000303,12.26949811845613,13.10101971201972,9.813908724470258,14.92412928314819,18.86903363893083
2018-10-08 23:44:59.999997,3.0300933639855,12.23985660433666,13.06953771499742,9.757187492342762,14.90210735177283,18.86649440064626
2018-10-09 00:00:00.000000,2.63868882894845,12.20526783087405,13.03125299145513,9.693961342885364,14.87456753086342,18.8624249466122
2018-10-09 00:15:00.000003,2.217826099801864,12.16625321098237,12.9868899101202,9.624700591477827,14.84181759792345,18.85678343174696
2018-10-09 00:29:59.999997,1.791250878068033,12.12452083801568,12.93826415738287,9.552857644205373,14.80528804953515,18.84980428634534
2018-10-09 00:45:00.000000,1.350407990433798,12.08031967924333,12.88606719073318,9.478000207351856,14.76577759115718,18.84176651800967
2018-10-09 01:00:00.000003,0.9028361394281733,12.03433770211386,12.83118214785171,9.40126704536303,14.72402582785282,18.8329033025444
2018-10-09 01:14:59.999997,0.4594573874878045,11.98775319269747,12.77489115377529,9.324544110671708,14.68091351975126,18.82341858249157
2018-10-09 01:30:00.000000,0.01100426690352409,11.94033950162287,12.71729954283645,9.246852444398572,14.63665754243712,18.81344580377237
2018-10-09 01:45:00.000003,-0.4308869375828364,11.89270734023928,12.65907898654775,9.16961674563451,14.5917673322374,18.80310892944086
2018-10-09 01:59:59.999997,-0.870001456261047,11.84494563369309,12.60049699526081,9.0926163621943,14.54649912081324,18.79250695226769
2018-10-09 02:15:00.000000,-1.29279684240458,11.79799339281141,12.54247919243652,9.017820389589534,14.50149071752358,18.7817592388877
2018-10-09 02:30:00.000003,-1.701158031054607,11.75346588376008,12.48628800308454,8.947566032969677,14.4574058800953,18.77099535665426
2018-10-09 02:44:59.999997,-2.080007616241391,11.71184144488267,12.43275870226431,8.882848815885438,14.41497225768238,18.76035860676084
2018-10-09 03:00:00.000000,-2.435033377119835,11.67266823349853,12.38195946984046,8.823231440272494,14.37477592975027,18.74999366405444
2018-10-09 03:15:00.000003,-2.763913710442726,11.63585561147659,12.33396990605526,8.767757508973173,14.33673568263853,18.73997923710211
2018-10-09 03:29:59.999997,-3.054806679137854,11.60200826231176,12.28942677275178,8.717760161859085,14.30125422013141,18.73040742627906
2018-10-09 03:45:00.000000,-3.314416663850098,11.57111949736805,12.24848426145215,8.672704286369395,14.2684742101158,18.72135420682503
2018-10-09 04:00:00.000003,-3.528786166525184,11.54391614757193,12.21188885326782,8.634249358755664,14.23892594353776,18.71291755871232
2018-10-09 04:14:59.999997,-3.690746456174756,11.52098984807843,12.18034576986479,8.603513221980092,14.21317533302483,18.70521114748924
2018-10-09 04:30:00.000000,-3.78754576551718,11.50334373824856,12.15493146454499,8.583776163873516,14.19208332342929,18.69838412419196
2018-10-09 04:45:00.000003,-3.806811129582287,11.49191126171036,12.13678877556897,8.57528574209132,14.17646982889958,18.69260339263765
2018-10-09 04:59:59.999997,-3.745240911818235,11.48725630913034,12.12676013944778,8.577790980101891,14.16697178207853,18.68803602378999
2018-10-09 05:15:00.000000,-3.578850244083021,11.49088204100778,12.12649220192388,8.594147251003859,14.16477696555865,18.68489711201758
2018-10-09 05:30:00.000003,-3.311207374777213,11.50328796897197,12.13683593076246,8.624486300334581,14.17060904385806,18.68339137010892
2018-10-09 05:44:59.999997,-2.961013852047051,11.52407187163577,12.15770875043961,8.66702809604136,14.18447922537337,18.68365180117869
2018-10-09 06:00:00.000000,-2.553781016621025,11.55230539773258,12.18817756964457,8.725058486606702,14.2060518815989,18.68573076591908
2018-10-09 06:15:00.000003,-2.099670685318658,11.58689957197957,12.22712402494017,8.794102536906486,14.23446516169035,18.68957363130615
2018-10-09 06:29:59.999997,-1.629059478195285,11.6255937223848,12.27235168365714,8.864253953760555,14.2679212668803,18.69498635273812
2018-10-09 06:45:00.000000,-1.149946026020253,11.66890115529647,12.32330497280588,8.93976040484796,14.30568141661162,18.70178348255604
2018-10-09 07:00:00.000003,-0.6669946580968122,11.7156785016228,12.37867092275207,9.018998053878624,14.3468363590487,18.70975733224698
2018-10-09 07:14:59.999997,-0.1634830372606807,11.76536624386539,12.43782458183222,9.102250324234431,14.39101583383701,18.71874027502803
2018-10-09 07:30:00.000000,0.3263159773348512,11.81579943084962,12.49873312493793,9.184796160696662,14.43688875850927,18.72850996650072
2018-10-09 07:45:00.000003,0.810993451248192,11.86666622686325,12.56069787105646,9.267044412518116,14.48382816905581,18.73887325961943
2018-10-09 07:59:59.999997,1.275033787060534,11.91721651019556,12.62277494605358,9.34714380269509,14.53102218796613,18.74963567137669
2018-10-09 08:15:00.000000,1.742039372033855,11.96803811446219,12.68521961454549,9.427552431457938,14.57855348777897,18.76068118314809
2018-10-09 08:30:00.000003,2.168536952353499,12.01749710109806,12.74672355746007,9.50462107659892,14.62647557812192,18.77195328493387
2018-10-09 08:44:59.999997,2.595769488738883,12.06641089371887,12.80751057877769,9.580986607619066,14.67378536315983,18.78329477832916
2018-10-09 09:00:00.000000,2.973040177397544,12.11374506926407,12.86655987314575,9.661158616651102,14.7221624394397,18.79475836176449
2018-10-09 09:15:00.000003,3.341157914637428,12.1584284846077,12.9227706836204,9.729898455074474,14.76672430452565,18.80588090167733
2018-10-09 09:29:59.999997,3.647787263341987,12.19872928711361,12.97432204437387,9.789197309886287,14.80742987439824,18.81648108563365
2018-10-09 09:45:00.000000,3.912761012570452,12.23477383735123,13.02100609157652,9.841103276870447,14.84443815622547,18.82645264671509
2018-10-09 10:00:00.000003,4.117079582137364,12.26540817838301,13.06165053044153,9.883194281757277,14.87701692806994,18.83564585164764
2018-10-09 10:14:59.999997,4.266713017413946,12.29048501858446,13.09583318957539,9.915823843378856,14.90478314801715,18.84392407057264
2018-10-09 10:30:00.000000,4.351114769744296,12.30923997350644,13.12271553761206,9.937518113532782,14.92712720370372,18.85114407861733
2018-10-09 10:45:00.000003,4.360021871559811,12.32071900167695,13.14123192687831,9.946604844697042,14.94327398729879,18.85714444243737
2018-10-09 10:59:59.999997,4.276671734671459,12.32351788551885,13.14987591843634,9.940449441195558,14.95213942398618,18.86172638642974
2018-10-09 11:15:00.000000,4.138928731330689,12.31924288836057,13.14971378433541,9.923634042483014,14.95424090363543,18.86480954451057
2018-10-09 11:30:00.000003,3.901319505406959,12.30568333609915,13.13886586274817,9.890576753305306,14.94839151222177,18.86623509526823
2018-10-09 11:44:59.999997,3.604612335658942,12.28440486618773,13.11838477797584,9.845883015410456,14.93510021024072,18.86594868008761
2018-10-09 12:00:00.000000,3.248736908767702,12.25598773913822,13.08886443355063,9.790361869913559,14.91476265666839,18.86395025078705
2018-10-09 12:15:00.000003,2.849713678807789,12.22171570062513,13.05151294145493,9.726619735704485,14.8881641319524,18.8603083153356
2018-10-09 12:29:59.999997,2.425362821100526,12.1829657238729,13.00787335601273,9.657181550199423,14.85638514492967,18.85516142939228
2018-10-09 12:45:00.000000,1.98830692357672,12.14104713595986,12.95949225438429,9.584232967971806,14.82056737820743,18.84869938897805
2018-10-09 13:00:00.000003,1.5396952930839,12.09660824954612,12.90734576211517,9.508424512418362,14.78151924028227,18.84111607028476
2018-10-09 13:14:59.999997,1.079610317054147,12.04998220142158,12.85202913543638,9.43001363381955,14.73978607871895,18.83258318707656
2018-10-09 13:30:00.000000,0.6239235454205858,12.00247392652714,12.79491168566751,9.351397240874823,14.69632237770629,18.82329465646826
2018-10-09 13:45:00.000003,0.1615666902228343,11.95398646288969,12.73622326120772,9.271566662277559,14.6514118931462,18.81339461255287
2018-10-09 13:59:59.999997,-0.2990071108067611,11.90489968485651,12.67646036329647,9.191473721269709,14.60549113459526,18.80301601012201
2018-10-09 14:15:00.000000,-0.7541635492778503,11.85564208217334,12.61617478085875,9.111802202331768,14.5590100505159,18.79228275837901
2018-10-09 14:30:00.000003,-1.201514525725004,11.80660664889899,12.55587302341547,9.033103114677408,14.51237250903069,18.78130893121407
2018-10-09 14:44:59.999997,-1.633602513944094,11.75955009015181,12.4969462568434,8.958406689099691,14.46634714363053,18.77023287252696
2018-10-09 15:00:00.000000,-2.040527976445775,11.71541504045606,12.44047417767281,8.88925680438932,14.42170930631749,18.75920516427675
2018-10-09 15:15:00.000003,-2.426200502117539,11.67354755301693,12.38645649389802,8.824861827546767,14.37906177147403,18.74837676088973
2018-10-09 15:29:59.999997,-2.787747862739293,11.6338432395363,12.33497645102843,8.764390923662608,14.33836870153675,18.73783397437236
2018-10-09 15:45:00.000000,-3.117139875230658,11.59671019640707,12.28649719372275,8.708621098093637,14.29990296850078,18.72766149140043
2018-10-09 16:00:00.000003,-3.412324988488767,11.56253421159268,12.2415081240187,8.65800720828593,14.2640025356932,18.717948094438
2018-10-09 16:14:59.999997,-3.670212885558106,11.53158743400845,12.20038403165273,8.613015283925506,14.23098654409412,18.70878144986809
2018-10-09 16:30:00.000000,-3.882672960828587,11.50450924086426,12.16377809334715,8.576900436381333,14.20144723123843,18.7002703504175
2018-10-09 16:45:00.000003,-4.040762962003675,11.48193034674885,12.13244345564336,8.549908879251367,14.17593702170097,18.69253063906634
2018-10-09 16:59:59.999997,-4.137983678426635,11.4643520909518,12.10707825903576,8.531118038227753,14.1549273522857,18.68568009272361
2018-10-09 17:15:00.000000,-4.157214992041181,11.45288897994653,12.08891748538397,8.522585210302514,14.13930450303176,18.67987766677017
2018-10-09 17:30:00.000003,-4.089317470197166,11.44849411284565,12.07914011709488,8.525717321030374,14.12996635133258,18.67530842411486
2018-10-09 17:44:59.999997,-3.923151660978249,11.45217309900569,12.07898403619494,8.54207330879706,14.12785855804822,18.67217426693572
2018-10-09 18:00:00.000000,-3.650579935590123,11.4648199189751,12.08960219906007,8.572910059356358,14.13388195781673,18.6706877534263
2018-10-09 18:15:00.000003,-3.300617925944737,11.48549825186514,12.11044045853699,8.61536306091376,14.14781105355584,18.67096452314385
2018-10-09 18:29:59.999997,-2.903871109134184,11.51269760569937,12.14011893191852,8.665865340026924,14.16868529462807,18.6729934351144
2018-10-09 18:45:00.000000,-2.456989311761413,11.54590568705688,12.17788894381018,8.724213692512333,14.19594500790957,18.67671565814512
2018-10-09 19:00:00.000003,-1.999458621850184,11.58297268494657,12.22158750872944,8.785877857050622,14.22808237968232,18.68195734993106
2018-10-09 19:14:59.999997,-1.529667876007157,11.62332025548757,12.27014829117429,8.853056002259208,14.26428555100086,18.68853227789732
2018-10-09 19:30:00.000000,-1.051533127088072,11.66966626335266,12.32461580910001,8.949246241833745,14.30554184233863,18.6963865687035
2018-10-09 19:45:00.000003,-0.5759701103213102,11.71749057270751,12.38180448888523,9.029191574250715,14.3484892271388,18.70515779640311
2018-10-09 19:59:59.999997,-0.08587084639044872,11.76708537986803,12.4415044184775,9.111025961986048,14.393407927951,18.71469437697469
2018-10-09 20:15:00.000000,0.374950629252178,11.81612303094642,12.50148776820676,9.1898095910753,14.43891275359797,18.72477578018237
2018-10-09 20:30:00.000003,0.8337037363122202,11.86517729710037,12.56178221355877,9.268199945199754,14.48483616581195,18.73524387900844
2018-10-09 20:44:59.999997,1.274166093209337,11.91376608609818,12.62179610851048,9.344586702600692,14.53063576554629,18.74594671409179
2018-10-09 21:00:00.000000,1.702989674967341,11.96162121864602,12.68111921242684,9.419288370611378,14.57602162585655,18.75676170507429
2018-10-09 21:15:00.000003,2.088918541351116,12.00683214084555,12.73793634162733,9.48812674678883,14.61979572955713,18.76750549727396
2018-10-09 21:29:59.999997,2.470915494588518,12.05159168701371,12.79399318202906,9.557239029992763,14.66369164586562,18.77822750182408
2018-10-09 21:45:00.000000,2.795420010034154,12.09262802013128,12.84637931645561,9.618135219575583,14.7050772765891,18.78869616014379
2018-10-09 22:00:00.000003,3.115215324904294,12.13301676453257,12.89723800507136,9.685094735408107,14.74676754653365,18.79901650311798
2018-10-09 22:14:59.999997,3.351768548046697,12.1674830623067,12.94216049438015,9.737151764907948,14.78385450358178,18.80876831883935
2018-10-09 22:30:00.000000,3.563040977012774,12.19774564164911,12.98195657516209,9.77990124228902,14.81600980569855,18.81772292398459
2018-10-09 22:45:00.000003,3.686635888410583,12.22090371924674,13.01409937501099,9.808859786728721,14.84238970585734,18.82569467231464
2018-10-09 22:59:59.999997,3.775180656673092,12.23899536298009,13.03990677097444,9.830341671599589,14.86384207304791,18.83262746222011
2018-10-09 23:15:00.000000,3.766454234525263,12.24896858215276,13.05675438887688,9.83674056172786,14.87875758509813,18.83832866671435
2018-10-09 23:30:00.000003,3.697259971673587,12.25184125070054,13.06505596962946,9.831843522291358,14.88720168586936,18.84267903240539
2018-10-09 23:44:59.999997,3.531201507788632,12.24571355821237,13.06307149899897,9.811119090269392,14.88802330361152,18.84549707050161
2018-10-10 00:00:00.000000,3.308101623837636,12.23222480555489,13.05188779133295,9.779297776723482,14.88174848608204,18.84671458713082
2018-10-10 00:15:00.000003,3.014665983795687,12.21109951815568,13.03121071309623,9.735321452622243,14.86791858983898,18.84610934642731
2018-10-10 00:29:59.999997,2.667741608931502,12.18315292083937,13.00179967362977,9.68119163444043,14.84715107372904,18.8437252981606
2018-10-10 00:45:00.000000,2.29498742167224,12.15038517046302,12.9656629081047,9.62097747832201,14.82091287520707,18.83978109414542
2018-10-10 01:00:00.000003,1.886891170933984,12.11302405854912,12.92342695872357,9.554153087421204,14.78981195198951,18.83445958372097
2018-10-10 01:14:59.999997,1.469498976148835,12.07272861293598,12.87679389837684,9.484249735343344,14.75504442045858,18.82796196094359
2018-10-10 01:30:00.000000,1.03847865863919,12.02991523216422,12.82651409569536,9.411332595596916,14.71725502234772,18.82045983467824
2018-10-10 01:45:00.000003,0.6083994525288006,11.98584835663605,12.77395330764058,9.337627186733226,14.67738816170881,18.81213996001853
2018-10-10 01:59:59.999997,0.1673286709752531,11.94034646724573,12.7192760394009,9.261970471040145,14.63568317573919,18.80313548999069
2018-10-10 02:15:00.000000,-0.2685647059742985,11.89422378844007,12.66335854368556,9.186330591290353,14.59280839365183,18.79359230767005
2018-10-10 02:30:00.000003,-0.6999350256843382,11.84782328023247,12.60674288044376,9.110983556427605,14.54922815333668,18.78364394980903
2018-10-10 02:44:59.999997,-1.125100460933296,11.80146586861721,12.54989243881065,9.036319455256614,14.50532600128206,18.77340885458045
2018-10-10 03:00:00.000000,-1.532930915691689,11.7566608059538,12.49410358384349,8.965105508131144,14.46188790620053,18.76303072343007
2018-10-10 03:15:00.000003,-1.925940510868253,11.7144102648556,12.44030466533226,8.898537857425218,14.41947598003665,18.75264436906572
2018-10-10 03:29:59.999997,-2.294127594668603,11.67445369332475,12.38884622424982,8.836961211020428,14.37887986247146,18.74240613825473
2018-10-10 03:45:00.000000,-2.637305857190002,11.63667500297502,12.33987332913719,8.779470749831132,14.34018885742464,18.73241737355439
2018-10-10 04:00:00.000003,-2.94932751006708,11.60140402099738,12.29381302554051,8.726564222021976,14.30365314506125,18.72276958220262
2018-10-10 04:14:59.999997,-3.231414418474075,11.56877402140582,12.25091737234435,8.678234472383135,14.26947686529363,18.71354417104897
2018-10-10 04:30:00.000000,-3.471932273075761,11.53951360156298,12.2119550892034,8.635965627286016,14.23819191240663,18.7048430694613
2018-10-10 04:45:00.000003,-3.667923588783554,11.51404748830501,12.17746059213552,8.601266414587487,14.21028761132766,18.69677533051582
2018-10-10 04:59:59.999997,-3.816548972722752,11.49279075910141,12.14793873638357,8.575887749918497,14.18623328925824,18.68945079931963
2018-10-10 05:15:00.000000,-3.902175056827609,11.47651019039607,12.12429521623703,8.558852232183495,14.16659898693009,18.68298948548627
2018-10-10 05:30:00.000003,-3.91949237907044,11.46585012591798,12.10736146131991,8.55100603884571,14.15201042684953,18.67752931330009
2018-10-10 05:44:59.999997,-3.848920194735815,11.46209130950515,12.09854878232715,8.554743197285998,14.1434905689206,18.67325057696831
2018-10-10 06:00:00.000000,-3.680237095519214,11.46630112398258,12.09918405321008,8.571620959912684,14.14205396968136,18.6703626728796
2018-10-10 06:15:00.000003,-3.413394087019299,11.47901687408172,12.11010600389484,8.60204774135474,14.14840053009628,18.66906230325053
2018-10-10 06:29:59.999997,-3.065590228197032,11.49978999536947,12.13116658082692,8.644350968254418,14.16253363357102,18.66947643970022
2018-10-10 06:45:00.000000,-2.658558985577154,11.527709572903,12.16159737765032,8.696097052620447,14.18391214099094,18.67163800410093
2018-10-10 07:00:00.000003,-2.210858248993991,11.56135278664273,12.1999391295403,8.754824162013922,14.21158168679415,18.67548169981052
2018-10-10 07:14:59.999997,-1.748552270611297,11.59893745701092,12.24425642948077,8.817223839872662,14.2441607300284,18.68084128941361
2018-10-10 07:30:00.000000,-1.272846012810375,11.64176203519743,12.29467584871326,8.907419772174828,14.28232645074578,18.68765681369555
2018-10-10 07:45:00.000003,-0.7970331337534964,11.68845552347819,12.34972141184967,8.986971990444657,14.32330870581309,18.6956063388427
2018-10-10 07:59:59.999997,-0.2989956542446174,11.73768534312195,12.40833085937937,9.069407855209832,14.36709195267606,18.70452685701681
2018-10-10 08:15:00.000000,0.1870845686467051,11.78766731851529,12.46869020268482,9.151266887358844,14.41255168004034,18.71421590124409
2018-10-10 08:30:00.000003,0.6740069442775627,11.83843091440659,12.53041093368267,9.233639739180076,14.45926786670833,18.72450610409519
2018-10-10 08:44:59.999997,1.124914843978103,11.88803279066599,12.59155993345975,9.311886094314017,14.50585100489694,18.73516706400957
2018-10-10 09:00:00.000000,1.59693626765194,11.93875290323971,12.65372363367932,9.392612541506573,14.55312278725211,18.74612535617084
2018-10-10 09:15:00.000003,2.022139288320083,11.98732028087602,12.7141544871475,9.46767480197126,14.59942242768952,18.75718522314268
2018-10-10 09:29:59.999997,2.447402241172648,12.03608068551436,12.77466792527768,9.544084358384753,14.6466881905647,18.76841031318954
2018-10-10 09:45:00.000000,2.821941858436918,12.08157098551345,12.83208243116575,9.612709165731815,14.69161150801057,18.77950697568827
2018-10-10 10:00:00.000003,3.179868616175164,12.12602585139456,12.88784384751808,9.685726850407182,14.73677369530832,18.79053511352429
2018-10-10 10:14:59.999997,3.490075436731066,12.16685858176295,12.93973415198019,9.749855642949946,14.77894298487413,18.80119519568004
2018-10-10 10:30:00.000000,3.753409860106523,12.20296629443375,12.98642745263562,9.802156557622068,14.81628262929852,18.81118519624372
2018-10-10 10:45:00.000003,3.961473785275936,12.23376777142645,13.02716657601143,9.844778103678168,14.84898328687175,18.82037386871503
2018-10-10 10:59:59.999997,4.108085185097063,12.25868794594577,13.06120352721276,9.877070116853064,14.87667757437624,18.82863148656696
2018-10-10 11:15:00.000000,4.195097287087911,12.27752027979001,13.08812844064544,9.899053473571437,14.8990388322482,18.83583528953328
2018-10-10 11:30:00.000003,4.211617183528443,12.28945282173243,13.10705472977198,9.909193686055142,14.91544350235954,18.8418462807809
2018-10-10 11:44:59.999997,4.135372930803904,12.29281741785303,13.11628286930706,9.904155562610429,14.92470907769161,18.84646910463477
2018-10-10 12:00:00.000000,4.003434067631828,12.28909708702293,13.11675032168581,9.888320584295307,14.92726370927288,18.84961753606553
2018-10-10 12:15:00.000003,3.781787093033521,12.27670105294742,13.10710230861236,9.857588468092555,14.92223870379617,18.85115734557049
2018-10-10 12:29:59.999997,3.497902732621642,12.25664650676948,13.08798953822032,9.81506342131512,14.90993420191752,18.85103126957797
2018-10-10 12:45:00.000000,3.158886516728312,12.22980664265848,13.06019184633153,9.762392510863055,14.8908316882193,18.84924345124265
2018-10-10 13:00:00.000003,2.775286537597508,12.19710404616811,13.02465820993582,9.701309948485255,14.86557613627096,18.84585379672233
2018-10-10 13:14:59.999997,2.36357334175869,12.15979394783807,12.98277247754685,9.634149933297934,14.83512215992328,18.84098334249572
2018-10-10 13:30:00.000000,1.932425126269315,12.11890158223726,12.93578430286942,9.56253481673783,14.80040651199508,18.83479511059934
2018-10-10 13:45:00.000003,1.495159630973534,12.075645548782,12.88510760578778,9.488628869166426,14.76249296328245,18.8274857854973
2018-10-10 13:59:59.999997,1.039985541723023,12.02987974224692,12.8309703153534,9.411331537203052,14.72170854646686,18.81921036300756
2018-10-10 14:15:00.000000,0.5908601856234887,11.98322114315501,12.7749636252288,9.333933661944657,14.67912194142528,18.81016164933295
2018-10-10 14:30:00.000003,0.1329911828186284,11.93542377123744,12.71721659940279,9.25502412623836,14.6349717149368,18.80048190198666
2018-10-10 14:44:59.999997,-0.3215163490186466,11.8870446150896,12.65836960474537,9.176000100184796,14.58977887398392,18.7903066945464
2018-10-10 15:00:00.000000,-0.7708156486035952,11.83847814225158,12.59896884327136,9.097377430286137,14.54399785052992,18.77976420053641
2018-10-10 15:15:00.000003,-1.210904221244089,11.79020350398226,12.53960181591053,9.019909654243856,14.49808598309844,18.76897600759981
2018-10-10 15:29:59.999997,-1.634084247262001,11.7440203384626,12.48171471097804,8.946689011647818,14.45285500200056,18.75808765173489
2018-10-10 15:45:00.000000,-2.033010949488196,11.70073990308768,12.42629800698809,8.879076129912885,14.40909026859457,18.7472569840366
2018-10-10 16:00:00.000003,-2.407531477201289,11.65986915917427,12.37347687828469,8.81650677577959,14.36740129583906,18.73663760277807
2018-10-10 16:14:59.999997,-2.756849010791742,11.6212503019058,12.32330415309916,8.757908247180431,14.32771751399346,18.72631604114979
2018-10-10 16:30:00.000000,-3.070484084181149,11.58541656762524,12.27635874098328,8.70445912632167,14.29041557482835,18.71638766498182
2018-10-10 16:45:00.000003,-3.349415047227224,11.5526338315403,12.23303958476872,8.656298654684095,14.25579713739749,18.70694430988815
2018-10-10 16:59:59.999997,-3.591265460049685,11.5231434117277,12.19368685599253,8.613789320280112,14.22414489735779,18.69807172473168
2018-10-10 17:15:00.000000,-3.788916510511211,11.49761155122577,12.15893445457944,8.581630509810418,14.19609368584665,18.68988063173981
2018-10-10 17:30:00.000003,-3.933169120715796,11.47644018887379,12.1293785881325,8.556693284840035,14.17197466789186,18.68246694039841
2018-10-10 17:44:59.999997,-4.016044730515264,11.46026758574613,12.10579250757663,8.53995590402119,14.15234734181909,18.67594745611272
2018-10-10 18:00:00.000000,-4.023866269489073,11.45007623434577,12.08928876330507,8.533165462718031,14.13802711904433,18.67047380185529
2018-10-10 18:15:00.000003,-3.947780709323207,11.44674757106596,12.08095556957526,8.537640468835653,14.12984375959871,18.66621762877171
2018-10-10 18:29:59.999997,-3.778981567318666,11.45114124304554,12.08187156475151,8.554662485088746,14.12862869993546,18.66336343913836
2018-10-10 18:45:00.000000,-3.51418869242255,11.4638539580267,12.09287946772383,8.584903080849847,14.1350630598592,18.66209287741682
2018-10-10 19:00:00.000003,-3.172242983232896,11.48431316599698,12.11369209394179,8.626513688019788,14.1490689047419,18.66251459216856
2018-10-10 19:14:59.999997,-2.784631040975805,11.51115331533841,12.14309424539715,8.675995926786785,14.169778537092,18.66462052636786
2018-10-10 19:30:00.000000,-2.34763606750429,11.54379614341267,12.18029983607594,8.733140112023502,14.19665508758088,18.66835572676054
2018-10-10 19:45:00.000003,-1.906273066523073,11.57985953789711,12.22293899335578,8.79284358122196,14.22805903494638,18.67353883943984
2018-10-10 19:59:59.999997,-1.44561496480515,11.61921215286165,12.27040534545543,8.856001568184581,14.26334472719347,18.67999528022177
2018-10-10 20:15:00.000000,-0.9808114951271246,11.66448000534884,12.32361608103163,8.9434192532375,14.30327429932136,18.68766211814829
2018-10-10 20:30:00.000003,-0.5089689985461072,11.71210111878221,12.38014068945463,9.031166151648906,14.34593365754741,18.69629779887083
2018-10-10 20:44:59.999997,-0.03217157966917481,11.76069890532105,12.43866406280904,9.111347153416375,14.3900406236183,18.70566538164827
2018-10-10 21:00:00.000000,0.4269261255962398,11.80916595560925,12.49781246560296,9.189523654272,14.43488445489686,18.71557561807965
2018-10-10 21:15:00.000003,0.8680909173717475,11.85693924714852,12.55669816184885,9.265436135446327,14.47979023766286,18.72584325999142
2018-10-10 21:29:59.999997,1.307190423678905,11.9049288113684,12.61582425250762,9.341193998581547,14.52485861278953,18.73635434402515
2018-10-10 21:45:00.000000,1.725071585341735,11.95183589980735,12.67401867106906,9.414238183669012,14.56939387893581,18.74697211034552
2018-10-10 22:00:00.000003,2.108413235146469,11.99646075432835,12.72999791121091,9.482404628128375,14.61249158451239,18.75753046778366
2018-10-10 22:14:59.999997,2.480600799957104,12.04055625109219,12.78525169159496,9.55053264152869,14.65600702124517,18.76810416617187
2018-10-10 22:30:00.000000,2.802775800321576,12.08096505075074,12.83679191191992,9.610464279474183,14.69659609130629,18.77840036337201
2018-10-10 22:45:00.000003,3.11205035241649,12.11994339848188,12.88615839273037,9.672551866450371,14.73641498808554,18.78844590301306
2018-10-10 22:59:59.999997,3.350928056432478,12.15436131592051,12.93069170194978,9.727032975281146,14.77353560680783,18.79805189762768
2018-10-10 23:15:00.000000,3.554259853558116,12.18405037735642,12.9697838908933,9.768906342127826,14.80527880348271,18.8068695668723
2018-10-10 23:30:00.000003,3.683232664452582,12.20723327985676,13.00173554903503,9.798376268050589,14.83146391367088,18.81473027309861
2018-10-10 23:44:59.999997,3.780140782588777,12.22574744397996,13.0278031685898,9.821000809655063,14.85303037780531,18.82159917268892
2018-10-11 00:00:00.000000,3.778194850284863,12.23622516605035,13.04509759570012,9.828469669462663,14.86822297884678,18.8272832657617
2018-10-11 00:15:00.000003,3.72494374653784,12.24098557743616,13.05581218629654,9.8267525246866,14.88018100712022,18.83303399999841
2018-10-11 00:29:59.999997,3.579972192768791,12.23793000648397,13.05797579052437,9.81064422625072,14.88661812808648,18.83842297715875
2018-10-11 00:45:00.000000,3.380332226306122,12.22801969232231,13.05169567548619,9.783913533689185,14.88633271270769,18.84256345677971
2018-10-11 01:00:00.000003,3.110344794953729,12.21059354422815,13.03614551589642,9.745023654066888,14.87839208717472,18.84486322911886
2018-10-11 01:14:59.999997,2.786599170323701,12.18628915192711,13.01175823128111,9.695871166060448,14.86305302609768,18.84513292997559
2018-10-11 01:30:00.000000,2.431044525794651,12.15665104710605,12.98005027335462,9.639660414718856,14.84142874249858,18.84346215842166
2018-10-11 01:45:00.000003,2.040704338567384,12.12213165916451,12.94176969319748,9.576607090929404,14.81424370882539,18.84002696423152
2018-10-11 01:59:59.999997,1.638714012185462,12.08434748250435,12.89861595902396,9.509999202701787,14.78277946918101,18.83507693404395
2018-10-11 02:15:00.000000,1.22163853960492,12.04375078442597,12.85139123578861,9.440002675027845,14.74779785563747,18.82884675759602
2018-10-11 02:30:00.000003,0.8077639446908491,12.00174028089712,12.80161231050153,9.369297986141017,14.71043170790042,18.82158904737564
2018-10-11 02:44:59.999997,0.3870809913583342,11.95852021946374,12.74982192550775,9.297214064252778,14.6711737632507,18.81350707810715
2018-10-11 03:00:00.000000,-0.02785860176229411,11.91477616330344,12.69685467319497,9.225307656994074,14.63072153520113,18.8047925188101
2018-10-11 03:15:00.000003,-0.4373105812625607,11.87082013233327,12.64323813611611,9.153839400741226,14.58955751855528,18.79560973582631
2018-10-11 03:29:59.999997,-0.8392498281788044,11.82698437060646,12.58946122207147,9.083223083273097,14.54810057767166,18.78610110648028
2018-10-11 03:45:00.000000,-1.223086493016727,11.78409394910477,12.5364112377237,9.015059343032142,14.50700297989223,18.77641527701748
2018-10-11 04:00:00.000003,-1.588726691167971,11.74341142606967,12.48517326448058,8.951176105837458,14.46690851923725,18.76670076548697
2018-10-11 04:14:59.999997,-1.926944459456593,11.7057742409593,12.4366880920384,8.892997655112435,14.42849826685393,18.75710722483175
2018-10-11 04:30:00.000000,-2.234418620527574,11.67098416063757,12.3913027548264,8.840694975706434,14.39252116854504,18.74779872495289
2018-10-11 04:45:00.000003,-2.514466241615923,11.63876344795666,12.3489804188381,8.792862522189488,14.35889929090359,18.73886699971444
2018-10-11 04:59:59.999997,-2.758644770924283,11.60951761182798,12.31018521520214,8.750332771892003,14.32791281293188,18.73040115452271
2018-10-11 05:15:00.000000,-2.961837001969752,11.58368324961467,12.2754377287376,8.713892842105995,14.29995716310598,18.72249759716316
2018-10-11 05:30:00.000003,-3.124484162898072,11.56144853345671,12.24505004000464,8.683658862720485,14.27530343434677,18.71524395445837
2018-10-11 05:44:59.999997,-3.235535603617227,11.54350139308181,12.21976124268405,8.661052008195968,14.25448544482817,18.70874488367935
2018-10-11 06:00:00.000000,-3.286343471886661,11.53055894212667,12.20040275111987,8.647380942027942,14.23813282494485,18.70312385417555
2018-10-11 06:15:00.000003,-3.26468213152836,11.52352861790502,12.18801501624461,8.644386457899607,14.22703653236992,18.69853097021267
2018-10-11 06:29:59.999997,-3.159237320487156,11.52339026147866,12.18375819818002,8.65379950487704,14.22208041452854,18.69514168295662
2018-10-11 06:45:00.000000,-2.959145264015475,11.53128375598211,12.18898823800923,8.677407025320221,14.22424405698827,18.69315484122722
2018-10-11 07:00:00.000003,-2.669241449690279,11.54740843670793,12.20421373924241,8.714996717450255,14.23402808710318,18.69274406442971
2018-10-11 07:14:59.999997,-2.31531850785372,11.57073808556079,12.2286930124189,8.763607156590435,14.25102075003594,18.69398355218188
2018-10-11 07:30:00.000000,-1.901357105608504,11.60077935286425,12.2619101937307,8.822359424057899,14.27485840157514,18.69688898830787
2018-10-11 07:45:00.000003,-1.459372326055549,11.63590644806824,12.30229430565686,8.88729457050789,14.30440745846594,18.70136911019429
2018-10-11 07:59:59.999997,-1.00194165203865,11.67707867931884,12.34960227246305,8.960147222166254,14.33899286430643,18.70729721737169
2018-10-11 08:15:00.000000,-0.5215005147035539,11.72229430513907,12.40226165692696,9.038139938459643,14.37780138710973,18.71451380287455
2018-10-11 08:30:00.000003,-0.02586390238340661,11.77049276421659,12.45911500016368,9.11969664556853,14.42004746237946,18.7228496687159
2018-10-11 08:44:59.999997,0.4680417799618576,11.82028588953974,12.518673956488,9.202224397028164,14.46468078952344,18.73210710374299
2018-10-11 09:00:00.000000,0.9485260516189755,11.87045786392389,12.57948609854627,9.28372932841481,14.51061065903437,18.74206515303424
2018-10-11 09:15:00.000003,1.437716584990417,11.92248896536433,12.64254847323089,9.367930139856455,14.55866822594167,18.75266277130203
2018-10-11 09:29:59.999997,1.907605342149931,11.97435133012503,12.70604335427231,9.450452690029977,14.60753205307562,18.76372910884189
2018-10-11 09:45:00.000000,2.361510722761552,12.02586763749838,12.76936647236248,9.534435315773116,14.65713329262872,18.77514352885678
2018-10-11 10:00:00.000003,2.79240005808836,12.07648682686987,12.83185593732219,9.618274975961887,14.70701733195025,18.7867705234473
2018-10-11 10:14:59.999997,3.201239173063004,12.12488283634977,12.89222457424049,9.69338602901266,14.75430542685175,18.79826896132656
2018-10-11 10:30:00.000000,3.598341755152275,12.17202295260358,12.95095345483155,9.766147977447318,14.79999566023732,18.80957403696082
2018-10-11 10:45:00.000003,3.934045736466638,12.21508431491175,13.00556159056656,9.830259017866615,14.84277574132389,18.82051740672495
2018-10-11 10:59:59.999997,4.25802493598858,12.25583607508864,13.05718033838935,9.891199090971215,14.88323028397743,18.83103520658415
2018-10-11 11:15:00.000000,4.507157354185073,12.2911144587384,13.10308902534917,9.941137291588289,14.91965260471307,18.8409291781447
2018-10-11 11:30:00.000003,4.737903801687528,12.32306723398021,13.14469719635076,9.986527854827914,14.95274270566158,18.85013635884805
2018-10-11 11:44:59.999997,4.887391380568696,12.34865330079246,13.17942455861211,10.01970317322285,14.98089194355038,18.85847004633331
2018-10-11 12:00:00.000000,4.989988189989889,12.36876999465346,13.20760370993707,10.04411880281902,15.00411387846361,18.86581520823853
2018-10-11 12:15:00.000003,5.019673776247007,12.38210075420803,13.22801187081784,10.0566164497685,15.02158280029134,18.87202385582106
2018-10-11 12:29:59.999997,4.987367384423607,12.38874482166224,13.24046980744555,10.05814198692999,15.03306666669735,18.87698194560098
2018-10-11 12:45:00.000000,4.877927882399872,12.38775921345162,13.24402616021957,10.04668443682129,15.03790011049955,18.88055647200732
2018-10-11 13:00:00.000003,4.692660424502044,12.37882386445597,13.23818418382596,10.02204192201009,15.03566338835592,18.88262614696186
2018-10-11 13:14:59.999997,4.444621019128321,12.36250991236832,13.22329568672598,9.98585699930849,15.02650277902966,18.8831266498218
2018-10-11 13:30:00.000000,4.124534933038829,12.33841299585467,13.19901360373201,9.937070026585516,15.01018950375594,18.88199545878544
2018-10-11 13:45:00.000003,3.769429068954993,12.30853603379256,13.16705307851371,9.880493083986352,14.98777617543666,18.87928756941069
2018-10-11 13:59:59.999997,3.378381996599892,12.27354810047345,13.12829557851757,9.81674397625263,14.95991850836328,18.87509370313334
2018-10-11 14:15:00.000000,2.963903111847903,12.23476104708966,13.08406854181508,9.748265398061813,14.92753500209772,18.86955454633329
2018-10-11 14:30:00.000003,2.535050030448277,12.19306541110039,13.03553586306965,9.676403925966058,14.89150852494163,18.86283630132322
2018-10-11 14:44:59.999997,2.105672351834119,12.14967527613611,12.98413421169386,9.603266850705875,14.85289621995479,18.85513829370215
2018-10-11 15:00:00.000000,1.664060462212595,12.10447543230958,12.93013737766866,9.527762951832942,14.81204355226224,18.84661993477511
2018-10-11 15:15:00.000003,1.226749356645969,12.05843778467068,12.87457252183526,9.452041570874236,14.76972477140944,18.83745113635435
2018-10-11 15:29:59.999997,0.7930875873792321,12.01202102750759,12.81810028875615,9.376475917131947,14.72648040534448,18.82778753176513
2018-10-11 15:45:00.000000,0.3666182613279002,11.96582561328331,12.76144332000682,9.301812453176817,14.68282951815319,18.81777077619039
2018-10-11 16:00:00.000003,-0.04048356833012282,11.92060171536323,12.70547800195681,9.229709769218795,14.63947692008411,18.80755466943372
2018-10-11 16:14:59.999997,-0.4339807046992811,11.87636251122852,12.65045900969507,9.159710397112077,14.59671282805783,18.79726174972034
2018-10-11 16:30:00.000000,-0.8005077059152713,11.83396123965255,12.59728263544497,9.093618738061366,14.55519240846543,18.78702917143171
2018-10-11 16:45:00.000003,-1.146152328604397,11.79344122543513,12.54620363161681,9.030988201685732,14.515178351835,18.77696738206195
2018-10-11 16:59:59.999997,-1.462715867929346,11.75572955966441,12.49805403721244,8.97355337145785,14.47719978316842,18.76719266725731
2018-10-11 17:15:00.000000,-1.751219369508368,11.72173456943304,12.45361382900156,8.922547061721122,14.44171345898352,18.75781532804519
2018-10-11 17:30:00.000003,-2.011986379562553,11.69071365527977,12.41263936785641,8.876538470884082,14.40880064585076,18.74891061691336
2018-10-11 17:44:59.999997,-2.225785142503581,11.6635459025052,12.37608793258604,8.838136072970562,14.37935424365023,18.74061030098519
2018-10-11 18:00:00.000000,-2.394830425019792,11.6403489343534,12.3442831504745,8.806674049180215,14.35354067267604,18.73300813744278
2018-10-11 18:15:00.000003,-2.511729598957965,11.62160181976078,12.31779985234194,8.783036638916412,14.33175509151481,18.72620429167469
2018-10-11 18:29:59.999997,-2.563564222445232,11.60819284335731,12.29761749788781,8.768980702539078,14.31470352521944,18.72032875380447
2018-10-11 18:45:00.000000,-2.54614051206375,11.60072605394874,12.28451989590097,8.765377007359914,14.30300461933251,18.71552178218588
2018-10-11 19:00:00.000003,-2.453648953328017,11.59980683706815,12.27928506885779,8.773158821878868,14.29726523599001,18.71192725085542
2018-10-11 19:14:59.999997,-2.269737385711404,11.60659536399064,12.28320625803055,8.79456370424032,14.29841793105427,18.70972167637931
2018-10-11 19:30:00.000000,-2.004351837324592,11.62110362390095,12.29658905285453,8.828854076631519,14.30680264397426,18.70904974122319
2018-10-11 19:45:00.000003,-1.667649864652665,11.64303754454633,12.3193313767448,8.874861989361818,14.32238014494071,18.70999812057311
2018-10-11 19:59:59.999997,-1.283694236420343,11.67154747174325,12.35054145947279,8.930258361510566,14.34451556372364,18.7125678449176
2018-10-11 20:15:00.000000,-0.8720651228664377,11.70705572620708,12.38981503772098,8.995305689134259,14.37255041235647,18.716690944517
2018-10-11 20:30:00.000003,-0.4406902676664216,11.7463951458844,12.43470282661336,9.064696323034523,14.40523912756861,18.72221100796531
2018-10-11 20:44:59.999997,0.01162164304083274,11.78944690475184,12.48471926139855,9.139214375779835,14.442481514118,18.72902640119425
2018-10-11 21:00:00.000000,0.4606344318470329,11.834251444143,12.53778354891445,9.21483213686543,14.48242115801152,18.73689313398601
2018-10-11 21:15:00.000003,0.904857112076287,11.88074384911839,12.59336663420802,9.295736737183804,14.52569068557029,18.74571474474762
2018-10-11 21:29:59.999997,1.359188307111029,11.92862009369401,12.65094672699356,9.374896360205481,14.56985128994749,18.7551795926001
2018-10-11 21:45:00.000000,1.800284060810065,11.97649113451367,12.70913629943027,9.452456216273017,14.61450803134907,18.76510786008797
2018-10-11 22:00:00.000003,2.223113245571416,12.02361026928007,12.76697088852182,9.527639234716052,14.65908737728462,18.77533564922426
2018-10-11 22:14:59.999997,2.636131503910805,12.07019381215212,12.82440617348991,9.601327811404673,14.70343542361086,18.7857405544854
2018-10-11 22:30:00.000000,3.026794252775861,12.11549155569029,12.88065695680074,9.671939946746045,14.74699081282157,18.79619210366905
2018-10-11 22:45:00.000003,3.414149807451871,12.16021165828324,12.9361504317495,9.741671443104154,14.78995927127433,18.80662475456229
2018-10-11 22:59:59.999997,3.745306976411225,12.20182459790739,12.98851606070261,9.804360847324453,14.8307748269272,18.81685484694789
2018-10-11 23:15:00.000000,4.068697228202204,12.24167028692867,13.03860583499264,9.864667162240416,14.86985311443983,18.82680402834298
2018-10-11 23:30:00.000003,4.33720120210351,12.27745745737975,13.08444442812944,9.916835549353644,14.90593489224465,18.8363095267193
2018-10-11 23:44:59.999997,4.568093073821712,12.30937409860067,13.12583009028433,9.962373165470385,14.93873560049583,18.84524473056183
2018-10-12 00:00:00.000000,4.740286305133958,12.33615540728506,13.16150487103292,9.99853860066971,14.96738820633719,18.85345129561233
2018-10-12 00:15:00.000003,4.856353786160409,12.35764631203558,13.19123434152911,10.02543392163955,14.9921987839721,18.86119966054262
2018-10-12 00:29:59.999997,4.916357918248933,12.37358160398325,13.21455682049517,10.04281329589762,15.01247561408269,18.86829112634537
2018-10-12 00:45:00.000000,4.913407883036099,12.38324920836681,13.23057472234889,10.04950459178716,15.0272419597927,18.87435057338917
2018-10-12 01:00:00.000003,4.84254772112939,12.38599777669215,13.23846373341639,10.0445323268288,15.03576602266393,18.87908688586157
2018-10-12 01:14:59.999997,4.701500199800419,12.38139575550735,13.23763907367717,10.02736080615922,15.0375875026058,18.88232304934217
2018-10-12 01:30:00.000000,4.492818886172179,12.36937904383623,13.22789098085092,9.998186318193,15.0325321856202,18.8839654719246
2018-10-12 01:45:00.000003,4.227871996111568,12.35061186775934,13.20976809439456,9.958554771080166,15.02090440596284,18.88399992321914
2018-10-12 01:59:59.999997,3.903956860734922,12.32501823087361,13.18322379194813,9.908267540689078,15.00276582274728,18.88242903016391
2018-10-12 02:15:00.000000,3.566282317059686,12.29524288498038,13.15062563545793,9.853357626360204,14.97962606255341,18.87939174837932
2018-10-12 02:30:00.000003,3.182995787365809,12.26056149207114,13.11173430016856,9.790847718681553,14.95150079805674,18.87497678603756
2018-10-12 02:44:59.999997,2.783257809891971,12.22258562483008,13.06803657377394,9.724481727777963,14.91936539990916,18.86932928809659
2018-10-12 03:00:00.000000,2.370292178008073,12.18201898720027,13.02054101549942,9.655020231747336,14.88399307079609,18.86260917821608
2018-10-12 03:15:00.000003,1.948050085378367,12.13943733471018,12.97005329215092,9.583239929941284,14.84603351025962,18.85497777493622
2018-10-12 03:29:59.999997,1.524527407272151,12.09559363776989,12.91748945261092,9.510431826340877,14.8061998404234,18.8465989552158
2018-10-12 03:45:00.000000,1.105028026000359,12.05112064057487,12.86365794950926,9.437598098189627,14.76515155857396,18.83763849427776
2018-10-12 04:00:00.000003,0.6948341292874889,12.00675494368431,12.80943839783218,9.365788263378922,14.72354161812585,18.82825592333968
2018-10-12 04:14:59.999997,0.302843416590701,11.9633819160637,12.75585082951193,9.29648000321593,14.68212205716081,18.81862053011658
2018-10-12 04:30:00.000000,-0.06966857945514034,11.92130685994196,12.70344313358187,9.230042857173531,14.64140501697257,18.80888429257313
2018-10-12 04:45:00.000003,-0.4188380367464748,11.88095828770628,12.65280007220924,9.167134713764986,14.60187528687633,18.79918733483238
2018-10-12 04:59:59.999997,-0.7311015776288795,11.84334177736962,12.60500280421972,9.10974752401051,14.56432863213238,18.78969017436712
2018-10-12 05:15:00.000000,-1.013124242362376,11.80852338769821,12.56037223604359,9.057395005156275,14.52909310604351,18.78052364453352
2018-10-12 05:30:00.000003,-1.256689913915591,11.77709361177836,12.51956948841942,9.011222175492687,14.49666509551234,18.77181572898597
2018-10-12 05:44:59.999997,-1.453216970968136,11.75006341624084,12.48359294055208,8.973032260426358,14.46772648835938,18.76370534436712
2018-10-12 06:00:00.000000,-1.617711965001827,11.72719382825057,12.45237791710368,8.94153830528626,14.44228858816514,18.75628139266707
2018-10-12 06:15:00.000003,-1.736040607635763,11.70857280908119,12.42620746001224,8.917407853751703,14.42066815760332,18.74962637928457
2018-10-12 06:29:59.999997,-1.811606205331934,11.6941066654865,12.40516068809614,8.900224612830176,14.40300352567094,18.74380987006256
2018-10-12 06:45:00.000000,-1.833584976596008,11.68437299060409,12.38984279503405,8.8913113090778,14.38974073804044,18.73891677829928
2018-10-12 07:00:00.000003,-1.792636511270264,11.68011212377646,12.38108057562212,8.892070777328412,14.38149366578404,18.73505713945928
2018-10-12 07:14:59.999997,-1.675195980680115,11.68234630901674,12.38000961969341,8.90447928610563,14.37910367045589,18.7323750057006
2018-10-12 07:30:00.000000,-1.482672806685017,11.69147128928656,12.38725911418891,8.928786676008936,14.38310135941253,18.73101077449225
2018-10-12 07:45:00.000003,-1.204437833634557,11.70952573648701,12.40450943775894,8.968556902995612,14.39445987403395,18.73113733425988
2018-10-12 07:59:59.999997,-0.8726547815759487,11.73482367046705,12.43064063672918,9.01928011810305,14.41263304443219,18.73281296514829
2018-10-12 08:15:00.000000,-0.4824577804558747,11.7668842965638,12.46520950455738,9.080528786056078,14.4373683607533,18.73605341555292
2018-10-12 08:30:00.000003,-0.06195393770893674,11.80401352573598,12.50663617597131,9.148525093663691,14.46763354549362,18.74077802492188
2018-10-12 08:44:59.999997,0.3712939948588438,11.84459741544477,12.5531946490723,9.220242798826833,14.50218663283907,18.74682737785016
2018-10-12 09:00:00.000000,0.8350605821111087,11.88895855823252,12.60475181539854,9.297479141401949,14.54077761656007,18.75407780781104
2018-10-12 09:15:00.000003,1.295462908617352,11.93554321046179,12.65974507629843,9.376109836503131,14.58222134121741,18.76234317345623
2018-10-12 09:29:59.999997,1.780732985000735,11.9849135628712,12.71830728335565,9.458962072587196,14.62651410815131,18.77150522067162
2018-10-12 09:45:00.000000,2.233333067764495,12.0339200055137,12.77756249984485,9.538625631565948,14.67175834936697,18.78131998316119
2018-10-12 10:00:00.000003,2.685871361682247,12.08330805721124,12.83764014294157,9.618242155081363,14.71776931885343,18.79162001336785
2018-10-12 10:14:59.999997,3.119299982030734,12.13213179614516,12.89755441181035,9.695617519830112,14.76381840439321,18.80223366702275
2018-10-12 10:30:00.000000,3.544512414203718,12.1806475213145,12.95719993873049,9.772038067708891,14.80972617757122,18.81303479482724
2018-10-12 10:45:00.000003,3.943863788377187,12.22782370401325,13.01552106529413,9.845275787646537,14.85476628470017,18.82387713821549
2018-10-12 10:59:59.999997,4.320984508712763,12.27322207187395,13.07198154552415,9.914952929838746,14.89849636782094,18.8346301707575
2018-10-12 11:15:00.000000,4.666652443682851,12.31609306184517,13.12576145846797,9.979657469135775,14.94031550243931,18.84515913414778
2018-10-12 11:30:00.000003,4.989629708668034,12.35657811539077,13.17675038370711,10.04035244315569,14.98010011468897,18.85536732700894
2018-10-12 11:44:59.999997,5.280570706381029,12.39413272179428,13.22438886959997,10.09584620862986,15.0174493569221,18.86515723539403
2018-10-12 12:00:00.000000,5.516370773942166,12.4271774320471,13.26714400010745,10.14280000644567,15.05131239288315,18.87437359196258
2018-10-12 12:15:00.000003,5.713223342907916,12.45586320975614,13.30486586706989,10.18281935588875,15.08155984068901,18.88290855036343
2018-10-12 12:29:59.999997,5.839045633497858,12.47883075643119,13.33613909240626,10.21164730937881,15.10693606056907,18.89057891628782
2018-10-12 12:45:00.000000,5.898876540012758,12.49517371418094,13.3599268514599,10.22915752674797,15.12683834922812,18.89721652977116
2018-10-12 13:00:00.000003,5.884161535927775,12.50427662495426,13.37537725904397,10.23427228610353,15.14059088129169,18.90265546979122
2018-10-12 13:14:59.999997,5.802825462524212,12.50622155436447,13.38230348362232,10.22770456762241,15.14794398768899,18.90676660114155
2018-10-12 13:30:00.000000,5.623131459875989,12.49905193458948,13.37886650743933,10.20504960813754,15.14765659521211,18.90935594433019
2018-10-12 13:45:00.000003,5.3781332377226,12.48396677759415,13.36576096252411,10.17006012492845,15.13998490745358,18.91032575084724
2018-10-12 13:59:59.999997,5.078073793012642,12.46186877299208,13.34380011693776,10.12457199818422,15.1254346037184,18.90965744284724
2018-10-12 14:15:00.000000,4.716702778253641,12.43267677305021,13.31303696217491,10.068047905533,15.10409059624192,18.90734532642098
2018-10-12 14:30:00.000003,4.327132932867602,12.39832880078106,13.27524111274809,10.00491890874164,15.07709624295129,18.90348772570926
2018-10-12 14:44:59.999997,3.921235383953737,12.36023436459236,13.23200733089174,9.937511821916868,15.04560729423884,18.89824874235853
2018-10-12 15:00:00.000000,3.481331685006605,12.31795387595335,13.18332858105782,9.86387966232142,15.00976435983196,18.891743920137
2018-10-12 15:15:00.000003,3.036777531192998,12.27345587506388,13.13101241928723,9.788369467535981,14.97075551697013,18.88415550731336
2018-10-12 15:29:59.999997,2.577750770664705,12.22685402935129,13.07557147930813,9.710275433328787,14.92911162674372,18.87564433403541
2018-10-12 15:45:00.000000,2.113539862559225,12.17873630810891,13.01779204730675,9.630541333286358,14.88536209996771,18.86635805689322
2018-10-12 16:00:00.000003,1.654360286418201,12.12999627859222,12.95870935680038,9.550799689842044,14.84029085280097,18.85646154894497
2018-10-12 16:14:59.999997,1.198606666833497,12.0808941370971,12.89880895249572,9.471187975435926,14.79437742438994,18.84610200491948
2018-10-12 16:30:00.000000,0.7441173853536037,12.03158433083133,12.83839705128518,9.39161248807795,14.74789865343169,18.83539781892546
2018-10-12 16:45:00.000003,0.3241759346830202,11.98418518031359,12.77947014022466,9.316641472009863,14.70217742935437,18.82454074747235
2018-10-12 16:59:59.999997,-0.08417140491116813,11.93799816853004,12.72181922057336,9.243862388766011,14.65730416656725,18.81365874513193
2018-10-12 17:15:00.000000,-0.4613659887488867,11.89398289044929,12.66639305090669,9.17560416528441,14.61395808175761,18.80289413962428
2018-10-12 17:30:00.000003,-0.8180408568647728,11.85196559227574,12.61326855402839,9.110868227615663,14.57229575268693,18.7923517418636
2018-10-12 17:44:59.999997,-1.149381839696644,11.81224103286641,12.56279268407186,9.050243757740992,14.53258821026677,18.78212356420188
2018-10-12 18:00:00.000000,-1.458824303847025,11.77513774801338,12.515257714693,8.994007740499635,14.49500413958457,18.77227996806737
2018-10-12 18:15:00.000003,-1.72778817065948,11.74235461038606,12.47206476894281,8.945622762093363,14.46037683823616,18.76293911922629
2018-10-12 18:29:59.999997,-1.968387440039796,11.71282196463117,12.43273425852497,8.902463023645545,14.42863180244244,18.75416396605887
2018-10-12 18:45:00.000000,-2.175176502789648,11.68651371199964,12.39736140971,8.864712555930447,14.3999085111465,18.74601318626795
2018-10-12 19:00:00.000003,-2.329242984755672,11.66445769226192,12.36695717260743,8.835020972007714,14.37502664917661,18.73859890031717
2018-10-12 19:14:59.999997,-2.445359364123334,11.64631080238043,12.34141302131503,8.811904979445497,14.35398195225588,18.7319897420973
2018-10-12 19:30:00.000000,-2.481186191428251,11.63404874307824,12.32258925847542,8.8000057552481,14.3379505234002,18.72633489980127
2018-10-12 19:45:00.000003,-2.468445313993743,11.62690173447525,12.3101461888761,8.796286614209091,14.32683080348014,18.72172374502913
2018-10-12 19:59:59.999997,-2.376336334946057,11.62621713120426,12.30537326629858,8.804134510792016,14.32149496491879,18.718292855189
2018-10-12 20:15:00.000000,-2.178408877986638,11.63387436617776,12.31026890377709,8.827310659855325,14.32337259807982,18.71625911796552
2018-10-12 20:30:00.000003,-1.908201238926124,11.64902224624264,12.32448986064712,8.862511187531018,14.33241618567072,18.71575669021073
2018-10-12 20:44:59.999997,-1.572541448525809,11.67126508522267,12.34776286630855,8.908636060268746,14.34843124159284,18.71685597000781
2018-10-12 21:00:00.000000,-1.209496018424992,11.69968581294683,12.37881860172129,8.96287813122248,14.37040037466642,18.71950727374801
2018-10-12 21:15:00.000003,-0.8232520942920045,11.73367003867581,12.4168223463822,9.025402777272884,14.39817357261569,18.72366301626821
2018-10-12 21:29:59.999997,-0.4193174973328799,11.77144039182214,12.46008773410058,9.093697253943043,14.43065034443531,18.72917432357394
2018-10-12 21:45:00.000000,-0.01376002392458264,11.81113230143296,12.50664410995724,9.16213673847937,14.46572015071546,18.73575561293788
2018-10-12 22:00:00.000003,0.3908698532488399,11.85208785388103,12.55546817286723,9.231168996750156,14.5027478934806,18.74319372476523
2018-10-12 22:14:59.999997,0.7932812868020063,11.89387338462125,12.60585066171296,9.30047978036125,14.5411999682701,18.75130629925957
2018-10-12 22:30:00.000000,1.198823514328321,11.93678341396756,12.65778250139593,9.370838766408669,14.5809017982712,18.75995938416739
2018-10-12 22:45:00.000003,1.58237731092543,11.9791432077523,12.70966652293623,9.438744036410116,14.62079902909142,18.76897186081662
2018-10-12 22:59:59.999997,1.95627243122665,12.02095068045148,12.76118082268181,9.505199505875371,14.6605658053441,18.77820209435175
2018-10-12 23:15:00.000000,2.321595780973655,12.06222600279058,12.81220548056015,9.570385703288162,14.70003802371819,18.78754616358375
2018-10-12 23:30:00.000003,2.671757379621579,12.10257457065872,12.86233172290903,9.633425621382834,14.73888522834493,18.796909518508
2018-10-12 23:44:59.999997,2.999713238780729,12.14141770566675,12.91092191610196,9.69321269559244,14.77663314276013,18.80619060853357
2018-10-13 00:00:00.000000,3.303615765071842,12.17828774317983,12.95737006714731,9.749226472448603,14.81285880343608,18.81528660031871
2018-10-13 00:15:00.000003,3.575698878025297,12.21271174361125,13.00099698013931,9.800639704064578,14.84696557150596,18.82406106159628
2018-10-13 00:29:59.999997,3.80388687852827,12.24349659855883,13.04063708108927,9.845201707769785,14.87819413199566,18.8323828954751
2018-10-13 00:45:00.000000,3.97971207981886,12.26967474704108,13.07520882794186,9.881310169342937,14.90578315863837,18.84010711385558
2018-10-13 01:00:00.000003,4.110228822964084,12.29124123432398,13.10443857603022,9.909576634312598,14.92943886184027,18.8471096406312
2018-10-13 01:14:59.999997,4.178363346096319,12.30708996617156,13.12720431942075,9.927666184378085,14.94836790728295,18.85323688544026
2018-10-13 01:30:00.000000,4.185897626686366,12.31685527346963,13.14292136144146,9.935374613866808,14.96206731705733,18.85834433249497
2018-10-13 01:45:00.000003,4.134052826928823,12.32039422359656,13.15128242200134,9.93274177648126,14.97024519103317,18.86231446572966
2018-10-13 01:59:59.999997,4.022674902049006,12.31755775464319,13.15202749712339,9.919658060897694,14.97266832227509,18.86505153400704
2018-10-13 02:15:00.000000,3.838548520068229,12.30746045520594,13.1442749711502,9.8942762018527,14.96873193782949,18.8664411167275
2018-10-13 02:30:00.000003,3.598105576607649,12.29072814410585,13.12839419173326,9.8585641082817,14.95863929851489,18.86643140998793
2018-10-13 02:44:59.999997,3.307517012486261,12.26788623327934,13.10483821066461,9.813495697827983,14.9425470398177,18.86499541453494
2018-10-13 03:00:00.000000,2.982877967432612,12.24022240578878,13.07478205616435,9.761772111331815,14.92122659634539,18.86218872045571
2018-10-13 03:15:00.000003,2.62775871345399,12.20827657399746,13.0389802312541,9.704077329012126,14.89527139019309,18.85809882855754
2018-10-13 03:29:59.999997,2.266772219312114,12.17376467815712,12.99920034431495,9.643884700496145,14.86589450207833,18.85289096304903
2018-10-13 03:45:00.000000,1.882720836666304,12.13638594555315,12.9555659629612,9.579546393899061,14.83334530014076,18.84669000715257
2018-10-13 04:00:00.000003,1.50066249773277,12.09756456714561,12.90949033628655,9.514281427742146,14.79861842791177,18.83966607635472
2018-10-13 04:14:59.999997,1.1096636045558,12.05724582364031,12.86124057177531,9.447200251938321,14.76204104470117,18.8319559074927
2018-10-13 04:30:00.000000,0.7218175005831923,12.01630060879798,12.81173432769075,9.379972315114859,14.72425690728124,18.82370144229509
2018-10-13 04:45:00.000003,0.3475817317759066,11.97575662532102,12.76210657790556,9.31436051831664,14.68607921048254,18.81506566484884
2018-10-13 04:59:59.999997,-0.0204193580107797,11.93547291064428,12.71251758516412,9.249636572971028,14.6477717705791,18.80617422282826
2018-10-13 05:15:00.000000,-0.3629176299711505,11.89658392984481,12.66411227482377,9.188338073531126,14.61016238676936,18.79718154612603
2018-10-13 05:30:00.000003,-0.684932650637922,11.85928876341697,12.61733980027739,9.130251336068975,14.57366123851797,18.7882217217834
2018-10-13 05:44:59.999997,-0.9760498746225658,11.82433507781678,12.57303133727634,9.07683930130797,14.53888730397806,18.77943544817927
2018-10-13 06:00:00.000000,-1.243309394276904,11.79168637156465,12.53136287229061,9.02749179687846,14.50604606641782,18.77092964999966
2018-10-13 06:15:00.000003,-1.473398842639446,11.76251282129679,12.49337571197937,8.98456382836065,14.47579813594632,18.76283064229548
2018-10-13 06:29:59.999997,-1.673766022371861,11.7370201838747,12.45937519586093,8.947825699024744,14.4483839766507,18.75523651148956
2018-10-13 06:45:00.000000,-1.841687045878969,11.71477115298354,12.4292470397262,8.916529235508671,14.423889289562,18.74821664649324
2018-10-13 07:00:00.000003,-1.964351683940376,11.69632544175374,12.40362106738063,8.892066205889153,14.40280081781845,18.74186295562521
2018-10-13 07:14:59.999997,-2.048789340307747,11.68160285732713,12.38258279947479,8.873834801823614,14.38524619508913,18.73624284431665
2018-10-13 07:30:00.000000,-2.08082373848909,11.67132298008418,12.36685878750515,8.863541722776615,14.37175882861325,18.73145124235745
2018-10-13 07:45:00.000003,-2.063359602459283,11.66565371677475,12.35676444908032,8.861140533018439,14.36262310003941,18.7275740413445
2018-10-13 07:59:59.999997,-1.982796236203648,11.66539820000125,12.35314798495305,8.868371394070623,14.35846074896273,18.72472322472744
2018-10-13 08:15:00.000000,-1.834476166631479,11.67116385787292,12.35676212716252,8.886156789664625,14.35984597178418,18.72301353639975
2018-10-13 08:30:00.000003,-1.619786595184588,11.68324401566283,12.36808841801611,8.914599684723763,14.36715911637658,18.72256190466878
2018-10-13 08:44:59.999997,-1.334174966207753,11.70214232523194,12.38767187688446,8.954598310445515,14.38081819368735,18.72347512252636
2018-10-13 09:00:00.000000,-1.008833186162944,11.72839839692986,12.41555087236904,9.00563853858956,14.40055137068673,18.72579412090737
2018-10-13 09:15:00.000003,-0.6380536262826941,11.76003613195839,12.45040284352028,9.064670611852442,14.42579119528741,18.72948915958753
2018-10-13 09:29:59.999997,-0.2335699380490893,11.79633223356811,12.49139648752521,9.130343614965728,14.45594231658972,18.73449222140782
2018-10-13 09:45:00.000000,0.178228775082738,11.83549853344749,12.53673846638603,9.19888283067299,14.48976450610829,18.74065224448669
2018-10-13 10:00:00.000003,0.6012665448610033,11.87704591796651,12.58560655479685,9.270118516360977,14.52656076173531,18.74781187605481
2018-10-13 10:14:59.999997,1.024193918750881,11.92013726486196,12.63697318091929,9.342444163655086,14.56551611287276,18.75579777634648
2018-10-13 10:30:00.000000,1.43611242939741,11.96391421819512,12.68976055875556,9.41420104716899,14.60575091105714,18.76442284607275
2018-10-13 10:45:00.000003,1.844028192727458,12.00800844195321,12.74334462535907,9.485682823468807,14.64678752748988,18.77352386275426
2018-10-13 10:59:59.999997,2.241346192866009,12.05192564659305,12.79711508091836,9.555976939235064,14.68811732622578,18.78295291778244
2018-10-13 11:15:00.000000,2.613910547056898,12.09459702030594,12.84992128481036,9.622962798173539,14.72891242511471,18.79254474930349
2018-10-13 11:30:00.000003,2.986114490790336,12.13697800483918,12.90233825380327,9.689524053197196,14.76940890158331,18.80221630865384
2018-10-13 11:44:59.999997,3.335318051906411,12.17797205761422,12.95339866057223,9.752950179384156,14.80899385160452,18.81185818114836
2018-10-13 12:00:00.000000,3.648923618772997,12.21670921804445,13.00203857118076,9.811639661566629,14.84686392764915,18.82132949653819
2018-10-13 12:15:00.000003,3.953080511524972,12.25395777861274,13.04876033073086,9.868177847689639,14.88326887729884,18.83056375598196
2018-10-13 12:29:59.999997,4.198434065061895,12.28705114974135,13.09123549251043,9.916201120767209,14.91673288162154,18.83938588947604
2018-10-13 12:45:00.000000,4.426908849541014,12.31748028814453,13.13036307702881,9.960342783641531,14.94763455104766,18.84772203885137
2018-10-13 13:00:00.000003,4.603286824861526,12.34364061115815,13.16477518269018,9.99655035529713,14.97518744530113,18.85545716953264
2018-10-13 13:14:59.999997,4.729010979640631,12.36497271823062,13.19370847767041,10.02425188189656,14.99870226432697,18.86245133722976
2018-10-13 13:30:00.000000,4.807699318688898,12.38140947202865,13.21689543227374,10.04372793126025,15.01789064024856,18.86859172928239
2018-10-13 13:45:00.000003,4.828062302661934,12.39218958717471,13.23353596527821,10.05345810727198,15.03220490382122,18.87375919719493
2018-10-13 13:59:59.999997,4.78975594890071,12.39696947530636,13.24314280920445,10.05309771728787,15.04125042243287,18.87784330586317
2018-10-13 14:15:00.000000,4.681863665427498,12.39491210205818,13.24481975304754,10.04103821510805,15.04438673840109,18.88071642103346
2018-10-13 14:30:00.000003,4.504159179137593,12.38563455215515,13.23801058779962,10.01691795739787,15.04116106255614,18.88225676220798
2018-10-13 14:44:59.999997,4.262580421357757,12.3692667177821,13.22266308584094,9.98138745895171,15.03145869033725,18.88237618111717
2018-10-13 15:00:00.000000,3.962218594476808,12.34608074102368,13.19895847499695,9.935128130216546,15.0153466925187,18.88102438129896
2018-10-13 15:15:00.000003,3.629004744641872,12.31765832468099,13.16831302707868,9.88171742186833,14.99371487947451,18.87824808225569
2018-10-13 15:29:59.999997,3.256570709378879,12.28429295996308,13.13121423190618,9.821091484783466,14.96696655154161,18.87411169943917
2018-10-13 15:45:00.000000,2.868537301628336,12.24767624212024,13.08927563727445,9.75678999846562,14.93617185142845,18.86875199164494
2018-10-13 16:00:00.000003,2.46530819479513,12.20833077904381,13.04337275849766,9.689146902020624,14.90203555558619,18.8623169408723
2018-10-13 16:14:59.999997,2.055223692793184,12.16704168109035,12.99449364692551,9.619451950754588,14.86531046416543,18.8549685732327
2018-10-13 16:30:00.000000,1.642626013033273,12.12444488066834,12.94348727994116,9.548599308430235,14.82667221137964,18.84687089215899
2018-10-13 16:45:00.000003,1.230991136083746,12.08101883836373,12.89101911721455,9.477285572546453,14.78668745213488,18.838177776894
2018-10-13 16:59:59.999997,0.8258895887251364,12.03739562753612,12.83785683710604,9.40649791736484,14.7459465190289,18.82903888867138
2018-10-13 17:15:00.000000,0.4379167936809794,11.99463549108499,12.78514392261907,9.338004508954008,14.70524543044375,18.81961931458242
2018-10-13 17:30:00.000003,0.06322641188838854,11.95277251177133,12.73319117460512,9.271523833769145,14.66494618983503,18.81005483685961
2018-10-13 17:44:59.999997,-0.2933717775631043,11.91216441424172,12.68247969533119,9.207710796646227,14.62545458035681,18.80046835425987
2018-10-13 18:00:00.000000,-0.6245648684173443,11.87343236601803,12.6337199579066,9.147707899627164,14.58731100783543,18.79098626221962
2018-10-13 18:15:00.000003,-0.9349589554755725,11.83661375625186,12.58713475337699,9.091159188608838,14.55075069132907,18.78171068644858
2018-10-13 18:29:59.999997,-1.219399275362084,11.80209016296926,12.54315737725249,9.038797105887753,14.51610658198614,18.77273549049265
2018-10-13 18:45:00.000000,-1.47755283426289,11.7704526462844,12.50232058168207,8.991461102650714,14.4837045967361,18.76414731196507
2018-10-13 19:00:00.000003,-1.697515658055925,11.74282478797067,12.46563997836789,8.951332063187143,14.45419389236739,18.75605661286062
2018-10-13 19:14:59.999997,-1.896524051679811,11.71795062303895,12.43237372786761,8.91535452333146,14.42728439544053,18.7485064023087
2018-10-13 19:30:00.000000,-2.046486524224844,11.69687704663909,12.40351826412788,8.886462383927578,14.40367571378001,18.74159046901103
2018-10-13 19:45:00.000003,-2.16822665766011,11.67898612276056,12.37870495483932,8.862568077327593,14.38321550222331,18.73535402976043
2018-10-13 19:59:59.999997,-2.248990714677066,11.66474524477549,12.35836078618686,8.845017731943633,14.36622776622482,18.72985799608005
2018-10-13 20:15:00.000000,-2.27416981412257,11.65506405376321,12.34340807067997,8.835767961336195,14.35335653506659,18.72519848814227
2018-10-13 20:30:00.000003,-2.26113522828452,11.64946415623525,12.33359906409616,8.833114805480431,14.34451889614355,18.72142900666852
2018-10-13 20:44:59.999997,-2.17658321934631,11.64944831145291,12.33033065597656,8.840702588286176,14.34060863628888,18.71866355700734
2018-10-13 21:00:00.000000,-2.040246322822093,11.65467562328363,12.33355817835403,8.856971911419103,14.3417413849782,18.7169867709355
2018-10-13 21:15:00.000003,-1.8366317403568,11.6658917937977,12.34403604392596,8.883720310186098,14.34847503247109,18.71650309636048
2018-10-13 21:29:59.999997,-1.584319659707943,11.68264870877803,12.36155532106716,8.919129991342144,14.36077248015097,18.71727597052521
2018-10-13 21:45:00.000000,-1.291570549631212,11.70466520639249,12.38567177015066,8.962431571791612,14.37818320915629,18.71930144615811
2018-10-13 22:00:00.000003,-0.9657440226727881,11.73264804902621,12.41653192512388,9.01466529868856,14.40053599159068,18.72255804763188
2018-10-13 22:14:59.999997,-0.6293777636026847,11.76349545715711,12.45173216179901,9.069830517844718,14.42652543680749,18.72691409436771
2018-10-13 22:30:00.000000,-0.2682341215410677,11.79745827037989,12.49108285663185,9.12949124305338,14.45587286115185,18.73226516297544
2018-10-13 22:45:00.000003,0.0822581388521357,11.83251414636478,12.53263613208061,9.189044935536916,14.48725342758913,18.73842769478852
2018-10-13 22:59:59.999997,0.4294600922868522,11.86827854948246,12.57564201999907,9.248653263024512,14.52000189685749,18.74522714176434
2018-10-13 23:15:00.000000,0.7782382702127197,11.90475554586165,12.61983438645862,9.30884071470667,14.55382690294266,18.75252725998548
2018-10-13 23:30:00.000003,1.114110836972489,11.9412611318888,12.6644487591709,9.367834267254912,14.5880940947912,18.76018455674758
2018-10-13 23:44:59.999997,1.434557648876897,11.97713818950968,12.70869996319056,9.424838379726125,14.62222669253447,18.7680566083922
2018-10-14 00:00:00.000000,1.749522020259075,12.0125734824097,12.75252974947708,9.480909975205904,14.6561258092047,18.77604455608412
2018-10-14 00:15:00.000003,2.041445767156926,12.04645809894841,12.79479125822502,9.533651506060147,14.68875576757309,18.78386292536827
2018-10-14 00:29:59.999997,2.314003498893564,12.07867546855734,12.83520683457965,9.583244460817106,14.71996741069218,18.79144502988459
2018-10-14 00:45:00.000000,2.564659623193001,12.10900925526347,12.87351890246664,9.629353760683363,14.74968848096869,18.798800489858
2018-10-14 01:00:00.000003,2.780895005757014,12.13662219450455,12.90890100572757,9.67022112095429,14.77738640465218,18.80587850008133
2018-10-14 01:14:59.999997,2.967759765003572,12.16151132040634,12.9411748315177,9.70620410468125,14.80282697601034,18.81260493349272
2018-10-14 01:30:00.000000,3.117861096559333,12.18311336324192,12.96971990885152,9.736366053580255,14.82564689104472,18.81888923401651
2018-10-14 01:45:00.000003,3.220724440280509,12.20051572485542,12.99355348829352,9.75889258441509,14.84502101289608,18.82458675226789
2018-10-14 01:59:59.999997,3.274489467666629,12.21324141598159,13.01202731590052,9.773239099926526,14.8604321664571,18.82956094075049
2018-10-14 02:15:00.000000,3.28121237873551,12.22115818528484,13.02483440006983,9.779513035297189,14.87160270422707,18.83370123749329
2018-10-14 02:30:00.000003,3.219678173088121,12.22291977837493,13.03065120660699,9.774815309511883,14.87762269329568,18.83685532015791
2018-10-14 02:44:59.999997,3.110615878460974,12.21917595789615,13.02977784790235,9.761391060277218,14.87855424797148,18.83893257288154
2018-10-14 03:00:00.000000,2.927728659459871,12.20855770472095,13.02096278673168,9.73597023611543,14.87356706664433,18.83980057794161
2018-10-14 03:15:00.000003,2.69810686135643,12.19209928761764,13.0048809826644,9.701633637039139,14.86297596652497,18.83940346506905
2018-10-14 03:29:59.999997,2.414926574489832,12.16976311688075,12.98156763075532,9.657886049101462,14.84678898090393,18.83770664818854
2018-10-14 03:45:00.000000,2.103760015465545,12.14296679910101,12.95229021807933,9.608081830519954,14.82582029041443,18.83476008284095
2018-10-14 04:00:00.000003,1.767478907149672,12.11241747637623,12.91792124583471,9.553158490397216,14.80071608924776,18.83065185912631
2018-10-14 04:14:59.999997,1.417616169047065,12.07905680723929,12.87951898183098,9.494890431537636,14.77226477653503,18.82550859328919
2018-10-14 04:30:00.000000,1.057341544906627,12.04348502832229,12.83788415622609,9.43407905130859,14.74110334350798,18.81946767837668
2018-10-14 04:45:00.000003,0.6921298235183435,12.00644046083247,12.79390212692346,9.37177646631402,14.70787784800541,18.81267265618682
2018-10-14 04:59:59.999997,0.3259314803550384,11.96850892171597,12.748328173375,9.308788853199614,14.67316879908068,18.80526656673361
2018-10-14 05:15:00.000000,-0.03926044554750656,11.92995900943011,12.70163035115545,9.245493506798052,14.63740877265056,18.79737834967185
2018-10-14 05:30:00.000003,-0.3922238341042626,11.89160264630131,12.65470522489934,9.183510026903797,14.60127029402126,18.78914985200517
2018-10-14 05:44:59.999997,-0.7347571338851426,11.85371475332626,12.60803415521546,9.122931679612027,14.56517283086979,18.78070864009447
2018-10-14 06:00:00.000000,-1.047495730421596,11.81756878457088,12.56291606154993,9.066448743817801,14.5300405197077,18.77221827717084
2018-10-14 06:15:00.000003,-1.343532201497746,11.78305071185286,12.51951851225839,9.012979081669844,14.49610077843116,18.76380148259684
2018-10-14 06:29:59.999997,-1.606402380191612,11.75189822162483,12.47928506620095,8.965922625739852,14.46420145433052,18.75560910855939
2018-10-14 06:45:00.000000,-1.840649188014842,11.72384292288254,12.44235927902099,8.92427310609761,14.4346209956053,18.74775877634644
2018-10-14 07:00:00.000003,-2.052764331444929,11.69820316214157,12.40839711935954,8.8864829899225,14.40726956798323,18.74031928705614
2018-10-14 07:14:59.999997,-2.229010151535215,11.67553162410567,12.37795227498188,8.854068365320268,14.38257599954922,18.73337376716541
2018-10-14 07:30:00.000000,-2.377406683367831,11.65568472833745,12.35101695560499,8.826439371706256,14.36065084925337,18.72698741739568
2018-10-14 07:45:00.000003,-2.495415709041149,11.63877525927758,12.32772467042625,8.803965916491027,14.34163205193782,18.72121220385846
2018-10-14 07:59:59.999997,-2.571715117372809,11.6253762801465,12.30864821591418,8.787695152708435,14.32583517015464,18.71610839383984
2018-10-14 08:15:00.000000,-2.61264018329823,11.61540835362488,12.29383475624279,8.777066931387854,14.31332099801117,18.71172157431364
2018-10-14 08:30:00.000003,-2.60969123210223,11.60929616300821,12.28371762182278,8.773070129087587,14.30439811268617,18.70811128299963
2018-10-14 08:44:59.999997,-2.554308982449216,11.60765565499182,12.27896459622884,8.776916934368034,14.29954982509335,18.70535795390989
2018-10-14 09:00:00.000000,-2.438327106393067,11.6111714112391,12.28036071237914,8.789838461561033,14.29935544895489,18.70356568591643
2018-10-14 09:15:00.000003,-2.265249555611625,11.62001573566698,12.28826371060854,8.811700568802648,14.30411868260237,18.70282995504598
2018-10-14 09:29:59.999997,-2.029029444127405,11.63459566576149,12.30316219053647,8.84328813687768,14.31422543037899,18.70324587349086
2018-10-14 09:45:00.000000,-1.748984176106161,11.65423132316595,12.32457472392691,8.882483717284304,14.32938944168636,18.7048493265157
2018-10-14 10:00:00.000003,-1.434186078978231,11.67825825144638,12.35183681606605,8.927921245728704,14.34915323740992,18.70762257602697
2018-10-14 10:14:59.999997,-1.086136232154678,11.7081975001096,12.38561078848665,8.982302503222536,14.37357655735032,18.7115540458653
2018-10-14 10:30:00.000000,-0.7217033648929282,11.74188476000985,12.42433363025025,9.042277168323475,14.40228550295951,18.71659897496599
2018-10-14 10:45:00.000003,-0.3443236940231711,11.77861865764519,12.46718638643576,9.107682758701356,14.43502328623846,18.72269657495027
2018-10-14 10:59:59.999997,0.03624096314905537,11.8167664221692,12.51248032237874,9.172549305240405,14.46949882375294,18.72959020679222
2018-10-14 11:15:00.000000,0.4110240181854943,11.85554754386903,12.55918464428617,9.23705654754282,14.50517286304924,18.73710122030014
2018-10-14 11:30:00.000003,0.7825987549296369,11.89475497326362,12.60682531043711,9.30145386085466,14.54172221660903,18.74508846853582
2018-10-14 11:44:59.999997,1.14993308170065,11.93439050205967,12.65519217700931,9.365724160257738,14.57888728093394,18.75343612920593
2018-10-14 12:00:00.000000,1.4887129446652,11.97277302361209,12.70267603721227,9.42638824980919,14.61560272499477,18.76197289212009
2018-10-14 12:15:00.000003,1.830897930584186,12.01102105543768,12.74993305152982,9.487080058223535,14.65216788161871,18.77061795255678
2018-10-14 12:29:59.999997,2.142595139519335,12.04750416205414,12.7955395888956,9.54370513369813,14.6876684444897,18.77923766439746
2018-10-14 12:45:00.000000,2.437593164439715,12.08251149479121,12.83952561912283,9.597500421211581,14.72196276954263,18.78773706741099
2018-10-14 13:00:00.000003,2.706804614884116,12.11544416824999,12.88125310922145,9.647318870973956,14.75463188369204,18.79601844982079
2018-10-14 13:14:59.999997,2.94706572629067,12.14591089296458,12.9202232406439,9.692527655692558,14.78527556756785,18.80398440019794
2018-10-14 13:30:00.000000,3.153132026322282,12.17334651666739,12.95578031355833,9.732235721646633,14.81342500402049,18.81152976489733
2018-10-14 13:45:00.000003,3.325062226473297,12.19751586856426,12.98755588007146,9.766311094885111,14.83882150494211,18.81856688775591
2018-10-14 13:59:59.999997,3.462505725935677,12.21836083698559,13.0153351695806,9.794775387167494,14.86121994438502,18.82501485368491
2018-10-14 14:15:00.000000,3.549802234942989,12.23469625172357,13.03801540753586,9.815107772964048,14.87983823260248,18.83075078487063
2018-10-14 14:30:00.000003,3.594188583813262,12.24650802768967,13.05536959189303,9.82789617622744,14.89445509401202,18.8356810757012
2018-10-14 14:44:59.999997,3.570161989383187,12.25223422944106,13.06590689860735,9.829699648518723,14.9040742396042,18.83965764462368
2018-10-14 15:00:00.000000,3.497296297847988,12.25240680165536,13.06979148775467,9.822564505371865,14.90866463071825,18.8425843737536
2018-10-14 15:15:00.000003,3.351485940924655,12.24573248486035,13.06580636791684,9.803473832139113,14.90740709490674,18.84432621159277
2018-10-14 15:29:59.999997,3.150301967153489,12.23281858298613,13.05420306422491,9.77446427530629,14.90032894455707,18.84479923806613
2018-10-14 15:45:00.000000,2.888828490182383,12.21346550322342,13.03477891486325,9.735019689615791,14.88727504951251,18.84393569612094
2018-10-14 16:00:00.000003,2.590083750294374,12.18890202363484,13.00859507869847,9.688083581611242,14.86888301593417,18.84174923229754
2018-10-14 16:14:59.999997,2.259132670951112,12.15987474858282,12.97650575547192,9.634798942855731,14.84575117281521,18.83830171388411
2018-10-14 16:30:00.000000,1.902816161156043,12.12708120031475,12.93933343193821,9.57634117095941,14.81848886415782,18.83368601370381
2018-10-14 16:45:00.000003,1.542709426478595,12.09205645977053,12.89866002433781,9.5158495488933,14.78821523066776,18.82806174007133
2018-10-14 16:59:59.999997,1.168238105100757,12.05480715240903,12.85484504040602,9.452501060173077,14.75532769814382,18.82156496029926
2018-10-14 17:15:00.000000,0.7921047936887095,12.01623705437903,12.80886746282843,9.388045984746894,14.72052914499088,18.81434315996826
2018-10-14 17:30:00.000003,0.4160409150371851,11.97697372276739,12.76152452161761,9.323160786626737,14.68440722088757,18.8065432377953
2018-10-14 17:44:59.999997,0.04153777727381863,11.9372226417826,12.71323068392463,9.258118462099755,14.64736564568031,18.79829351497016
2018-10-14 18:00:00.000000,-0.3166204481603433,11.89795962635847,12.66501985311628,9.194982415183082,14.6101681115787,18.78974344319176
2018-10-14 18:15:00.000003,-0.6629935702868278,11.85936235977222,12.6173101994721,9.1335419187995,14.57320329413827,18.78102236608819
2018-10-14 18:29:59.999997,-0.9889764319854678,11.82207060802577,12.57083273143245,9.075018271876269,14.53702439997488,18.77226238613641
2018-10-14 18:45:00.000000,-1.290322951469826,11.78667219380765,12.52629329609401,9.020313022616326,14.50217114492479,18.7635947399122
2018-10-14 19:00:00.000003,-1.567390614873782,11.75414506576298,12.48454370094737,8.9708063658007,14.46915489593092,18.75514611220828
2018-10-14 19:14:59.999997,-1.82324924997321,11.72438783897882,12.44568873227167,8.925961692913644,14.43813246522421,18.7470062509646
2018-10-14 19:30:00.000000,-2.054945401488776,11.6969946434568,12.40964014071964,8.885090362902783,14.40918712917403,18.73924208872476
2018-10-14 19:45:00.000003,-2.259090818793654,11.67210489797935,12.37661783377398,8.848570918966496,14.38255158558566,18.73191813171289
2018-10-14 19:59:59.999997,-2.44484029811904,11.64938587914843,12.34638642444583,8.815664507695166,14.35819903293903,18.72507454146647
2018-10-14 20:15:00.000000,-2.595332286146714,11.62954755405256,12.31958055758052,8.788152447018632,14.33652169121551,18.71876972321026
2018-10-14 20:30:00.000003,-2.719632390339495,11.61237118822736,12.29611612991587,8.764944129841147,14.31743989583014,18.71303335159112
2018-10-14 20:44:59.999997,-2.810988144207669,11.59813187960303,12.27626310382905,8.74673596778429,14.30112996677972,18.70790297949231
2018-10-14 21:00:00.000000,-2.862109073284289,11.58731139957348,12.26052537034552,8.734528478145013,14.28795202053773,18.70343655918755
2018-10-14 21:15:00.000003,-2.879284082636742,11.57981323696855,12.24893018489589,8.72775533660953,14.2779697864923,18.69967879378532
2018-10-14 21:29:59.999997,-2.839997671412588,11.57674671534597,12.24253372167821,8.72909021425788,14.2719010836602,18.69671922784575
2018-10-14 21:45:00.000000,-2.745223311036678,11.57852195284072,12.24192710746792,8.738871369830708,14.27022186568931,18.69466101343809
2018-10-14 22:00:00.000003,-2.593184075966285,11.58544823363576,12.24755994889581,8.75746921356348,14.27330022808525,18.69360239517436
2018-10-14 22:14:59.999997,-2.381615020338301,11.59784127051338,12.25986652507803,8.785294227107476,14.28147519849093,18.69363747466716
2018-10-14 22:30:00.000000,-2.130830777554296,11.61488829755754,12.27822573631465,8.820043579309674,14.29438236920631,18.69479372985885
2018-10-14 22:45:00.000003,-1.842094179131549,11.63624219624948,12.30223544182593,8.861233496979578,14.31174201731843,18.69706435975671
2018-10-14 22:59:59.999997,-1.539350205535946,11.66069686701492,12.33072177940597,8.905920246758278,14.33269828265081,18.70036817529589
2018-10-14 23:15:00.000000,-1.220522311933778,11.68886959309136,12.36361227522874,8.955691474188193,14.35693845892579,18.70462169108492
2018-10-14 23:30:00.000003,-0.8964231724761266,11.71970222651727,12.39986160471724,9.008521169257385,14.38377022373241,18.70970525155105
2018-10-14 23:44:59.999997,-0.5699827243172612,11.75192933413845,12.43828613825594,9.062524714816995,14.41245646425062,18.71547570595966
2018-10-15 00:00:00.000000,-0.2472261098754686,11.78492195633036,12.47811309363316,9.116869062274093,14.44252846475672,18.72180471378732
2018-10-15 00:15:00.000003,0.06556699999492198,11.81872591563337,12.51908874958927,9.175225160593968,14.47472002580019,18.72853897524482
2018-10-15 00:29:59.999997,0.3682695119294517,11.85180759631161,12.55966763858641,9.229553131100369,14.50620981277415,18.73541741684128
2018-10-15 00:45:00.000000,0.6645891444274508,11.88426721014648,12.59973712509122,9.281759278881863,14.53709404924682,18.74239166541509
2018-10-15 01:00:00.000003,0.9382555396698231,11.91536579796643,12.63856625197239,9.330749717526906,14.56716323794711,18.7494131722741
2018-10-15 01:14:59.999997,1.199352483054558,11.94556262958663,12.67635741393533,9.377797578749682,14.59647348173373,18.75642944215026
2018-10-15 01:30:00.000000,1.441529628456414,11.97426227955841,12.71254585769704,9.421938704658295,14.62469033147032,18.76335878550774
2018-10-15 01:45:00.000003,1.670103656738413,12.00158446365031,12.74710965939839,9.463740737796613,14.65173541949857,18.77013448360245
2018-10-15 01:59:59.999997,1.86135769867652,12.02617723745819,12.77881093004392,9.500054883243049,14.67677396384631,18.77663732949797
2018-10-15 02:15:00.000000,2.028771912473191,12.04828921751351,12.80761923164281,9.532169535164059,14.6996743755359,18.78277930649885
2018-10-15 02:30:00.000003,2.155568573319097,12.06698112684399,12.83262513312949,9.557937493530368,14.71980512664597,18.78844804857519
2018-10-15 02:44:59.999997,2.243460822312934,12.0819893490665,12.85339956849664,9.577224800040536,14.7367889278926,18.79353892425564
2018-10-15 03:00:00.000000,2.288750874741008,12.09290858523117,12.86943737566461,9.589418138776061,14.75024041397389,18.79795086929552
2018-10-15 03:15:00.000003,2.285422492580426,12.09922522915735,12.88015683832241,9.593568620750302,14.75970193052535,18.80157853928731
2018-10-15 03:29:59.999997,2.231422368320985,12.10050989735005,12.88498506368602,9.589194364599946,14.76478930920291,18.80432281854015
2018-10-15 03:45:00.000000,2.116006135328795,12.0959611126444,12.8830642864835,9.574705156171415,14.76487024882684,18.80606130975816
2018-10-15 04:00:00.000003,1.9523282092748,12.08597934801507,12.87455136107051,9.551464535854828,14.75988332383377,18.8067093821488
2018-10-15 04:14:59.999997,1.742175626282813,12.07074947505452,12.85958031106894,9.519895606370374,14.74990462509668,18.8062217576995
2018-10-15 04:30:00.000000,1.488106179116239,12.05045271608592,12.83831781577774,9.480398194718054,14.73504618270221,18.80458025870965
2018-10-15 04:45:00.000003,1.204271939146415,12.02596211622148,12.81157478329495,9.4349300752652,14.71583984600929,18.8018205528798
2018-10-15 04:59:59.999997,0.9063956740339786,11.99851602544566,12.78061283306623,9.385932236480034,14.69315727545808,18.79804178809719
2018-10-15 05:15:00.000000,0.5939753771746882,11.96871960400157,12.74623557272245,9.333907006993435,14.66759249257482,18.7933593004938
2018-10-15 05:30:00.000003,0.2791801444259411,11.9374506970211,12.7094525395333,9.280594630596015,14.63991089709305,18.7879143277983
2018-10-15 05:44:59.999997,-0.03996718497216935,11.90495019343703,12.67075140349676,9.226047269082805,14.61056231154797,18.78183687443793
2018-10-15 06:00:00.000000,-0.353491757476575,11.8719649062782,12.63098427025575,9.171698964361436,14.58018822397704,18.77526629179479
2018-10-15 06:15:00.000003,-0.6608617042872291,11.83888464176129,12.59073276013768,9.117928034099908,14.54926740306769,18.76833472732312
2018-10-15 06:29:59.999997,-0.9478538831070679,11.8067304391744,12.55109007964536,9.066781637525326,14.51860121542403,18.76119752559552
2018-10-15 06:45:00.000000,-1.217847845103039,11.77576660073458,12.51254999457734,9.018235625147469,14.48862698653291,18.75399084766289
2018-10-15 07:00:00.000003,-1.462583742247841,11.74697218210601,12.47606195496761,8.97403714499768,14.45997908138918,18.74685646071011
2018-10-15 07:14:59.999997,-1.680801483646702,11.72114216668585,12.44243075289586,8.935273189108203,14.43320077306373,18.73992963624505
2018-10-15 07:30:00.000000,-1.878685207253851,11.69752205162363,12.41134770701164,8.900191346602805,14.40828491187194,18.73329403480555
2018-10-15 07:45:00.000003,-2.053416707610732,11.67606989778891,12.38289058066927,8.868793065121848,14.38534112126305,18.72701601676921
2018-10-15 07:59:59.999997,-2.197120138764622,11.65724043537869,12.35754247690565,8.842179512942137,14.3647771005174,18.72117556543087
2018-10-15 08:15:00.000000,-2.322262581085609,11.64063106669028,12.33503519977187,8.819284427108123,14.34653669513625,18.71581752247395
2018-10-15 08:30:00.000003,-2.414351828230791,11.62676615273837,12.3158356125938,8.801261893374644,14.33084069136914,18.71098904976395
2018-10-15 08:44:59.999997,-2.477084240461452,11.61567058775498,12.30005633041398,8.787859404490149,14.31777435262289,18.70672730859946
2018-10-15 09:00:00.000000,-2.510783738299378,11.60736788294882,12.28776627449142,8.779041568269315,14.30739968104677,18.70306523056482
2018-10-15 09:15:00.000003,-2.507805168666032,11.60226837051951,12.27937453997112,8.775744852880216,14.30000245593101,18.70005098975027
2018-10-15 09:29:59.999997,-2.461224424228892,11.60089475248954,12.27545176693237,8.778973468925667,14.29599465342621,18.69775188445987
2018-10-15 09:45:00.000000,-2.36686347003329,11.60368807075152,12.27653348348685,8.789438867489045,14.29578042630078,18.69624541637011
2018-10-15 10:00:00.000003,-2.218683544823991,11.61116474740266,12.28323170386775,8.808053588320433,14.29982287373731,18.69562560398578
2018-10-15 10:14:59.999997,-2.018935251718515,11.62345844027791,12.29582383641444,8.834744708664568,14.30837211875616,18.69597407638265
2018-10-15 10:30:00.000000,-1.774780751956093,11.64037700565766,12.31424403784005,8.868737413152013,14.32140839491714,18.69734224283069
2018-10-15 10:45:00.000003,-1.493059119277269,11.66156433805771,12.33818537196499,8.909142459994953,14.33872990936221,18.69974530886223
2018-10-15 10:59:59.999997,-1.179255471891589,11.68797341020475,12.36802662403581,8.957456826661609,14.36033356518521,18.70318786835345
2018-10-15 11:15:00.000000,-0.8460673695084213,11.71808245021426,12.40255877557029,9.010654398122925,14.38555211346683,18.70760927199924
2018-10-15 11:30:00.000003,-0.5034909007395463,11.75088079265796,12.44085591775521,9.067370593542398,14.41419953221928,18.71295962968286
2018-10-15 11:44:59.999997,-0.1482175944491025,11.78627423099475,12.48251354329616,9.130409360190454,14.44636924367357,18.71920022340537
2018-10-15 12:00:00.000000,0.1960415988638875,11.82193301463427,12.52536033111474,9.190036462556304,14.47922889483872,18.7260340874496
2018-10-15 12:15:00.000003,0.5457859945886705,11.85835770424442,12.56943277721101,9.25031567488521,14.51301153953124,18.73333621358065
2018-10-15 12:29:59.999997,0.8875967945352768,11.89489492689798,12.61403416602482,9.309907807436591,14.54733524879914,18.74099226143406
2018-10-15 12:45:00.000000,1.211438604688704,11.93096438629629,12.65843380563691,9.367436423944781,14.5815903115278,18.74887028205818
2018-10-15 13:00:00.000003,1.531411992720869,11.96671441241974,12.70256875456586,9.424249062290992,14.61571694135388,18.75687980026668
2018-10-15 13:14:59.999997,1.827770514142418,12.00106797326974,12.74540750205996,9.477846571601527,14.64901621133577,18.76489986346352
2018-10-15 13:30:00.000000,2.108486901369498,12.03403615328351,12.7867439276069,9.5288463490336,14.68126172687067,18.77283495077874
2018-10-15 13:45:00.000003,2.36905246571818,12.06536457995912,12.82626924490604,9.576693621698363,14.71218457854921,18.78060044539712
2018-10-15 13:59:59.999997,2.60030764575513,12.09433966341287,12.86323861626788,9.620021683617267,14.74126858629336,18.78809717704021
2018-10-15 14:15:00.000000,2.804427189858913,12.12079751075353,12.89733600827078,9.658857688227185,14.76823107279058,18.79523681370559
2018-10-15 14:30:00.000003,2.980193842520232,12.14458041206216,12.92831766400007,9.692986980978722,14.79284855713382,18.80194353905635
2018-10-15 14:44:59.999997,3.121601297504672,12.16516850556002,12.95562091570918,9.721494478755886,14.81473951771204,18.80813497515684
2018-10-15 15:00:00.000000,3.226508588468168,12.18222168588354,12.97880713578331,9.743930655230242,14.83358117645886,18.81373021571398
2018-10-15 15:15:00.000003,3.280239127205567,12.19474763474491,12.99687534995659,9.758265967514443,14.84871939691189,18.81862097716235
2018-10-15 15:29:59.999997,3.295277390916887,12.20306126599912,13.00990708216591,9.765632363091896,14.85997481171904,18.82271754172398
2018-10-15 15:45:00.000000,3.256037951329227,12.20622904924467,13.01697479670726,9.76408044744216,14.86678076257353,18.82591524840784
2018-10-15 16:00:00.000003,3.158499531803671,12.20366198632565,13.01736250542058,9.752736490921471,14.86860482253645,18.82810040421882
2018-10-15 16:14:59.999997,3.002976097100067,12.19511595749621,13.01067721703169,9.731424487973799,14.86510707088472,18.82917107023937
2018-10-15 16:30:00.000000,2.807238828785175,12.18146420252796,12.99757397503603,9.702417816026625,14.85663889116494,18.82909259589499
2018-10-15 16:45:00.000003,2.556573175193598,12.16216297484029,12.97764795913486,9.66408896181748,14.84294351378579,18.82782003000224
2018-10-15 16:59:59.999997,2.269827539692217,12.13810386996528,12.95163765421617,9.61872021266803,14.82445631064004,18.8253639915298
2018-10-15 17:15:00.000000,1.96073828233593,12.11038761145527,12.92064929417158,9.568493544368616,14.80193077309558,18.82179750720106
2018-10-15 17:30:00.000003,1.635280798498163,12.07978317213393,12.88560547496019,9.514610273674277,14.77605823594789,18.81722914415692
2018-10-15 17:44:59.999997,1.30851700734692,12.0474724042066,12.84779127154989,9.459359542845963,14.74778078797676,18.81181068674685
2018-10-15 18:00:00.000000,0.9675952165115609,12.01324491544615,12.80733229823196,9.401499075008678,14.71731608224006,18.80565793492653
2018-10-15 18:15:00.000003,0.6316276388769402,11.97835862445379,12.76546415634824,9.343607145859716,14.68548612277743,18.79891782039804
2018-10-15 18:29:59.999997,0.2997996429061262,11.94320278007937,12.72280829053606,9.285990360002666,14.65281915151508,18.79172891197022
2018-10-15 18:45:00.000000,-0.02572236244053572,11.9080414201851,12.67980796345946,9.22901987639356,14.61971971026328,18.78421576157956
2018-10-15 19:00:00.000003,-0.330722401977368,11.87386085576279,12.63751014039121,9.174709862568609,14.58694671024631,18.77652526599594
2018-10-15 19:14:59.999997,-0.619591059822513,11.84084062256059,12.59632660185357,9.122875132262584,14.55488446924185,18.76878462590945
2018-10-15 19:30:00.000000,-0.8861194462883353,11.80948058706189,12.55685874280403,9.07441460902899,14.52400275344462,18.76111688850287
2018-10-15 19:45:00.000003,-1.12993748046411,11.78005119636477,12.51951209238511,9.029592836382392,14.49464737366646,18.75363049251403
2018-10-15 19:59:59.999997,-1.357712131804939,11.75241601584802,12.48426903735066,8.987761340770135,14.46684974167177,18.74639664151268
2018-10-15 20:15:00.000000,-1.563506352481999,11.72745025002876,12.45178196321331,8.950576353925264,14.44095338840735,18.73948843088059
2018-10-15 20:30:00.000003,-1.754009999507897,11.70466098358717,12.42178703667311,8.916788424975534,14.41687696707484,18.73294364945567
2018-10-15 20:44:59.999997,-1.929020632003607,11.68361450884296,12.39399795043146,8.885709818192534,14.39450249591181,18.72677472989704
2018-10-15 21:00:00.000000,-2.076094824131587,11.66485551366565,12.36892863840947,8.858756376715736,14.37417989518044,18.72102626154849
2018-10-15 21:15:00.000003,-2.20017383178273,11.64838853828315,12.34667958044757,8.83581526313449,14.35610304947054,18.71574131001152
2018-10-15 21:29:59.999997,-2.298053601037841,11.63436132225038,12.32742504709319,8.81716142202109,14.34039515421088,18.71095927265398
2018-10-15 21:45:00.000000,-2.346676493373472,11.62395939434282,12.31230877967431,8.805411703041885,14.32777647539776,18.70676864213912
2018-10-15 22:00:00.000003,-2.364802636778216,11.61673406756425,12.30114677743908,8.798768104795762,14.31819906874949,18.70322389432558
2018-10-15 22:14:59.999997,-2.324353096015979,11.6139726849232,12.29515688383181,8.800426210217742,14.3124834303476,18.70043438016437
2018-10-15 22:30:00.000000,-2.225182862312808,11.61621827932512,12.29508792900603,8.810938150144743,14.31122001266942,18.69852359716409
2018-10-15 22:45:00.000003,-2.07780026994709,11.62323028459867,12.30092118991305,8.829243100810938,14.31448378433967,18.69757832632048
2018-10-15 22:59:59.999997,-1.865816096842253,11.63581008378189,12.31345883448634,8.857232223672332,14.32283771832503,18.69770462969743
2018-10-15 23:15:00.000000,-1.609118624996413,11.65343174250747,12.332417289386,8.892893211027241,14.33611979277365,18.69895624751038
2018-10-15 23:30:00.000003,-1.326762411061444,11.67508293241955,12.35675729742582,8.933986225350084,14.35364911952278,18.7013054327472
2018-10-15 23:44:59.999997,-1.019302748715039,11.70215592111577,12.38707190883481,8.98321224241244,14.3756438775957,18.70475091907
2018-10-16 00:00:00.000000,-0.7072493330991694,11.73169525778865,12.42111174457287,9.036358079198965,14.4012608656406,18.70920458785146
2018-10-16 00:15:00.000003,-0.3894803079086573,11.76274276397808,12.45754017017827,9.090432399879983,14.42863083405135,18.71429173214343
2018-10-16 00:29:59.999997,-0.08077620416007908,11.79414604862051,12.49507275529364,9.14325602567921,14.45685154591911,18.71984735403505
2018-10-16 00:45:00.000000,0.2225065772763394,11.82575653300879,12.53331038807812,9.195557377570179,14.48580943159217,18.72582907577281
2018-10-16 01:00:00.000003,0.5222580564295056,11.85754165470904,12.57206189595045,9.247577217327583,14.51537433919277,18.73218591452443
2018-10-16 01:14:59.999997,0.8126787695522303,11.8890730764799,12.61082150985813,9.298518305430083,14.54515746123807,18.73882623587532
2018-10-16 01:30:00.000000,1.094321713847833,11.92035888210322,12.64943110820364,9.34841393330837,14.57491567627945,18.74565500039477
2018-10-16 01:45:00.000003,1.360915157377516,11.95078367048413,12.68725690129438,9.39623300016096,14.60420608956401,18.75256572208768
2018-10-16 01:59:59.999997,1.617463150360709,11.98035269040533,12.72415071939145,9.442432070680704,14.63287005570363,18.75947513278031
2018-10-16 02:15:00.000000,1.850361823843887,12.00824018291579,12.75931444382881,9.485167283122374,14.66035069611072,18.76627951428295
2018-10-16 02:30:00.000003,2.074691822963533,12.03497715706499,12.79304751910111,9.526144391918756,14.68676018650926,18.77292321660591
2018-10-16 02:44:59.999997,2.273811355033222,12.05979593676886,12.82468648651411,9.56335561000615,14.71164775905224,18.77933270105779
2018-10-16 03:00:00.000000,2.450414257627877,12.0825245794543,12.85393593983935,9.596849076543066,14.7347704205615,18.78543799063192
2018-10-16 03:15:00.000003,2.594793806865951,12.10248834936455,12.88009779495246,9.625254944183718,14.75563991735656,18.79115237177209
2018-10-16 03:29:59.999997,2.709574426996503,12.11955208702821,12.90289252891812,9.648658404738015,14.77400590812166,18.79639721358843
2018-10-16 03:45:00.000000,2.781474963769681,12.13290397105028,12.92150613207964,9.665340083402123,14.78934736228875,18.80108034865874
2018-10-16 04:00:00.000003,2.807003500945296,12.14192113336459,12.93518162243786,9.67434121111785,14.80102015956483,18.80507832314585
2018-10-16 04:14:59.999997,2.77182586458785,12.14549200268105,12.94273314326955,9.673535661259614,14.80817684755484,18.80824018498055
2018-10-16 04:30:00.000000,2.697971250306486,12.14442218917922,12.944608685433,9.665465311552103,14.81099394850005,18.81048770663318
2018-10-16 04:45:00.000003,2.547679635662773,12.13679856117576,12.93911680999072,9.645414040726637,14.80834832245081,18.81166991234452
2018-10-16 04:59:59.999997,2.358312251529493,12.1239785394399,12.9271219085273,9.61757879047381,14.80067455935163,18.81173084920242
2018-10-16 05:15:00.000000,2.127132867172726,12.1062099019959,12.90891304704479,9.582134816538971,14.78817917827037,18.8106512496548
2018-10-16 05:30:00.000003,1.854656195135003,12.08364175372997,12.88468814648241,9.539234493871698,14.77099086515483,18.80842996471831
2018-10-16 05:44:59.999997,1.561087314305123,12.05747989707213,12.85557796917034,9.491608837318948,14.74985793172225,18.80513324789369
2018-10-16 06:00:00.000000,1.228918327160309,12.0271710402212,12.82130744133069,9.437389618321179,14.72469768951645,18.80079565053483
2018-10-16 06:15:00.000003,0.8901034151517367,11.99443324125768,12.78343579429008,9.38063246257141,14.69651906312774,18.7955300927488
2018-10-16 06:29:59.999997,0.5732786343629005,11.96168579197119,12.74440682406,9.325942554537056,14.66698807104839,18.78955403742959
2018-10-16 06:45:00.000000,0.2154384151860948,11.92619544899183,12.70230866626929,9.265722518173584,14.63510269687989,18.78291546624521
2018-10-16 07:00:00.000003,-0.106304374298898,11.89142774856521,12.66006255669504,9.20913342036762,14.60271637966262,18.7758125983488
2018-10-16 07:14:59.999997,-0.4133984184123662,11.85744310766445,12.61824435365191,9.154729250897718,14.57042672517311,18.76842288579676
2018-10-16 07:30:00.000000,-0.7068135676033699,11.8243434853711,12.57718845422,9.102370043073796,14.53856980050872,18.76088912131997
2018-10-16 07:45:00.000003,-0.9731855064734317,11.79302753094932,12.53785417767825,9.053904794833851,14.50785095685207,18.75336488972155
2018-10-16 07:59:59.999997,-1.231221929673762,11.76285209036725,12.49989449805793,9.007234638052628,14.47814648781246,18.74593640999926
2018-10-16 08:15:00.000000,-1.476523344327352,11.7342875655011,12.46363425650754,8.963318217695294,14.44961132604477,18.73867123943397
2018-10-16 08:30:00.000003,-1.701585158372077,11.70820508565253,12.42979394593822,8.923815979915247,14.42267034438901,18.73164683312859
2018-10-16 08:44:59.999997,-1.916219319989428,11.68365303393869,12.39781700109568,8.886569260140945,14.39711844933848,18.72489278304088
2018-10-16 09:00:00.000000,-2.111337277662406,11.66082741079187,12.3679248513794,8.852315417975982,14.37313509906791,18.71844638665486
2018-10-16 09:15:00.000003,-2.280661180812571,11.64021175231694,12.34061788592365,8.822456780346581,14.35123449571066,18.71237863159419
2018-10-16 09:29:59.999997,-2.439677662521484,11.62113205973552,12.31537412295005,8.794801606785002,14.33102361603372,18.70669530440275
2018-10-16 09:45:00.000000,-2.579457036365023,11.60380139598708,12.29233430768415,8.770057242601947,14.31252636381861,18.70140444231105
2018-10-16 10:00:00.000003,-2.693551637200017,11.5886175548595,12.27188349353313,8.74909502519552,14.29599378654033,18.69653588479493
2018-10-16 10:14:59.999997,-2.779396572428026,11.57585675408343,12.25434768169556,8.732374304402521,14.28167317813959,18.69213220562704
2018-10-16 10:30:00.000000,-2.825342850180646,11.56622473010243,12.24045836811369,8.721406881670324,14.270084091671,18.68826767549685
2018-10-16 10:45:00.000003,-2.828563034379771,11.56016365673075,12.23078274869283,8.716817441378682,14.26166698654764,18.68502912831759
2018-10-16 10:59:59.999997,-2.780730024164431,11.55831228751148,12.2260636718016,8.719783564778526,14.2569772703302,18.6825227164052
2018-10-16 11:15:00.000000,-2.670278960063568,11.56154459435592,12.22728922269812,8.73195949639445,14.25674601604153,18.68088030424195
2018-10-16 11:30:00.000003,-2.505588751243769,11.56984950700328,12.23468805426628,8.752686816024696,14.26122614581613,18.68021123534199
2018-10-16 11:44:59.999997,-2.291391305651434,11.58311583296573,12.24828623264466,8.781415006131825,14.27046939284875,18.68058941067678
2018-10-16 12:00:00.000000,-2.046152588698604,11.60040338233816,12.26724885161356,8.81587093386361,14.28396008392432,18.68201618464641
2018-10-16 12:15:00.000003,-1.781067258034204,11.62086495171892,12.29067239867388,8.85435658009297,14.30104231654418,18.68443429377889
2018-10-16 12:29:59.999997,-1.500259695716233,11.64397079506141,12.3178702919315,8.896073395274591,14.32116903356845,18.68775691817132
2018-10-16 12:45:00.000000,-1.217563277909915,11.66987567213506,12.34840769915029,8.941064662742054,14.34378783357801,18.69187638147195
2018-10-16 13:00:00.000003,-0.9281334292534851,11.69780792034615,12.38152975260889,8.988475230665115,14.36842205145681,18.69667544251108
2018-10-16 13:14:59.999997,-0.6422628164932244,11.7265499219999,12.41608842752347,9.036145967640428,14.39434065063637,18.70201562993016
2018-10-16 13:30:00.000000,-0.368447943555194,11.75520096629523,12.45105903972617,9.082589714781523,14.42079889307212,18.70774516752739
2018-10-16 13:45:00.000003,-0.1002019342382326,11.78397506863764,12.48644109261426,9.128946874623693,14.44798565979765,18.71379036489914
2018-10-16 13:59:59.999997,0.1552561746343419,11.81222602886132,12.52151812987769,9.173747357007572,14.47517831535042,18.72003135921704
2018-10-16 14:15:00.000000,0.4005298681069541,11.84047266255707,12.55650138731695,9.222296544981738,14.50348296609699,18.72648561912968
2018-10-16 14:30:00.000003,0.6483912417557793,11.86816268627897,12.59092526172493,9.266711732922294,14.53060360946689,18.73292806192726
2018-10-16 14:44:59.999997,0.8669734523476903,11.89397033555436,12.62355479795596,9.306626273069377,14.55626407636639,18.73924892264164
2018-10-16 15:00:00.000000,1.080522447049453,11.91899952769764,12.65511580636555,9.345306820740117,14.58098635775029,18.74542461397319
2018-10-16 15:15:00.000003,1.290386434173964,11.94342184674255,12.68581110821701,9.383175567918745,14.6049971557571,18.75145188286705
2018-10-16 15:29:59.999997,1.459872404174945,11.96522524159775,12.71389229036874,9.415431172022664,14.62719795849232,18.75722681227384
2018-10-16 15:45:00.000000,1.623130407517694,11.98563789519177,12.74014209835826,9.445876040543064,14.64797018501687,18.7627179071431
2018-10-16 16:00:00.000003,1.73257361682092,12.00230462459995,12.76252612127656,9.46862876999189,14.66601936830743,18.76778818102684
2018-10-16 16:14:59.999997,1.81520180161079,12.01590138399411,12.78127790448502,9.486370970610402,14.68134138188728,18.77235143163498
2018-10-16 16:30:00.000000,1.85361616227377,12.02557983794928,12.79558474790678,9.49705726423412,14.6933781832659,18.77630207400728
2018-10-16 16:45:00.000003,1.848003132231024,12.03099200663782,12.80495203099436,9.500359035513947,14.70172843582517,18.77953689757899
2018-10-16 16:59:59.999997,1.788340220823379,12.03137814096685,12.80855781125685,9.494806269778136,14.70579312226651,18.78193841375374
2018-10-16 17:15:00.000000,1.679915326121798,12.02670254514777,12.8061721687346,9.480799534727684,14.70533158996009,18.78340872422467
2018-10-16 17:30:00.000003,1.528865421073239,12.01723323027287,12.79793033531349,9.459143161540457,14.70037960086574,18.78388985983209
2018-10-16 17:44:59.999997,1.328628853294872,12.00264544922985,12.7835291740269,9.429048736703985,14.69072588554644,18.78332532712634
2018-10-16 18:00:00.000000,1.098303622978825,11.98389595459007,12.76375837616715,9.392931285973253,14.67684572892213,18.78172149128737
2018-10-16 18:15:00.000003,0.8465000433280427,11.96183779930207,12.739505824469,9.35232930879874,14.65934947237047,18.77913687285051
2018-10-16 18:29:59.999997,0.5799127913023073,11.93728699255582,12.71167942562002,9.308520385747055,14.63887082279041,18.77566322966625
2018-10-16 18:45:00.000000,0.299938361274807,11.91056868486377,12.68079463524336,9.261899958388518,14.61585203190247,18.77139868615252
2018-10-16 19:00:00.000003,0.02096035282056999,11.8826601481127,12.64789824061061,9.214496625663285,14.59105981721662,18.76647397162005
2018-10-16 19:14:59.999997,-0.2657958813064255,11.85349444923016,12.61318879759508,9.16553629956301,14.56473552277588,18.76099368774365
2018-10-16 19:30:00.000000,-0.5453373015352858,11.82397973414209,12.57760140083987,9.11698773226722,14.53754564924329,18.75508445574692
2018-10-16 19:45:00.000003,-0.8095206846618035,11.79496524960752,12.5421181035724,9.070301131243468,14.5102278683232,18.74889175265864
2018-10-16 19:59:59.999997,-1.063013284880346,11.76657221426347,12.50709505737096,9.025184072066457,14.48312377639424,18.74253813787724
2018-10-16 20:15:00.000000,-1.300369632591892,11.73927091071707,12.47308767005183,8.982465006580775,14.45665654146574,18.73613918471884
2018-10-16 20:30:00.000003,-1.516673150629712,11.71404953064102,12.44099071359121,8.94379452490158,14.43139073238569,18.72981548357038
2018-10-16 20:44:59.999997,-1.716388897377906,11.69094445716068,12.41100760434417,8.908801855497389,14.40753277014478,18.723660297265
2018-10-16 21:00:00.000000,-1.908482653064698,11.66905425298605,12.38255408609084,8.875524986669696,14.38482626127727,18.71770947250042
2018-10-16 21:15:00.000003,-2.081821168988621,11.64876025999619,12.35598605168373,8.845315136321153,14.36359402137522,18.71201728034327
2018-10-16 21:29:59.999997,-2.246612013488953,11.62970264333136,12.33104400451235,8.817104711854965,14.34372929500529,18.70660702807664
2018-10-16 21:45:00.000000,-2.390718630254803,11.61229075088674,12.30807355798954,8.791878566719637,14.32538289087068,18.70150593701853
2018-10-16 22:00:00.000003,-2.51342511269616,11.59671894738604,12.28731737342913,8.769874910531648,14.30871753299515,18.69674782574425
2018-10-16 22:14:59.999997,-2.615073116373754,11.58307001529266,12.26891631697925,8.751125764954145,14.29384421401041,18.69236593237609
2018-10-16 22:30:00.000000,-2.689713280961322,11.5716866090376,12.25323035051411,8.73637823158008,14.28102328521919,18.68840562278719
2018-10-16 22:45:00.000003,-2.728973237877491,11.56313345894974,12.24086238389707,8.726781612109734,14.27069058564341,18.68493537728087
2018-10-16 22:59:59.999997,-2.725416660392599,11.55802324834376,12.23251078884373,8.723459008636773,14.263366437044,18.68204648425633
2018-10-16 23:15:00.000000,-2.685624511102417,11.55631596406795,12.22831035438139,8.725859083754104,14.25920895876058,18.67981066021872
2018-10-16 23:30:00.000003,-2.581828719312795,11.55942602237398,12.22963983704284,8.737313146259643,14.25916764978248,18.67835723650417
2018-10-16 23:44:59.999997,-2.4292375583108,11.56719826152533,12.23664245119713,8.756568845181492,14.26344719384312,18.67779029140457
2018-10-17 00:00:00.000000,-2.237595162017653,11.57920683367457,12.24904045240666,8.782404845061167,14.2719022068258,18.67816371978226
