,Marina,ERT-MW-1A,ERT-MW-1B,MillCreek,ERT-MW-4B,MW-PD-17
2017-04-02 11:29:19.398496,0.33,11.91949697783519,12.56950957060853,9.249064294273232,14.32554357404074,18.72607921715124
2017-07-30 09:37:26.616544,0.33,11.66126086249777,12.32029513513609,9.077718265685476,14.09835765600006,18.40669004224211
2018-01-01 00:00:00.000000,0.33,11.54996403627391,12.20938308561338,8.999743445270223,13.99075818878072,18.25508916722809
2018-01-02 00:00:00.000000,0.33,11.53217199944341,12.1994913999439,8.927261989897445,13.98873738748518,18.24966792624031
2018-01-03 00:00:00.000000,0.33,11.51531493769611,12.18409666987433,8.914545050116189,13.97498515667501,18.23151395639341
2018-01-04 00:00:00.000000,0.33,11.49835944335449,12.16796013336593,8.902102661112625,13.95980226955758,18.21210631621299
2018-01-05 00:00:00.000000,0.33,11.48174340827241,12.15195310033794,8.890032331256863,13.94447606632026,18.19269800721266
2018-01-06 00:00:00.000000,0.33,11.46551087479068,12.13620409951343,8.878280097160497,13.92922375045577,18.17373041004978
2018-01-07 00:00:00.000000,0.33,11.44962595045243,12.12069535851476,8.866778273652095,13.91403780604046,18.15482735692474
2018-01-08 00:00:00.000000,0.33,11.43405063882815,12.10539934661234,8.85547327767375,13.89889210197773,18.13571875584393
2018-01-09 00:00:00.000000,0.33,11.41877063921375,12.09031939449991,8.844339065798598,13.88382806638664,18.11679478239786
2018-01-10 00:00:00.000000,0.33,11.46156578566661,12.12434110310157,9.029510716583982,13.91855740063133,18.1414547321638
2018-01-11 00:00:00.000000,0.33,11.42881377979611,12.09798078842123,8.856943368855372,13.89161912330954,18.12163974223298
2018-01-12 00:00:00.000000,0.33,11.63388130542832,12.27025382994948,9.590485534198045,14.06590579487383,18.27366557648296
2018-01-13 00:00:00.000000,0.33,11.79102235352413,12.41499891774046,9.8073627432214,14.2204574114325,18.44678423322838
2018-01-14 00:00:00.000000,0.33,11.69452477773657,12.34908004619226,9.060043852688917,14.15458005369855,18.42472001991239
2018-01-15 00:00:00.000000,0.33,11.67030568726082,12.32871992460411,9.04000596579169,14.13639324617385,18.40479552185013
2018-01-16 00:00:00.000000,0.33,11.64765049219777,12.30922609016878,9.022233393610962,14.11861467523559,18.38487816131347
2018-01-17 00:00:00.000000,0.33,11.62618981083736,12.29037573277517,9.005878778001932,14.10112148878975,18.36509277341366
2018-01-18 00:00:00.000000,0.33,11.60580902072456,12.27213218384442,8.991238888771116,14.08394411938915,18.34546028024162
2018-01-19 00:00:00.000000,0.33,11.58651957161855,12.2545490978313,8.97927714274502,14.06722344404828,18.32602013196613
2018-01-20 00:00:00.000000,0.33,11.56792147383138,12.23735671902657,8.966926458394173,14.05063980429668,18.30671139749644
2018-01-21 00:00:00.000000,0.33,11.56884500098089,12.23627096502715,9.022006765131072,14.05140889837041,18.30208166342308
2018-01-22 00:00:00.000000,0.33,11.55656409974599,12.2252276589792,8.996430962444196,14.04109404414472,18.29067026993369
2018-01-23 00:00:00.000000,0.33,11.54918246017792,12.21809844526947,9.000520274369126,14.03548865322969,18.28236643640393
2018-01-24 00:00:00.000000,0.33,11.86284221551909,12.4824746058185,10.13911430812697,14.30525505963546,18.52345764804815
2018-01-25 00:00:00.000000,0.33,11.74059465090938,12.40055636689828,9.103593293808975,14.22224323703651,18.50054165422894
2018-01-26 00:00:00.000000,0.33,11.716888065741,12.38032441696241,9.08356087836512,14.20395178413667,18.48138495414575
2018-01-27 00:00:00.000000,0.33,11.69455443480364,12.36084136963462,9.065581703506275,14.18570922425093,18.46141634835502
2018-01-28 00:00:00.000000,0.33,11.70769437261727,12.37059910458194,9.179985876820954,14.19799433931405,18.4654219777113
2018-01-29 00:00:00.000000,0.33,11.76414788014804,12.41869284347668,9.376571276692976,14.24803239656181,18.50925072025383
2018-01-30 00:00:00.000000,0.33,11.89475144974113,12.53273399964555,9.735399354573715,14.36523575178508,18.61951790946224
2018-01-31 00:00:00.000000,0.33,11.81300210382563,12.47445320424701,9.159716968091477,14.3054231285047,18.59609918931223
2018-02-01 00:00:00.000000,0.33,11.78825767787354,12.45318436719291,9.139355487558957,14.28580579542669,18.575523756464
2018-02-02 00:00:00.000000,0.33,11.84176475686016,12.49924267911476,9.393567612082531,14.33812097774303,18.61505500980845
2018-02-03 00:00:00.000000,0.33,11.7949986202535,12.46361964892009,9.145372300141986,14.30192795536757,18.59360324327911
2018-02-04 00:00:00.000000,0.33,11.7724696520238,12.44372719191269,9.127707036169735,14.28326939760047,18.57360910140303
2018-02-05 00:00:00.000000,0.33,11.91875543876589,12.56599033796268,9.710921560546108,14.41107292997165,18.67913026843345
2018-02-06 00:00:00.000000,0.33,12.00140854524478,12.64481982720447,9.753567857372465,14.49234221342502,18.77336987871416
2018-02-07 00:00:00.000000,0.33,11.9255134182871,12.59016281670583,9.248908556090631,14.4362174298235,18.74926401364741
2018-02-08 00:00:00.000000,0.33,12.06166079567241,12.70463700253314,9.808195672105258,14.55742444773666,18.8500378746767
2018-02-09 00:00:00.000000,0.33,11.98404650212332,12.64885773245839,9.29420395665927,14.50028571516085,18.82545841586641
2018-02-10 00:00:00.000000,0.33,11.95733273622268,12.62614527833756,9.272359568536393,14.47958465788416,18.80416820707999
2018-02-11 00:00:00.000000,0.33,12.30448052947525,12.91510341403869,10.59304751975553,14.78721122975367,19.08950363701198
2018-02-12 00:00:00.000000,0.33,12.62878008930128,13.21520466561961,11.07118975496062,15.09442382443149,19.40409853595281
2018-02-13 00:00:00.000000,0.33,12.43763162601728,13.09137048588716,9.628284638705223,14.9645415393596,19.37408580530811
2018-02-14 00:00:00.000000,0.33,12.40089734585071,13.06241349900028,9.602111317141757,14.94051896939366,19.35064427696199
2018-02-15 00:00:00.000000,0.33,12.44132316978295,13.09826333855965,9.849043901445627,14.98495863717631,19.38146109074869
2018-02-16 00:00:00.000000,0.33,12.43249083387914,13.09574606750256,9.772824592085046,14.98619688183645,19.39168484344708
2018-02-17 00:00:00.000000,0.33,12.40355107060638,13.0743121501078,9.674243855739284,14.96757229460694,19.379808843391
2018-02-18 00:00:00.000000,0.33,12.48621115068698,13.14400390757595,10.02395694830439,15.04567490785309,19.44212928086144
2018-02-19 00:00:00.000000,0.33,12.50531223076213,13.1669757871134,9.952974045530214,15.07163850164373,19.48042142342305
2018-02-20 00:00:00.000000,0.33,12.47721180191433,13.14913584557926,9.784346575443053,15.05431801955076,19.47837072897869
2018-02-21 00:00:00.000000,0.33,12.43193861460977,13.11263558128177,9.637650355366064,15.01665568459928,19.45227620988664
2018-02-22 00:00:00.000000,0.33,12.40140756068554,13.08620187390572,9.61429965521083,14.99222497076622,19.427938609284
2018-02-23 00:00:00.000000,0.33,12.37254314864859,13.06081974508742,9.592755870048531,14.96872339232822,19.40389548840225
2018-02-24 00:00:00.000000,0.33,12.38973821836228,13.0760531020779,9.719391660508967,14.99003753958893,19.41864004178016
2018-02-25 00:00:00.000000,0.33,12.55183719714321,13.21295081145289,10.29247206813275,15.13955188929778,19.54270631291331
2018-02-26 00:00:00.000000,0.33,12.74159881311105,13.37921625695367,10.69441292838136,15.31579225546262,19.71644487394623
2018-02-27 00:00:00.000000,0.33,12.60108150745482,13.2826555758927,9.766345725673265,15.20714186735819,19.68237443078419
2018-02-28 00:00:00.000000,0.33,12.56671810654553,13.25384642645403,9.739450819065997,15.18067575831289,19.65713186617409
2018-03-01 00:00:00.000000,0.33,12.53504611620892,13.22664929989738,9.71613207774533,15.15535015039423,19.63207360998741
2018-03-02 00:00:00.000000,0.33,13.2583013180123,13.8355048407663,12.23874195880567,15.81353306725521,20.18887411737668
2018-03-03 00:00:00.000000,0.33,13.68537325210624,14.24445740905925,12.54381092417102,16.23909231047518,20.67581699862439
2018-03-04 00:00:00.000000,0.33,13.3919185177945,14.05396720855179,10.37769039662908,16.02214584496629,20.6312776020131
2018-03-05 00:00:00.000000,0.33,13.33980445398604,14.01360492344196,10.33521425611968,15.98799811379255,20.6012974881026
2018-03-06 00:00:00.000000,0.33,13.29168672873504,13.97500061280787,10.29785016898224,15.95482888173187,20.57072989111686
2018-03-07 00:00:00.000000,0.33,13.24674353747081,13.93796482543239,10.26354819698659,15.92231952828142,20.54028711614499
2018-03-08 00:00:00.000000,0.33,13.77692991054949,14.3544517540134,12.33259309165033,16.35892338654536,20.87729662251511
2018-03-09 00:00:00.000000,0.33,13.52112766836418,14.18866600810022,10.4766803985971,16.17332224089044,20.8390639543962
2018-03-10 00:00:00.000000,0.33,13.47387882534928,14.15471589936864,10.43915369718971,16.14823857920387,20.81734321542194
2018-03-11 00:00:00.000000,0.33,13.43077804533409,14.12302534579621,10.40628473263622,16.12471927390429,20.79592779146631
2018-03-12 00:00:00.000000,0.33,13.39282083709964,14.09621113014254,10.37806613189267,16.10743624205256,20.78150771158431
2018-03-13 00:00:00.000000,0.33,13.41246607928893,14.11470179841675,10.55149188289599,16.13821300218995,20.80231251861528
2018-03-14 00:00:00.000000,0.33,13.51428572213868,14.19355903331406,10.96369582906283,16.22809845431107,20.87620335417045
2018-03-15 00:00:00.000000,0.33,13.41746532775992,14.1285647679732,10.40328065298354,16.15677572859752,20.85006096672416
2018-03-16 00:00:00.000000,0.33,13.37713769189937,14.09384654070401,10.37261456228209,16.12485565471955,20.81932976023575
2018-03-17 00:00:00.000000,0.33,13.33873189846523,14.06000440429787,10.34384509573156,16.09322902115825,20.78824291689531
2018-03-18 00:00:00.000000,0.33,13.30233863959679,14.02743529045415,10.31687030229419,16.06256867607745,20.75749481587901
2018-03-19 00:00:00.000000,0.33,13.26741243941842,13.99578649374085,10.2910076945756,16.03239154822673,20.72696176981158
2018-03-20 00:00:00.000000,0.33,13.23376013374982,13.96495983620681,10.266045373991,16.00265397997022,20.69665085379241
2018-03-21 00:00:00.000000,0.33,13.20135598423006,13.93497769401668,10.24201012632022,15.97348819581693,20.66663669013277
2018-03-22 00:00:00.000000,0.33,13.17008632420499,13.90579017798543,10.218798602076,15.94485493934612,20.63688817558169
2018-03-23 00:00:00.000000,0.33,13.47669520693344,14.15608399059841,11.38226235516616,16.21530520916125,20.8474626389898
2018-03-24 00:00:00.000000,0.33,13.54765771460717,14.23368883482079,11.14142152271098,16.29193471996327,20.96198313412379
2018-03-25 00:00:00.000000,0.33,13.46561762402607,14.18057174805188,10.53556979452121,16.23481769365662,20.96175449514402
2018-03-26 00:00:00.000000,0.33,13.41430526521434,14.13893303598475,10.40981803945937,16.19229662826628,20.92938905466276
2018-03-27 00:00:00.000000,0.33,13.37695501220603,14.10606687223821,10.3809432071315,16.16099097047564,20.89807386154643
2018-03-28 00:00:00.000000,0.33,13.34144497625839,14.07429885395004,10.35380387238165,16.13040878454978,20.86699336995469
2018-03-29 00:00:00.000000,0.33,13.30762951098101,14.04358867064503,10.32822289607141,16.10062055486112,20.8362200027781
2018-03-30 00:00:00.000000,0.33,13.27524530285208,14.01379924500678,10.3038814525737,16.07148271235972,20.8057572954956
2018-03-31 00:00:00.000000,0.33,13.24387157394344,13.98464336368881,10.2802462747896,16.04261284187742,20.77546772986091
2018-04-01 00:00:00.000000,0.33,13.21356941927234,13.95620921255536,10.25744498352183,16.01426031862776,20.74544369705336
2018-04-02 00:00:00.000000,0.33,13.18487467069315,13.92947580228527,10.23602421762576,15.98847343577434,20.71739685660213
2018-04-03 00:00:00.000000,0.33,13.25438901128471,13.98257517950568,10.55505392840668,16.04869246537295,20.75813078413368
2018-04-04 00:00:00.000000,0.33,13.31576912969292,14.03592544307112,10.6925361776212,16.10527344800552,20.81257354152976
2018-04-05 00:00:00.000000,0.33,13.30752675468259,14.03386256889016,10.53500751321986,16.10256546097646,20.82502460650348
2018-04-06 00:00:00.000000,0.33,13.24895477893058,13.98715643112968,10.28962171705358,16.05148844932049,20.79216818053226
2018-04-07 00:00:00.000000,0.33,13.21761890265641,13.95839434273328,10.26512083635276,16.02281526730146,20.76217289394906
2018-04-08 00:00:00.000000,0.33,13.1875944070981,13.93050800641329,10.24193270685053,15.9948267030511,20.73244618678673
2018-04-09 00:00:00.000000,0.33,13.15863011140431,13.9033018836917,10.21970119908888,15.96732007401896,20.70294695793864
2018-04-10 00:00:00.000000,0.33,13.13062999003999,13.87676022681269,10.19829629976505,15.94032851972514,20.67376150090397
2018-04-11 00:00:00.000000,0.33,13.10348564727266,13.85082081404648,10.17759120931058,15.91377722999245,20.6448270169158
2018-04-12 00:00:00.000000,0.33,13.0771180086907,13.82544616561786,10.1575164853635,15.88767412766163,20.61615388580247
2018-04-13 00:00:00.000000,0.33,13.05142610181333,13.80055075257971,10.13796801261908,15.86191849006654,20.5876945280348
2018-04-14 00:00:00.000000,0.33,13.02635101966134,13.77610793787304,10.11888957982185,15.83650785235269,20.55946218070421
2018-04-15 00:00:00.000000,0.33,13.00184220789322,13.75208950389982,10.10023078208305,15.8114089507036,20.53141881664741
2018-04-16 00:00:00.000000,0.33,13.38762940024303,14.07006607519261,11.48733433570137,16.1547881102394,20.81021627479896
2018-04-17 00:00:00.000000,0.33,13.8531948285885,14.4765955225706,12.57335355549907,16.58304020358453,21.2172697562361
2018-04-18 00:00:00.000000,0.33,13.58620421370504,14.30050970800701,10.55462683407137,16.3786183353012,21.17124453796146
2018-04-19 00:00:00.000000,0.33,13.54291000862132,14.26519233870281,10.51853109748753,16.34572380789743,21.13979221830873
2018-04-20 00:00:00.000000,0.33,13.52426597809772,14.24828142601033,10.57765249804926,16.33487234897249,21.12124045485816
2018-04-21 00:00:00.000000,0.33,13.47636934810223,14.20886087680159,10.46719916857209,16.29449410896902,21.08851451927784
2018-04-22 00:00:00.000000,0.33,13.43981736808048,14.17683490142475,10.43874978702375,16.2636989356434,21.05717108596147
2018-04-23 00:00:00.000000,0.33,13.40516942985613,14.14595366561394,10.41208066276763,16.2336796000887,21.02615120862473
2018-04-24 00:00:00.000000,0.33,13.37206083496741,14.11596247424112,10.38677404323089,16.20417444746784,20.99517265238338
2018-04-25 00:00:00.000000,0.33,13.34027471183695,14.08676043773888,10.3625975739366,16.17516849539291,20.96438563433217
2018-04-26 00:00:00.000000,0.33,13.30969322978529,14.05833130479505,10.33940811889301,16.14670107624413,20.93389760251467
2018-04-27 00:00:00.000000,0.33,13.28035237242991,14.03074854137333,10.31730225222379,16.11896050314207,20.90380851348121
2018-04-28 00:00:00.000000,0.33,13.34047131883424,14.07774362201233,10.5870001853232,16.17567325306881,20.94892985778949
2018-04-29 00:00:00.000000,0.33,13.28186279888848,14.03146484310243,10.32128421349784,16.12352477313972,20.91603184789345
2018-04-30 00:00:00.000000,0.33,13.25323374246098,14.00441499225519,10.29923603816328,16.09597286901206,20.88593136957999
2018-05-01 00:00:00.000000,0.33,13.22539312961598,13.97792292227676,10.27786736202951,16.06875233265639,20.85602197427679
2018-05-02 00:00:00.000000,0.33,13.18574518267029,13.93119484839923,10.24659636749293,16.00878910909579,20.79614048604514
2018-05-03 00:00:00.000000,0.33,13.15634794550514,13.90172216701282,10.22377125186598,15.9767871249107,20.76095000007452
2018-05-04 00:00:00.000000,0.33,13.12863873906021,13.8745340245258,10.2022734405327,15.94776729341537,20.72834167002717
2018-05-05 00:00:00.000000,0.33,13.10166087067202,13.84800420418867,10.18135668562138,15.91939755445044,20.69623669015334
2018-05-06 00:00:00.000000,0.33,13.07529936779843,13.82197722212348,10.16092730613098,15.89148066300894,20.66445477903126
2018-05-07 00:00:00.000000,0.33,13.04946952855583,13.79636020309766,10.14091541198704,15.86391611996881,20.63290886460291
2018-05-08 00:00:00.000000,0.33,13.02412333615211,13.77111724706924,10.12126864578411,15.83664865471508,20.60157612847442
2018-05-09 00:00:00.000000,0.33,12.9992208742835,13.74622100998808,10.10195821590913,15.80966799217176,20.57044890715553
2018-05-10 00:00:00.000000,0.33,12.97472458934367,13.72164136898031,10.08294121676632,15.78293499187787,20.53952095837759
2018-05-11 00:00:00.000000,0.33,12.95061508050578,13.69737379464982,10.06420067334612,15.756442800463,20.50876242601868
2018-05-12 00:00:00.000000,0.33,12.92687886220495,13.67341816195092,10.04573520033009,15.73022200489153,20.47820907381715
2018-05-13 00:00:00.000000,0.33,12.90350767398394,13.64978112103286,10.02753496129961,15.7042852878952,20.44788489555716
2018-05-14 00:00:00.000000,0.33,12.88046505056163,13.62642048585994,10.00957510629483,15.67859062194485,20.41775514698184
2018-05-15 00:00:00.000000,0.33,12.85774465123691,13.60334169124046,9.991845739898116,15.6531387849341,20.38782948045181
2018-05-16 00:00:00.000000,0.33,12.83531226005929,13.58050295909663,9.974324215878061,15.62789788805287,20.35809580281454
2018-05-17 00:00:00.000000,0.33,12.82928203806719,13.57226369472918,9.983320240054114,15.61883949769705,20.34991742725072
2018-05-18 00:00:00.000000,0.33,12.82161544746082,13.56300764956383,9.989501132798523,15.61002446702676,20.3398045754056
2018-05-19 00:00:00.000000,0.33,12.80067187207699,13.54224886245439,9.963226755085271,15.58729942408293,20.31459062228655
2018-05-20 00:00:00.000000,0.33,12.96671202957766,13.68812155822459,10.45162087238417,15.74912179727704,20.47117729564583
2018-05-21 00:00:00.000000,0.33,12.89330111414628,13.63401205683426,10.02123903627697,15.68342846079892,20.43694479440768
2018-05-22 00:00:00.000000,0.33,12.86962478954886,13.61019348048814,10.00183596184375,15.65740634985493,20.40584674710691
2018-05-23 00:00:00.000000,0.33,12.84630217179269,13.58671497207742,9.983085740664507,15.63171927971552,20.37495509058704
2018-05-24 00:00:00.000000,0.33,12.82325116646884,13.56348699806333,9.964708443348526,15.6062661918136,20.34431647779842
2018-05-25 00:00:00.000000,0.33,12.80050659177512,13.54054043167779,9.946701290005663,15.58110896053468,20.31396822502442
2018-05-26 00:00:00.000000,0.33,12.7781194521189,13.51793119284365,9.929109924937688,15.5563895428746,20.28402403871674
2018-05-27 00:00:00.000000,0.33,12.7560246837025,13.4955797094416,9.911796196850169,15.53187100592358,20.25430366227008
2018-05-28 00:00:00.000000,0.33,12.73415846896683,13.47342185194053,9.894614631164794,15.50733857950844,20.22462713468122
2018-05-29 00:00:00.000000,0.33,12.71260621115461,13.45155375639144,9.87768009698498,15.48306615592047,20.19519310108839
2018-05-30 00:00:00.000000,0.33,12.69134870817964,13.42995871307802,9.860983048567595,15.45905809567735,20.1660105899293
2018-05-31 00:00:00.000000,0.33,12.6703478916312,13.40858449151652,9.844493464311748,15.43525830524458,20.13704475639539
2018-06-01 00:00:00.000000,0.33,12.64955153361948,13.38737135694656,9.828185532218948,15.41163142056176,20.10827446043017
2018-06-02 00:00:00.000000,0.33,12.6178373307581,13.34797332097635,9.80265508910141,15.3585913384109,20.05231714166604
2018-06-03 00:00:00.000000,0.33,12.59475440008562,13.32350833091017,9.784311099830827,15.33024936598318,20.01863242744218
2018-06-04 00:00:00.000000,0.33,12.57376463139185,13.30203497986103,9.7677231294993,15.30564683046772,19.98872812612079
2018-06-05 00:00:00.000000,0.33,12.59950685783165,13.32140667858938,9.839593293856744,15.32973205460643,20.02009309282438
2018-06-06 00:00:00.000000,0.33,12.56789539458099,13.29267078387866,9.76333178656616,15.29419449305485,19.98705953575203
2018-06-07 00:00:00.000000,0.33,12.54604391661266,13.27008725051065,9.74574568506101,15.26852500374465,19.95505728157979
2018-06-08 00:00:00.000000,0.33,12.52444166924637,13.24777119679313,9.728675637849548,15.24316241223757,19.92331639637118
2018-06-09 00:00:00.000000,0.33,12.50347796890604,13.22591167665838,9.713212058043789,15.21824792930948,19.89186998323623
2018-06-10 00:00:00.000000,0.33,12.48257181468275,13.20417635809097,9.697367521005264,15.19346750960485,19.86065833397788
2018-06-11 00:00:00.000000,0.33,12.46175158699814,13.18256504646937,9.68132357820383,15.16881543446502,19.82965783539467
2018-06-12 00:00:00.000000,0.33,12.44105406519178,13.16110663808765,9.665207266012047,15.14432949674976,19.79888578051725
2018-06-13 00:00:00.000000,0.33,12.42048421414092,13.13978813368002,9.649083207546443,15.11999189027502,19.76833184263165
2018-06-14 00:00:00.000000,0.33,12.40020346171091,13.11871103000692,9.63302552006492,15.09582109097239,19.73797793773489
2018-06-15 00:00:00.000000,0.33,12.38015161080729,13.09783287841756,9.617057480420943,15.0718163617012,19.70782076392002
2018-06-16 00:00:00.000000,0.33,12.36023405072519,13.07710468945145,9.601187640322816,15.04799606250718,19.67786977989056
2018-06-17 00:00:00.000000,0.33,12.34045184447417,13.05651146134369,9.585416109018816,15.02432296640161,19.64809914649334
2018-06-18 00:00:00.000000,0.33,12.3205314103861,13.03587579516424,9.569707054238254,15.00078306370223,19.61851320134632
2018-06-19 00:00:00.000000,0.33,12.30077615231839,13.01539766615742,9.554106863618003,14.97739822577726,19.589100789006
2018-06-20 00:00:00.000000,0.33,12.28128433832501,12.99518182837977,9.53901079637016,14.95441267966655,19.55992322515326
2018-06-21 00:00:00.000000,0.33,12.27412444394052,12.98662763349379,9.541487324456769,14.94457646777613,19.54928984659421
2018-06-22 00:00:00.000000,0.33,12.27901242298723,12.98899035738522,9.568045843762079,14.94962228891018,19.55614159384243
2018-06-23 00:00:00.000000,0.33,12.25628626447705,12.96623408272066,9.522322737166792,14.92125988571857,19.52576465870813
2018-06-24 00:00:00.000000,0.33,12.23695968856837,12.94606388882172,9.50731266093224,14.89862537465538,19.49608292766186
2018-06-25 00:00:00.000000,0.33,12.21772110950773,12.92605531365312,9.492357972577866,14.87608780524085,19.46666309713591
2018-06-26 00:00:00.000000,0.33,12.19865209743446,12.90625430454358,9.477475414420125,14.85370634329802,19.4375326484093
2018-06-27 00:00:00.000000,0.33,12.17961757748217,12.88650121079132,9.462615108002447,14.83133203595486,19.40855247501965
2018-06-28 00:00:00.000000,0.33,12.16067913808617,12.8668546838727,9.447803405215213,14.80903162846137,19.37975404488992
2018-06-29 00:00:00.000000,0.33,12.14187248664384,12.84735339368903,9.433062222332302,14.78685151110601,19.35115339656791
2018-06-30 00:00:00.000000,0.33,12.12317653564764,12.82794970811979,9.418380331168574,14.76475631447465,19.32279750410921
2018-07-01 00:00:00.000000,0.33,12.10460944382029,12.80867412951515,9.403771170052504,14.74276635567655,19.29460569367158
2018-07-02 00:00:00.000000,0.33,12.07372146909478,12.76872472183871,9.37941334486692,14.68641005478355,19.23426122470831
2018-07-03 00:00:00.000000,0.33,12.05248670887795,12.74582308966014,9.362391202174951,14.65911253132761,19.20053897574945
2018-07-04 00:00:00.000000,0.33,12.03231877260424,12.72470649709588,9.346152722063634,14.63441083710306,19.16918648828902
2018-07-05 00:00:00.000000,0.33,12.01238430416985,12.70388732990611,9.330104752493302,14.6100909093125,19.13823644326281
2018-07-06 00:00:00.000000,0.33,11.99262720704597,12.68325267437588,9.31422112457585,14.58598973263772,19.10749392692379
2018-07-07 00:00:00.000000,0.33,11.97310066739938,12.66285031063118,9.298492876045097,14.56210433819115,19.07695359417357
2018-07-08 00:00:00.000000,0.33,11.95369079237281,12.64255300884443,9.282866843726248,14.53834115453484,19.04656686700052
2018-07-09 00:00:00.000000,0.33,11.93439565631669,12.6223579007972,9.267335857581148,14.51469109858992,19.0163425842417
2018-07-10 00:00:00.000000,0.33,11.91516574088343,12.60222734667088,9.251859374275291,14.49114678087632,18.98638727581654
2018-07-11 00:00:00.000000,0.33,11.89598854297562,12.58213623896662,9.236443121457071,14.46767229670286,18.95658659291029
2018-07-12 00:00:00.000000,0.33,11.87690817429536,12.56213178462417,9.221106243733173,14.44429148227878,18.92683521568668
2018-07-13 00:00:00.000000,0.33,11.85795878980492,12.54226881685525,9.205863650865204,14.42105266871361,18.89716136972794
2018-07-14 00:00:00.000000,0.33,11.83912233185078,12.52251721643767,9.190704324993478,14.39791722098221,18.86754807371579
2018-07-15 00:00:00.000000,0.33,11.82037438606612,12.50284411605845,9.175618969323294,14.37487195434449,18.83805139562968
2018-07-16 00:00:00.000000,0.33,11.80173252876907,12.48328039920844,9.1606231008415,14.35197120170394,18.80871380662927
2018-07-17 00:00:00.000000,0.33,11.78316473241534,12.46378656525461,9.14570397466605,14.32918146389256,18.77950918324827
2018-07-18 00:00:00.000000,0.33,11.92760849089268,12.60836688910019,9.383006570913023,14.4880064967305,18.97977041688928
2018-07-19 00:00:00.000000,0.33,11.89892547084435,12.58277631675736,9.237279921455952,14.45494855190164,18.95063004711884
2018-07-20 00:00:00.000000,0.33,11.88058566105436,12.5624848509402,9.22115640976672,14.43157878599247,18.91916686306668
2018-07-21 00:00:00.000000,0.33,11.86168844443637,12.54193011952487,9.20525973434322,14.40806527145918,18.88769657861411
2018-07-22 00:00:00.000000,0.33,11.90786017594384,12.5790103515742,9.39298668172989,14.44664541565704,18.91906367848653
2018-07-23 00:00:00.000000,0.33,11.9971988305887,12.65225013950491,9.687489904389745,14.5203464072379,18.98164451834299
2018-07-24 00:00:00.000000,0.33,11.94864881280314,12.61605519048301,9.31987807456244,14.48075834720037,18.95479237598896
2018-07-25 00:00:00.000000,0.33,11.92055746024805,12.58986038254885,9.251510704805806,14.4513467738587,18.9224703504185
2018-07-26 00:00:00.000000,0.33,11.91027423230437,12.58021916210978,9.262770840814676,14.43924203702391,18.90196317297466
2018-07-27 00:00:00.000000,0.33,11.8854784110062,12.5561983528944,9.221268332500115,14.41199644705272,18.87019809193627
2018-07-28 00:00:00.000000,0.33,11.86333638626604,12.53401235803248,9.203261814053617,14.38743241799238,18.83883962562689
2018-07-29 00:00:00.000000,0.33,11.84154793551287,12.51210236046685,9.185760304474353,14.36310164475969,18.80772855889042
2018-07-30 00:00:00.000000,0.33,11.82006282343968,12.49041672718986,9.168636792911407,14.33894499664385,18.77683442601296
2018-07-31 00:00:00.000000,0.33,11.79882299898451,12.46889525728514,9.151810079472186,14.31492350092991,18.74612717990904
2018-08-01 00:00:00.000000,0.33,11.7778501701706,12.4475855400872,9.135244620730992,14.29106933681548,18.71562483764447
2018-08-02 00:00:00.000000,0.33,11.76435475389931,12.43850890207267,9.124777899533203,14.2880067452524,18.70445413767683
2018-08-03 00:00:00.000000,0.33,11.74556514506694,12.41977910139371,9.11049674778261,14.26773533658812,18.67763404584748
2018-08-04 00:00:00.000000,0.33,11.72645508988692,12.4002902351891,9.095892622841179,14.24615185522426,18.64971456673528
2018-08-05 00:00:00.000000,0.33,11.70780319057729,12.38142896046703,9.081492852309804,14.22507917616153,18.62232103540403
2018-08-06 00:00:00.000000,0.33,11.68909677081612,12.36221913036725,9.067165049220506,14.20374107580801,18.59471141190555
2018-08-07 00:00:00.000000,0.33,11.67058837868695,12.34318160250515,9.05296625169311,14.18255010966728,18.56728117593995
2018-08-08 00:00:00.000000,0.33,11.65217840399882,12.32421353170357,9.038724138190364,14.16131138925367,18.53996092570901
2018-08-09 00:00:00.000000,0.33,11.63390538448027,12.30537501644498,9.024493436096476,14.1401359118274,18.51281855902687
2018-08-10 00:00:00.000000,0.33,11.61581639550045,12.28671701259634,9.010376668705861,14.11918219833688,18.48617993085928
2018-08-11 00:00:00.000000,0.33,11.5978767969947,12.26819158987793,8.996355116308376,14.09834261567002,18.45961524967611
2018-08-12 00:00:00.000000,0.33,11.58043949221046,12.2503943134851,8.982767320871398,14.07847022709404,18.43373322535713
2018-08-13 00:00:00.000000,0.33,11.56378729810464,12.23353787458139,8.971947054818598,14.05963828775558,18.40889495444883
2018-08-14 00:00:00.000000,0.33,11.57158063455701,12.24100666558762,8.989696750087727,14.0683901720158,18.42477792111929
2018-08-15 00:00:00.000000,0.33,11.55346752595724,12.22273376896141,8.964748202945378,14.04716358079684,18.39908163064946
2018-08-16 00:00:00.000000,0.33,11.53656598902493,12.20508860062,8.952445156238163,14.0272934671475,18.37297553496417
2018-08-17 00:00:00.000000,0.33,11.5196885022039,12.18750418145126,8.93973721199174,14.00745357750608,18.34697983841255
2018-08-18 00:00:00.000000,0.33,11.53036634665941,12.1986636278885,8.957635175409859,14.0186826489014,18.36169874658645
2018-08-19 00:00:00.000000,0.33,11.75642092816494,12.3957225499212,9.713968199986951,14.22036450681866,18.55423849461679
2018-08-20 00:00:00.000000,0.33,11.77364268128038,12.42043203110386,9.430185107000124,14.24440103251137,18.59703453291744
2018-08-21 00:00:00.000000,0.33,11.7211320079547,12.38048402465741,9.090394847609536,14.20270942874499,18.56866474670464
2018-08-22 00:00:00.000000,0.33,11.6987666062231,12.35923242851788,9.071461758464064,14.18084852231685,18.54130485794942
2018-08-23 00:00:00.000000,0.33,11.67711300935342,12.33840818149121,9.053920073303809,14.15923208017716,18.51410964100639
2018-08-24 00:00:00.000000,0.33,11.65595793628481,12.31787999103831,9.037094140553943,14.13768973293416,18.48736571584507
2018-08-25 00:00:00.000000,0.33,11.63525121680616,12.29762291111608,9.020829253724441,14.11622651301249,18.4606697345176
2018-08-26 00:00:00.000000,0.33,11.61495199128071,12.27761290238337,9.005035960713906,14.09485237389171,18.43381227923568
2018-08-27 00:00:00.000000,0.33,11.59504076864754,12.25786665299808,8.989635090828594,14.07365095850917,18.40715571086007
2018-08-28 00:00:00.000000,0.33,11.57565671009588,12.23847849062745,8.976280938170516,14.05277730346348,18.38070881942453
2018-08-29 00:00:00.000000,0.33,11.55668334754339,12.21937530756696,8.963701838825532,14.03213325528931,18.35444688076044
2018-08-30 00:00:00.000000,0.33,11.53796202717389,12.200459131226,8.950501020840113,14.01158786323125,18.32835506862836
2018-08-31 00:00:00.000000,0.33,11.51947108716873,12.18171274854261,8.936941397314285,13.9911346527673,18.30241099969257
2018-09-01 00:00:00.000000,0.33,11.50120109722435,12.16313742529518,8.923195051863013,13.97079263647482,18.27662331230172
2018-09-02 00:00:00.000000,0.33,11.49557104542335,12.16569469427818,8.917798590217863,13.98492677409664,18.28296672156781
2018-09-03 00:00:00.000000,0.33,11.4805950518696,12.15128686745161,8.90650388297376,13.97022542333656,18.2631727986184
2018-09-04 00:00:00.000000,0.33,11.46486949325536,12.1353588869603,8.894633455580342,13.9531815444219,18.24131589564541
2018-09-05 00:00:00.000000,0.33,11.44922188041384,12.11941365999826,8.882701188196274,13.93599669287266,18.21937608568421
2018-09-06 00:00:00.000000,0.33,11.43371117913016,12.10356613979671,8.870776598580907,13.91885463728541,18.1975307211522
2018-09-07 00:00:00.000000,0.33,11.43782876028293,12.10629861565185,8.880608462132068,13.92106991950751,18.20385190971522
2018-09-08 00:00:00.000000,0.33,11.44778912074789,12.11498336844589,8.89546751170803,13.93065585497411,18.21887041505521
2018-09-09 00:00:00.000000,0.33,11.43099195780366,12.09793943043909,8.872185358814136,13.9112480329653,18.19575480062024
2018-09-10 00:00:00.000000,0.33,11.44746975477104,12.11573726451239,8.894369084677283,13.93105356518887,18.2192428758945
2018-09-11 00:00:00.000000,0.33,11.62577993858535,12.27169748578395,9.47891829886679,14.09004834286322,18.37334772365471
2018-09-12 00:00:00.000000,0.33,11.66463416546086,12.31264435665739,9.359428883194713,14.13173365365258,18.42449207626383
2018-09-13 00:00:00.000000,0.33,12.18333541695086,12.75314527764406,11.09154330866458,14.58146478805406,18.83327935309023
2018-09-14 00:00:00.000000,0.33,12.01369520506706,12.64778976564755,9.407264754248022,14.47378777360916,18.82233813028228
2018-09-15 00:00:00.000000,0.33,11.97119859325956,12.61445931782816,9.282499756278153,14.44222853173047,18.79523776788072
2018-09-16 00:00:00.000000,0.33,11.94045828544288,12.58852815823677,9.256447274277953,14.41869776722106,18.76845353002039
2018-09-17 00:00:00.000000,0.33,11.91142516364071,12.5634303689035,9.232979326766896,14.39551521255389,18.74189379415884
2018-09-17 00:15:00.000003,0.33,11.91104735527005,12.5630377372326,9.23265382360188,14.39500493522281,18.74149371985838
2018-09-17 00:29:59.999997,0.33,11.91060984395871,12.56254021949056,9.232280024865569,14.39434150712597,18.74099702178962
2018-09-17 00:45:00.000000,0.33,11.9101540411385,12.56201121736046,9.23190613665613,14.39367757048794,18.74047272172345
2018-09-17 01:00:00.000003,0.33,11.90971914129826,12.56151663467381,9.231557148268408,14.3930952161645,18.73997949938929
2018-09-17 01:14:59.999997,0.33,11.90931159045838,12.56106984762842,9.231236094002588,14.39259995005906,18.73952972827563
2018-09-17 01:30:00.000000,0.33,11.90892743353546,12.56066458880267,9.23093741608357,14.39217324841503,18.73911850859314
2018-09-17 01:45:00.000003,0.33,11.90856651832437,12.56029933447624,9.230655965094297,14.39180388735873,18.73874409477352
2018-09-17 01:59:59.999997,0.33,11.9082282329594,12.55997233981891,9.230388924273377,14.39148395101463,18.73840418599112
2018-09-17 02:15:00.000000,0.33,11.90789844586615,12.55966242640165,9.230130286151345,14.39118807946707,18.73808046341803
2018-09-17 02:30:00.000003,0.33,11.90757748631987,12.55936760074946,9.229877830012473,14.39091176461391,18.73777124823255
2018-09-17 02:44:59.999997,0.33,11.90726332741423,12.559084468198,9.229629800209022,14.39065006544571,18.7374730975977
2018-09-17 03:00:00.000000,0.33,11.90695435096652,12.55881027976703,9.22938518631702,14.39039927308512,18.73718341138119
2018-09-17 03:15:00.000003,0.33,11.90664921064464,12.55854272978177,9.229143148371465,14.390156451812,18.73690003691454
2018-09-17 03:29:59.999997,0.33,11.90634696436767,12.55828014246027,9.228903070104732,14.38991950712933,18.73662141015345
2018-09-17 03:45:00.000000,0.33,11.90604693712422,12.55802130503178,9.228664506954088,14.38968694172523,18.73634638521587
2018-09-17 04:00:00.000003,0.33,11.90574863105116,12.5577653277609,9.22842714670735,14.38945767657467,18.73607411941821
2018-09-17 04:14:59.999997,0.33,11.90545168729288,12.55751156164119,9.228190758528436,14.3892309301163,18.73580399062456
2018-09-17 04:30:00.000000,0.33,11.90515583116316,12.55725951745003,9.227955178430843,14.38900612344696,18.7355355303201
2018-09-17 04:45:00.000003,0.33,11.90486087082081,12.55700884167702,9.227720280218662,14.38878283648586,18.73526839322433
2018-09-17 04:59:59.999997,0.33,11.90456665055539,12.55675925878448,9.227485975196801,14.3885607485633,18.73500231157834
2018-09-17 05:15:00.000000,0.33,11.90427305866013,12.55651056403059,9.227252192009352,14.38833962010756,18.7347370826176
2018-09-17 05:30:00.000003,0.33,11.90398000490113,12.55626259686326,9.227018879333444,14.38811926608805,18.73447254782716
2018-09-17 05:44:59.999997,0.33,11.90368742370581,12.55601523667993,9.226785995121258,14.38789954631684,18.73420858539113
2018-09-17 06:00:00.000000,0.33,11.90339526066653,12.55576838699841,9.226553508807024,14.38768035031838,18.73394509829803
2018-09-17 06:15:00.000003,0.33,11.90310347601992,12.55552197458719,9.226321394625918,14.38746159325171,18.73368201101581
2018-09-17 06:29:59.999997,0.33,11.90281203599759,12.55527593982547,9.226089633628208,14.38724320706551,18.73341926240016
2018-09-17 06:45:00.000000,0.33,11.90252091572482,12.55503023696207,9.225858209422707,14.38702513880491,18.7331568042263
2018-09-17 07:00:00.000003,0.33,11.90223009364059,12.55478482814487,9.225627109765922,14.38680734530331,18.73289459686906
2018-09-17 07:14:59.999997,0.33,11.90193955371312,12.55453968402113,9.225396323838536,14.38658979256375,18.73263260869986
2018-09-17 07:30:00.000000,0.33,11.90164928179833,12.55429477994727,9.225165843397086,14.38637245246258,18.73237081337466
2018-09-17 07:45:00.000003,0.33,11.90135926724261,12.55405009658348,9.22493566101693,14.38615530256923,18.73210918960491
2018-09-17 07:59:59.999997,0.33,11.90106950051014,12.55380561748184,9.224705770905398,14.38593832408452,18.73184771944489
2018-09-17 08:15:00.000000,0.33,11.90077997547457,12.55356133228736,9.224476169085092,14.38572150476062,18.73158639036578
2018-09-17 08:30:00.000003,0.33,11.90049068513385,12.55331722809123,9.224246849629804,14.38550482904222,18.73132518788113
2018-09-17 08:44:59.999997,0.33,11.90020162469485,12.55307329690129,9.224017809221895,14.38528828723633,18.73106410226704
2018-09-17 09:00:00.000000,0.33,11.89991278973076,12.55282953147883,9.223789044895003,14.38507187098009,18.7308031250767
2018-09-17 09:15:00.000003,0.33,11.89962417668351,12.55258592565113,9.223560553673527,14.38485557318799,18.73054224913059
2018-09-17 09:29:59.999997,0.33,11.89933578197932,12.55234247357878,9.223332333012461,14.38463938740817,18.73028146797211
2018-09-17 09:45:00.000000,0.33,11.89904760266906,12.55209917025987,9.223104380383804,14.38442330807322,18.73002077602971
2018-09-17 10:00:00.000003,0.33,11.89875963588872,12.55185601109857,9.22287669358063,14.38420733015721,18.72976016831194
2018-09-17 10:14:59.999997,0.33,11.8984718792676,12.55161299220485,9.222649270446086,14.38399144934329,18.72949964051615
2018-09-17 10:30:00.000000,0.33,11.89818433055233,12.55137011006769,9.22242210906584,14.38377566177646,18.72923918881228
2018-09-17 10:45:00.000003,0.33,11.89789698785787,12.55112736172003,9.222195207584862,14.38355996415314,18.7289788098993
2018-09-17 10:59:59.999997,0.33,11.89760984940642,12.55088474449754,9.221968564325799,14.38334435353524,18.72871850084508
2018-09-17 11:15:00.000000,0.33,11.89732291368187,12.55064225612901,9.221742177664458,14.38312882739205,18.72845825911041
2018-09-17 11:30:00.000003,0.33,11.89703617925655,12.55039989457326,9.221516046105386,14.38291338347272,18.72819808243924
2018-09-17 11:44:59.999997,0.33,11.89674964504921,12.55015765846009,9.221290168406552,14.38269802026481,18.72793796919933
2018-09-17 12:00:00.000000,0.33,11.89646330994058,12.54991554609756,9.221064542948382,14.38248273573226,18.72767791738263
2018-09-17 12:15:00.000003,0.33,11.89617568010308,12.54967164634815,9.220839185393718,14.3822658286901,18.72741659203408
2018-09-17 12:29:59.999997,0.33,11.89589039701765,12.54943021692801,9.220613617251495,14.38205096657956,18.72715693342844
2018-09-17 12:45:00.000000,0.33,11.89561368681375,12.54920209806382,9.220392337335541,14.38184960808302,18.726907783598
2018-09-17 13:00:00.000003,0.33,11.89532633396084,12.54895929741927,9.220167635839774,14.38163360623416,18.72664652179885
2018-09-17 13:14:59.999997,0.33,11.89503968875154,12.548715832418,9.219942866378327,14.38141671880888,18.72638532295728
2018-09-17 13:30:00.000000,0.33,11.89476189543598,12.54848542232609,9.219721559604565,14.38121296088977,18.72613440528186
2018-09-17 13:45:00.000003,0.33,11.89447429345969,12.54824128042356,9.219497115136647,14.38099540847246,18.7258720905833
2018-09-17 13:59:59.999997,0.33,11.89418778754337,12.54799718157814,9.219272656913404,14.38077767673304,18.7256102951394
2018-09-17 14:15:00.000000,0.33,11.89391038668118,12.54776666401224,9.21905220272002,14.38057361285342,18.7253592111597
2018-09-17 14:30:00.000003,0.33,11.89362250998842,12.54752168713312,9.218828018327264,14.38035514277473,18.72509611604628
2018-09-17 14:44:59.999997,0.33,11.89333586082569,12.54727678279118,9.218604021072993,14.38013648006762,18.72483362296967
2018-09-17 15:00:00.000000,0.33,11.89305843042358,12.54704558167898,9.218383776138982,14.37993158919475,18.72458189608097
2018-09-17 15:15:00.000003,0.33,11.89277103993703,12.5468005930015,9.21816030290136,14.37971291116811,18.72431870086564
2018-09-17 15:29:59.999997,0.33,11.89248487655979,12.546555826111,9.217936932495713,14.37949422824264,18.72405619259403
2018-09-17 15:45:00.000000,0.33,11.8922079396306,12.54632481758654,9.217717367209506,14.37928937904887,18.72380449563184
2018-09-17 16:00:00.000003,0.33,11.8919210057616,12.54607999881272,9.217494550757138,14.37907073686717,18.72354131115507
2018-09-17 16:14:59.999997,0.33,11.89163532107641,12.54583542326667,9.217271848522355,14.37885210607885,18.72327883338432
2018-09-17 16:30:00.000000,0.33,11.89135886652457,12.54560460750115,9.217052918721489,14.37864730588566,18.72302716665609
2018-09-17 16:45:00.000003,0.33,11.89107248532491,12.54536008281179,9.216830800159803,14.37842881501103,18.72276409483939
2018-09-17 16:59:59.999997,0.33,11.89078737345151,12.54511584432036,9.216608785078856,14.37821037951527,18.7225017585739
2018-09-17 17:15:00.000000,0.33,11.8905114851093,12.54488536330877,9.21639057175075,14.37800576995967,18.72225023711684
2018-09-17 17:30:00.000003,0.33,11.89022560648958,12.54464110881616,9.216169123461539,14.37778742277624,18.72198725846718
2018-09-17 17:44:59.999997,0.33,11.88994100409177,12.54439713097387,9.215947785779493,14.37756911464778,18.72172501216277
2018-09-17 18:00:00.000000,0.33,11.88966561455044,12.54416688469357,9.215730202055315,14.37736460115446,18.72147355802606
2018-09-17 18:15:00.000003,0.33,11.88938031469043,12.54392297397118,9.215509454339571,14.37714645751416,18.72121073612356
2018-09-17 18:29:59.999997,0.33,11.88909630361789,12.54367937372673,9.215288800860423,14.37692838854144,18.72094866714363
2018-09-17 18:45:00.000000,0.33,11.88882149249186,12.54344949259236,9.21507193114091,14.37672409915516,18.72069738596923
2018-09-17 19:00:00.000003,0.33,11.88853670064683,12.54320587248399,9.214851844452799,14.37650612322337,18.72043467678282
2018-09-17 19:14:59.999997,0.33,11.88825320234263,12.54296254795056,9.214631859146387,14.37628819952232,18.72017271307529
2018-09-17 19:30:00.000000,0.33,11.88797889031435,12.54273291136781,9.2144156094566,14.37608401866532,18.71992151018311
2018-09-17 19:45:00.000003,0.33,11.88769467340935,12.54248963857683,9.21419621071432,14.37586625232625,18.71965896362403
2018-09-17 19:59:59.999997,0.33,11.88741175913383,12.54224668935186,9.213976896616083,14.37564856796518,18.71939717872012
2018-09-17 20:15:00.000000,0.33,11.88713801683971,12.54201741224528,9.213761341481186,14.37544460778442,18.71914614673182
2018-09-17 20:30:00.000003,0.33,11.88685431215858,12.54177443960187,9.213542593728455,14.37522701918064,18.71888372306483
2018-09-17 20:44:59.999997,0.33,11.88657032079637,12.54152987009487,9.213324043621743,14.37500781646528,18.71862071071394
2018-09-17 21:00:00.000000,0.33,11.88628898965333,12.54128800203929,9.21310516824348,14.37479088357063,18.71835955628461
2018-09-17 21:15:00.000003,0.33,11.8860168215273,12.54106035630897,9.212890641166936,14.37458830643068,18.71810955856527
2018-09-17 21:29:59.999997,0.33,11.8857344265404,12.54081884986524,9.212673074493342,14.37437201108488,18.71784807033142
2018-09-17 21:45:00.000000,0.33,11.88545318953198,12.54057742052699,9.2124555322559,14.37415555542389,18.71758717804256
2018-09-17 22:00:00.000003,0.33,11.88518095748406,12.54034936927689,9.212241627099118,14.3739525217116,18.71733682537937
2018-09-17 22:14:59.999997,0.33,11.88489879724026,12.54010764206653,9.212024559448105,14.37373588092541,18.71707510739438
2018-09-17 22:30:00.000000,0.33,11.88461789812878,12.53986615139253,9.211807529738406,14.37351922552576,18.71681408597787
2018-09-17 22:45:00.000003,0.33,11.88434607392151,12.53963818159073,9.211594221366827,14.37331613507482,18.71656371041832
2018-09-17 22:59:59.999997,0.33,11.8840642736516,12.53939648832013,9.21137769214256,14.37309940377779,18.71630192364064
2018-09-17 23:15:00.000000,0.33,11.88378376082673,12.53915506729007,9.211161233060272,14.37288268879233,18.71604086242067
2018-09-17 23:30:00.000003,0.33,11.88351234032253,12.53892719292973,9.210948463562644,14.37267956026814,18.71579046077434
2018-09-17 23:44:59.999997,0.33,11.88323102686905,12.53868571092492,9.21073254829974,14.37246290422014,18.7155287405256
2018-09-18 00:00:00.000000,0.33,11.88295102275752,12.5384445531817,9.210516693408787,14.3722463188918,18.71526777933585
2018-09-18 00:15:00.000003,0.33,11.97148172315669,12.58934871689792,10.25512665940763,14.42884215551144,18.7219099100012
2018-09-18 00:29:59.999997,0.33,11.99109505741669,12.60835106013417,10.29873882727494,14.45223194980039,18.72884022696564
2018-09-18 00:45:00.000000,0.33,11.99839187974463,12.61751448998416,10.30590708117887,14.46381442848789,18.73499342282308
2018-09-18 01:00:00.000003,0.33,12.00326322717567,12.6238239403532,10.30984337553786,14.47150098928214,18.7403413675646
2018-09-18 01:14:59.999997,0.33,12.00729372022261,12.62885076087082,10.31298444429454,14.47731605534009,18.74497802276723
2018-09-18 01:30:00.000000,0.33,12.01084194567859,12.63306171679664,10.31572821730177,14.48196717377326,18.74903347321573
2018-09-18 01:45:00.000003,0.33,12.01405754425452,12.63669223174549,10.31821886964544,14.48583126264253,18.75263969370637
2018-09-18 01:59:59.999997,0.33,12.01704023935724,12.63991160829092,10.3205402080626,14.48915974753332,18.75591735469649
2018-09-18 02:15:00.000000,0.33,12.01985438342012,12.64283231803186,10.32274476687707,14.49211558576052,18.75895370327352
2018-09-18 02:30:00.000003,0.33,12.02254428803669,12.64553241113491,10.32486650629673,14.49480658594321,18.76181174393933
2018-09-18 02:44:59.999997,0.33,12.02514929345629,12.64808100143803,10.32693159122481,14.4973180779469,18.76454651960912
2018-09-18 03:00:00.000000,0.33,12.02768789246022,12.65051185291011,10.32895446660267,14.49969492163171,18.76718573046044
2018-09-18 03:15:00.000003,0.33,12.03018307191131,12.65286520794712,10.33094844121951,14.50198280468796,18.76976141409094
2018-09-18 03:29:59.999997,0.33,12.03264123899607,12.6551535305136,10.33291947529064,14.50419877869328,18.77228404883964
2018-09-18 03:45:00.000000,0.33,12.03507712962624,12.65740237671722,10.33487514163716,14.50636999407891,18.77477373231074
2018-09-18 04:00:00.000003,0.33,12.03749236520918,12.6596157469811,10.33681788938904,14.50850265563153,18.77723409442405
2018-09-18 04:14:59.999997,0.33,12.03989205871232,12.66180200838523,10.33875020844959,14.51060602686378,18.77967205941198
2018-09-18 04:30:00.000000,0.33,12.04228050821386,12.66396930664771,10.34067478220864,14.5126887541384,18.78209407285332
2018-09-18 04:45:00.000003,0.33,12.04466287418694,12.66612669836191,10.34259420047394,14.51476005489331,18.78450706705748
2018-09-18 04:59:59.999997,0.33,12.04703589755594,12.66826891044642,10.34450762802207,14.51681569277897,18.78690749535942
2018-09-18 05:15:00.000000,0.33,12.04940603988031,12.67040686686002,10.34641763135208,14.51886612818998,18.78930378150702
2018-09-18 05:30:00.000003,0.33,12.05176922351016,12.67253395119781,10.34832304450756,14.52090562887067,18.7916911765589
2018-09-18 05:44:59.999997,0.33,12.05413123944429,12.6746599059078,10.35022606154327,14.52294335815244,18.7940771117309
2018-09-18 06:00:00.000000,0.33,12.05648765608598,12.67677744683412,10.35212527854193,14.52497283625061,18.79645629034913
2018-09-18 06:15:00.000003,0.33,12.0588443123732,12.67889636060558,10.35402288056982,14.52700310084567,18.79883600099305
2018-09-18 06:29:59.999997,0.33,12.06119827641811,12.68101203798215,10.35591806663716,14.5290301188214,18.80121286515696
2018-09-18 06:45:00.000000,0.33,12.06354774959906,12.68312114828168,10.35780982302127,14.5310508763094,18.80358477672767
2018-09-18 07:00:00.000003,0.33,12.06589792315688,12.68523250073763,10.35970037297083,14.5330734431662,18.80595810248479
2018-09-18 07:14:59.999997,0.33,12.06824596316288,12.68734157712149,10.36158879652951,14.5350938423077,18.80832950072247
2018-09-18 07:30:00.000000,0.33,12.07059027354838,12.68944540112232,10.36347420911068,14.53710938688428,18.81069709011735
2018-09-18 07:45:00.000003,0.33,12.07293300746156,12.69154763426593,10.36535755441216,14.53912337323195,18.81306355595659
2018-09-18 07:59:59.999997,0.33,12.07528017495597,12.69365811138119,10.36724419264036,14.54115845571681,18.81545119919332
2018-09-18 08:15:00.000000,0.33,12.07762833589907,12.69577161199808,10.36913242646935,14.5432056009265,18.81784807087434
2018-09-18 08:30:00.000003,0.33,12.0799749425887,12.6978837480299,10.3710177908165,14.54524662793171,18.82023778657947
2018-09-18 08:44:59.999997,0.33,12.08231946245983,12.69999387785221,10.37289981066725,14.54727993363187,18.82262016783378
2018-09-18 09:00:00.000000,0.33,12.08466387061169,12.70210521846004,10.37477964966175,14.54931057452897,18.82499993972435
2018-09-18 09:15:00.000003,0.33,12.08700601118101,12.70421406091006,10.37665691230915,14.55133679808399,18.82737596516774
2018-09-18 09:29:59.999997,0.33,12.08934569505593,12.70631996488076,10.37853153843584,14.55335916560227,18.8297489846992
2018-09-18 09:45:00.000000,0.33,12.09168293454883,12.70842289173285,10.38040363864526,14.55537814147206,18.83211946108543
2018-09-18 10:00:00.000003,0.33,12.0940166730346,12.7105209550804,10.38227276309096,14.55739226776962,18.83448628647449
2018-09-18 10:14:59.999997,0.33,12.09634835482993,12.71261659378887,10.38413967823323,14.55940388585147,18.8368513418979
2018-09-18 10:30:00.000000,0.33,12.09868150489469,12.71471589972428,10.38600579144672,14.56141873023532,18.83921892619355
2018-09-18 10:45:00.000003,0.33,12.10101150452728,12.71681125500979,10.38786952664727,14.56342999600743,18.84158361160493
2018-09-18 10:59:59.999997,0.33,12.10334004099216,12.71890520267919,10.38973132214405,14.56543995060814,18.84394742593199
2018-09-18 11:15:00.000000,0.33,12.10566708911386,12.72099786022762,10.39159129362574,14.56744873299538,18.84631039600684
2018-09-18 11:30:00.000003,0.33,12.10799584643068,12.72309459424372,10.39345070276195,14.5694613037224,18.84867630293735
2018-09-18 11:44:59.999997,0.33,12.11032080847966,12.7251862868298,10.39530750139731,14.57146944347454,18.85103869360535
2018-09-18 12:00:00.000000,0.33,12.11264438127894,12.7272766836675,10.39716242399239,14.57347643316995,18.85340040500108
2018-09-18 12:15:00.000003,0.33,12.11496973673286,12.72937132152905,10.39901684837467,14.57548723742799,18.85576502890732
2018-09-18 12:29:59.999997,0.33,12.11729374837479,12.73146520215454,10.40086973539871,14.57749724782607,18.85812879589776
2018-09-18 12:45:00.000000,0.33,12.11961677972927,12.73355872639425,10.40272100866975,14.57950675665073,18.860492235012
2018-09-18 13:00:00.000003,0.33,12.12193818973348,12.73565111466162,10.4045699445092,14.58151518301094,18.86285505596542
2018-09-18 13:14:59.999997,0.33,12.12425781294884,12.73774129989746,10.40641649606573,14.58352168526032,18.86521648302055
2018-09-18 13:30:00.000000,0.33,12.12657637332643,12.73983101630164,10.40826143148113,14.58552790202844,18.86757779009388
2018-09-18 13:45:00.000003,0.33,12.12889357035938,12.7419196276561,10.41010474869221,14.58753331989084,18.8699385027218
2018-09-18 13:59:59.999997,0.33,12.13121228608774,12.74401192885894,10.41194752431365,14.58954239410002,18.87230205478489
2018-09-18 14:15:00.000000,0.33,12.13352958358454,12.74610314688537,10.41378887395324,14.59155075707539,18.87466491512271
2018-09-18 14:30:00.000003,0.33,12.13584550464498,12.74819330503424,10.41562851903497,14.59355805984051,18.87702688739298
2018-09-18 14:44:59.999997,0.33,12.13816062607087,12.75028342283463,10.41746668171272,14.59556481964707,18.87938819412663
2018-09-18 15:00:00.000000,0.33,12.14047521287809,12.75237396387522,10.41930351011838,14.59757144909781,18.88174905865401
2018-09-18 15:15:00.000003,0.33,12.14278825367022,12.75446325946644,10.42113867130947,14.59957676305334,18.88410869240579
2018-09-18 15:29:59.999997,0.33,12.14509939294972,12.75655014379884,10.42297174050418,14.60157997411401,18.88646667703543
2018-09-18 15:45:00.000000,0.33,12.14740922331818,12.7586359895966,10.42480328659157,14.6035825356777,18.88882430380206
2018-09-18 16:00:00.000003,0.33,12.14972044101417,12.76072527779514,10.42663447521131,14.60558913647646,18.89118510757913
2018-09-18 16:14:59.999997,0.33,12.15202820966408,12.76280995597824,10.42846331076162,14.60759224898953,18.89354332602095
2018-09-18 16:30:00.000000,0.33,12.15433425577645,12.76489262442234,10.43029025365284,14.6095937999564,18.89590077377257
2018-09-18 16:45:00.000003,0.33,12.15663816513844,12.76697302731128,10.43211530755143,14.61159358928422,18.89825720872175
2018-09-18 16:59:59.999997,0.33,12.15894237510696,12.76905582965061,10.43393950167357,14.61359607896849,18.90061603080146
2018-09-18 17:15:00.000000,0.33,12.16124222584306,12.77113302288047,10.43576108338053,14.61559393702229,18.90297139954335
2018-09-18 17:30:00.000003,0.33,12.16354253618721,12.77321257849177,10.43758186202802,14.6175943013929,18.90532900968767
2018-09-18 17:44:59.999997,0.33,12.16584049254521,12.77528996889885,10.43940085279015,14.61959311075224,18.90768546504919
2018-09-18 18:00:00.000000,0.33,12.16813465661318,12.77736250028049,10.44121721146507,14.62158787288068,18.91003899673314
2018-09-18 18:15:00.000003,0.33,12.17043060538593,12.7794397136739,10.44303434186659,14.6235874853077,18.91239451640254
2018-09-18 18:29:59.999997,0.33,12.17272461918587,12.78151544569779,10.44485012230666,14.6255863760121,18.91474820766938
2018-09-18 18:45:00.000000,0.33,12.17501919027036,12.78359374706111,10.44666512517492,14.62758786609027,18.91710410426055
2018-09-18 19:00:00.000003,0.33,12.17731144449529,12.7856698908493,10.44847804550372,14.62958756541134,18.91945918723133
2018-09-18 19:14:59.999997,0.33,12.17960131573022,12.78774357616563,10.45028875238199,14.63158510880028,18.92181334045186
2018-09-18 19:30:00.000000,0.33,12.1818896230028,12.78981614138654,10.45209771298743,14.63358156740948,18.92416715292414
2018-09-18 19:45:00.000003,0.33,12.18417553600363,12.79188640073125,10.45390466168387,14.63557592392135,18.92651968400165
2018-09-18 19:59:59.999997,0.33,12.18645880379472,12.7939535113806,10.45570931340572,14.63756740416607,18.92887020626095
2018-09-18 20:15:00.000000,0.33,12.1887405587617,12.79601966038645,10.45751243990605,14.63955809094455,18.93122031203898
2018-09-18 20:30:00.000003,0.33,12.1910231312539,12.79808878166419,10.45931500990707,14.64155175858267,18.93357280934823
2018-09-18 20:44:59.999997,0.33,12.19330405202374,12.80015672765763,10.46111618057899,14.6435447895136,18.93592478481694
2018-09-18 21:00:00.000000,0.33,12.1955814033413,12.80222005905553,10.46291487996914,14.64553415318871,18.93827411809386
2018-09-18 21:15:00.000003,0.33,12.19785688237951,12.80428152236209,10.46471184952384,14.64752221356596,18.94062275004749
2018-09-18 21:29:59.999997,0.33,12.2001327011332,12.80634507394913,10.46650810500724,14.64951258643592,18.94297334042002
2018-09-18 21:45:00.000000,0.33,12.20240468275442,12.80840359370901,10.46830193530015,14.65149880744196,18.94532076828624
2018-09-18 22:00:00.000003,0.33,12.20467712619328,12.81046428936816,10.47009500177364,14.65348735626122,18.94767024683745
2018-09-18 22:14:59.999997,0.33,12.20694578010687,12.8125200285471,10.47188566812722,14.65547175815868,18.95001654070031
2018-09-18 22:30:00.000000,0.33,12.20921497000586,12.8145780560812,10.47367560292319,14.65745852966869,18.95236488898976
2018-09-18 22:45:00.000003,0.33,12.21148045838981,12.81663126808282,10.47546317549826,14.65944123388996,18.95471008526493
2018-09-18 22:59:59.999997,0.33,12.21374653685623,12.81868686024871,10.4772500496792,14.66142635636517,18.95705734794156
2018-09-18 23:15:00.000000,0.33,12.21600898834454,12.82073775257509,10.47903459565691,14.66340748658791,18.95940149573488
2018-09-18 23:30:00.000003,0.33,12.21873922152774,12.82322529756163,10.48087799799333,14.66546398374502,18.96176421744181
2018-09-18 23:44:59.999997,0.33,12.2211283131054,12.82543437334436,10.48269024759116,14.66749923566272,18.96412635397819
2018-09-19 00:00:00.000000,0.33,12.22342937446782,12.8275436986323,10.48448500278471,14.66951213440029,18.96648375599981
2018-09-19 00:15:00.000003,0.33,12.13816598129356,12.78010287379884,9.444696387010945,14.61769533746477,18.96325915063358
2018-09-19 00:29:59.999997,0.33,12.12218623718642,12.76563662882307,9.404211478003548,14.60063435206579,18.96078682902456
2018-09-19 00:45:00.000000,0.33,12.11856017347094,12.76117273604577,9.400006317798868,14.5952984650501,18.95931563691783
2018-09-19 01:00:00.000003,0.33,12.11714828225136,12.75921862498227,9.398769481218324,14.59306068813458,18.95837213756601
2018-09-19 01:14:59.999997,0.33,12.11628567877212,12.75804497977704,9.398046573468056,14.5918056186724,18.9576988139896
2018-09-19 01:30:00.000000,0.33,12.1156294843831,12.75720684115177,9.397487001284464,14.59096666199621,18.95717759462262
2018-09-19 01:45:00.000003,0.33,12.11506765503635,12.7565453588616,9.397003146552745,14.59034540269899,18.95674852113782
2018-09-19 01:59:59.999997,0.33,12.11455729523847,12.75599482244155,9.396584719461512,14.58987339131521,18.9563809012051
2018-09-19 02:15:00.000000,0.33,12.11411813135833,12.75555391823014,9.39628760447213,14.58956887215065,18.95606405929987
2018-09-19 02:30:00.000003,0.33,12.11369338091542,12.75515542255196,9.39592622608927,14.58926616445006,18.95577217888298
2018-09-19 02:44:59.999997,0.33,12.11328134131933,12.75478685820462,9.395554727920485,14.58897352724705,18.95549574772381
2018-09-19 03:00:00.000000,0.33,12.11288193665396,12.75444297674335,9.395187405330137,14.58869788403062,18.95523029279153
2018-09-19 03:15:00.000003,0.33,12.11249117323843,12.75411524959611,9.394825114528762,14.58843477828873,18.95497074763249
2018-09-19 03:29:59.999997,0.33,12.11210850793469,12.75380184272385,9.394467422612438,14.58818344187526,18.95471666331296
2018-09-19 03:45:00.000000,0.33,12.11173247710161,12.75350007780394,9.394113843997696,14.58794187252243,18.95446703976715
2018-09-19 04:00:00.000003,0.33,12.11136243277674,12.75320852702506,9.393763783563186,14.58770902774335,18.95422169428434
2018-09-19 04:14:59.999997,0.33,12.11099361075157,12.75291958923837,9.393415627763515,14.58747802576851,18.9539760039436
2018-09-19 04:30:00.000000,0.33,12.11062901233359,12.75263696348391,9.393069538327659,14.58725233064368,18.95373313843976
2018-09-19 04:45:00.000003,0.33,12.11026540283652,12.75235629621341,9.39272507723194,14.58702811871149,18.95349027110521
2018-09-19 04:59:59.999997,0.33,12.10990023529862,12.75207297143706,9.392380852156544,14.58680095158045,18.95324446204238
2018-09-19 05:15:00.000000,0.33,12.10953945135634,12.75179581595144,9.39203837283236,14.58657921928885,18.95300229589319
2018-09-19 05:30:00.000003,0.33,12.10917601280383,12.75151477700205,9.391696145239301,14.58635320871502,18.95275610587592
2018-09-19 05:44:59.999997,0.33,12.10881374939151,12.7512347782916,9.391354434345425,14.58612749625697,18.95250982180616
2018-09-19 06:00:00.000000,0.33,12.10845308589702,12.75095709370306,9.391013887191502,14.58590355742746,18.9522644329565
2018-09-19 06:15:00.000003,0.33,12.10809435403095,12.75068204958434,9.39067473585666,14.5856818356501,18.95202030342667
2018-09-19 06:29:59.999997,0.33,12.1077327405974,12.75040252101607,9.390335544676066,14.58545559674438,18.95177233235588
2018-09-19 06:45:00.000000,0.33,12.10737246700693,12.75012424087569,9.389996938446814,14.58523024709975,18.95152491417662
2018-09-19 07:00:00.000003,0.33,12.10701447908651,12.74984921638376,9.389659709996227,14.58500783456604,18.95127940368373
2018-09-19 07:14:59.999997,0.33,12.10665392781371,12.74957017035384,9.389322637782406,14.58478143651713,18.95103048315571
2018-09-19 07:30:00.000000,0.33,12.10629643062571,12.74929505859859,9.388986673336888,14.58455858375519,18.95078417156153
2018-09-19 07:45:00.000003,0.33,12.10593708653617,12.74901718708527,9.388651156762036,14.58433299089233,18.95053538497426
2018-09-19 07:59:59.999997,0.33,12.10557961843702,12.74874149113519,9.388316600613237,14.5841092907842,18.95028791519348
2018-09-19 08:15:00.000000,0.33,12.10522073715245,12.7484634419653,9.387982233433288,14.58388319618806,18.95003834009056
2018-09-19 08:30:00.000003,0.33,12.10486184866154,12.74818478318479,9.387648490303665,14.58365638259546,18.94978794212941
2018-09-19 08:44:59.999997,0.33,12.10450543481096,12.74790923773798,9.387315601449565,14.58343235450102,18.94953943059716
2018-09-19 09:00:00.000000,0.33,12.10414586279684,12.74762895539673,9.386982897199173,14.58320373442093,18.94928703764766
2018-09-19 09:15:00.000003,0.33,12.1037875834415,12.74734980982664,9.38665068703377,14.58297598496425,18.9490352797281
2018-09-19 09:29:59.999997,0.33,12.10343155890051,12.74707384438462,9.386319788955737,14.58275116378159,18.94878551820494
2018-09-19 09:45:00.000000,0.33,12.10307371022005,12.74679513141682,9.385989290352606,14.58252364338661,18.94853339670312
2018-09-19 10:00:00.000003,0.33,12.10271773549507,12.74651858126356,9.385659701934669,14.58229802712799,18.94828265681139
2018-09-19 10:14:59.999997,0.33,12.10236030870288,12.74623964699927,9.385330293290691,14.58207000254871,18.94802984804252
2018-09-19 10:30:00.000000,0.33,12.10200302956587,12.74596036124839,9.385001523075406,14.58184150126393,18.9477765826198
2018-09-19 10:45:00.000003,0.33,12.10164650649926,12.74568164440357,9.384673105155992,14.58161333586075,18.94752345690247
2018-09-19 10:59:59.999997,0.33,12.1012916184463,12.74540528789071,9.384346082591852,14.58138736762596,18.94727177621644
2018-09-19 11:15:00.000000,0.33,12.10093528385293,12.74512656660767,9.384019224996594,14.58115902637394,18.94701805776705
2018-09-19 11:30:00.000003,0.33,12.10057859000744,12.74484654583183,9.383692653293359,14.58092925153885,18.94676318247794
2018-09-19 11:44:59.999997,0.33,12.10022465654851,12.74457039444633,9.383367323558899,14.58070305086177,18.94651091089632
2018-09-19 12:00:00.000000,0.33,12.09986829552727,12.74429052762697,9.38304221481042,14.58047320506927,18.94625555933646
2018-09-19 12:15:00.000003,0.33,12.09951251864907,12.7440108006373,9.382717324994521,14.58024317691732,18.94600018376591
2018-09-19 12:29:59.999997,0.33,12.09915810486599,12.74373299408878,9.38239351159511,14.58001479067346,18.94574600962745
2018-09-19 12:45:00.000000,0.33,12.09880379129094,12.74345500269511,9.382070099310939,14.57978599590254,18.94549142639305
2018-09-19 13:00:00.000003,0.33,12.09844921627102,12.74317631203373,9.381747408699356,14.57955642325703,18.94523614366558
2018-09-19 13:14:59.999997,0.33,12.09809708986557,12.74290077433583,9.381425536452676,14.57932967004722,18.94498295222464
2018-09-19 13:30:00.000000,0.33,12.09774199767078,12.74262083641865,9.381103873024896,14.57909856311919,18.94472610992099
2018-09-19 13:45:00.000003,0.33,12.09738753446165,12.74234099578755,9.380782335047424,14.57886709793994,18.94446892503181
2018-09-19 13:59:59.999997,0.33,12.09703387342544,12.74206206025615,9.380461575200727,14.57863617830587,18.94421193606935
2018-09-19 14:15:00.000000,0.33,12.09668239530579,12.74178621777916,9.380141969255977,14.57840801544498,18.94395684017142
2018-09-19 14:30:00.000003,0.33,12.0963291115921,12.74150769455374,9.379822748975409,14.57817716389205,18.9436994464096
2018-09-19 14:44:59.999997,0.33,12.09597767574168,12.74123128378462,9.379504326235091,14.57794817002225,18.94344343524417
2018-09-19 15:00:00.000000,0.33,12.09562471337794,12.74095243905159,9.379186064982703,14.5777167142115,18.9431853590565
2018-09-19 15:15:00.000003,0.33,12.09527389351923,12.74067608657713,9.378868686849893,14.57748750052987,18.942928968196
2018-09-19 15:29:59.999997,0.33,12.09492066276764,12.74039615437053,9.378551526155375,14.57725480396549,18.94266969782984
2018-09-19 15:45:00.000000,0.33,12.09457007725955,12.7401194837001,9.37823511766926,14.57702505926759,18.94241268902022
2018-09-19 16:00:00.000003,0.33,12.09421796907999,12.73984056278917,9.377919190440302,14.57679310304975,18.94215376404967
2018-09-19 16:14:59.999997,0.33,12.09386786363923,12.73956407016535,9.377604153315168,14.57656336210009,18.94189648657356
2018-09-19 16:30:00.000000,0.33,12.09351632994337,12.73928532847871,9.377289324579753,14.57633137024169,18.9416373066703
2018-09-19 16:45:00.000003,0.33,12.0931649638092,12.7390063246585,9.376975092718865,14.57609904933242,18.94137783470803
2018-09-19 16:59:59.999997,0.33,12.09281626731299,12.73873067401025,9.37666158053681,14.57586975558998,18.94112060093911
2018-09-19 17:15:00.000000,0.33,12.0924649152508,12.73845131409718,9.376348517294298,14.57563668414349,18.94085556288488
2018-09-19 17:30:00.000003,0.33,12.09211612722497,12.73817507284008,9.376036109689716,14.57540625586416,18.94059137661706
2018-09-19 17:44:59.999997,0.33,12.0917650159502,12.73789527189662,9.375723900608406,14.57517227091761,18.94032406601265
2018-09-19 18:00:00.000000,0.33,12.0914167652214,12.73761914227083,9.375412577095737,14.57494161202837,18.94005928472728
2018-09-19 18:15:00.000003,0.33,12.09106698852598,12.73734081249948,9.375101719771301,14.57470878291904,18.93979269489202
2018-09-19 18:29:59.999997,0.33,12.09071912354454,12.73706474188161,9.374791669853883,14.57447800518992,18.93952770448848
2018-09-19 18:45:00.000000,0.33,12.09036977237521,12.73678637976044,9.374481835287447,14.57424494609326,18.93926089333707
2018-09-19 19:00:00.000003,0.33,12.09002255590567,12.73651051115517,9.374172820848854,14.57401415503114,18.93899586343925
2018-09-19 19:14:59.999997,0.33,12.08967316618169,12.73623146168319,9.373864068251311,14.57378029010896,18.93872840282377
2018-09-19 19:30:00.000000,0.33,12.08932641631649,12.73595565273636,9.373556036126313,14.57354936852373,18.93846324354021
2018-09-19 19:45:00.000003,0.33,12.08897971561208,12.73567995708778,9.373248883354464,14.57331853911828,18.93819802703067
2018-09-19 19:59:59.999997,0.33,12.0886313794174,12.73540165288379,9.372941864966137,14.57308514512385,18.9379308485355
2018-09-19 20:15:00.000000,0.33,12.08828519351134,12.73512582347498,9.372635572341153,14.5728539907745,18.93766543229829
2018-09-19 20:30:00.000003,0.33,12.08793754320428,12.73484780103214,9.37232953646199,14.57262070893191,18.93739831046712
2018-09-19 20:44:59.999997,0.33,12.08759208746092,12.73457236214175,9.372024304977412,14.57238980871625,18.93713306252306
2018-09-19 21:00:00.000000,0.33,12.08724489102102,12.73429451385827,9.371719451799528,14.57215658982955,18.93686594570987
2018-09-19 21:15:00.000003,0.33,12.08689985120549,12.73401914609973,9.371415317161294,14.57192562837125,18.93660061099483
2018-09-19 21:29:59.999997,0.33,12.08655327424328,12.73374157070821,9.371111513045529,14.57169250713011,18.93633352872817
2018-09-19 21:45:00.000000,0.33,12.08620889927159,12.73346656021726,9.37080846459356,14.57146172355645,18.9360682827977
2018-09-19 22:00:00.000003,0.33,12.08586236491337,12.73318839800715,9.370505679854588,14.57122790705625,18.93580063531699
2018-09-19 22:14:59.999997,0.33,12.08551855300129,12.73291363182098,9.370203592557878,14.57099718186274,18.93553539928652
2018-09-19 22:30:00.000000,0.33,12.08517486919686,12.73263910512152,9.369902397970296,14.57076667581599,18.93527020156192
2018-09-19 22:45:00.000003,0.33,12.084831257632,12.73236445730802,9.369601737234765,14.57053600030484,18.93500485208278
2018-09-19 22:59:59.999997,0.33,12.08448775374189,12.73208966106582,9.369301544838834,14.57030510952103,18.93473932917344
2018-09-19 23:15:00.000000,0.33,12.08414282764976,12.73181262700018,9.369001638977252,14.57007205527081,18.93447215186431
2018-09-19 23:30:00.000003,0.33,12.08380039208101,12.73153827854984,9.368702072487682,14.56984131495189,18.93420679018105
2018-09-19 23:44:59.999997,0.33,12.08345566306554,12.73126095727708,9.368403176585595,14.56960782315795,18.93393922509121
2018-09-20 00:00:00.000000,0.33,12.08311397170988,12.7309870771009,9.368104605887059,14.56937736405118,18.93367404424849
2018-09-20 00:15:00.000003,-0.9789765936165568,12.01342854391376,12.66772951467788,9.200559720196653,14.52696293659337,18.92953331564816
2018-09-20 00:29:59.999997,-1.173770064303058,11.97587582855637,12.62223220490772,9.146610238388387,14.49195123132008,18.92364498085663
2018-09-20 00:45:00.000000,-1.337227953201678,11.94933459855574,12.58700646177971,9.110771513153605,14.46371763446435,18.91725328739588
2018-09-20 01:00:00.000003,-1.456881169051233,11.92879287546548,12.55850159300214,9.084485955245897,14.4403615985068,18.91099515141309
2018-09-20 01:14:59.999997,-1.537634627775968,11.91301206824848,12.53575328348367,9.065710687008314,14.42132539020443,18.90523923111981
2018-09-20 01:30:00.000000,-1.562062109460892,11.90237614079517,12.51921998563451,9.055819249152531,14.40700907641335,18.90024776352472
2018-09-20 01:45:00.000003,-1.534742234529154,11.89684053789231,12.50901356799566,9.05439482316986,14.3975839836619,18.89618705398343
2018-09-20 01:59:59.999997,-1.45048252848424,11.89670383831062,12.50547568564341,9.062057089977236,14.39332689973862,18.89318008803525
2018-09-20 02:15:00.000000,-1.300977336220019,11.90312684917858,12.50957774784523,9.080938551834612,14.39482253146142,18.89135186106544
2018-09-20 02:30:00.000003,-1.101223739299169,11.9157187579224,12.52108870245321,9.109550476480983,14.40196491951661,18.89076817842365
2018-09-20 02:44:59.999997,-0.8584681437958415,11.93353775811367,12.53926088183073,9.146067850050354,14.41434087467174,18.89143370747853
2018-09-20 03:00:00.000000,-0.5947231587259039,11.95516737823205,12.56270575642201,9.187448531820287,14.43100541481567,18.89326837837361
2018-09-20 03:15:00.000003,-0.3069158282318039,11.98023921626783,12.59081596986919,9.233561537237206,14.45145440356485,18.89618027194348
2018-09-20 03:29:59.999997,-0.01833480982403778,12.00723159268492,12.62203962252721,9.281190891765291,14.47459816924884,18.90001284702594
2018-09-20 03:45:00.000000,0.2747589725202266,12.0357272168577,12.65565004156596,9.330238073235574,14.49981405877131,18.90461289722111
2018-09-20 04:00:00.000003,0.572432686906827,12.06546455252517,12.69117099921934,9.380550622701463,14.52668295737804,18.90984565940213
2018-09-20 04:14:59.999997,0.8716716233481021,12.09608312959113,12.72810161443426,9.4316168529015,14.55479687248429,18.91558894605482
2018-09-20 04:30:00.000000,1.171447012018486,12.12758804902093,12.76627039867384,9.48335423097839,14.58390140863091,18.92174370753292
2018-09-20 04:45:00.000003,1.467077561846623,12.15934218264074,12.80502221280454,9.534859006087192,14.61357674488234,18.92820890610472
2018-09-20 04:59:59.999997,1.767554463406231,12.19163748894262,12.84446673948251,9.587172781461604,14.6438331400195,18.93492260674607
2018-09-20 05:15:00.000000,2.063479957779923,12.22398701388952,12.88415425619753,9.639113699737443,14.67436432181649,18.94181854873197
2018-09-20 05:30:00.000003,2.362109642334292,12.25667374515823,12.9242523416473,9.691502214058813,14.70521264529435,18.94886011604367
2018-09-20 05:44:59.999997,2.644687865825692,12.28865812928807,12.96382770946828,9.74192081879377,14.73578161127487,18.95597118069697
2018-09-20 06:00:00.000000,2.918476144914216,12.32002926875512,13.00279705621285,9.79096031030037,14.76591861092024,18.96309105906093
2018-09-20 06:15:00.000003,3.172072688824607,12.35005187181273,13.04042112455873,9.837113054823284,14.79513187172977,18.97013647748437
2018-09-20 06:29:59.999997,3.392853492333253,12.37768555353147,13.0755971457085,9.878419845760941,14.82265299097722,18.976985861566
2018-09-20 06:45:00.000000,3.578257766719648,12.40255446808494,13.10767527776573,9.91450420755701,14.84792292129672,18.98351158597118
2018-09-20 07:00:00.000003,3.716414222880635,12.42340231946576,13.13541686014705,9.943045872031492,14.87009782828668,18.98955727586226
2018-09-20 07:14:59.999997,3.812630106608517,12.44010564048769,13.15842291297336,9.96442632406695,14.88879385223779,18.99499020266104
2018-09-20 07:30:00.000000,3.857806646662434,12.45204361485819,13.17601058848781,9.977379469363285,14.90346715714129,18.99967817970821
2018-09-20 07:45:00.000003,3.84397652328008,12.45836677759909,13.18720048981331,9.980526456683103,14.91343469283096,19.0034756499742
2018-09-20 07:59:59.999997,3.777471510300918,12.45907199976066,13.1917507847073,9.974412900230625,14.91843791781752,19.00626856295055
2018-09-20 08:15:00.000000,3.648676657302888,12.45352883299823,13.18899318693624,9.957736296722203,14.91798045556593,19.00793857410265
2018-09-20 08:30:00.000003,3.471182945781667,12.44225419655735,13.17922087334492,9.932084941024687,14.91216494236422,19.0084187303488
2018-09-20 08:44:59.999997,3.245974967791205,12.42551952331769,13.162652677087,9.897928202102868,14.90110390361274,19.00767718368146
2018-09-20 09:00:00.000000,2.99325152080174,12.40461540715971,13.14045051243998,9.858136871973006,14.88553415184597,19.00576054591341
2018-09-20 09:15:00.000003,2.718146394005653,12.38021173827233,13.1134532116908,9.813706160022894,14.8660854829912,19.00275179228663
2018-09-20 09:29:59.999997,2.423803708912658,12.35284642834228,13.08237792917201,9.76531322380689,14.84328874315179,18.99875101362874
2018-09-20 09:45:00.000000,2.126962601359459,12.32371927149796,13.04849636514714,9.715376561227986,14.81805660318474,18.99390471119825
2018-09-20 10:00:00.000003,1.819401561771616,12.29289191503343,13.01217256835525,9.663279181672356,14.79075059635388,18.98833774828738
2018-09-20 10:14:59.999997,1.516316623117641,12.26131794380171,12.97441439462186,9.61104997935262,14.7621107534651,18.98219582028602
2018-09-20 10:30:00.000000,1.212039220060385,12.22908517454638,12.93554589965446,9.558319010580705,14.73246405086082,18.97559972828669
2018-09-20 10:45:00.000003,0.9212231330618659,12.19715510221546,12.89656340251995,9.50708190842962,14.70252066365754,18.96868876797944
2018-09-20 10:59:59.999997,0.6321085365310318,12.16538972021087,12.8575656526306,9.456247879807785,14.67241654949797,18.96156194653757
2018-09-20 11:15:00.000000,0.3495943246917294,12.13399253280862,12.81882114775613,9.406320111959834,14.64238386985157,18.95430353284419
2018-09-20 11:30:00.000003,0.07140192018162633,12.10289615706762,12.78036499044773,9.357051403601119,14.61250900297433,18.94697411144575
2018-09-20 11:44:59.999997,-0.2041406524181498,12.07202604581722,12.74217730465699,9.308214068662213,14.58280747633371,18.93961414542498
2018-09-20 12:00:00.000000,-0.4634099611811164,12.04214296576005,12.70495557002292,9.261588619312738,14.553745052554,18.93228965210938
2018-09-20 12:15:00.000003,-0.7132915665185581,12.01315299476829,12.66875491982128,9.216562965780843,14.52542064911562,18.92505215576388
2018-09-20 12:29:59.999997,-0.9404298751651339,11.98581068182413,12.63429610723873,9.17486589624162,14.49832970057028,18.91797911985127
2018-09-20 12:45:00.000000,-1.150108019646189,11.96012147916852,12.6017348181398,9.136096894158415,14.47263749166461,18.91113263597243
2018-09-20 13:00:00.000003,-1.325317819243653,11.9371175319968,12.57205613852547,9.102554691311221,14.44901426448151,18.90461270479223
2018-09-20 13:14:59.999997,-1.472570757796037,11.91710902393388,12.54566760754859,9.074220463785583,14.42776420591273,18.89850860163992
2018-09-20 13:30:00.000000,-1.57642607173528,11.90095734779555,12.5234831153249,9.052976377563716,14.40955125778769,18.89293584061475
2018-09-20 13:45:00.000003,-1.625190083027653,11.88929197488642,12.50639559366305,9.04005577924147,14.39512462423953,18.88803394836795
2018-09-20 13:59:59.999997,-1.628073888643506,11.88197351995102,12.49455479281389,9.034561373619335,14.38470892561748,18.88391394037591
2018-09-20 14:15:00.000000,-1.566487410190302,11.87999016692113,12.4889959799034,9.038737980784937,14.37905842853702,18.88071565515455
2018-09-20 14:30:00.000003,-1.446597560571132,11.883482713902,12.49008609215479,9.052259343343055,14.37851693370727,18.87855875979155
2018-09-20 14:44:59.999997,-1.272148518663972,11.89320581270338,12.4984082228643,9.076056766876654,14.38338422295444,18.87754526490025
2018-09-20 15:00:00.000000,-1.035441095360644,11.90946036488369,12.51438148205546,9.110779038629872,14.39401570494709,18.87776819983435
2018-09-20 15:15:00.000003,-0.7787394864454381,11.92982948317162,12.53603049211073,9.150609909753214,14.40922898505533,18.8791810048349
2018-09-20 15:29:59.999997,-0.4885880844384186,11.95429528914007,12.56302859147448,9.19650896832804,14.42869980094549,18.88172742399371
2018-09-20 15:45:00.000000,-0.1865748321318194,11.98158251293781,12.59410659126588,9.245649807408425,14.45155460846242,18.88529505236848
2018-09-20 16:00:00.000003,0.1193326741384753,12.01072639560153,12.62812000048222,9.296471760480053,14.4769308279877,18.88973545790505
2018-09-20 16:14:59.999997,0.4292599678838528,12.04128564142476,12.66437212712347,9.348625972412705,14.50425028683774,18.89490305263149
2018-09-20 16:30:00.000000,0.7406859453405047,12.07285641318402,12.70227540961305,9.401600820795682,14.53302749254453,18.90066169839613
2018-09-20 16:45:00.000003,1.053597084438755,12.10536573070712,12.74155964403609,9.455357104694722,14.56295701724355,18.90689731464866
2018-09-20 16:59:59.999997,1.358367169333344,12.13807567245636,12.78144436192621,9.508485235994012,14.5934800218997,18.91348690286385
2018-09-20 17:15:00.000000,1.668913372582175,12.17137566635599,12.82208401742536,9.562506131800378,14.62463349435875,18.92035816598641
2018-09-20 17:30:00.000003,1.965288052343892,12.20421658074472,12.8625347497765,9.61488961846288,14.65579174243416,18.9274083078139
2018-09-20 17:44:59.999997,2.268888410229607,12.23744616139972,12.90336316150746,9.668125730108597,14.68723145286103,18.93459965894895
2018-09-20 18:00:00.000000,2.554407031091287,12.26989246959541,12.94358050616515,9.719158662106139,14.71831563254628,18.94185037597896
2018-09-20 18:15:00.000003,2.833181475089211,12.30174835776303,12.98316954937171,9.769031788760453,14.74896107923746,18.94910219963154
2018-09-20 18:29:59.999997,3.087953760641852,12.33213647405113,13.02132675963268,9.815564840010943,14.77858355037602,18.95626656462793
2018-09-20 18:45:00.000000,3.323920722715203,12.36086383143951,13.05766647742053,9.859026748204688,14.80690613391465,18.9632622348558
2018-09-20 19:00:00.000003,3.524585534206934,12.3870427738357,13.09120850302071,9.897501262835558,14.83322884293926,18.96997382522563
2018-09-20 19:14:59.999997,3.678165672101004,12.40937154324047,13.12063387397029,9.928629717579657,14.85663159747935,18.97624630608711
2018-09-20 19:30:00.000000,3.795077150738162,12.42794841261888,13.14573451942567,9.953371453905905,14.87684957181052,18.98195801500265
2018-09-20 19:45:00.000003,3.85215763601419,12.44135099140304,13.16511869147852,9.968621766324663,14.89292761379043,18.98694689797458
2018-09-20 19:59:59.999997,3.851038689988567,12.44909535542431,13.17805098125226,9.974046110312367,14.9042572860726,18.99105575748682
2018-09-20 20:15:00.000000,3.789449856822208,12.45077407039655,13.18394526955244,9.96915513337467,14.91035520638966,18.99414222493219
2018-09-20 20:30:00.000003,3.672244814744858,12.44643343431937,13.18266024078924,9.954432096070555,14.91103970362828,18.99609930169881
2018-09-20 20:44:59.999997,3.492819578870045,12.43563117765992,13.17371274747938,9.928994059035372,14.90595118694354,18.99682713993765
2018-09-20 21:00:00.000000,3.261831063517659,12.4188632014206,13.15739923974471,9.894233213600542,14.89520250918597,18.99627121628637
2018-09-20 21:15:00.000003,2.996032388690333,12.39730192134811,13.13475303568902,9.852702839667202,14.87943439830597,18.99445449229734
2018-09-20 21:29:59.999997,2.699328584357591,12.37148208505913,13.10646225892961,9.805160171420411,14.85916307946904,18.99143595049175
2018-09-20 21:45:00.000000,2.390112108586404,12.34275600026745,13.07393512985497,9.754261534014619,14.83534623056114,18.98733908130403
2018-09-20 22:00:00.000003,2.062847322423341,12.31133230653409,13.03767090556621,9.699765592224288,14.8084425599049,18.9822830659541
2018-09-20 22:14:59.999997,1.731563628529498,12.27820517917338,12.9987529833422,9.643631911495394,14.77923505414836,18.97641560533086
2018-09-20 22:30:00.000000,1.398814530960032,12.2439182372471,12.95792780309884,9.586570786618212,14.74833757827562,18.96988214778571
2018-09-20 22:45:00.000003,1.062487838606015,12.20863960574338,12.91556550961579,9.528526103464397,14.7160973190885,18.9628064437149
2018-09-20 22:59:59.999997,0.7319986408208201,12.17314260921135,12.87249797139236,9.470892536182435,14.68309997665947,18.95531953768864
2018-09-20 23:15:00.000000,0.4087694844835414,12.13787581511365,12.82932099475438,9.414172533063462,14.64980656608932,18.94754400792818
2018-09-20 23:30:00.000003,0.0883661525728775,12.10268085921714,12.78607074571763,9.357836911392646,14.61634959697874,18.93956907785823
2018-09-20 23:44:59.999997,-0.225375856503118,12.06777900906706,12.7430215247626,9.302353771694165,14.58295747174163,18.93147239031238
2018-09-21 00:00:00.000000,-0.5320417244210737,12.03331648775258,12.70039135716153,9.247881225474714,14.54981648998763,18.92331894157657
2018-09-21 00:15:00.000003,-0.8276072386762571,11.99953583989125,12.65840301176856,9.194931341782059,14.51690591971313,18.91504097437279
2018-09-21 00:29:59.999997,-1.109267174656352,11.96675630972204,12.61744485089545,9.14404146224326,14.48462769542343,18.90673194698848
2018-09-21 00:45:00.000000,-1.370309742762301,11.93566485771298,12.57823249293324,9.096467205811743,14.45358550910185,18.89855422933468
2018-09-21 01:00:00.000003,-1.609954437089384,11.90728279454421,12.54164234613265,9.053715620180029,14.42432136351729,18.89065039621257
2018-09-21 01:14:59.999997,-1.812413403555859,11.88211045953902,12.50843014391137,9.017010472879297,14.39748429426255,18.88314886784113
2018-09-21 01:30:00.000000,-1.987279529855551,11.85967304061632,12.4784890441957,8.984913085835718,14.37314339301117,18.87612949394566
2018-09-21 01:45:00.000003,-2.123923159692721,11.8404485766902,12.45235260459167,8.958582310342766,14.35169452790069,18.86967602674708
2018-09-21 01:59:59.999997,-2.219898301417805,11.82482913153626,12.43051451473194,8.938854461869497,14.33362003064398,18.86388040792595
2018-09-21 02:15:00.000000,-2.267282674371715,11.8133433898725,12.41359546650675,8.926510805821176,14.31932055913515,18.85883804374063
2018-09-21 02:30:00.000003,-2.25642041847829,11.80670766440073,12.40241738486161,8.922807396516113,14.30936040225944,18.85466130875958
2018-09-21 02:44:59.999997,-2.181128510208603,11.80556304187356,12.3977729638903,8.928768269299757,14.30433458345895,18.85147438560663
2018-09-21 03:00:00.000000,-2.040564210173072,11.81027203720581,12.40020503219914,8.944750348393503,14.30468502760757,18.84939752460011
2018-09-21 03:15:00.000003,-1.837266940057871,11.82094276122098,12.40998158033985,8.970612018446245,14.31065783612461,18.84853279130084
2018-09-21 03:29:59.999997,-1.590680579818211,11.83685652175463,12.42657322403886,9.004241381527347,14.32198280199019,18.848921424389
2018-09-21 03:45:00.000000,-1.30993691875756,11.85754567850399,12.44935926618431,9.044720904888717,14.33822027273652,18.85054882553018
2018-09-21 04:00:00.000003,-1.008068326666009,11.88372260521066,12.47835323221661,9.094398503529659,14.3594355141785,18.85340070945998
2018-09-21 04:14:59.999997,-0.7019591613813168,11.91198675332859,12.51086409057506,9.14481787807408,14.38352886416799,18.85726611753802
2018-09-21 04:30:00.000000,-0.3772252228620572,11.94267114613645,12.54671769230897,9.198470879887422,14.41030895406694,18.8620132518331
2018-09-21 04:45:00.000003,-0.05772272309800697,11.97444305474545,12.58456785133143,9.252461649139548,14.43888371618217,18.86748132689055
2018-09-21 04:59:59.999997,0.2624943855775652,12.00707130155291,12.62389655724581,9.30703307241886,14.4687916638285,18.87352704099379
2018-09-21 05:15:00.000000,0.5923491739411576,12.04087279129945,12.66479352102333,9.363282547916732,14.50000253617446,18.88005531024222
2018-09-21 05:30:00.000003,0.9126946635830095,12.07481773649418,12.70627925082158,9.418793880289115,14.53184454580782,18.88694649083651
2018-09-21 05:44:59.999997,1.228944230575675,12.10908311762438,12.74827677879025,9.474094234727447,14.56409700640118,18.89410417523899
2018-09-21 06:00:00.000000,1.546851031487088,12.14362507321238,12.79067706803855,9.529690681963144,14.59671021584368,18.90146328205565
2018-09-21 06:15:00.000003,1.855899521503355,12.17786697589956,12.83292039772005,9.58427384912296,14.62930220142516,18.90894938744508
2018-09-21 06:29:59.999997,2.156384079446865,12.21158617440902,12.87469575714538,9.637624178417202,14.66162134202858,18.91649279639838
2018-09-21 06:45:00.000000,2.448308220403515,12.24474494749854,12.91589026820413,9.689720476694559,14.69352362479804,18.92403866189222
2018-09-21 07:00:00.000003,2.710942835540086,12.27602878146355,12.95526498115724,9.73771816433679,14.72420373727319,18.93147920902956
2018-09-21 07:14:59.999997,2.94974906756735,12.3053334363941,12.9924969043656,9.781895375578191,14.7533177242457,18.93871694016472
2018-09-21 07:30:00.000000,3.151717678875319,12.33176911155384,13.02667036923407,9.820452757286278,14.78021043671457,18.94563158735614
2018-09-21 07:45:00.000003,3.313263185906557,12.35463102942747,13.05688525179797,9.852512197635107,14.80425922766544,18.95208997538165
2018-09-21 07:59:59.999997,3.418514290424072,12.37277386912901,13.08187658495061,9.875840617429942,14.82453655285633,18.95792410626565
2018-09-21 08:15:00.000000,3.478772883709419,12.38627989567098,13.10143664110957,9.891373870080464,14.84077178359883,18.96300333439546
2018-09-21 08:30:00.000003,3.474240605894231,12.39386285683656,13.11431324512608,9.89635726641774,14.85210542152911,18.96716710962775
2018-09-21 08:44:59.999997,3.414059229675065,12.39555436989026,13.12024931329209,9.89157307545162,14.85824569721504,18.97029071168658
2018-09-21 09:00:00.000000,3.278370254732317,12.39016694926032,13.11804495262398,9.874438153853744,14.85834619578057,18.97221681033438
2018-09-21 09:15:00.000003,3.094705242664423,12.37884582056624,13.10843569873079,9.848261079758304,14.85274316088557,18.97287656774344
2018-09-21 09:29:59.999997,2.856099416743,12.36146970678642,13.0913749958089,9.812460881104839,14.84141537881098,18.97222300144115
2018-09-21 09:45:00.000000,2.584676003714314,12.33928630407311,13.06798400521878,9.769920037825342,14.82505819492492,18.97028905471085
2018-09-21 10:00:00.000003,2.282046106454338,12.31285558954965,13.03897335454291,9.721323730550376,14.80419294977539,18.96714044184858
2018-09-21 10:14:59.999997,1.963363936047506,12.28329751503559,13.00553088956905,9.66888855068655,14.77966123347526,18.96289611163158
2018-09-21 10:30:00.000000,1.631373524409045,12.25123583579941,12.96849211426525,9.61341028433332,14.75212197524659,18.9576892849506
2018-09-21 10:45:00.000003,1.288847276059381,12.21711926059466,12.92849378496373,9.555483685436228,14.72210360900466,18.951651828928
2018-09-21 10:59:59.999997,0.947279855662926,12.18186584038351,12.88655318626656,9.496838498473098,14.69035518544043,18.94493388662334
2018-09-21 11:15:00.000000,0.6051409953669533,12.14594739021809,12.84333560535781,9.437742268962332,14.65738093876223,18.9376744823142
2018-09-21 11:30:00.000003,0.2732492880564809,12.11012517494201,12.79972013922904,9.379708680775313,14.62385397511823,18.93002117871425
2018-09-21 11:44:59.999997,-0.05207208871429303,12.0744712133965,12.75601001189317,9.32250417064502,14.59010002318671,18.92209620675392
2018-09-21 12:00:00.000000,-0.3714928458438526,12.03905828961483,12.71241390780926,9.2660781330068,14.55632966205255,18.91399627175128
2018-09-21 12:15:00.000003,-0.6783607034732342,12.00436137876486,12.66945327726346,9.211372278453597,14.5229305549952,18.90581786117254
2018-09-21 12:29:59.999997,-0.9777711740160626,11.97031295367844,12.62720253290499,9.157902204331844,14.49001299884505,18.89763238097047
2018-09-21 12:45:00.000000,-1.263215950559549,11.93732235043845,12.5860708628991,9.106550547025567,14.45786929408765,18.88951035770714
2018-09-21 13:00:00.000003,-1.529662697044986,11.90642357704093,12.54690811827046,9.059108461597859,14.42699146158629,18.8815371356872
2018-09-21 13:14:59.999997,-1.778245474208872,11.87791020780678,12.51008545865458,9.015790013455598,14.39765687923164,18.87378977309894
2018-09-21 13:30:00.000000,-2.002644906534783,11.85154922842273,12.47569879630605,8.976303146055326,14.37008782002102,18.86633605795398
2018-09-21 13:45:00.000003,-2.195610458310401,11.82777395262051,12.44429473114328,8.941674311581414,14.34477122681178,18.85926638855637
2018-09-21 13:59:59.999997,-2.349969021853511,11.8071791998446,12.41656079579825,8.913246895751236,14.32233002102894,18.85269369697822
2018-09-21 14:15:00.000000,-2.465495300512289,11.78996044732584,12.39284886793729,8.89076246209476,14.30295869274292,18.84670434894729
2018-09-21 14:30:00.000003,-2.522218146523516,11.77724434480507,12.37432461596943,8.876663411204557,14.28744689328901,18.84142796771136
2018-09-21 14:44:59.999997,-2.531158908981814,11.76897032650363,12.36118956490209,8.870080646766079,14.27602703035907,18.83696880007324
2018-09-21 15:00:00.000000,-2.473376892956434,11.76613742693931,12.35448155620606,8.873261412413141,14.26944124726489,18.83346443458899
2018-09-21 15:15:00.000003,-2.347327530980917,11.76928262889692,12.35493516761307,8.886815752401601,14.26826275883873,18.83104844372854
2018-09-21 15:29:59.999997,-2.158580364218797,11.77840402600911,12.36274760785454,8.910280275329836,14.27271726884998,18.82983239199589
2018-09-21 15:45:00.000000,-1.914104374697099,11.79323503296721,12.37777549490485,8.94282231216676,14.28276106728231,18.82988186226957
2018-09-21 16:00:00.000003,-1.628680374657314,11.81310298868861,12.3994338114814,8.98263205513341,14.29797372963711,18.83120182471716
2018-09-21 16:14:59.999997,-1.315532534623858,11.83725313286123,12.42681788915886,9.028202240505658,14.31770636688365,18.83373619752964
2018-09-21 16:30:00.000000,-0.9746337287886636,11.86711609946689,12.4604664630129,9.082178819348758,14.34190775743586,18.83743775310056
2018-09-21 16:45:00.000003,-0.6102730176442585,11.9005590637566,12.49900861628547,9.141131178230447,14.37035434469062,18.8422571612569
2018-09-21 16:59:59.999997,-0.2496187180966012,11.93583689976987,12.54056035884644,9.202428407229336,14.40173112538785,18.84803532214503
2018-09-21 17:15:00.000000,0.1313556893591879,11.97361499672335,12.58532014468504,9.268494288889908,14.43603093448605,18.85466579383685
2018-09-21 17:30:00.000003,0.4702977261648204,12.01005973121226,12.62981109799807,9.328068555876039,14.47023102344817,18.8618112220581
2018-09-21 17:44:59.999997,0.8282999290781955,12.04747478951287,12.67543592053429,9.38963716329047,14.50528445252422,18.86937203787988
2018-09-21 18:00:00.000000,1.165487948679929,12.08451864876264,12.72103728517185,9.449075013741165,14.54040635154528,18.87720590485136
2018-09-21 18:15:00.000003,1.491634748248421,12.12094214185364,12.76615823982918,9.506871695721824,14.5752624642072,18.8851917385852
2018-09-21 18:29:59.999997,1.829499523057659,12.15788882630054,12.81167193642533,9.566053446011596,14.6103740282804,18.89329860232585
2018-09-21 18:45:00.000000,2.138503593496489,12.19340355737094,12.85594377733369,9.621636356068352,14.64472638555822,18.90141526017126
2018-09-21 19:00:00.000003,2.44664087354479,12.22846147278564,12.89959335871689,9.67660305602723,14.67857778703067,18.90949727388924
2018-09-21 19:14:59.999997,2.731134766447336,12.26197858459968,12.94167360681785,9.728289260615204,14.71134296678718,18.9174617959535
2018-09-21 19:30:00.000000,2.996116364692763,12.29387562161368,12.98195706372377,9.776853252653222,14.74276807833608,18.92523750594675
2018-09-21 19:45:00.000003,3.218737182528783,12.32264743461879,13.01898280818168,9.819155804669569,14.77190082671686,18.93269092663765
2018-09-21 19:59:59.999997,3.400844501982379,12.34789672931159,13.05212362437456,9.854945069916225,14.79818812347177,18.93969041502386
2018-09-21 20:15:00.000000,3.535681571729135,12.36903809655921,13.0805665086122,9.8833617816913,14.82102449165558,18.94609595993482
2018-09-21 20:30:00.000003,3.608141584354749,12.38461817126771,13.10286192055779,9.901667661436685,14.83942230949665,18.95173061642208
2018-09-21 20:44:59.999997,3.632026955562897,12.39494666671712,13.11896542282688,9.911315593242424,14.85319615277706,18.95646580636438
2018-09-21 21:00:00.000000,3.590986736480469,12.39906503708484,13.12791874182401,9.910197870135727,14.86166984564753,18.96015963420317
2018-09-21 21:15:00.000003,3.484268277916129,12.3965215075699,13.12909560455905,9.897828340652442,14.86433644081989,18.96267679961064
2018-09-21 21:29:59.999997,3.321292387085725,12.38766271816633,13.12261243879288,9.875370163594143,14.86117616460828,18.96393142106464
2018-09-21 21:45:00.000000,3.103376661686896,12.3727130705767,13.10859696978199,9.843286431665238,14.85222193630349,18.96386908453903
2018-09-21 22:00:00.000003,2.832712887254769,12.35176784740835,13.0871463289191,9.801807085584949,14.83753002638549,18.96246018839461
2018-09-21 22:14:59.999997,2.535135078864204,12.32637103495845,13.05967750884993,9.75439797695091,14.8179945995005,18.95976536906014
2018-09-21 22:30:00.000000,2.205154956095721,12.29678181874358,13.02669348834162,9.700902337663644,14.79403510342799,18.9558614043917
2018-09-21 22:45:00.000003,1.858535622251131,12.26407467323767,12.98932261825912,9.643510101071262,14.76644425085362,18.95086712262157
2018-09-21 22:59:59.999997,1.50486461143913,12.22922479928374,12.94869822688892,9.58390329685349,14.73607716191781,18.94493508936301
2018-09-21 23:15:00.000000,1.147640894815372,12.19285652945819,12.90566057419141,9.522923634827754,14.70361234360228,18.93822079588173
2018-09-21 23:30:00.000003,0.7944963621589013,12.15579149749041,12.86119005595298,9.461872911700334,14.66978326324658,18.93088879714269
2018-09-21 23:44:59.999997,0.4515783239809922,12.11887726162763,12.81629613769267,9.40197490100107,14.63532992481618,18.92310818155745
2018-09-22 00:00:00.000000,0.104726365840283,12.08153960617489,12.77074049735337,9.341521575046823,14.60024923676074,18.91498558106656
2018-09-22 00:15:00.000003,-0.2242746101449027,12.04479568110303,12.72542059442113,9.283105568599964,14.56497414767423,18.90651944925058
2018-09-22 00:29:59.999997,-0.5556709094367047,12.0079771212954,12.67998407155631,9.224538121550873,14.52948514982236,18.89780782201821
2018-09-22 00:45:00.000000,-0.869953627355635,11.97206453071018,12.63535926186168,9.168196003712502,14.49451100819895,18.88902890901797
2018-09-22 01:00:00.000003,-1.163017915399598,11.93768459782494,12.59229310632263,9.11503833687476,14.46065231358251,18.88034219886401
2018-09-22 01:14:59.999997,-1.446086158470332,11.90478360946526,12.55082667044702,9.064306345585184,14.42795544396917,18.87183467757557
2018-09-22 01:30:00.000000,-1.69329367595999,11.87533437636903,12.51259162903018,9.020237722484325,14.39738537303355,18.8636344734403
2018-09-22 01:45:00.000003,-1.923393959501779,11.84814268552505,12.4769917817353,8.979705121843239,14.36877809660266,18.85579844554001
2018-09-22 01:59:59.999997,-2.133648388765314,11.82300422421361,12.44394042951729,8.9425651613658,14.34215066487062,18.84836740062334
2018-09-22 02:15:00.000000,-2.305902356049398,11.8008632681731,12.41433865683337,8.91144153415147,14.31825871856807,18.84143492366986
2018-09-22 02:30:00.000003,-2.448664437308588,11.7815566970965,12.38820772448864,8.88508114458298,14.29706534326357,18.83505308138041
2018-09-22 02:44:59.999997,-2.551007052113938,11.76562088023536,12.36610676454488,8.864682499544116,14.27892527824842,18.82929158566455
2018-09-22 03:00:00.000000,-2.589943977665857,11.75442529210074,12.34942309205878,8.853232124701053,14.2648012808702,18.82427975339384
2018-09-22 03:15:00.000003,-2.581519288212061,11.74774960027182,12.3382483288182,8.849340346839274,14.25487024101084,18.82012178532536
2018-09-22 03:29:59.999997,-2.496961028309804,11.7470165733848,12.33399363673674,8.856370747063902,14.25011927165517,18.8169707329619
2018-09-22 03:45:00.000000,-2.346816328451913,11.75234124227331,12.337074765678,8.8736601727257,14.25093085882659,18.81495477146537
2018-09-22 04:00:00.000003,-2.130492035562509,11.76388176629467,12.34779907128469,8.901307233648122,14.25759002612122,18.8141902010338
2018-09-22 04:14:59.999997,-1.86016353216879,11.78116551315616,12.3658394572079,8.937930877797422,14.26993507152787,18.81473142069735
2018-09-22 04:30:00.000000,-1.562299508369854,11.80288037360208,12.38999858418471,8.980226449437293,14.28712297527261,18.81654072919275
2018-09-22 04:45:00.000003,-1.226523706505332,11.82997513641425,12.42055669274551,9.030621969189012,14.30909842602274,18.8195849662853
2018-09-22 04:59:59.999997,-0.8932965957032202,11.86031439649501,12.45548071177239,9.084077266204,14.33451222617725,18.82371652312378
2018-09-22 05:15:00.000000,-0.5427495399229753,11.89340163053282,12.49418657195826,9.141275420166252,14.36321025666996,18.82883016566826
2018-09-22 05:30:00.000003,-0.1918852879100913,11.92804391310746,12.53540926206207,9.199678220101857,14.39417153285098,18.83476261276967
2018-09-22 05:44:59.999997,0.1573761946398778,11.96402528487372,12.57861267803888,9.2618286035889,14.42756278876203,18.8414232545254
2018-09-22 06:00:00.000000,0.5124416987927185,12.00094374471012,12.62325789886825,9.324109944668738,14.46207207486133,18.8486172876358
2018-09-22 06:15:00.000003,0.8658113310979755,12.03819994092514,12.66868325761666,9.385300793741731,14.49702128400916,18.85618616096631
2018-09-22 06:29:59.999997,1.209909841639675,12.07558019239212,12.71450393711329,9.445598077784382,14.53224253086279,18.86402794681041
2018-09-22 06:45:00.000000,1.55255466154671,12.11303577415227,12.76054551725897,9.505718951256277,14.56768528537648,18.87206848981909
2018-09-22 07:00:00.000003,1.885405601065372,12.15007924384847,12.80629882875779,9.564646330010808,14.60301625698946,18.88022960852837
2018-09-22 07:14:59.999997,2.201100435336967,12.18608591260954,12.85109272682046,9.62123666546185,14.63779241015443,18.88842146317354
2018-09-22 07:30:00.000000,2.498789612423153,12.22078168323881,12.89453521598028,9.675048233746203,14.67158107161707,18.89654515735047
2018-09-22 07:45:00.000003,2.768627021635175,12.25337842979468,12.93578397040886,9.724661423278913,14.70381865548786,18.90448942530589
2018-09-22 07:59:59.999997,3.007354665709218,12.28345073451035,12.97428197591629,9.769399447299628,14.73403777743259,18.91214484002727
2018-09-22 08:15:00.000000,3.207931627173297,12.31025038302912,13.00916810918425,9.808089743786509,14.76164356118617,18.91938638439328
2018-09-22 08:30:00.000003,3.36527603354749,12.33319154292451,13.03972595696416,9.839794413275671,14.7860747709606,18.92608544062255
2018-09-22 08:44:59.999997,3.461719262597156,12.3510855194244,13.06465604878832,9.862140343428385,14.80638350282955,18.93207522728648
2018-09-22 09:00:00.000000,3.510785152686531,12.36391038820674,13.08365348722727,9.876061630718239,14.82229395332821,18.93722490748459
2018-09-22 09:15:00.000003,3.487004889595288,12.37015494342175,13.09524473731535,9.87821504495675,14.83278819953517,18.94136015814841
2018-09-22 09:29:59.999997,3.400185257886013,12.36979482425664,13.09909043540339,9.869350967621495,14.83749504492337,18.94433823996727
2018-09-22 09:45:00.000000,3.250765944946566,12.36281549613336,13.09500420307853,9.849638551487303,14.83619849159509,18.94604929609135
2018-09-22 10:00:00.000003,3.040380593854497,12.34924528900355,13.08289832571304,9.819306821676157,14.82878183547068,18.9464123399951
2018-09-22 10:14:59.999997,2.780439504273392,12.32966008890504,13.06324446021761,9.77979679198817,14.81551644095988,18.945399246389
2018-09-22 10:30:00.000000,2.482443277396602,12.30495932534776,13.03693227922535,9.73287022094195,14.79697065923164,18.94304329856265
2018-09-22 10:45:00.000003,2.163160926141253,12.27642684462786,13.00528513160063,9.68107578083983,14.77406201230037,18.93944667933219
2018-09-22 10:59:59.999997,1.818350764577029,12.244360505092,12.96887134807789,9.62434172116825,14.74727134620724,18.9347182978811
2018-09-22 11:15:00.000000,1.47036434432988,12.21019949327204,12.92916276025112,9.565736642412004,14.71764432055251,18.92901864328061
2018-09-22 11:30:00.000003,1.11051316800163,12.17404270358815,12.88658569363201,9.50467435446814,14.68561123204685,18.92248966411061
2018-09-22 11:44:59.999997,0.7508316061061521,12.13680364781421,12.84213380185948,9.442858411515136,14.65188089493839,18.91528335145572
2018-09-22 12:00:00.000000,0.3908729359560071,12.09893771272776,12.79645364989375,9.3806385911266,14.61695630350982,18.90754026472612
2018-09-22 12:15:00.000003,0.03385948796342809,12.06070751339455,12.74998392985064,9.318472512967693,14.5812455751393,18.89938551817274
2018-09-22 12:29:59.999997,-0.3196382443282491,12.02230955920975,12.70306127374474,9.256555571361817,14.54505459350499,18.89092573865431
2018-09-22 12:45:00.000000,-0.6674960205359615,11.98401724718548,12.65606029219411,9.195276402919966,14.50868727472906,18.88225621534716
2018-09-22 13:00:00.000003,-1.001915579544475,11.94641876231219,12.60962028184164,9.13578386808645,14.47261757345614,18.87348001038511
2018-09-22 13:14:59.999997,-1.321500324235232,11.90992114899448,12.56423687236854,9.078613664223425,14.43722650815647,18.86469495087224
2018-09-22 13:30:00.000000,-1.61830345448669,11.87605558043199,12.52115446530393,9.026456234734038,14.40323101436032,18.85602466481329
2018-09-22 13:45:00.000003,-1.898834120404049,11.84441353064226,12.48032253151588,8.978040152445017,14.3707407455852,18.84755252190931
2018-09-22 13:59:59.999997,-2.159353879757439,11.81472350064096,12.44175920135686,8.933152667185238,14.33997145617938,18.83935349727382
2018-09-22 14:15:00.000000,-2.388372256912817,11.78758524319402,12.40611147922822,8.89341715720289,14.3115138130153,18.83152826963348
2018-09-22 14:30:00.000003,-2.589401229015174,11.76298815042951,12.37352270506393,8.85807543325127,14.28540278917681,18.82414156553626
2018-09-22 14:44:59.999997,-2.754694377912155,11.74136109537557,12.34446913774937,8.828008758467215,14.26194985373793,18.81726563877577
2018-09-22 15:00:00.000000,-2.87399744315416,11.7234039225068,12.31971284000209,8.804627097920337,14.24170927526099,18.81099989013205
2018-09-22 15:15:00.000003,-2.940361897171297,11.70976897808861,12.30003307636462,8.789044175453785,14.22527498509026,18.8054614038177
2018-09-22 15:29:59.999997,-2.951718944085809,11.70087535657472,12.28601658387578,8.781768372995355,14.21311888113691,18.80076796509033
2018-09-22 15:45:00.000000,-2.890540019515909,11.69782328996675,12.27884816749816,8.785079070881531,14.206100443361,18.79707228965575
2018-09-22 16:00:00.000003,-2.766082528355689,11.70064955257745,12.27883587287934,8.798311904027708,14.20453719394829,18.79449999442796
2018-09-22 16:14:59.999997,-2.566955487505038,11.71002330555716,12.28673285539112,8.822849860560476,14.20899327654847,18.79318258633137
2018-09-22 16:30:00.000000,-2.30450793530934,11.72575082169689,12.3025650969623,8.857633931733872,14.21955102200419,18.7932119379724
2018-09-22 16:45:00.000003,-2.007392267694042,11.74638297932216,12.3250472617206,8.89912594713185,14.23539860885663,18.79457387953756
2018-09-22 16:59:59.999997,-1.676300047308803,11.77144794148181,12.35354936329396,8.946729983387328,14.25601324792989,18.79721381669947
2018-09-22 17:15:00.000000,-1.336254988382559,11.7995469097996,12.3865571828583,8.997432958244964,14.2803211123533,18.80099908060436
2018-09-22 17:30:00.000003,-0.9838191234996914,11.83228132518607,12.42452197708062,9.054537579274902,14.30811375961191,18.80581842160814
2018-09-22 17:44:59.999997,-0.6214747015609056,11.86705916081557,12.46559563334794,9.11370513315346,14.33851089489279,18.81151878019445
2018-09-22 18:00:00.000000,-0.2612562151315746,11.90295576948822,12.50863853798568,9.173452884377205,14.37067065808329,18.81793166307564
2018-09-22 18:15:00.000003,0.09807236684630033,11.93968255374604,12.55312458907466,9.23377230185724,14.404225746275,18.82492146281611
2018-09-22 18:29:59.999997,0.4435375196638185,11.97660758206104,12.59837816136504,9.293567054614623,14.43902492730582,18.83239265935721
2018-09-22 18:45:00.000000,0.7999226809251595,12.01418525026279,12.64445564080455,9.35423595933808,14.47432672553916,18.84020132541605
2018-09-22 19:00:00.000003,1.137050987331874,12.05225877922839,12.6911174330455,9.419789248922346,14.51160144605809,18.84839254590421
2018-09-22 19:14:59.999997,1.464518718923324,12.08923110680542,12.73691694965467,9.478780868742556,14.54742339574177,18.8566466639817
2018-09-22 19:30:00.000000,1.792770925050092,12.12587088927332,12.78229880478874,9.536938580364517,14.58262980475228,18.86490436051607
2018-09-22 19:45:00.000003,2.089541013295787,12.16061667342627,12.82588983315752,9.590777828083079,14.61658747781027,18.87307147417744
2018-09-22 19:59:59.999997,2.37836103858352,12.19428537654641,12.86816274622254,9.642902130786277,14.64952084353973,18.8810998638022
2018-09-22 20:15:00.000000,2.620543909489965,12.22483529251508,12.9072971028906,9.688432604631462,14.68027374594847,18.88885138860158
2018-09-22 20:30:00.000003,2.837093210436627,12.25272264146225,12.94335296020841,9.72939516064488,14.70873392373594,18.89622740205697
2018-09-22 20:44:59.999997,3.001192885299415,12.27646367192479,12.97491768456537,9.76238811947712,14.73394910339486,18.90307964368248
2018-09-22 21:00:00.000000,3.120963643561117,12.29589171845147,13.00153354223655,9.787920619803746,14.75553446362448,18.90927996639266
2018-09-22 21:15:00.000003,3.183009163226821,12.31008636021005,13.02220421769955,9.804179718656808,14.7727938161783,18.91468354627181
2018-09-22 21:29:59.999997,3.185057854964419,12.3184690871378,13.03616648129405,9.810352647409138,14.78504015292193,18.91913328761605
2018-09-22 21:45:00.000000,3.122582590603694,12.32053612454002,13.04277641243441,9.805690196489696,14.79176128594651,18.92248771469609
2018-09-22 22:00:00.000003,2.985580509700438,12.31540228567421,13.04103572542828,9.788635716572564,14.79225205811136,18.92459459961853
2018-09-22 22:14:59.999997,2.791403960872752,12.30364921313586,13.03120923219978,9.761155353417761,14.78658483137466,18.92536294709861
2018-09-22 22:30:00.000000,2.535681300641499,12.28521753518419,13.01323707271834,9.722911074070407,14.77467181354961,18.92472608774383
2018-09-22 22:45:00.000003,2.237511201488446,12.26115439733302,12.98802871313749,9.676395632462548,14.75706408915212,18.92269147464593
2018-09-22 22:59:59.999997,1.906135286989863,12.23237019555784,12.95655854773608,9.623239918737182,14.73443688614102,18.91932334252676
2018-09-22 23:15:00.000000,1.554692231270259,12.19996967503949,12.92003039902588,9.565518587414925,14.70765736363701,18.9147391590242
2018-09-22 23:30:00.000003,1.188706274389808,12.16471895737081,12.8794100223316,9.504385881398248,14.6774795245084,18.90908144565247
2018-09-22 23:44:59.999997,0.8091837281179498,12.1271080018593,12.83540173510809,9.440318557115663,14.64446347888064,18.90249087283186
2018-09-23 00:00:00.000000,0.4345641048176684,12.0885895672178,12.78950551956482,9.37605758246489,14.60963618847878,18.89514614025778
2018-09-23 00:15:00.000003,0.05457333966584155,12.04892137437758,12.7417882746741,9.31054833065097,14.57302507152766,18.88705483671925
2018-09-23 00:29:59.999997,-0.3161884641980466,12.0089834629897,12.69321181467116,9.24570750225183,14.53544845522594,18.87839575717554
2018-09-23 00:45:00.000000,-0.6793383434131013,11.96913135889823,12.6443805608357,9.181737640379804,14.49752830760289,18.86938785119812
2018-09-23 01:00:00.000003,-1.036852086936038,11.92949288896927,12.59561237481288,9.118547531542731,14.45960557569418,18.86019498927341
2018-09-23 01:14:59.999997,-1.37533009354267,11.89108688571508,12.54789097477369,9.058209151584155,14.42234008851705,18.85096240157138
2018-09-23 01:30:00.000000,-1.69684866203072,11.85524100499383,12.50230006730151,9.002563992402951,14.38631762887827,18.84181875358547
2018-09-23 01:45:00.000003,-2.001429815300643,11.82140832093549,12.45876227348263,8.95040216186102,14.35168407124372,18.83285003940871
2018-09-23 01:59:59.999997,-2.281350720465567,11.78979196268254,12.417703622627,8.90290486200098,14.31907536255093,18.82416857130277
2018-09-23 02:15:00.000000,-2.534711755387748,11.76046888226859,12.37934229018948,8.859511597765371,14.28854134867031,18.81584390425365
2018-09-23 02:30:00.000003,-2.767136947349248,11.73324170330845,12.34359759416069,8.819514833279934,14.26001158826439,18.80791827979239
2018-09-23 02:44:59.999997,-2.964371226096489,11.70876795874413,12.31109696107358,8.784551410997473,14.23391017784888,18.80046018107992
2018-09-23 03:00:00.000000,-3.123748524567315,11.68744626874612,12.28233589004167,8.755210150496074,14.21062151763846,18.79354869415012
2018-09-23 03:15:00.000003,-3.246830770091972,11.66941928665127,12.25757963114789,8.731470883360364,14.1903691470513,18.78725552310842
2018-09-23 03:29:59.999997,-3.307521968116621,11.65605535171948,12.23817854514744,8.71651347677811,14.17409441390072,18.78171120275694
2018-09-23 03:45:00.000000,-3.315459419046085,11.64741931360306,12.22446921845328,8.709721416600921,14.16214461463378,18.77702999811878
2018-09-23 04:00:00.000003,-3.251976225822112,11.64453274856728,12.21753923001729,8.713348654053709,14.15531509302471,18.7733587185629
2018-09-23 04:14:59.999997,-3.107080701703172,11.64838180773466,12.21855079270469,8.729046017252097,14.1544700396731,18.77086152273391
2018-09-23 04:30:00.000000,-2.89025074679392,11.65904939159295,12.22787544959535,8.756117596816889,14.15994913492229,18.76968089305915
2018-09-23 04:45:00.000003,-2.602375815417909,11.67653461409366,12.24565680445983,8.79442252055666,14.17194029076918,18.76992335651626
2018-09-23 04:59:59.999997,-2.279428096411386,11.69919157369761,12.27047742887588,8.839693036341634,14.18953015311438,18.77157496090068
2018-09-23 05:15:00.000000,-1.914777608464716,11.72672984328389,12.30182537181882,8.892072832933032,14.2123065521117,18.77459070906186
2018-09-23 05:30:00.000003,-1.545209234504393,11.75729915658365,12.33787096699536,8.947108759110982,14.23894735389255,18.7788225188791
2018-09-23 05:44:59.999997,-1.164860907838978,11.79179210826232,12.37853588957777,9.007186747992254,14.26901226683959,18.78413140237164
2018-09-23 06:00:00.000000,-0.7705098554347192,11.8294116385001,12.42305978947119,9.071298113999624,14.30203136094394,18.79038091795969
2018-09-23 06:15:00.000003,-0.3753468443107235,11.86862816846775,12.47002011012942,9.136738750352734,14.33711791413397,18.79740484384314
2018-09-23 06:29:59.999997,0.0210299184940465,11.90888779227189,12.5186961351442,9.20294845022821,14.37371962436123,18.80505339238758
2018-09-23 06:45:00.000000,0.4010108731916852,11.94895219719325,12.56776831550034,9.267499536514551,14.4109030817257,18.81314972803048
2018-09-23 07:00:00.000003,0.7735899499684878,11.98880305707659,12.61691441901684,9.33108973002851,14.44831775503902,18.82155183865131
2018-09-23 07:14:59.999997,1.14961725364136,12.02967091734927,12.66717066432649,9.396588092290157,14.48711073828504,18.83027847996487
2018-09-23 07:30:00.000000,1.48875795718491,12.06874771433798,12.71598720930227,9.457149591006397,14.52499477182316,18.83911535531782
2018-09-23 07:45:00.000003,1.850692354772698,12.10862121022622,12.76521316334481,9.52129579795937,14.56323240073379,18.84804618100461
2018-09-23 07:59:59.999997,2.166661358247612,12.14704625580741,12.81306817266192,9.586203410152299,14.60210400420114,18.85707785222146
2018-09-23 08:15:00.000000,2.488282152771459,12.18430986866457,12.85958963183611,9.644698362615904,14.6387425838179,18.86592591802794
2018-09-23 08:30:00.000003,2.754232733351686,12.21787424246404,12.90249458500741,9.694830578172663,14.67254765709793,18.87443415691947
2018-09-23 08:44:59.999997,3.004784730483179,12.2492439536752,12.94269579494577,9.741552838771177,14.70417819527191,18.88255858305476
2018-09-23 09:00:00.000000,3.201188748232106,12.27648785822002,12.97847459807827,9.780231352304517,14.73262586428143,18.89016677627929
2018-09-23 09:15:00.000003,3.352619096733174,12.29941057909839,13.00933150923373,9.811339058406206,14.7574472917575,18.89713075574351
2018-09-23 09:29:59.999997,3.451904060539795,12.3175485903601,13.03462691564942,9.834075059473568,14.77812901123107,18.90332191730312
2018-09-23 09:45:00.000000,3.483111373420896,12.32948985840294,13.05296367584397,9.845711278519678,14.79371837577969,18.90857032923262
2018-09-23 10:00:00.000003,3.451074153320375,12.33499166603059,13.06381645628291,9.846444704468734,14.80373980057708,18.91272654384169
2018-09-23 10:14:59.999997,3.337357689526578,12.33280895792582,13.06588299921219,9.833730960892735,14.80726265953447,18.91561290636142
2018-09-23 10:30:00.000000,3.16294020064219,12.32371753816981,13.05952561309889,9.81005476744762,14.80436160503612,18.91712365959981
2018-09-23 10:45:00.000003,2.930981292688975,12.30803087004021,13.04499460897224,9.776060658381994,14.79516891094665,18.91720213572319
2018-09-23 10:59:59.999997,2.64316481482386,12.28592662376666,13.02248376671693,9.732036409608163,14.7797984406312,18.91582172374957
2018-09-23 11:15:00.000000,2.326574581283318,12.25906282285524,12.99352383961123,9.681668923744274,14.7592216015381,18.91305194019223
2018-09-23 11:30:00.000003,1.985114287041211,12.22832079398831,12.95920205053303,9.626143365990146,14.73426551721918,18.90901344674131
2018-09-23 11:44:59.999997,1.628641746271622,12.19456802401713,12.92057018743545,9.56700255203999,14.70570609888462,18.90384765821679
2018-09-23 12:00:00.000000,1.256894818790477,12.15817678705148,12.8782243837011,9.504548996583557,14.67406880780125,18.89769210085023
2018-09-23 12:15:00.000003,0.8810408289812969,12.12007444506615,12.83320515081758,9.440480259014247,14.64012214896719,18.89070392702609
2018-09-23 12:29:59.999997,0.500136046652416,12.08080033699584,12.78624366979614,9.375167001076871,14.6044100350534,18.88303009459646
2018-09-23 12:45:00.000000,0.1208290658672046,12.04084412520569,12.73800126855751,9.309534707129574,14.56748248793475,18.87481225338412
2018-09-23 13:00:00.000003,-0.2471581378013458,12.00098149733524,12.68937804833253,9.245073240513719,14.53004376541282,18.86620335450948
2018-09-23 13:14:59.999997,-0.6141869885214489,11.96098372631354,12.64041098334723,9.180710778585054,14.49223011821856,18.85731178844538
2018-09-23 13:30:00.000000,-0.9629250479439782,11.92183335208488,12.59206940664363,9.118670858682075,14.45472056711529,18.84826813292391
2018-09-23 13:45:00.000003,-1.293105710068849,11.8840039065815,12.54497520146965,9.059474096913837,14.41800634762319,18.83919731936905
2018-09-23 13:59:59.999997,-1.612697545114608,11.84821275027992,12.49967760725324,9.003779089823954,14.38235696228337,18.8302005019885
2018-09-23 14:15:00.000000,-1.89906620493153,11.81542224530111,12.45723113334585,8.953974317827493,14.34857776516746,18.82140816692929
2018-09-23 14:30:00.000003,-2.162387661399381,11.78508935455545,12.41759646065893,8.908889057467068,14.31703410966855,18.81293805906429
2018-09-23 14:44:59.999997,-2.401792857959966,11.75703937879295,12.38073848953944,8.867683900659348,14.28764851906299,18.80485440508873
2018-09-23 15:00:00.000000,-2.603481722009726,11.73194062393937,12.3473297576532,8.831894157366415,14.26084005764959,18.79724097548881
2018-09-23 15:15:00.000003,-2.771172299641325,11.70989565497771,12.31761548632771,8.80134185858785,14.23681974421182,18.79017056397547
2018-09-23 15:29:59.999997,-2.900953008490226,11.6911751429453,12.29193187835604,8.776534166846714,14.21585758968702,18.78371881170892
2018-09-23 15:45:00.000000,-2.975781907071136,11.67676103436822,12.27127986998554,8.75963059910312,14.1986618829437,18.77799493502312
2018-09-23 16:00:00.000003,-2.994829326538521,11.66711663196795,12.25630484008995,8.751130942525615,14.18574993051232,18.77311745855309
2018-09-23 16:14:59.999997,-2.944392776512919,11.66317068797332,12.24804598747308,8.752864514135,14.17788936924487,18.76923250667156
2018-09-23 16:30:00.000000,-2.821036940307353,11.66551544169547,12.24729516625757,8.765620151450435,14.17570735753903,18.76648280856278
2018-09-23 16:45:00.000003,-2.625555672568876,11.67444032896417,12.2545454053715,8.789550172285695,14.17962746458682,18.76500510175117
2018-09-23 16:59:59.999997,-2.358954845296846,11.69010665464996,12.27011014945797,8.82466382331088,14.18992238547678,18.76490906445068
2018-09-23 17:15:00.000000,-2.052509347129811,11.711115507033,12.29281597710091,8.867277846428552,14.20585922830839,18.76619941487559
2018-09-23 17:30:00.000003,-1.697877728203841,11.7374498373295,12.32248094497587,8.917877774399209,14.22723077250533,18.76886140285204
2018-09-23 17:44:59.999997,-1.327219524537219,11.76759735727298,12.35757222693756,8.972844529459975,14.2529741469992,18.77278924498072
2018-09-23 18:00:00.000000,-0.9400305383048271,11.80315574339037,12.39849753140052,9.0353617176051,14.2828329465877,18.77788430120557
2018-09-23 18:15:00.000003,-0.530895015679489,11.84171094696746,12.44361842207876,9.10168196400297,14.31609354195039,18.78401588559613
2018-09-23 18:29:59.999997,-0.1327841964803848,11.88133415942416,12.49093927916675,9.16779968335256,14.35139064296339,18.79098360201968
2018-09-23 18:45:00.000000,0.2632091722781639,11.92173201019196,12.5397694027171,9.234140212944864,14.3881002873306,18.79860813611441
2018-09-23 19:00:00.000003,0.6445088687085554,11.9622669798812,12.58936140440102,9.299710886872207,14.42599569707363,18.80676044293635
2018-09-23 19:14:59.999997,1.034244297491924,12.00376905016421,12.64014604044378,9.366749473873565,14.46500084705432,18.8153412253581
2018-09-23 19:30:00.000000,1.399096766133778,12.04438559110235,12.69038052553187,9.430575749923916,14.50357674090163,18.82414327078151
2018-09-23 19:45:00.000003,1.76498933113467,12.08541254622627,12.74089682594445,9.498367630823193,14.54324770143059,18.83318228295462
2018-09-23 19:59:59.999997,2.110027451864635,12.12554420544069,12.79059789508079,9.564622772836548,14.58283929732618,18.84233195656524
2018-09-23 20:15:00.000000,2.434676215573624,12.16369833113725,12.83838518408359,9.623950010388779,14.62030584328018,18.85134387264061
2018-09-23 20:30:00.000003,2.746145141120417,12.2003597502952,12.88444886142386,9.680502622078965,14.65627288169056,18.86016000776467
2018-09-23 20:44:59.999997,3.006993526487015,12.23360827428529,12.9270499858786,9.729806149508619,14.68974182351045,18.86864647198054
2018-09-23 21:00:00.000000,3.246418109789727,12.26425760806916,12.96654169262685,9.774948053914148,14.7208631700023,18.8767247650248
2018-09-23 21:15:00.000003,3.429182053354124,12.2905347663151,13.00128336608419,9.811670483561057,14.74856550532455,18.88424338771171
2018-09-23 21:29:59.999997,3.584033578609735,12.31346301895015,13.03182767664605,9.843227637767757,14.773049467376,18.8911231256143
2018-09-23 21:45:00.000000,3.669647494210054,12.33068666060431,13.05614340419353,9.864061662795608,14.79303537908357,18.89719814454499
2018-09-23 22:00:00.000003,3.710658533740458,12.34283500034862,13.07440673027977,9.87669783635827,14.80847063552548,18.90235995722053
2018-09-23 22:14:59.999997,3.673819688130587,12.34807950192543,13.08492310844714,9.876885354042999,14.81822878880091,18.90643890880118
2018-09-23 22:30:00.000000,3.577264573043484,12.34676638395761,13.08765443811056,9.866358515533438,14.82212976064414,18.90931181969981
2018-09-23 22:45:00.000003,3.403693242020715,12.33791260151689,13.08161848583291,9.842932829130232,14.8194839445647,18.91083927410489
2018-09-23 22:59:59.999997,3.172340357160717,12.32234572170876,13.06728647638105,9.809026809194492,14.81046490201964,18.91094677160784
2018-09-23 23:15:00.000000,2.880109818730398,12.30007238973908,13.04467525663492,9.764481631450003,14.7950714513183,18.90958606383596
2018-09-23 23:30:00.000003,2.549608440320267,12.27236126506701,13.01494160292923,9.712208604848032,14.7740238260914,18.90679030556012
2018-09-23 23:44:59.999997,2.192607580410353,12.24036747095963,12.97933897035804,9.654255918992593,14.74819579231105,18.90265805766324
2018-09-24 00:00:00.000000,1.810558419162799,12.2046545255901,12.93866011444771,9.591244781218583,14.71821174833989,18.89730759663112
2018-09-24 00:15:00.000003,1.417935396483781,12.16622786139537,12.89396258352915,9.525211872899364,14.68467238690569,18.89076153323022
2018-09-24 00:29:59.999997,1.016267725778245,12.12566526623419,12.84607014472437,9.45683503084624,14.64835332859618,18.88320238555515
2018-09-24 00:45:00.000000,0.6116868902567032,12.08383520530342,12.79603265521084,9.387325736832365,14.61011584543775,18.87487088835957
2018-09-24 01:00:00.000003,0.2099311330874198,12.04141311350932,12.74473410777378,9.317717071175574,14.57068801710118,18.86597832558503
2018-09-24 01:14:59.999997,-0.1878468123053664,11.99867580752486,12.69267810831911,9.248324690484381,14.53053592456519,18.85668360937056
2018-09-24 01:30:00.000000,-0.5771245028172939,11.95607265215484,12.64045093311831,9.179874452145397,14.49012198298366,18.84711844134484
2018-09-24 01:45:00.000003,-0.9526874282265827,11.91413999945432,12.58870642183593,9.113254995734545,14.44994518411393,18.83740588509029
2018-09-24 01:59:59.999997,-1.312751993437305,11.87331577932748,12.53799018020527,9.049042775720151,14.41042067601408,18.82765842422008
2018-09-24 02:15:00.000000,-1.651602215063824,11.83519543483765,12.48957408711968,8.989917888759058,14.37224790905638,18.81800543032125
2018-09-24 02:30:00.000003,-1.964364257976687,11.79991659188698,12.44393878974601,8.93628797708464,14.33600654719547,18.8085747356481
2018-09-24 02:44:59.999997,-2.254989725809491,11.76697745429172,12.40101731773526,8.886975059805845,14.30192164071586,18.79946814843094
2018-09-24 03:00:00.000000,-2.512767727319229,11.73670602916629,12.36121350982276,8.842520173175215,14.27019533639705,18.7907672794737
2018-09-24 03:15:00.000003,-2.738416474233321,11.70926038159736,12.32480661093472,8.802959269043955,14.24102260876928,18.78254640155734
2018-09-24 03:29:59.999997,-2.928055154581426,11.68492407772044,12.2921480406481,8.768819173473215,14.21467894224786,18.77488056259786
2018-09-24 03:45:00.000000,-3.076874899015859,11.66407758178027,12.26368792225344,8.740793071412678,14.19151203365135,18.76785022959148
2018-09-24 04:00:00.000003,-3.179655996423435,11.64717147425035,12.23995991218846,8.719669033866367,14.171926672216,18.76154350785142
2018-09-24 04:14:59.999997,-3.226665421945644,11.63490202045443,12.22174153107921,8.706798390989235,14.15649787940427,18.75606876397888
2018-09-24 04:30:00.000000,-3.211091269452234,11.62789948385752,12.20979780753702,8.703265247931961,14.14581964847574,18.75154779126423
2018-09-24 04:45:00.000003,-3.12100619200842,11.62708503873913,12.20517963025517,8.710777604386879,14.14066979672028,18.74812947902104
2018-09-24 04:59:59.999997,-2.952362731716273,11.63312341411735,12.20875533217522,8.730211210522565,14.14171468013929,18.74596501884525
2018-09-24 05:15:00.000000,-2.708790068494686,11.64613930653749,12.22087323983136,8.761362349927847,14.14929938840012,18.74518741939062
2018-09-24 05:30:00.000003,-2.404248748625785,11.66559711523914,12.24117279130303,8.802650228828043,14.16324784036244,18.74586272000476
2018-09-24 05:44:59.999997,-2.05782490642477,11.69046812133714,12.26871536500775,8.85157845653869,14.18291635187426,18.74797754701011
2018-09-24 06:00:00.000000,-1.68307618043741,11.71973592051947,12.30239431255783,8.90614332678342,14.20749145746171,18.75145057953633
2018-09-24 06:15:00.000003,-1.294176423814421,11.75256837828155,12.34107318109133,8.964788102114953,14.23607361276634,18.75614821770023
2018-09-24 06:29:59.999997,-0.8951549717566741,11.79021613466213,12.38493597987786,9.029901968978207,14.26830940257306,18.76194443462758
2018-09-24 06:45:00.000000,-0.4818662905533079,11.83016374447522,12.43221370375014,9.09758047019128,14.30338508530391,18.76868275045545
2018-09-24 07:00:00.000003,-0.07337444185056212,11.87121747341538,12.48152100983598,9.165637362772943,14.34030793177499,18.77618065299741
2018-09-24 07:14:59.999997,0.3248417910554021,11.91253990301661,12.53179169078469,9.232842851830341,14.37824611862932,18.7842503020197
2018-09-24 07:30:00.000000,0.7085736179194864,11.95348494377663,12.58214504048281,9.298363226636182,14.41650012502236,18.79271159583864
2018-09-24 07:45:00.000003,1.098805209582588,11.99541780581267,12.63360360084746,9.365678497952599,14.45596899781485,18.80153469515017
2018-09-24 07:59:59.999997,1.45276027373636,12.03593211099956,12.68404149199739,9.428892529411703,14.49509911590043,18.81055006428055
2018-09-24 08:15:00.000000,1.807115248142896,12.07580983940829,12.73369826355433,9.491022184414662,14.53345148624352,18.81960713673677
2018-09-24 08:30:00.000003,2.133667344053578,12.11395220766069,12.78158750767881,9.550027105821075,14.57069736537201,18.82859221355791
2018-09-24 08:44:59.999997,2.439280020745447,12.1515085909268,12.82849480232938,9.614048768245926,14.60907221539055,18.83762617967809
2018-09-24 09:00:00.000000,2.726519632151466,12.18650589167197,12.87275930403878,9.667781081182149,14.64422664579487,18.84634179110409
2018-09-24 09:15:00.000003,2.963114914458296,12.21760623261719,12.91297040705238,9.713229015846876,14.67607681233427,18.85459198429429
2018-09-24 09:29:59.999997,3.176466095519349,12.24580122933765,12.94966455938865,9.754072080810333,14.70517403353922,18.86232784215006
2018-09-24 09:45:00.000000,3.326996499741932,12.26905787914211,12.98100905984652,9.785450611827866,14.7304037617354,18.86940503543245
2018-09-24 10:00:00.000003,3.441479786953051,12.2882323849043,13.00737372600963,9.81031869348499,14.7518471845896,18.87573264301043
2018-09-24 10:14:59.999997,3.493122696500348,12.30181382738258,13.02741089062334,9.825138180632083,14.76863528219272,18.88117256975493
2018-09-24 10:30:00.000000,3.485751824247158,12.30944124981101,13.0405348337591,9.829834564652648,14.78027874411075,18.88559374286871
2018-09-24 10:45:00.000003,3.398220853872806,12.30967439150302,13.04528431918604,9.821432141075004,14.7857549341617,18.88882169076858
2018-09-24 10:59:59.999997,3.251251655081584,12.30319861904406,13.04192217438069,9.802293649145286,14.78507090355771,18.89074669136587
2018-09-24 11:15:00.000000,3.028285412954765,12.28921540459986,13.02966668475441,9.770502025903426,14.77767915078279,18.89124886406153
2018-09-24 11:30:00.000003,2.749332956291065,12.2684956866091,13.00904201808768,9.728319564344893,14.76383245585796,18.89027408640953
2018-09-24 11:44:59.999997,2.423382092953944,12.24184270958239,12.98083109447079,9.677257257759877,14.74401383386,18.8878310677477
2018-09-24 12:00:00.000000,2.064281728927206,12.21032064332084,12.94612950676924,9.619428157125947,14.71897907916075,18.883992536037
2018-09-24 12:15:00.000003,1.688022362506212,12.17528544737271,12.90639354796941,9.55737166571536,14.68975871536237,18.87889579839534
2018-09-24 12:29:59.999997,1.293137007841483,12.13717984849733,12.86235136898074,9.491385129022651,14.65698098654676,18.87268484731134
2018-09-24 12:45:00.000000,0.8905253234623397,12.09691944498224,12.81505505467457,9.423125476002848,14.62143225824814,18.86552020736698
2018-09-24 13:00:00.000003,0.4815483222150183,12.05519811124308,12.76538712561526,9.353276691318028,14.58375512038647,18.85756140771382
2018-09-24 13:14:59.999997,0.07277281136054974,12.01254046272296,12.71406633272946,9.282805050907198,14.5445556629073,18.84896093490671
2018-09-24 13:30:00.000000,-0.3372069489244344,11.96910489083536,12.66146469878512,9.211717608310245,14.50420041603629,18.83984994227138
2018-09-24 13:45:00.000003,-0.7395216900569259,11.9255466311803,12.60832823959889,9.14127854303378,14.46325486501663,18.83036215092877
2018-09-24 13:59:59.999997,-1.124823328390068,11.88271138108697,12.55560615081198,9.073019493108088,14.42242602598749,18.82064529689305
2018-09-24 14:15:00.000000,-1.49620825666109,11.84133071736811,12.50403838710459,9.007731108193283,14.38220558800249,18.81083468699424
2018-09-24 14:30:00.000003,-1.837255832718076,11.80329306907318,12.4552736737761,8.949197916066602,14.34368259702639,18.8011082560421
2018-09-24 14:44:59.999997,-2.154998910844117,11.76776975462582,12.40921564629675,8.895531064766935,14.30723173251103,18.79160891564694
2018-09-24 15:00:00.000000,-2.440925169853195,11.73487780196227,12.36617915212289,8.846683738515457,14.27304932492121,18.7824435878467
2018-09-24 15:15:00.000003,-2.696190293599934,11.70469141516187,12.32638144968035,8.80252984727572,14.24129124457442,18.77369977113961
2018-09-24 15:29:59.999997,-2.916181260926131,11.67751706721779,12.29019798789853,8.76365938754012,14.2122441179264,18.76546244864801
2018-09-24 15:45:00.000000,-3.095155027112481,11.65378687401707,12.25812986957068,8.730887611557621,14.18629434553358,18.75782218918128
2018-09-24 16:00:00.000003,-3.23625575118924,11.63357632954281,12.23037845918795,8.70402515156759,14.16362692966103,18.75085389240702
2018-09-24 16:14:59.999997,-3.32465580733122,11.61768441117886,12.20775628461906,8.684879716519758,14.14481955813975,18.74465743031642
2018-09-24 16:30:00.000000,-3.364179081368469,11.60622989560832,12.19054713610601,8.673296500336521,14.13014769246477,18.73932123126862
2018-09-24 16:45:00.000003,-3.337563472439121,11.60015476104118,12.17972589415429,8.671391416003607,14.12031685294722,18.73496545306987
2018-09-24 16:59:59.999997,-3.232842983222914,11.60045598167907,12.17642902553137,8.680993061526703,14.11617708525553,18.73174264315554
2018-09-24 17:15:00.000000,-3.055594782711918,11.60741328979838,12.18119546565979,8.701887128129483,14.11816831214693,18.72978922880396
2018-09-24 17:30:00.000003,-2.79694595400484,11.62164800607359,12.19477368896288,8.73522975819366,14.12686457456127,18.72924615919238
2018-09-24 17:44:59.999997,-2.478070342128212,11.64238820066762,12.2166377036093,8.778714356413776,14.1420152872046,18.73017878255326
2018-09-24 18:00:00.000000,-2.111420629795306,11.66888979903532,12.24610130117506,8.830594061619713,14.16313038733506,18.73258734838594
2018-09-24 18:15:00.000003,-1.713580202592979,11.70005967442282,12.28202286976614,8.88858741676713,14.18940208527914,18.73639977533425
2018-09-24 18:29:59.999997,-1.299414411074041,11.73500989676783,12.32324854737251,8.950957158565206,14.21991241263584,18.74148683374205
2018-09-24 18:45:00.000000,-0.8690918698233288,11.77545698535294,12.370289886781,9.02104805080525,14.25447863261157,18.74773997798355
2018-09-24 19:00:00.000003,-0.4288480499556674,11.81817086236375,12.42085496167567,9.093286421793007,14.2920113696229,18.7549894284769
2018-09-24 19:14:59.999997,0.0118147928557303,11.86232697874054,12.4738028351407,9.166597769928169,14.3316433026249,18.76305472258291
2018-09-24 19:30:00.000000,0.4432346701136658,11.90695262413494,12.52797405830113,9.239335185247468,14.37249936193498,18.77174630107918
2018-09-24 19:45:00.000003,0.8543686529798946,11.95098187431075,12.58211339600676,9.309691010094815,14.41363589983503,18.78086107412198
2018-09-24 19:59:59.999997,1.278140086693119,11.99609971447388,12.63735420579162,9.381830504201606,14.45552991313241,18.79031156117371
2018-09-24 20:15:00.000000,1.663321420626409,12.04018564171238,12.69206411034474,9.451045659561677,14.49807128366249,18.80004224156498
2018-09-24 20:30:00.000003,2.043988687615479,12.08334987649788,12.7458024023773,9.518246168372892,14.53971538636093,18.80984992399343
2018-09-24 20:44:59.999997,2.393938395544173,12.12439155205716,12.79741033465268,9.580829452958074,14.57970194310633,18.81955434438728
2018-09-24 21:00:00.000000,2.724235942990081,12.16384553840839,12.84711732652834,9.642236847964426,14.61871869296881,18.82911311648587
2018-09-24 21:15:00.000003,3.024316342988424,12.20199918446103,12.89510115269075,9.706276108386353,14.65810804263486,18.83859551614565
2018-09-24 21:29:59.999997,3.285747650816167,12.23608961943267,12.93891471825078,9.756911431132439,14.69314564163256,18.84758379531053
2018-09-24 21:45:00.000000,3.507960573451574,12.26640454558573,12.97837267000561,9.800471421001916,14.72453459612232,18.85596751220164
2018-09-24 22:00:00.000003,3.691092828120154,12.29280596430466,13.01324023452313,9.837336751458292,14.75240628809581,18.86368016486989
2018-09-24 22:14:59.999997,3.820382583851112,12.31429615928998,13.04253850293521,9.865444551016118,14.77615765064717,18.87061195151545
2018-09-24 22:30:00.000000,3.903917569956642,12.33093480376027,13.06610101131324,9.885504402955801,14.79559925783722,18.87667079803059
2018-09-24 22:45:00.000003,3.925468971976987,12.34171340085007,13.08293332066284,9.895336397043607,14.81004937512113,18.88173528151584
2018-09-24 22:59:59.999997,3.881628927326446,12.34601541828676,13.09226391936553,9.894086890060516,14.81891540008473,18.88567475641724
2018-09-24 23:15:00.000000,3.776083420780552,12.34375883855592,13.09381729798736,9.882013327993958,14.82192332252906,18.88838147836587
2018-09-24 23:30:00.000003,3.5992963940035,12.33427642017933,13.08688239074861,9.857787051673654,14.81855836735203,18.88974102265897
2018-09-24 23:44:59.999997,3.355049874143472,12.31752446722444,13.07123919719257,9.821707397336509,14.80859159704422,18.88965982532788
2018-09-25 00:00:00.000000,3.06109366278475,12.29462076955653,13.04773780653927,9.77643166871968,14.79248724733371,18.88811894113601
2018-09-25 00:15:00.000003,2.71888949657338,12.42387519101224,13.10850479368208,11.60914351070321,14.87567400603212,18.89980370158949
2018-09-25 00:29:59.999997,2.352469249466802,12.42795993324706,13.10799237462254,11.62993642987515,14.89464007713894,18.91161918415585
2018-09-25 00:45:00.000000,1.95796547360703,12.40681660412299,13.0853358416981,11.58099443969092,14.88847650007697,18.92109923697458
2018-09-25 01:00:00.000003,1.565697679249594,12.37947758488269,13.05435702383283,11.52512123831495,14.87217820012312,18.92800977807786
2018-09-25 01:14:59.999997,1.146786200646363,12.34773807192934,13.01728275221982,11.46343305908568,14.84917242952174,18.93249878674327
2018-09-25 01:30:00.000000,0.742343780179545,12.31437803461689,12.97693000071868,11.40157711263108,14.8221014098394,18.9349860104654
2018-09-25 01:45:00.000003,0.3299393710274489,12.27922505453306,12.93379510236809,11.33737110260891,14.79192123241601,18.93588775967021
2018-09-25 01:59:59.999997,-0.0763631308642632,12.24322363919096,12.88894882858179,11.27305837009318,14.7597144371605,18.9355946519665
2018-09-25 02:15:00.000000,-0.4627125469374464,12.20759002914837,12.84379025006651,11.21083014494844,14.72668024484169,18.93446967344231
2018-09-25 02:30:00.000003,-0.8454400096390609,12.17199180906285,12.79839565157885,11.14909308971665,14.69314026634464,18.93277278714877
2018-09-25 02:44:59.999997,-1.200225946882612,12.13782601354773,12.75414361148343,11.09100420201308,14.66012428876333,18.93076006518505
2018-09-25 03:00:00.000000,-1.532588203604728,12.10600715375658,12.71197561313439,11.03745607445242,14.62830239012273,18.92864876060864
2018-09-25 03:15:00.000003,-1.837394383638421,12.07738216724382,12.67277526706614,10.98973794576677,14.59830777365848,18.92662793280136
2018-09-25 03:29:59.999997,-2.111656242936436,12.05149871264482,12.63663206685903,10.94688856773451,14.57045267017309,18.92484479255261
2018-09-25 03:45:00.000000,-2.348755598616728,12.02865592710676,12.6040152075311,10.90958409574203,14.54517921803436,18.9234359276646
2018-09-25 04:00:00.000003,-2.543246964831323,12.00932026730335,12.57551657355031,10.87865670656684,14.52298412313859,18.92253450166289
2018-09-25 04:14:59.999997,-2.696971096647719,11.99365494570499,12.55145767468028,10.85408743644522,14.50416294047645,18.9222528076807
2018-09-25 04:30:00.000000,-2.79725034415329,11.98239768236505,12.53262655272255,10.83748665276395,14.48931442939677,18.9227163913902
2018-09-25 04:45:00.000003,-2.844991277403853,11.97583547339601,12.51947260751627,10.82905294107994,14.4788280819927,18.92403988171949
2018-09-25 04:59:59.999997,-2.831723634073144,11.97456325811028,12.51268391870829,10.82993385009397,14.47323488552228,18.92634404291674
2018-09-25 05:15:00.000000,-2.747576070410554,11.97936219077122,12.51315578331215,10.84158530575838,14.47321713461324,18.9297668758877
2018-09-25 05:30:00.000003,-2.589855915499681,11.99075547284865,12.52159608260166,10.86466079160699,14.47933640653507,18.93445123067122
2018-09-25 05:44:59.999997,-2.354219458081981,12.0093285702467,12.53877162605082,10.89991829432999,14.49215647436375,18.94055241840892
2018-09-25 06:00:00.000000,-2.047132632877492,12.03509061383384,12.56483524764001,10.94679453740257,14.51182150336809,18.94814904727668
2018-09-25 06:15:00.000003,-1.703981058689346,12.06642052176194,12.59839872618284,11.00099470454693,14.53738836033526,18.95722319812514
2018-09-25 06:29:59.999997,-1.317837639368561,12.10281061211714,12.63870380011323,11.06294284794475,14.56843440158286,18.96772097902291
2018-09-25 06:45:00.000000,-0.9101271665707323,12.14554920499513,12.68599897230492,11.13383176767449,14.60454630642381,18.97956707130521
2018-09-25 07:00:00.000003,-0.4808654936798226,12.19174568817457,12.73825154508091,11.20901419550751,14.64487938601662,18.99264182757635
2018-09-25 07:14:59.999997,-0.04009882877413068,12.24053050696241,12.79430420650482,11.28704176871411,14.68834999673921,19.00676447713824
2018-09-25 07:30:00.000000,0.3971721056594285,12.29065822398505,12.85275488308952,11.36565356524056,14.73394488687829,19.02173999805132
2018-09-25 07:45:00.000003,0.8212160066650284,12.34101890112941,12.91225218901323,11.44305610964241,14.78063707624316,19.03735558292248
2018-09-25 07:59:59.999997,1.251161196313817,12.39243770376764,12.97317165209951,11.52140939969158,14.82842597538245,19.05347595122509
2018-09-25 08:15:00.000000,1.65469896986429,12.44280878615732,13.03362924928489,11.59614316094324,14.87613833535055,19.06991020143136
2018-09-25 08:30:00.000003,2.050900361553246,12.492617589553,13.09363869071855,11.66956713059725,14.92362944697268,19.08652657182714
2018-09-25 08:44:59.999997,2.42402122813262,12.54108268228815,13.15239599338479,11.73986741419985,14.97030359026451,19.10318835223338
2018-09-25 09:00:00.000000,2.785176450534058,12.5884478479651,13.20991642749013,11.80813801320461,15.01608631345841,19.11980224088093
2018-09-25 09:15:00.000003,3.11675174947329,12.63382353968471,13.26534509201138,11.87225326624483,15.06035944979828,19.13625305495379
2018-09-25 09:29:59.999997,3.415325729803193,12.67652581598065,13.31785306856051,11.93132787502183,15.10254309825143,19.1524163735296
2018-09-25 09:45:00.000000,3.680291283630877,12.71649514155517,13.36709575099861,11.98553733122429,15.14228374720566,19.16818042518515
2018-09-25 10:00:00.000003,3.910237065313887,12.75311132768157,13.41247829063238,12.03395022118812,15.17918805089849,19.18343868269362
2018-09-25 10:14:59.999997,4.088638266285454,12.78535321849315,13.45298986297533,12.07436081646359,15.21250539783316,19.1980589326109
2018-09-25 10:30:00.000000,4.231207023269378,12.81358987585648,13.48868362884619,12.10839320208801,15.24220486398234,19.21195521472323
2018-09-25 10:45:00.000003,4.314621312729439,12.83652255082027,13.51832348701442,12.13312069379611,15.2674761390686,19.22499850928814
2018-09-25 10:59:59.999997,4.330403375962772,12.85317159178618,13.54079207176459,12.14692890083872,15.2874847209756,19.2370326972374
2018-09-25 11:15:00.000000,4.303879969917233,12.86456521224874,13.55673477055675,12.15280170978097,15.30251037310774,19.24798399317777
2018-09-25 11:30:00.000003,4.191468430739854,12.86846150316691,13.56417823669774,12.14535506332949,15.31129055657872,19.25769097914877
2018-09-25 11:44:59.999997,4.023891623906453,12.89663126554151,13.57834748593994,12.24823303057419,15.32592015918181,19.267178972101
2018-09-25 12:00:00.000000,3.781167463422289,12.91127522672694,13.58225601310565,12.30420961681645,15.33326986493903,19.27549351543034
2018-09-25 12:15:00.000003,3.485839501760511,12.89798325810738,13.56778212922658,12.2684002678049,15.3261061323083,19.28168128209998
2018-09-25 12:29:59.999997,3.146752903567273,12.87599027607358,13.54355080983892,12.21928816952069,15.31085168077833,19.2860440560558
2018-09-25 12:45:00.000000,2.772531465635996,12.84868571206795,13.51231753725379,12.16292265854248,15.28984335682879,19.28885921951069
2018-09-25 13:00:00.000003,2.384928287249194,12.8179765364825,13.47610129084441,12.10271095977142,15.26460089885695,19.29035742561466
2018-09-25 13:14:59.999997,1.966349777319422,12.78355329731656,13.43503474084845,12.03694207409398,15.23540837795566,19.29068175572576
2018-09-25 13:30:00.000000,1.548897647937618,12.74724759421409,13.39088733719195,11.96976806912151,15.20348790822147,19.29002445723616
2018-09-25 13:45:00.000003,1.113346754955975,12.70866119878031,13.34367704563742,11.89935465197604,15.16903898101254,19.2885212777276
2018-09-25 13:59:59.999997,0.6881447467578911,12.66944934811476,13.29501085165225,11.82924173307635,15.1331459763272,19.28635394126293
2018-09-25 14:15:00.000000,0.2602665557611827,12.62946222559577,13.24514658137601,11.75795902506927,15.09611285008679,19.28366312913711
2018-09-25 14:30:00.000003,-0.149573224833664,12.58995349709207,13.19530957829988,11.68848416650727,15.05890495943177,19.2806653839681
2018-09-25 14:44:59.999997,-0.5401207965566736,12.55148664830685,13.14628185313276,11.62143364586069,15.02207154983071,19.27748016972312
2018-09-25 15:00:00.000000,-0.904234835930502,12.51768926466864,13.10109110388355,11.57737435474117,14.99433542645542,19.27512938876573
2018-09-25 15:15:00.000003,-1.242414411534391,12.48782438327777,13.05969686590418,11.54584995610423,14.97264704351453,19.27357718704738
2018-09-25 15:29:59.999997,-1.555151929264438,12.45760125669789,13.01899376348781,11.4949228310081,14.94313199835746,19.27138135137923
2018-09-25 15:45:00.000000,-1.829101808455687,12.43043539291028,12.98141046012385,11.44894411804334,14.91418145548005,19.26917259053547
2018-09-25 16:00:00.000003,-2.073695925584236,12.40618155334706,12.94725684044274,11.40794656585684,14.88752419936908,19.2673042252167
2018-09-25 16:14:59.999997,-2.281162406090453,12.38521675947233,12.91701549541498,11.37285622572225,14.86377924467057,19.26595107221575
2018-09-25 16:30:00.000000,-2.450534104211249,12.36775837824477,12.8910051921406,11.34397269061955,14.84328097246244,19.26522380431689
2018-09-25 16:45:00.000003,-2.572284296901525,12.3544264254042,12.86989286241453,11.32260716020522,14.82654566253684,19.26523090488842
2018-09-25 16:59:59.999997,-2.641060601784666,12.34576562562721,12.85432648113586,11.30970665205739,14.81409026976057,19.26608457390316
2018-09-25 17:15:00.000000,-2.65678181504289,12.34203538369387,12.84470354747972,11.30551762896915,14.80626544683453,19.26788625220398
2018-09-25 17:30:00.000003,-2.593465263667723,12.34471319590738,12.84249820686844,11.31343271266936,14.80413896566167,19.27079569969111
2018-09-25 17:44:59.999997,-2.46479954336797,12.35373220560225,12.84795894008929,11.33236470720369,14.80800290975816,19.27493887615113
2018-09-25 18:00:00.000000,-2.255187785236564,12.37000668843671,12.86207340997603,11.36427727592282,14.81857252889522,19.28046112249652
2018-09-25 18:15:00.000003,-1.978652511751223,12.39320724208731,12.88475692402696,11.40777903465605,14.83589335987046,19.28745832116775
2018-09-25 18:29:59.999997,-1.658886190458223,12.42218230132175,12.91503031459683,11.45979582608522,14.85928145698741,19.29593122364966
2018-09-25 18:45:00.000000,-1.283903073310861,12.45751505841211,12.95313238878774,11.52203887355621,14.88877593227895,19.30588426942538
2018-09-25 19:00:00.000003,-0.8958712736478984,12.49885779848425,12.99814541006687,11.59228688775048,14.9234195202381,19.31722625634948
2018-09-25 19:14:59.999997,-0.4732957281244449,12.54440442324508,13.04875227732676,11.66866590249703,14.96260400893559,19.32984319772246
2018-09-25 19:30:00.000000,-0.03020326373892524,12.59341766545711,13.10407792672271,11.74969040387338,15.00565738720309,19.34360722084766
2018-09-25 19:45:00.000003,0.3987966299444802,12.64352045837587,13.16177098305271,11.83011584216446,15.05093770976164,19.35829369723547
2018-09-25 19:59:59.999997,0.8254597375652779,12.69444016575081,13.22110086088715,11.91051238464515,15.0978776735584,19.37467624861547
2018-09-25 20:15:00.000000,1.25433864221554,12.74643793654463,13.28200888684819,11.99152768964766,15.14605273083322,19.39109007728148
2018-09-25 20:30:00.000003,1.663419514603571,12.79781031993943,13.34289907571279,12.06979329021578,15.19442349191713,19.40761303004984
2018-09-25 20:44:59.999997,2.05717548901392,12.84832958436666,13.40318869735581,12.14579566921042,15.24249185590828,19.42427155698041
2018-09-25 21:00:00.000000,2.431502300522686,12.89761753767181,13.46234142943755,12.2189483840804,15.28980536370942,19.44097800904268
2018-09-25 21:15:00.000003,2.787449706122458,12.94546729253856,13.51999349103044,12.28916281662438,15.33605259141475,19.45762953493219
2018-09-25 21:29:59.999997,3.117984893987097,12.99141519084356,13.57560921014483,12.35549115809936,15.38079308674465,19.47411639173482
2018-09-25 21:45:00.000000,3.410447799791802,13.03437859773685,13.62805369100189,12.41593496090691,15.42325963726719,19.4902992342669
2018-09-25 22:00:00.000003,3.669578763751,13.07447066173206,13.67708983685804,12.47124006242994,15.46315190055028,19.5060626684291
2018-09-25 22:14:59.999997,3.887690624898911,13.11075200094594,13.72185513349903,12.51965202448759,15.49990253031146,19.52128196976659
2018-09-25 22:30:00.000000,4.062683782056028,13.14282748111732,13.76180867911066,12.56068021000697,15.53306789311114,19.53584000271906
2018-09-25 22:45:00.000003,4.197798922131049,13.17067395814614,13.79677476665012,12.59460855073988,15.56246236889757,19.54964639726978
2018-09-25 22:59:59.999997,4.266071477433194,13.19263616149441,13.82520185153651,12.61773999165384,15.58703583325781,19.56254997997818
2018-09-25 23:15:00.000000,4.276851051952702,13.2086469538976,13.84673950435199,12.63069794295086,15.60640524378559,19.57442314427227
2018-09-25 23:30:00.000003,4.241486088306681,13.21919142881289,13.86162554883395,12.63498244694318,15.62067742381565,19.58519324508471
2018-09-25 23:44:59.999997,4.125625596306019,13.22579699862271,13.87032144361925,12.62667498163588,15.62917987277598,19.59477527542489
2018-09-26 00:00:00.000000,3.955438016285752,13.22484922157833,13.87086484785124,12.60805913014882,15.63223783700272,19.60472951000833
2018-09-26 00:15:00.000003,3.714374376607425,13.16717798194594,13.83693834185908,12.16300225970491,15.59836473103881,19.61006344480051
2018-09-26 00:29:59.999997,3.423050413165786,13.14208261470014,13.81402863323356,12.10208172575754,15.58381989266658,19.61541004547832
2018-09-26 00:45:00.000000,3.076920254622937,13.11760463501455,13.78880221679134,12.04937043138995,15.56970872543018,19.62004443922653
2018-09-26 01:00:00.000003,2.702358044723131,13.08924554592847,13.75789788406519,11.9914372332258,15.5506882942443,19.62303041456964
2018-09-26 01:14:59.999997,2.302541356496922,13.05672377772243,13.72114400770446,11.92786913447977,15.52620705642887,19.624091014467
2018-09-26 01:30:00.000000,1.876119684423494,13.02008647395095,13.67885856500658,11.85835634607437,15.49667420717349,19.6233524970018
2018-09-26 01:45:00.000003,1.444988659673625,12.98073889628169,13.63252323524262,11.78588128504396,15.46331306478925,19.62105416142744
2018-09-26 01:59:59.999997,0.9996522570107651,12.93889062075156,13.58264210449522,11.71019700047179,15.42671957752151,19.61743279662658
2018-09-26 02:15:00.000000,0.5589839173051798,12.89601082622129,13.53071825140957,11.6340521358727,15.38798476841753,19.61276631345853
2018-09-26 02:30:00.000003,0.1179170037668975,12.85234784032667,13.47732799788785,11.5573704144001,15.3477239932793,19.60729444111907
2018-09-26 02:44:59.999997,-0.3067991742299565,12.80896283269288,13.4236439386369,11.48248371785684,15.30688577580139,19.60125595102518
2018-09-26 03:00:00.000000,-0.7156029916127148,12.76632939792085,13.37039899270392,11.40980760636629,15.26612352801101,19.59486049345621
2018-09-26 03:15:00.000003,-1.094370314277298,12.72555383777465,13.3188076694562,11.34150147347742,15.2263634544883,19.58832382471039
2018-09-26 03:29:59.999997,-1.446284201761511,12.68730269946212,13.26966440839614,11.27818401778848,15.18821137431944,19.58183469236554
2018-09-26 03:45:00.000000,-1.763002748198054,12.65432163989605,13.22536034959786,11.22751441252975,15.15791612532851,19.57694021752695
2018-09-26 04:00:00.000003,-2.040470528067067,12.62448102495905,13.18472067980168,11.18014118413196,15.12719784902354,19.57175284998119
2018-09-26 04:14:59.999997,-2.280875032085705,12.59777026220952,13.14787546188925,11.13775734580709,15.09807833158185,19.56666528892885
2018-09-26 04:30:00.000000,-2.484843377485657,12.57442400091344,13.11512373701731,11.10123256283751,15.07185376581664,19.56205698364406
2018-09-26 04:45:00.000003,-2.643115406929533,12.55506600465702,13.08712210789347,11.07193258342933,15.04922141323408,19.55811571231357
2018-09-26 04:59:59.999997,-2.75269735278317,12.54010598921684,13.06438152079029,11.05050591051979,15.03064363069211,19.5549672722101
2018-09-26 05:15:00.000000,-2.817308178103554,12.52954983341825,13.04703825447728,11.0366423848247,15.01629091929355,19.55269833652387
2018-09-26 05:30:00.000003,-2.821567001694314,12.52422936674333,13.03592462762201,11.03226987712177,15.00677938801525,19.55141895214117
2018-09-26 05:44:59.999997,-2.766243135504491,12.52448574228072,13.03152023637154,11.03776403155786,15.00250982730956,19.55123252952867
2018-09-26 06:00:00.000000,-2.639115741862133,12.53112878192276,13.03470158799457,11.05480816104143,15.00414068112507,19.55226354272242
2018-09-26 06:15:00.000003,-2.437230327922705,12.54465900248699,13.0461428324544,11.08401226987803,15.01221802837254,19.55463969473146
2018-09-26 06:29:59.999997,-2.174707588391228,12.56469733660781,13.06569234989112,11.12390591405514,15.026689555194,19.55843796655237
2018-09-26 06:45:00.000000,-1.855680826692088,12.59091019638703,13.0930607748308,11.17377416359023,15.04738853775105,19.56369338420373
2018-09-26 07:00:00.000003,-1.485711879553614,12.6230709823273,13.12804000342536,11.23287268035262,15.07409926037378,19.5704099159271
2018-09-26 07:14:59.999997,-1.091474941576736,12.66141967754515,13.17018609415543,11.30076909038736,15.1061988528742,19.57852798436268
2018-09-26 07:30:00.000000,-0.6651205831871905,12.70484511841796,13.21854782536399,11.37608780721883,15.14313949762435,19.58795669638113
2018-09-26 07:45:00.000003,-0.2171041004927863,12.75190304909124,13.27184411908562,11.45624924777515,15.18413229840314,19.59856900018489
2018-09-26 07:59:59.999997,0.2336557667320696,12.80112739806627,13.32851531911368,11.53837285340653,15.22805095597317,19.61018777094969
2018-09-26 08:15:00.000000,0.6751286637558622,12.85120416787415,13.38704379456612,11.6202074864634,15.27374319905128,19.6226009145943
2018-09-26 08:30:00.000003,1.11358644845272,12.90211375166728,13.44700537400206,11.70225466000849,15.32070212810826,19.63563004343917
2018-09-26 08:44:59.999997,1.535156811269387,12.95279950439798,13.50724993263219,11.7824703945148,15.36807737521396,19.64908543431549
2018-09-26 09:00:00.000000,1.937832301903302,13.00252244235447,13.56683836730724,11.8599599214347,15.41513696416683,19.66278292715517
2018-09-26 09:15:00.000003,2.330495365173841,13.05147823610549,13.62570542445775,11.93567903359016,15.46171702527028,19.67659344141628
2018-09-26 09:29:59.999997,2.683525748225192,13.09780032102568,13.68214460651074,12.0052928094279,15.50667497882804,19.69033362391745
2018-09-26 09:45:00.000000,3.023903212005347,13.14250273636632,13.73670663037378,12.07203362262251,15.55018339522761,19.70390605026565
2018-09-26 10:00:00.000003,3.315829926961534,13.18371579396184,13.78766820874705,12.13157376129136,15.59112804109618,19.71714702634059
2018-09-26 10:14:59.999997,3.582239276743409,13.22225351593141,13.83533265164941,12.1866828174785,15.62953948566282,19.72995565520722
2018-09-26 10:30:00.000000,3.813569093035905,13.25746876869614,13.87914133983199,12.23589703871716,15.6650573441571,19.74223363911222
2018-09-26 10:45:00.000003,3.992161006732093,13.28805185485248,13.91782981183844,12.27651493424247,15.69682073854969,19.75384295401149
2018-09-26 10:59:59.999997,4.138449062252569,13.31470301443717,13.95175741660666,12.31084895173929,15.72494516734376,19.76470852180887
2018-09-26 11:15:00.000000,4.229195218365972,13.33621867304678,13.97984749614544,12.33597328292789,15.74871496106423,19.7747167823786
2018-09-26 11:30:00.000003,4.258026856629195,13.35174912968694,14.00113340372995,12.3505095219415,15.76740189464165,19.78373094918524
2018-09-26 11:44:59.999997,4.238871460759133,13.36175582239118,14.01580103413928,12.35604116266136,15.78101341312603,19.79168380476277
2018-09-26 12:00:00.000000,4.153208877000374,13.36524386830225,14.02293903050547,12.35019775642626,15.78893248675815,19.79849527102894
2018-09-26 12:15:00.000003,3.998149508462373,13.36157624045567,14.02175831673032,12.33214380969418,15.79056278204418,19.80397650683711
2018-09-26 12:29:59.999997,3.786740758831361,13.35124269015503,14.01250265740994,12.30343772199142,15.78596957612774,19.80805374626641
2018-09-26 12:45:00.000000,3.505676370373436,13.33357538138612,13.99456794420907,12.26244080253715,15.77474241455138,19.81065275167035
2018-09-26 13:00:00.000003,3.177530070897654,13.30979060215827,13.96887128236494,12.21223134209394,15.75739261393754,19.81177355436083
2018-09-26 13:14:59.999997,2.808633011202005,13.28067857597829,13.93622524114395,12.15418391721633,15.73447572942266,19.81146148254172
2018-09-26 13:30:00.000000,2.419777661082204,13.24769432411155,13.89815747599877,12.09120901508624,15.70704038635839,19.80984062533128
2018-09-26 13:45:00.000003,1.999013934136489,13.21051768341306,13.8547986265857,12.02157466409819,15.67532897599583,19.80700989338465
2018-09-26 13:59:59.999997,1.570175040546867,13.17074105533025,13.80763900696364,11.94902629442506,15.64036848459942,19.80312668445729
2018-09-26 14:15:00.000000,1.133840544583782,13.12897828612217,13.75751825320258,11.87427708884548,15.60285191767897,19.79834934264785
2018-09-26 14:30:00.000003,0.6888692662063391,13.08559366974846,13.70499894597687,11.79743742398895,15.56321510462084,19.79282009076457
2018-09-26 14:44:59.999997,0.2481484560541609,13.04162730159216,13.65117978831947,11.72056438890238,15.52226055794677,19.78669998491916
2018-09-26 15:00:00.000000,-0.1836621469437147,12.9980937960788,13.59720744626322,11.6476153071292,15.48203501327167,19.78029316224716
2018-09-26 15:15:00.000003,-0.6012628624748962,12.95608174298583,13.54430572464734,11.58189896726112,15.44451107979359,19.77400210212224
2018-09-26 15:29:59.999997,-0.9939210412703344,12.91450551982313,13.49191829672453,11.51194703206909,15.40465783108231,19.76735453712705
2018-09-26 15:45:00.000000,-1.358650635422325,12.87476822821604,13.44131644789497,11.44550887252664,15.36530114700286,19.76059323435077
2018-09-26 16:00:00.000003,-1.699227107969385,12.83841375227502,13.39377127235776,11.38525768392142,15.3277227418963,19.75396047119719
2018-09-26 16:14:59.999997,-1.999500318120158,12.80574858989897,13.35001485401784,11.33204367331616,15.29274962939669,19.74764829465821
2018-09-26 16:30:00.000000,-2.266706568144135,12.77631304323029,13.31003561842715,11.28450034304498,15.26061586732967,19.74212987809902
2018-09-26 16:45:00.000003,-2.494469006673685,12.75033212748941,13.27418332518278,11.24308376595816,15.2316621540551,19.73720442016879
2018-09-26 16:59:59.999997,-2.678043136316132,12.72828342345031,13.24299569615182,11.20884422082164,15.206305530141,19.73272917931577
2018-09-26 17:15:00.000000,-2.811050681992002,12.71069884008231,13.21708748136225,11.18280131782163,15.18504480690705,19.72896229156346
2018-09-26 17:30:00.000003,-2.897204536591156,12.69764004449152,13.19666830781581,11.16471718738412,15.16810465993016,19.72605390044954
2018-09-26 17:44:59.999997,-2.923103677722029,12.68987408538149,13.18252954079964,11.15633617269125,15.15608239606958,19.72413415300144
2018-09-26 18:00:00.000000,-2.88611870107,12.68787798547952,13.17528150530175,11.1583479962472,15.14947630351435,19.72332244440929
2018-09-26 18:15:00.000003,-2.787454691394297,12.69184221216073,13.17526520769263,11.1708067126757,15.14859093251532,19.72372107429169
2018-09-26 18:29:59.999997,-2.607564205099743,12.70290714814849,13.18363552915696,11.1963135096841,15.15427705709982,19.72547108251219
2018-09-26 18:45:00.000000,-2.359109335279972,12.72094195006647,13.20052863538955,11.23375996745788,15.16671612662812,19.72867710990464
2018-09-26 19:00:00.000003,-2.059997066323308,12.74507257486816,13.22524237691174,11.28080072916973,15.18545436659682,19.73336493733511
2018-09-26 19:14:59.999997,-1.703592707687394,12.77540418048057,13.25779412112541,11.33792722179935,15.21044603263598,19.73955008333578
2018-09-26 19:30:00.000000,-1.325555930841605,12.81022117102678,13.29657154435158,11.40058458945687,15.24054379000812,19.74713774633275
2018-09-26 19:45:00.000003,-0.9142788850013758,12.85188556130323,13.34261390442866,11.47391979588763,15.27589248569204,19.7560757942355
2018-09-26 19:59:59.999997,-0.4747203042998022,12.89753804085468,13.39403494469249,11.55276326459389,15.31565577793624,19.76625108154905
2018-09-26 20:15:00.000000,-0.03220162720772198,12.94553738769801,13.44908782222632,11.633808053752,15.35857722364706,19.77748423195428
2018-09-26 20:30:00.000003,0.4128843705650387,12.99516981998116,13.5067651961877,11.71627074170533,15.40382243991542,19.78959224936673
2018-09-26 20:44:59.999997,0.8393507871107692,13.04483071584898,13.56534326506261,11.79693697613663,15.45010933313165,19.80234583475486
2018-09-26 21:00:00.000000,1.273226033027131,13.09564529676338,13.62537823487328,11.87886534987011,15.49749692100629,19.81560633069611
2018-09-26 21:15:00.000003,1.669112023807933,13.14487865794582,13.68440853988457,11.9560161146802,15.54441449322212,19.82914504499671
2018-09-26 21:29:59.999997,2.068327880945901,13.19390542810161,13.7431949706322,12.03292309213878,15.59117160255598,19.84284942639214
2018-09-26 21:45:00.000000,2.424660174394587,13.2404884555699,13.79977557836547,12.10393112295345,15.63645819310032,19.85652932402815
2018-09-26 22:00:00.000003,2.769628848455873,13.28555271791114,13.85459032743908,12.172363226558,15.6804140199684,19.870080754248
2018-09-26 22:14:59.999997,3.076702777855267,13.32772318328686,13.90645689711259,12.23456430856806,15.72221650864395,19.88336216005236
2018-09-26 22:30:00.000000,3.342987444335914,13.3663471164314,13.95447468087439,12.29001195845076,15.76119475787941,19.8962251242885
2018-09-26 22:45:00.000003,3.572431105994966,13.40155221075176,13.99844742520901,12.33940975697776,15.7970829618407,19.90855169882832
2018-09-26 22:59:59.999997,3.766144347154197,13.43304589945319,14.03805369784504,12.38243135031708,15.82964789310507,19.92024496170104
2018-09-26 23:15:00.000000,3.904229314194827,13.45952569167204,14.07206216840338,12.41622183384674,15.85804032194307,19.93116711985046
2018-09-26 23:30:00.000003,4.010497868158229,13.48191059167572,14.10104163755191,12.44358056298306,15.88251539222997,19.94125762773964
2018-09-26 23:44:59.999997,4.056668397404033,13.49877355574095,14.1237562644029,12.46095596817288,15.90226628288231,19.95040336004698
2018-09-27 00:00:00.000000,4.043472588968922,13.50960450940926,14.13951650421732,12.46784223590997,15.91674575785773,19.95848515165194
2018-09-27 00:15:00.000003,3.988871461436311,13.4888347062963,14.1354015831138,12.16993880537025,15.91140943575279,19.96513375586532
2018-09-27 00:29:59.999997,3.85960270588079,13.48373080790977,14.1350257268822,12.14505291654795,15.91447745827277,19.97241959061426
2018-09-27 00:45:00.000000,3.667193544934571,13.4758369727073,14.12997014837014,12.11980911257738,15.91523833403723,19.97914439152797
2018-09-27 01:00:00.000003,3.422934433871462,13.46210390012533,14.11760049111066,12.08514862170914,15.91003935008375,19.98441593110163
2018-09-27 01:14:59.999997,3.11357970197383,13.44129651385192,14.09664803690083,12.0385481781422,15.89765529137655,19.98778024187355
2018-09-27 01:30:00.000000,2.76763752387067,13.41482964503167,14.06821033907103,11.98387922130826,15.87881150178374,19.98921936511971
2018-09-27 01:45:00.000003,2.390181500287382,13.38353856740401,14.03329368976318,11.92237992139792,15.85435693286646,19.98888853935986
2018-09-27 01:59:59.999997,1.985662632612532,13.34806924278952,13.99274171566495,11.85501827378938,15.82505024341351,19.98698588955271
2018-09-27 02:15:00.000000,1.55903925961314,13.30904069534638,13.94735510705024,11.78272307371783,15.7915815960672,19.98370965483697
2018-09-27 02:30:00.000003,1.134300328328356,13.2681388238641,13.89885668931908,11.70907327196448,15.75525157227272,19.97930758931757
2018-09-27 02:44:59.999997,0.6928115817501613,13.22510704909259,13.84740238567093,11.63229130958279,15.7163262901472,19.97395771554743
2018-09-27 03:00:00.000000,0.2603292577133697,13.18151340857228,13.79452284971559,11.55579992741472,15.67586429007103,19.96786874477269
2018-09-27 03:15:00.000003,-0.1634410861863395,13.13775420336351,13.74094212338604,11.47987328806446,15.63457194867564,19.96123529982928
2018-09-27 03:29:59.999997,-0.5776005689112147,13.09417465769703,13.68720922809034,11.40495213816171,15.5929587900117,19.95422551717877
2018-09-27 03:45:00.000000,-0.9690649669491073,13.05179999806922,13.6344171286976,11.33319935103628,15.55185289302495,19.94702045843229
2018-09-27 04:00:00.000003,-1.325853294216661,13.01185993943122,13.58389405963422,11.26686180260449,15.51224593115763,19.9398221202554
2018-09-27 04:14:59.999997,-1.659424054094555,12.97531896338707,13.53650493085863,11.2067147768853,15.47465872640848,19.93279957287913
2018-09-27 04:30:00.000000,-1.96116312189399,12.94216734826565,13.49260832840118,11.15277850835202,15.43951205984844,19.92609487691342
2018-09-27 04:45:00.000003,-2.216923514466169,12.91278851852901,13.45291657430982,11.10606402362831,15.4074731350965,19.91985986730164
2018-09-27 04:59:59.999997,-2.443915449073915,12.88655982746363,13.41710309495014,11.0646206870587,15.37845639864808,19.91418532240857
2018-09-27 05:15:00.000000,-2.624331018565599,12.86425431372279,13.38590442991096,11.03049297852687,15.35300267596997,19.90917863549101
2018-09-27 05:30:00.000003,-2.758636368613487,12.84618235257434,13.35976338929387,11.00398566624029,15.33149304203672,19.90494354127384
2018-09-27 05:44:59.999997,-2.848062281482909,12.83244187161154,13.33889201322074,10.98507158901979,15.31413843654178,19.90156459995244
2018-09-27 06:00:00.000000,-2.87288229627656,12.82412577624253,13.32436871310365,10.97632146411241,15.3017297019629,19.89916682304091
2018-09-27 06:15:00.000003,-2.838238086196104,12.82143563759868,13.31660103126629,10.97756794224281,15.29464053130728,19.89786140891872
2018-09-27 06:29:59.999997,-2.744235048095982,12.82452646438031,13.3158760382864,10.9888833729287,15.29313135172663,19.89775974063747
2018-09-27 06:45:00.000000,-2.576801180837512,12.83423198124956,13.32305004639711,11.01214553097744,15.29784105707289,19.89896864016591
2018-09-27 07:00:00.000003,-2.347557252630589,12.85036104650112,13.3381460606057,11.04626681950157,15.30884523558668,19.90155977046539
2018-09-27 07:14:59.999997,-2.063993104130645,12.872514800394,13.36085794922142,11.09018671254571,15.32595626928122,19.90556721723718
2018-09-27 07:30:00.000000,-1.721825420388312,12.90085702268064,13.39131512695646,11.14433129916573,15.34922825881705,19.91102044382411
2018-09-27 07:45:00.000003,-1.357311716882212,12.93363748000079,13.42791585136246,11.2042090724078,15.37754569327429,19.91783752366335
2018-09-27 07:59:59.999997,-0.9563925256989718,12.97334868148348,13.47184794062857,11.27511573574753,15.41116239030555,19.92598533554956
2018-09-27 08:15:00.000000,-0.5310736511772666,13.01700474818551,13.52107893574817,11.35133259614406,15.44911213243651,19.93534954944398
2018-09-27 08:30:00.000003,-0.0875802105676399,13.0638078926139,13.57463681123792,11.43173036617877,15.49067165376795,19.94579906865559
2018-09-27 08:44:59.999997,0.3529044702645108,13.11221251022527,13.63091342821795,11.5131238416969,15.5346690465543,19.95714999764071
2018-09-27 09:00:00.000000,0.7845532609349859,13.16123016654826,13.68866223895763,11.59405234823183,15.58011449010634,19.96920023161778
2018-09-27 09:15:00.000003,1.221890748415355,13.21143587304723,13.74806382359353,11.67595372947218,15.62690254057672,19.98181355926512
2018-09-27 09:29:59.999997,1.624927072476017,13.26041951672249,13.80685889213443,11.75366488389231,15.67351045997882,19.99476553672729
2018-09-27 09:45:00.000000,2.015351092478998,13.30841855844098,13.86482474627593,11.82903944257622,15.7195985165588,20.0078884699959
2018-09-27 10:00:00.000003,2.385873151022519,13.3550469537121,13.92145858077218,11.90133771420062,15.76476148140288,20.02104173603491
2018-09-27 10:14:59.999997,2.71772243835011,13.39894397422896,13.97538656866783,11.96772683978182,15.80801999501674,20.03404821159136
2018-09-27 10:30:00.000000,3.035112429193586,13.44105113850482,14.02715347987555,12.03107313544431,15.84957482254318,20.04681535405422
2018-09-27 10:45:00.000003,3.295188567389226,13.47898750681601,14.07462811471317,12.08578730006218,15.88804956708908,20.05915826713582
2018-09-27 10:59:59.999997,3.526283174486297,13.51370756721719,14.11819607709704,12.13516164238792,15.9235050669922,20.0709679521011
2018-09-27 11:15:00.000000,3.707948072171372,13.54398047864775,14.15676797766695,12.17632553207998,15.95522985743191,20.08210957418202
2018-09-27 11:30:00.000003,3.840609572217177,13.56933422530094,14.18975529425997,12.20863546119116,15.98273293067452,20.0924599711629
2018-09-27 11:44:59.999997,3.93423974550766,13.59031172240902,14.21747783211794,12.23355170683927,16.00608806707248,20.10196191485519
2018-09-27 12:00:00.000000,3.968864829485608,13.6055209191229,14.23859616735496,12.24843164142408,16.02452755175983,20.11047184691812
2018-09-27 12:15:00.000003,3.944692363767637,13.61460652968469,14.25259010317632,12.25285032880873,16.03757594061545,20.11787220146056
2018-09-27 12:29:59.999997,3.866948783526846,13.61769590557999,14.25942596984076,12.24736775875003,16.04511482200638,20.12408350088159
2018-09-27 12:45:00.000000,3.728951831730105,13.61437212331684,14.258674340295,12.23108552530646,16.04682209204245,20.12902609678687
2018-09-27 13:00:00.000003,3.531985243069979,13.6044533206309,14.250102402619,12.20377451350658,16.04251212107444,20.13263499970897
2018-09-27 13:14:59.999997,3.281856866265938,13.5887199146366,14.2343440995426,12.16805231398345,16.03311697706173,20.13495388224798
2018-09-27 13:30:00.000000,2.980292432955554,13.56792482080021,14.21210865841075,12.12585344160299,16.01961303855403,20.1360804818312
2018-09-27 13:45:00.000003,2.634265420825142,13.54076953442259,14.18222039215612,12.07107658913797,15.99899498346301,20.13577376828218
2018-09-27 13:59:59.999997,2.259334039188295,13.50875372480191,14.14600024588003,12.00894855320999,15.97272181426756,20.13407524955306
2018-09-27 14:15:00.000000,1.857517580629562,13.47268319548207,14.10441027486647,11.94094892228685,15.94186273492095,20.13111009678932
2018-09-27 14:30:00.000003,1.431516862960653,13.43303712972521,14.0580966691815,11.86775802230002,15.90703870775368,20.12700319195724
2018-09-27 14:44:59.999997,0.993938295324757,13.39079561844493,14.00810772041736,11.7913717612147,15.86907400826125,20.12190235725432
2018-09-27 15:00:00.000000,0.5471088368641482,13.34671249743811,13.95534607383951,11.71263233724511,15.82862456196743,20.1159546820953
2018-09-27 15:15:00.000003,0.09378318975009527,13.30111469922879,13.9003661559102,11.63175888731141,15.78616718516576,20.10929317806641
2018-09-27 15:29:59.999997,-0.3498806421007934,13.25511754335152,13.84433697763263,11.55142345386012,15.74270453865608,20.10214086683895
2018-09-27 15:45:00.000000,-0.7870667793922689,13.20903795179337,13.78781896125728,11.47175788624575,15.69868283267662,20.09460221277449
2018-09-27 16:00:00.000003,-1.197786541673301,13.16426608628093,13.73222628369783,11.39572709891377,15.6551035074745,20.08683451267823
2018-09-27 16:14:59.999997,-1.586461457683574,13.12212295891129,13.67880334795584,11.32512110499357,15.61286158822842,20.07903271611561
2018-09-27 16:30:00.000000,-1.937946986109708,13.08394577625919,13.62896903282586,11.26247886699682,15.573041819067,20.07141541218473
2018-09-27 16:45:00.000003,-2.263422122377411,13.04858551485913,13.58232477303159,11.20471751635326,15.53558504275336,20.06411135687451
2018-09-27 16:59:59.999997,-2.544457772674257,13.01672684290206,13.53963446062615,11.15376130682222,15.50110064791072,20.05726260160009
2018-09-27 17:15:00.000000,-2.784405177945285,12.98857262888304,13.50130051316286,11.1095675138624,15.46996045125462,20.0509955740786
2018-09-27 17:30:00.000003,-2.988035564765163,12.96401397628737,13.467359340314,11.07161753315298,15.44226704389801,20.04540181510738
2018-09-27 17:44:59.999997,-3.13187613733284,12.94426001667003,13.43897373715416,11.04286779802666,15.41886777605861,20.04061619896132
2018-09-27 18:00:00.000000,-3.238174298618768,12.92870043105281,13.41582365033866,11.02103467296977,15.39963062217323,20.03670898856551
2018-09-27 18:15:00.000003,-3.286547127938343,12.91818260611119,13.39868983549331,11.0084214210274,15.38511758402928,20.03377746633555
2018-09-27 18:29:59.999997,-3.279926781936009,12.91289689893934,13.38790432223908,11.00504290445593,15.37563474026151,20.03191159076448
2018-09-27 18:45:00.000000,-3.217160778382167,12.91302149127165,13.38373632106723,11.01112247675745,15.3714208683682,20.03119048677599
2018-09-27 19:00:00.000003,-3.0762735985682,12.91985651084998,13.38746304947419,11.02960043356779,15.37337885191254,20.03174223381147
2018-09-27 19:14:59.999997,-2.869851132897175,12.93329285623628,13.39923592510886,11.05942893772784,15.38171120476507,20.03366724991953
2018-09-27 19:30:00.000000,-2.601010361024538,12.95318303898891,13.4190149088804,11.10014027628219,15.39644179913828,20.03703012091981
2018-09-27 19:45:00.000003,-2.282047979025161,12.97894105264871,13.44631030192227,11.15013859818912,15.41722738474464,20.04184193675563
2018-09-27 19:59:59.999997,-1.925866353997597,13.00968845180673,13.48023721125542,11.20752225448364,15.44343326530297,20.04805490142667
2018-09-27 20:15:00.000000,-1.536886741808869,13.04497946604189,13.52023867708695,11.27141479234996,15.47454718894274,20.05559363679846
2018-09-27 20:30:00.000003,-1.128531993478391,13.08547771905647,13.56620635261599,11.34274863373499,15.5101688091221,20.06437518995802
2018-09-27 20:44:59.999997,-0.6932075413053568,13.13046565527606,13.61750820699641,11.42074681420351,15.54991623049523,20.07430065025978
2018-09-27 21:00:00.000000,-0.2431023713650377,13.17842957565796,13.67282891637213,11.50258535760137,15.59297715530893,20.08523417071384
2018-09-27 21:15:00.000003,0.2014850003222158,13.22769072407213,13.73047218276063,11.58493069797919,15.63815137232505,20.09698831848745
2018-09-27 21:29:59.999997,0.6411191386479845,13.27763063713969,13.78953137833447,11.66720254039336,15.68468137353991,20.10938213506661
2018-09-27 21:45:00.000000,1.065786526849462,13.32749210603791,13.84904502828971,11.74791731275622,15.7317618211328,20.12223043854628
2018-09-27 22:00:00.000003,1.476736025278154,13.37692103704826,13.90843601920764,11.82661411571901,15.77886755937243,20.13536943606435
2018-09-27 22:14:59.999997,1.855141193178012,13.42440858487954,13.96615983166415,11.90051850096945,15.82490326641464,20.1485975327509
2018-09-27 22:30:00.000000,2.231049550137873,13.47111061598267,14.02289483940088,11.97324672787226,15.87017293816876,20.16181825415077
2018-09-27 22:45:00.000003,2.547075922727186,13.51444559597307,14.07643040854534,12.03884334772603,15.91368226054709,20.1748873049843
2018-09-27 22:59:59.999997,2.860841985331844,13.55724020468787,14.12888043268445,12.10606786467635,15.95740372602076,20.18788038404713
2018-09-27 23:15:00.000000,3.100595473872567,13.59439421889093,14.17578197726406,12.15923401359544,15.99632041392617,20.20035143644161
2018-09-27 23:30:00.000003,3.325505114811299,13.62827612525168,14.21856325133379,12.20744378201513,16.03161366215847,20.2121851921672
2018-09-27 23:44:59.999997,3.474309781010111,13.65626042587217,14.25496025387176,12.2439381802416,16.06205562975572,20.22319901170394
2018-09-28 00:00:00.000000,3.610383689228135,13.68091931195247,14.28686051019739,12.27618162407623,16.08881742973537,20.23338011047109
2018-09-28 00:15:00.000003,3.684224285859235,13.64516298164085,14.28281965388692,11.72531547346242,16.07581862377963,20.23939398544251
2018-09-28 00:29:59.999997,3.723044585266105,13.64938845774007,14.29462111586502,11.7153091684998,16.08435325276736,20.24629320227493
2018-09-28 00:45:00.000000,3.705847506824934,13.65615694034177,14.3065242884757,11.71790774152752,16.09596970466652,20.25320906973391
2018-09-28 01:00:00.000003,3.635538978525797,13.65847167482515,14.31303484449099,11.71247915370702,16.10383119384147,20.25919862856907
2018-09-28 01:14:59.999997,3.518057689926868,13.6553829681876,14.31298677775154,11.69809437738193,16.10642680333543,20.26386526247968
2018-09-28 01:30:00.000000,3.334829233564192,13.64562398168138,14.30514424287905,11.67205506210769,16.10283161336838,20.26703663390871
2018-09-28 01:45:00.000003,3.084442508065306,13.62880610856873,14.28893384188203,11.63393969001298,16.09259411059862,20.26863035682237
2018-09-28 01:59:59.999997,2.798109642207047,13.60650461213059,14.26563193487659,11.58779958490994,16.07653545650771,20.26869442575857
2018-09-28 02:15:00.000000,2.460643967874674,13.57839562622662,14.23517276012598,11.53210962284973,16.05468496928246,20.2672687794012
2018-09-28 02:30:00.000003,2.098139005431839,13.54593611390433,14.19888982929844,11.47036814986359,16.02795975838605,20.26446561581711
2018-09-28 02:44:59.999997,1.719601022275674,13.51025612320157,14.15805502145108,11.40450917825091,15.9974319783946,20.26054154605402
2018-09-28 03:00:00.000000,1.320666669482651,13.47169255131482,14.11327092315681,11.3347378604881,15.96432711146302,20.25620899502792
2018-09-28 03:15:00.000003,0.9098997858773235,13.43063984303512,14.06505603086854,11.2616067353461,15.9276237618311,20.25034808599801
2018-09-28 03:29:59.999997,0.4948630761800015,13.38813611725334,14.01450689954538,11.18691076743049,15.8886232638646,20.24356734217875
2018-09-28 03:45:00.000000,0.0751570248737301,13.34444012585998,13.9621142742157,11.11088580572535,15.84792432235377,20.23611184051645
2018-09-28 04:00:00.000003,-0.3311187012023441,13.30073678874316,13.90911200116859,11.03620012435927,15.80651108757632,20.22817500155046
2018-09-28 04:14:59.999997,-0.7204083879856022,13.257866646759,13.85655291322547,10.96432403423486,15.76538656274795,20.21995925940104
2018-09-28 04:30:00.000000,-1.085705644702687,13.21653145304612,13.80532979917784,10.89612864877226,15.72515824113737,20.21163981961875
2018-09-28 04:45:00.000003,-1.429746497356495,13.17721696734286,13.75604399920763,10.83197972754525,15.68624005608036,20.20336420006165
2018-09-28 04:59:59.999997,-1.734510089047317,13.14203071051566,13.7104916308614,10.77595298629197,15.64973628273295,20.19532304126779
2018-09-28 05:15:00.000000,-2.004606655015617,13.11031518717393,13.66870531510197,10.7262216914665,15.61596164402382,20.18766274451219
2018-09-28 05:30:00.000003,-2.235681199185194,13.08210443320079,13.63098576979452,10.68287659394383,15.58525983522743,20.1805107024381
2018-09-28 05:44:59.999997,-2.404158933576144,13.05871385240773,13.5986858403245,10.649014365086,15.55866550674286,20.17404340385622
2018-09-28 06:00:00.000000,-2.5372265957344,13.03933823848336,13.57137504227781,10.62177098365457,15.53601361999037,20.16835719453454
2018-09-28 06:15:00.000003,-2.609649993347348,13.02505289584377,13.55005227395033,10.60401510878654,15.51801855650672,20.16358032266116
2018-09-28 06:29:59.999997,-2.626312044605645,13.01605891287966,13.53510391593046,10.59562070347405,15.50503582548921,20.15982476966714
2018-09-28 06:45:00.000000,-2.591170337149035,13.01229109547385,13.52659645794629,10.59615907573055,15.49717042883785,20.15717064214717
2018-09-28 07:00:00.000003,-2.478105347469997,13.01511239201671,13.52582867152934,10.60895846187483,15.49535613185651,20.15575439308106
2018-09-28 07:14:59.999997,-2.308665565345275,13.0240275781871,13.53262062398955,10.63188648142943,15.49955036517994,20.15565663213108
2018-09-28 07:30:00.000000,-2.067372520297345,13.03968080890953,13.54758513659703,10.666676408115,15.5102080676938,20.1569695536809
2018-09-28 07:45:00.000003,-1.777557378165705,13.06121283484987,13.57007827298402,10.71068194720997,15.52692109158998,20.1597157145048
2018-09-28 07:59:59.999997,-1.449283037643055,13.08787432200079,13.59934805035944,10.76225874082477,15.54911162198675,20.16385804573352
2018-09-28 08:15:00.000000,-1.081549844198228,13.121273085636,13.63608893589844,10.82448405807872,15.5768624166046,20.16937657702276
2018-09-28 08:30:00.000003,-0.6932670265870262,13.15895849750432,13.6784349026926,10.8923513521556,15.60913358382944,20.17616036192791
2018-09-28 08:44:59.999997,-0.2564552264806965,13.20163608364508,13.72680922281993,10.96865835377357,15.64616747088306,20.18416443924433
2018-09-28 09:00:00.000000,0.1882023733508699,13.24724212848081,13.77940728018375,11.04822010490797,15.68677763588984,20.19325469554527
2018-09-28 09:15:00.000003,0.6510790160775405,13.29560611505476,13.83575114398376,11.13157778922412,15.73050764906905,20.20330965805424
2018-09-28 09:29:59.999997,1.119571143933902,13.34608370774661,13.89506830250445,11.21715759591552,15.77670066047236,20.21419430709464
2018-09-28 09:45:00.000000,1.570464886689323,13.39691796867776,13.95559275739239,11.30133040729508,15.82408850217604,20.22570969230249
2018-09-28 10:00:00.000003,2.033322929233629,13.4489667206919,14.0176910376446,11.38739027063614,15.87278353510938,20.23774309944342
2018-09-28 10:14:59.999997,2.465095874985683,13.49997685012908,14.07933609234477,11.46975312857043,15.92139887077381,20.25009687419276
2018-09-28 10:30:00.000000,2.872200775228384,13.54946148112275,14.13970742834761,11.54835941056619,15.96926298605103,20.26259514978613
2018-09-28 10:45:00.000003,3.265138614902935,13.59776942888161,14.19885150885691,11.62448846077223,16.01624844780673,20.27511715388828
2018-09-28 10:59:59.999997,3.603018482554589,13.64262148975172,14.25454120553624,11.69285726643292,16.06074675726712,20.28742542407756
2018-09-28 11:15:00.000000,3.91041477853746,13.68430287858709,14.30663194297287,11.75550664896818,16.10251807859706,20.29935496551146
2018-09-28 11:30:00.000003,4.177189420902492,13.72217730740246,14.35444623023781,11.81117039185997,16.14109277474116,20.31076252072505
2018-09-28 11:44:59.999997,4.400941849025923,13.75710574978915,14.39870115149853,11.86425978135072,16.17857530391881,20.32175534507842
2018-09-28 12:00:00.000000,4.589303798830834,13.7877823188822,14.43807498570809,11.90857345777553,16.21193550250682,20.33206950016094
2018-09-28 12:15:00.000003,4.721415285025363,13.81268222961555,14.47103184625833,11.94136175707647,16.23980466897325,20.34145847792108
2018-09-28 12:29:59.999997,4.822675312112835,13.83313559689789,14.49849005031493,11.96710430416015,16.26310261228045,20.34987842619762
2018-09-28 12:45:00.000000,4.862190802841662,13.84774744787749,14.51930007706702,11.98224216470198,16.28126152677642,20.35724410841765
2018-09-28 13:00:00.000003,4.87454291809914,13.85807593361147,14.53461954588455,11.99113377746133,16.2950036308906,20.36356196749987
2018-09-28 13:14:59.999997,4.824239473268732,13.86249095753736,14.54315171708212,11.98941475737044,16.30353994577545,20.36875820105429
2018-09-28 13:30:00.000000,4.70650496509302,13.86012276249099,14.54392296819074,11.97572316870603,16.3061425492291,20.37272106129146
2018-09-28 13:45:00.000003,4.529635838047567,13.85107970234036,14.53681229253814,11.95080438137705,16.30263550368187,20.37536523571094
2018-09-28 13:59:59.999997,4.27726074268841,13.83433914443134,14.52083134664494,11.91237288994793,16.29232021034288,20.37657177495778
2018-09-28 14:15:00.000000,3.984301222114148,13.81158497464841,14.49724910207365,11.86497694534785,16.27594309082539,20.3763348522727
2018-09-28 14:30:00.000003,3.637914724625308,13.78259044904326,14.46603205397236,11.80747855096824,16.25354069859866,20.37464968151788
2018-09-28 14:44:59.999997,3.2581494800305,13.74859833785407,14.42827527521326,11.74277683458983,16.22582883193544,20.37157823885783
2018-09-28 15:00:00.000000,2.852390513747868,13.71066632350679,14.38507094110289,11.6726666461135,16.1935711466149,20.36722529203445
2018-09-28 15:15:00.000003,2.438571721460191,13.6701180588927,14.3379130202522,11.59964325944248,16.15784680233374,20.36175373510255
2018-09-28 15:29:59.999997,2.002607521571944,13.62670355414967,14.28695369207882,11.52226766753514,16.11889963713401,20.35528786557227
2018-09-28 15:45:00.000000,1.565806629259473,13.58169379346278,14.23346266752363,11.4434409774175,16.077649533141,20.34798852363452
2018-09-28 16:00:00.000003,1.122851312826978,13.53527886741421,14.17789001851953,11.36300646964958,16.03456513894475,20.34000053362796
2018-09-28 16:14:59.999997,0.6878697731424094,13.48857475091888,14.1213869725002,11.28313495183181,15.99047697484306,20.33148774081846
2018-09-28 16:30:00.000000,0.2651573923232484,13.44234633474468,14.06489069032488,11.20490850870077,15.94611076690357,20.32261607211629
2018-09-28 16:45:00.000003,-0.1494466792080274,13.39653090915387,14.0086087057507,11.12790063720616,15.90176001544258,20.31351560912522
2018-09-28 16:59:59.999997,-0.5341828526378478,13.35246346114014,13.95386379313306,11.05515429567448,15.85839544269054,20.3043568972545
2018-09-28 17:15:00.000000,-0.8980742716279007,13.31032005969306,13.90112795078572,10.98649236246883,15.81663089087769,20.29530298471039
2018-09-28 17:30:00.000003,-1.221642710653462,13.27129461708337,13.85161683700054,10.92430387758347,15.777260743398,20.2865238941483
2018-09-28 17:44:59.999997,-1.506413004655656,13.23630736271894,13.80627722651179,10.8696689937204,15.74088791491376,20.27817716247987
2018-09-28 18:00:00.000000,-1.75107499031126,13.20593980878807,13.76578107659187,10.8233128606213,15.70799571151798,20.27040346301479
2018-09-28 18:15:00.000003,-1.947558459714234,13.18001918367196,13.73039682904337,10.78501633603909,15.67898634561387,20.26333090088353
2018-09-28 18:29:59.999997,-2.106414628347288,13.15809214955089,13.69992786975639,10.75341250168048,15.65382627208341,20.25704049942537
2018-09-28 18:45:00.000000,-2.223254706927399,13.14027775285605,13.67452250518892,10.7288931897356,15.63266024936788,20.25159738609681
2018-09-28 19:00:00.000003,-2.288496148071213,13.12714437852797,13.65475321026965,10.71276348971364,15.61592254254685,20.24708389931513
2018-09-28 19:14:59.999997,-2.303317113246461,13.11887702549631,13.6409102813907,10.70512910402747,15.60386940040506,20.24357294425424
2018-09-28 19:30:00.000000,-2.257837137693581,13.11610010641927,13.63365524995488,10.70733345999027,15.59699909957778,20.24115834423924
2018-09-28 19:45:00.000003,-2.152777269059239,13.11906244296563,13.63336650776568,10.71956772928543,15.59563554850408,20.23992912802159
2018-09-28 19:59:59.999997,-1.984492138795107,13.12809851842948,13.64046076014918,10.74240581702131,15.60011509230426,20.23997085530256
2018-09-28 20:15:00.000000,-1.760885573135111,13.14304488537244,13.65491501912948,10.77502749608818,15.61044074060203,20.24133877879245
2018-09-28 20:30:00.000003,-1.488116063309807,13.1635551918653,13.67643777009823,10.81656307337756,15.62642269107885,20.24405129145462
2018-09-28 20:44:59.999997,-1.171121760051108,13.19068877951663,13.70550227069874,10.86870172165917,15.64811059689484,20.24812356913863
2018-09-28 21:00:00.000000,-0.8252585758650159,13.22280534878687,13.74081165318711,10.9279787137351,15.67474877286381,20.25350013396642
2018-09-28 21:15:00.000003,-0.4488501301806254,13.25916347581747,13.78159571940115,10.99353098085039,15.70581577931388,20.26008438071351
2018-09-28 21:29:59.999997,-0.05256272653921926,13.29888265041953,13.82692980419995,11.0636519934291,15.74065133968001,20.26776282486608
2018-09-28 21:45:00.000000,0.3395206442841466,13.34021984396106,13.87504621616208,11.13468661597023,15.77798159618746,20.27635284532813
2018-09-28 22:00:00.000003,0.7415009853267978,13.38326763284517,13.92563935243959,11.20785154204464,15.81744028018814,20.2857102000313
2018-09-28 22:14:59.999997,1.135487547382591,13.42714723018861,13.97773750743155,11.2808925396213,15.85823203295092,20.29567120972041
2018-09-28 22:30:00.000000,1.517265251157169,13.4710211077322,14.03033408875065,11.35271288372109,15.89960326741662,20.30606538416659
2018-09-28 22:45:00.000003,1.883966856830805,13.51425870299976,14.08261722484525,11.42248059927253,15.94091782695959,20.31672911846315
2018-09-28 22:59:59.999997,2.227683187072224,13.55607683684291,14.13366914760467,11.48886012058566,15.981472023918,20.32749675333176
2018-09-28 23:15:00.000000,2.543802757998649,13.59590717993254,14.18276164120132,11.55090705989446,16.02064710771145,20.33820951958679
2018-09-28 23:30:00.000003,2.827133343229188,13.63308858986984,14.22908152119762,11.6076345366734,16.05782180091767,20.34871280858298
2018-09-28 23:44:59.999997,3.075126648503625,13.66759432632388,14.27243069053061,11.65997193128465,16.09326408419489,20.35893485527425
2018-09-29 00:00:00.000000,3.28219765202278,13.69911054584284,14.31240769075098,11.70787843529897,16.12708194342993,20.36882767594557
2018-09-29 00:15:00.000003,3.450568648795159,13.64213833446127,14.29980048985368,10.89711036430025,16.09754234810029,20.37156438067506
2018-09-29 00:29:59.999997,3.568015319725253,13.64629611205537,14.3128392545335,10.88542012165373,16.10175717052914,20.37510471823213
2018-09-29 00:45:00.000000,3.649850197423048,13.65844593220041,14.33053621481728,10.90127359715818,16.11466125016216,20.37918691613889
2018-09-29 01:00:00.000003,3.679904596102103,13.66775453903412,14.34486978807033,10.91125893189493,16.12641700961366,20.38301421238218
2018-09-29 01:14:59.999997,3.655447695948682,13.67201190943875,14.35350636247269,10.91197052366645,16.13426070826217,20.38615296092964
2018-09-29 01:30:00.000000,3.589975774526389,13.67143584388554,14.35635030047298,10.90471366773904,16.13774195499706,20.38841216118134
2018-09-29 01:45:00.000003,3.46578095690548,13.66500530333734,14.35245018920081,10.88709999834105,16.1361136311714,20.38963810431858
2018-09-29 01:59:59.999997,3.291771292998392,13.65291549858061,14.34178200134817,10.86006103328692,16.12923207124585,20.38973611726164
2018-09-29 02:15:00.000000,3.06122206711129,13.63485515874385,14.32399044661431,10.82286663478395,16.11679772869403,20.38862363339231
2018-09-29 02:30:00.000003,2.787194328209626,13.61136659934863,14.29948574545547,10.77705776524664,16.09903959809932,20.38627203368011
2018-09-29 02:44:59.999997,2.471346084086547,13.58276779289193,14.26862028268024,10.72309511042721,16.07618089133124,20.38268358785991
2018-09-29 03:00:00.000000,2.11905084543743,13.54948519344469,14.23184554871894,10.66183346672439,16.0485437308148,20.37788876384834
2018-09-29 03:15:00.000003,1.743588164726842,13.51249649434463,14.19014047762159,10.59531475925225,16.01681548094107,20.37196880774238
2018-09-29 03:29:59.999997,1.346486914195884,13.47237864633363,14.14423082726177,10.52467904661573,15.98176493488483,20.36504795166363
2018-09-29 03:45:00.000000,0.9306855909351377,13.42948260458578,14.09460402862682,10.45016770843832,15.9437022660045,20.35722154615601
2018-09-29 04:00:00.000003,0.511228518866007,13.38506218554487,14.04250421319406,10.37410552334741,15.9034227848649,20.34861952311346
2018-09-29 04:14:59.999997,0.08072984103163998,13.33903406397232,13.9881322102513,10.29581687008419,15.86118438122195,20.33934516024651
2018-09-29 04:30:00.000000,-0.340365663676224,13.29256254784855,13.93265930249668,10.21802601864785,15.81784357565562,20.32954568302214
2018-09-29 04:45:00.000003,-0.7504688262741205,13.24624656287823,13.87689626874522,10.1414853505911,15.7740682142059,20.31937373197773
2018-09-29 04:59:59.999997,-1.143724458736759,13.2007577571102,13.82167318125024,10.0672965075566,15.73052031988388,20.30898567000475
2018-09-29 05:15:00.000000,-1.508314642594397,13.15769305471336,13.76847366023404,9.998366544434765,15.68818755961916,20.29856693129546
2018-09-29 05:30:00.000003,-1.841784338965436,13.11832157037854,13.71855121206234,9.936526930484169,15.64791885032702,20.28830504560564
2018-09-29 05:44:59.999997,-2.1419732828281,13.08204871836701,13.67198967538248,9.880396181279108,15.61006221307429,20.27834840178311
2018-09-29 06:00:00.000000,-2.398765230930704,13.04932120606244,13.62943447890542,9.831051153468552,15.57520511626248,20.26884690769255
2018-09-29 06:15:00.000003,-2.610669698539339,13.02050162576924,13.59142916099999,9.788954469125313,15.54383297082496,20.25994158228506
2018-09-29 06:29:59.999997,-2.776832874747426,12.99585645213065,13.55839036413677,9.754391814233013,15.51631793145987,20.25175591900602
2018-09-29 06:45:00.000000,-2.888360578051967,12.97599530909111,13.53100330248351,9.728623563251945,15.49320831544579,20.24441772948054
2018-09-29 07:00:00.000003,-2.955000150014773,12.96071160997138,13.50925089006227,9.710679329408967,15.4745699284845,20.23801289967028
2018-09-29 07:14:59.999997,-2.962514129533086,12.95071314077451,13.49383004022651,9.702291800093553,15.4609170555648,20.23264203508921
2018-09-29 07:30:00.000000,-2.92061929800231,12.94581579535759,13.48472237081963,9.702547640244132,15.45229952130867,20.22837359872513
2018-09-29 07:45:00.000003,-2.822807326962665,12.94633093568914,13.48225254496572,9.712193339213227,15.44896529574961,20.22527421227265
2018-09-29 07:59:59.999997,-2.664085900083471,12.95266750777441,13.48686946683813,9.732028577653155,15.45126060115807,20.22341716816261
2018-09-29 08:15:00.000000,-2.452243961929501,12.96460878850477,13.49847566986927,9.761224842442008,15.4591614283755,20.2228452113221
2018-09-29 08:30:00.000003,-2.194247252186361,12.98181804253587,13.51679462862581,9.798841979935567,15.47245736213202,20.22356910250845
2018-09-29 08:44:59.999997,-1.895251748367002,13.00385971367987,13.54136542820333,9.844045646968832,15.49083146662127,20.22556495982603
2018-09-29 09:00:00.000000,-1.557959367086871,13.03057000096012,13.5719787867842,9.896389042192768,15.51404516596934,20.22880208017148
2018-09-29 09:15:00.000003,-1.19452971198118,13.06244032374758,13.60856835636902,9.95643411988145,15.54180660854966,20.23322646632746
2018-09-29 09:29:59.999997,-0.79555451538276,13.09943868863012,13.65104354928408,10.02460201424459,15.57405415722583,20.2387955329308
2018-09-29 09:45:00.000000,-0.3743708513265459,13.14004084958227,13.69819737020581,10.09785325808609,15.61010212489927,20.24541949725581
2018-09-29 10:00:00.000003,0.05663178614245476,13.18311063151014,13.74887176420257,10.17400923508173,15.64912817340634,20.25297237963452
2018-09-29 10:14:59.999997,0.4921329467654194,13.22788658922832,13.80213087651219,10.25191246649837,15.69040373784825,20.2613139077984
2018-09-29 10:30:00.000000,0.9158129093155738,13.27307801680952,13.85659623927997,10.32896278691461,15.73288673640636,20.27026166309015
2018-09-29 10:45:00.000003,1.344715074975204,13.31947816129752,13.91258874357427,10.40732810324777,15.77655265976344,20.27969998007526
2018-09-29 10:59:59.999997,1.744468300134006,13.36479626297033,13.96804493966635,10.48209538008131,15.82007719764027,20.28943512163006
2018-09-29 11:15:00.000000,2.138556687022638,13.40959007466041,14.02306124441342,10.555704428939,15.86336798704484,20.29933949778889
2018-09-29 11:30:00.000003,2.483515122621669,13.45149141170098,14.07547354701191,10.62236830215027,15.90491545913822,20.30919765042603
2018-09-29 11:44:59.999997,2.816056268520808,13.49164991740953,14.12583554573017,10.68617797468428,15.94491409584218,20.3188932667492
2018-09-29 12:00:00.000000,3.090892863307506,13.52777672761671,14.17210995098827,10.74134111653562,15.98196361232213,20.32822449008285
2018-09-29 12:15:00.000003,3.338357743835242,13.56063509277704,14.21454094282613,10.79103181212508,16.01608599342556,20.33706877070096
2018-09-29 12:29:59.999997,3.522682507830559,13.58848747188612,14.25146936246003,10.83096080056419,16.04612582067166,20.34524202308943
2018-09-29 12:45:00.000000,3.679819385234464,13.61249809408408,14.28363525567389,10.86495740545258,16.07245018181595,20.35266352306014
2018-09-29 13:00:00.000003,3.778404324524201,13.6311557253691,14.30976076768643,10.88912961688751,16.09422966964377,20.35920556626554
2018-09-29 13:14:59.999997,3.839671935671503,13.64516952341182,14.33024122304978,10.90583486707474,16.11161739253055,20.36480387669559
2018-09-29 13:30:00.000000,3.843081353659639,13.65349836936858,14.34416548771673,10.91247921458359,16.12401013304133,20.36936251490162
2018-09-29 13:45:00.000003,3.798988403711157,13.65635965251388,14.35155157806203,10.91007691717273,16.13134078848035,20.37281603826366
2018-09-29 13:59:59.999997,3.711102732749012,13.65400107429173,14.35257547093723,10.89923855219044,16.13369837413669,20.37513065555466
2018-09-29 14:15:00.000000,3.563049409864854,13.64550106111695,14.34643482476942,10.87774551696381,16.13055544672854,20.37623630804298
2018-09-29 14:30:00.000003,3.360341224741874,13.63087228650067,14.33298980450456,10.84604206285468,16.12175078703217,20.37607541880812
2018-09-29 14:44:59.999997,3.111053200513761,13.61069045365151,14.31264424147508,10.80551247578174,16.10749356877197,20.37462981153169
2018-09-29 15:00:00.000000,2.809727982728866,13.58471705007852,14.28524528265233,10.75545862900827,16.08770032038085,20.37187873040996
2018-09-29 15:15:00.000003,2.473689362096632,13.55391171662579,14.25165611491637,10.69813876149841,16.06290969323236,20.36785834066468
2018-09-29 15:29:59.999997,2.099793742275591,13.51843788767788,14.21218172799668,10.63349358244508,16.03337500325814,20.36261155522863
2018-09-29 15:45:00.000000,1.710305253258053,13.47971349576638,14.16818221891586,10.56468567809,16.00003533830379,20.35625277181057
2018-09-29 16:00:00.000003,1.296460534002825,13.43773811415645,14.11992995595324,10.49105993838913,15.96320565928124,20.34887947763711
2018-09-29 16:14:59.999997,0.8730541041860777,13.39348803608189,14.06841706560029,10.41470773664656,15.92360388730907,20.34061813412469
2018-09-29 16:30:00.000000,0.4377263192607189,13.3474447365771,14.01428384900551,10.33587396089727,15.88169784854595,20.33158787611437
2018-09-29 16:45:00.000003,-0.002414488638856886,13.30005369906308,13.95811541874093,10.25553166274021,15.83799267278712,20.32190949021565
2018-09-29 16:59:59.999997,-0.4352408899059623,13.25220959673807,13.90089009279979,10.17554331538872,15.79324338772481,20.31172680633321
2018-09-29 17:15:00.000000,-0.8601000369497639,13.20436257573122,13.84326063375175,10.09638563953158,15.74799431462181,20.30117916811925
2018-09-29 17:30:00.000003,-1.257951677789358,13.15791108812714,13.78665636535116,10.02095914381277,15.70328003986513,20.29044810744877
2018-09-29 17:44:59.999997,-1.628420344691538,13.11453694512844,13.73259114012272,9.951739663626052,15.66006374998341,20.27973023112647
2018-09-29 18:00:00.000000,-1.969703707531429,13.07450159238438,13.68167792312025,9.888770595340095,15.61891194420685,20.26919553528343
2018-09-29 18:15:00.000003,-2.27286584977541,13.03769527454032,13.63430624396933,9.83192366892543,15.58032744759037,20.25899777703358
2018-09-29 18:29:59.999997,-2.53850951688082,13.00420457648579,13.59078481807484,9.781194390643577,15.54466607954122,20.24926893387685
2018-09-29 18:45:00.000000,-2.763090623659774,12.97436429798404,13.55157156507956,9.73713443061529,15.51232003231255,20.2401303049895
2018-09-29 19:00:00.000003,-2.945076214522321,12.9484265797369,13.51702669505504,9.700101784240792,15.48361572694287,20.23168771115018
2018-09-29 19:14:59.999997,-3.080331727751595,12.92674596648595,13.48758498200865,9.67073390608086,15.45891440480214,20.22404170809321
2018-09-29 19:30:00.000000,-3.167361367107764,12.90958620662822,13.46360540887624,9.649390371849279,15.43852137440063,20.21728275500589
2018-09-29 19:45:00.000003,-3.210529773906591,12.89687412129543,13.44512402396106,9.635637122488362,15.42250870691173,20.21147440399523
2018-09-29 19:59:59.999997,-3.208378494804633,12.88868210401005,13.43224689435921,9.629623264235065,15.41097826793803,20.20666728085833
2018-09-29 20:15:00.000000,-3.154268398178697,12.88540456693841,13.42537029522816,9.632241534244503,15.40422540662904,20.20291924368287
2018-09-29 20:30:00.000003,-3.049549640967723,12.88719161536539,13.42472143176246,9.643526991858954,15.40242815973249,20.20028195813855
2018-09-29 20:44:59.999997,-2.884726458800917,12.89457306027952,13.43083890295174,9.664728960900646,15.40599941513497,20.19882727049059
2018-09-29 21:00:00.000000,-2.674780317904266,12.90703109663134,13.44336952353468,9.694181934488297,15.41474061519708,20.19858192792412
2018-09-29 21:15:00.000003,-2.411322635994223,12.9248397481414,13.4625325345029,9.732738869867296,15.42879323173008,20.19957628880369
2018-09-29 21:29:59.999997,-2.106080500344386,12.94756632229555,13.48798450768941,9.779066068989437,15.44790894135141,20.20180758734631
2018-09-29 21:45:00.000000,-1.769610126418029,12.97450375858875,13.5190184407477,9.831595600129122,15.47157488199151,20.20522842643312
2018-09-29 22:00:00.000003,-1.403937541158718,13.00534286342751,13.555223310674,9.889820582793826,15.49941834319126,20.20977696678478
2018-09-29 22:14:59.999997,-1.015271369270984,13.04184295408026,13.5973356317605,9.956745542821258,15.53149021686903,20.21541200530724
2018-09-29 22:30:00.000000,-0.6066233840403585,13.08160989951343,13.64373059709791,10.02813598969275,15.56703898403535,20.22203445233431
2018-09-29 22:45:00.000003,-0.1972554965587171,13.12313507238308,13.69288568345255,10.10102297367983,15.60500185426036,20.22949076312376
2018-09-29 22:59:59.999997,0.2056720502652497,13.16543073006164,13.74362508494094,10.17382420382749,15.64446176972485,20.23760697484626
2018-09-29 23:15:00.000000,0.5984033773708924,13.20781481603002,13.79502871801636,10.24562671745236,15.68467075035072,20.24620821227489
2018-09-29 23:30:00.000003,0.9729045850961725,13.24950767736486,13.84613928142886,10.31505528327215,15.7248668453631,20.25511545587086
2018-09-29 23:44:59.999997,1.329346913904717,13.29039105639461,13.89655444681758,10.38202366497918,15.76458943134648,20.26417683359391
2018-09-30 00:00:00.000000,1.647795110145852,13.32875144469214,13.94460370679634,10.44333040079355,15.80272466434124,20.27319316968121
2018-09-30 00:15:00.000003,1.951900951654031,13.3652260264928,13.99039433570991,10.50150733501762,15.83892020697935,20.28186894305088
2018-09-30 00:29:59.999997,2.208454310797098,13.39808013806087,14.03237165844537,10.55231017265566,15.87225525311257,20.29006722158181
2018-09-30 00:45:00.000000,2.438278294144131,13.42796170987327,14.07085756680612,10.5980023249277,15.90294130670225,20.29778892543319
2018-09-30 01:00:00.000003,2.610837653457957,13.453180540839,14.10433113234013,10.6345670764428,15.93001068370159,20.30493746074276
2018-09-30 01:14:59.999997,2.755258240318512,13.4747829065259,14.13340824604362,10.66534889786539,15.95372945757721,20.31145549203177
2018-09-30 01:30:00.000000,2.846725059148064,13.49163388853183,14.15711206900149,10.68732994613842,15.9734078980103,20.31722840245194
2018-09-30 01:45:00.000003,2.898840342755274,13.50400363009325,14.17546057335642,10.70185363448101,15.98897875354389,20.32217143028369
2018-09-30 01:59:59.999997,2.904356018629572,13.51150774954346,14.18805985692468,10.70803640594912,16.00014542148793,20.32620005723562
2018-09-30 02:15:00.000000,2.865350126203251,13.51409259749889,14.19476761025559,10.70599497016043,16.00676064681479,20.32924712315601
2018-09-30 02:30:00.000003,2.773297490853838,13.51120350008069,14.19504045109354,10.69451678794567,16.0084303011243,20.33123455262001
2018-09-30 02:44:59.999997,2.637024600587534,13.50314867036773,14.18904137949763,10.67460281026142,16.00519555103871,20.33211730304043
2018-09-30 03:00:00.000000,2.453001188961338,13.48980382714349,14.1766584512191,10.64588600408546,15.99696399448475,20.33185770006169
2018-09-30 03:15:00.000003,2.222587879578982,13.47117376897019,14.15786574507572,10.60848280866241,15.98370381370946,20.33042923664429
2018-09-30 03:29:59.999997,1.946012719147594,13.44728947070999,14.13268711870362,10.56244015703871,15.96541132921403,20.32781493310349
2018-09-30 03:45:00.000000,1.636677968832473,13.41893273816639,14.10181697786488,10.50962014499638,15.94254216932543,20.32404501533926
2018-09-30 04:00:00.000003,1.291808195146085,13.38620972558292,14.06547412175406,10.44994582988365,15.91529728814817,20.31915605211183
2018-09-30 04:14:59.999997,0.9306435390991326,13.35032815729396,14.02479822984173,10.38614603877598,15.88446041070399,20.31323909627722
2018-09-30 04:30:00.000000,0.5516842127897956,13.3118527458466,13.98051096933057,10.31865121857628,15.85055778047071,20.30639914563436
2018-09-30 04:45:00.000003,0.1616615685229685,13.27130851430273,13.93327039692327,10.24848042512131,15.81412533736243,20.2987482927712
2018-09-30 04:59:59.999997,-0.2338269692185949,13.22921404559889,13.88373486569449,10.17658786051326,15.77570805916502,20.29040689535009
2018-09-30 05:15:00.000000,-0.6293324044140501,13.18615809609541,13.83262270334709,10.10397609022476,15.73587588495301,20.28150212344822
2018-09-30 05:30:00.000003,-1.016760812087145,13.14290582895623,13.78081664735844,10.03202518269197,15.6953076233365,20.27217561616897
2018-09-30 05:44:59.999997,-1.386986886743173,13.10053541022893,13.72944499677292,9.962636309236373,15.65481128892821,20.26258795089505
2018-09-30 06:00:00.000000,-1.733744641597177,13.06101606108117,13.68018446768707,9.899082397217972,15.61540969019237,20.25292796185458
2018-09-30 06:15:00.000003,-2.049845929248336,13.02423082364099,13.63353207596617,9.840946445552381,15.57772259308233,20.24336576685081
2018-09-30 06:29:59.999997,-2.332416972077518,12.9902047434622,13.58989342535802,9.788140644641372,15.54221901942042,20.23405392383499
2018-09-30 06:45:00.000000,-2.57377281927004,12.95947931166273,13.54996743312203,9.741746524005634,15.50950045509465,20.22514537135013
2018-09-30 07:00:00.000003,-2.776961985394014,12.93221055758066,13.51410723516263,9.701654279787455,15.47990608980743,20.2167688102618
2018-09-30 07:14:59.999997,-2.933433044707564,12.90895460427198,13.48294745637927,9.669031468811127,15.45395031449569,20.20905268915342
2018-09-30 07:30:00.000000,-3.044172764166948,12.889929612417,13.45685153482136,9.644002212867997,15.43196303053579,20.20210742792623
2018-09-30 07:45:00.000003,-3.105878566065899,12.87544858892414,13.43622291506929,9.627091684730345,15.41428098643409,20.19603342717839
2018-09-30 07:59:59.999997,-3.120908672281092,12.86556312245867,13.42122295784449,9.618143978490792,15.40106723279883,20.19090803124012
2018-09-30 08:15:00.000000,-3.083038085243427,12.86065877884816,13.41227022217437,9.617984229417939,15.39264455120626,20.18681048245279
2018-09-30 08:30:00.000003,-2.996994974331199,12.86067814623888,13.40941060319287,9.626190812378553,15.3890893445362,20.18379708216412
2018-09-30 08:44:59.999997,-2.857771619129884,12.86588951560061,13.41292678420312,9.643374432240167,15.39061587665335,20.18192116460555
2018-09-30 09:00:00.000000,-2.667981298449327,12.87629054887555,13.42288139533633,9.66933489329778,15.39729817894488,20.18122535155103
2018-09-30 09:15:00.000003,-2.434293055129542,12.89156757009841,13.43901723973128,9.7032233892611,15.40897228143806,20.18172282608059
2018-09-30 09:29:59.999997,-2.158348612707611,12.91158903120373,13.46119542353996,9.744727006429509,15.42550310076514,20.18340872566062
2018-09-30 09:45:00.000000,-1.844251764650456,12.93604619433127,13.48908447153203,9.793234074837144,15.44666224093575,20.18626069802189
2018-09-30 10:00:00.000003,-1.496925741979221,12.96470537353586,13.52243148572102,9.848064255320166,15.47218673713895,20.19024195631802
2018-09-30 10:14:59.999997,-1.120169754721179,12.99881491301059,13.56173944451877,9.911448526129924,15.50211520645543,20.19532754903712
2018-09-30 10:30:00.000000,-0.7097336693516044,13.03768034180764,13.60656562781566,9.982328697361163,15.5362790644869,20.20148152714239
2018-09-30 10:45:00.000003,-0.2909517127549957,13.07916555378784,13.65513184756359,10.05615681044058,15.57358591815669,20.20858335402854
2018-09-30 10:59:59.999997,0.1329558882144539,13.12245369868694,13.7064243925562,10.13184288860485,15.61324858165156,20.21649250887998
2018-09-30 11:15:00.000000,0.5555791546778793,13.16681071447835,13.75954200008901,10.20819134213212,15.65456252511777,20.22506048555758
2018-09-30 11:30:00.000003,0.9642182701547056,13.21119027914345,13.81331610044851,10.28317186439978,15.69662988681744,20.23411392153286
2018-09-30 11:44:59.999997,1.370491618791428,13.25609641776269,13.86784901497844,10.35820593890702,15.73929600455267,20.24352932655659
2018-09-30 12:00:00.000000,1.74698691470439,13.29953838469812,13.9213042837531,10.42927650640356,15.78139026753513,20.25312182109633
2018-09-30 12:15:00.000003,2.113634085853514,13.34199766405685,13.97374467666994,10.4984345770672,15.8227964359166,20.26276637368576
2018-09-30 12:29:59.999997,2.42241926624748,13.38080810083,14.02274919877251,10.55922880204766,15.86183855188411,20.27223537377648
2018-09-30 12:45:00.000000,2.720038598288326,13.41759388291853,14.06924706541089,10.61700534157867,15.89893826645302,20.28142380513567
2018-09-30 13:00:00.000003,2.957414611183098,13.45001545743926,14.11122055848612,10.66564681217876,15.93273159996489,20.29014214757934
2018-09-30 13:14:59.999997,3.169514785021402,13.47912816027379,14.14919291771399,10.70896811709207,15.96342879156549,20.29829235799006
2018-09-30 13:30:00.000000,3.324619730568001,13.50334170107909,14.18174438296293,10.74301001137236,15.9900878394925,20.30572522672617
2018-09-30 13:45:00.000003,3.458012321241176,13.52422972323921,14.20995187798334,10.77222438579357,16.01327885942118,20.31239898510026
2018-09-30 13:59:59.999997,3.521052317664965,13.53922722914361,14.23170570831153,10.79013746570049,16.03166976586675,20.31816500968742
2018-09-30 14:15:00.000000,3.558478954840536,13.55008813859208,14.24820155953432,10.80199745078759,16.04589542729321,20.32299064074861
2018-09-30 14:30:00.000003,3.525560577014716,13.55468038103723,14.25768608941327,10.80222962735359,16.05484878164484,20.32675273600364
2018-09-30 14:44:59.999997,3.454657789380072,13.55418204344651,14.26090669232544,10.79451212067578,16.05888542038543,20.32940921099902
2018-09-30 15:00:00.000000,3.331910213480508,13.54813478914235,14.25750610869985,10.77742729629615,16.05778418754939,20.33091118549236
2018-09-30 15:15:00.000003,3.15874808652348,13.5365086816333,14.24736281550616,10.75109422471638,16.05142418798749,20.33121616722539
2018-09-30 15:29:59.999997,2.935511795906952,13.51924049894032,14.23038469815863,10.71547259382078,16.03972533792101,20.33028950143294
2018-09-30 15:45:00.000000,2.670203771707493,13.49676302007654,14.20694300247678,10.67161703275296,16.0229100505755,20.32812933797383
2018-09-30 16:00:00.000003,2.36991450631673,13.46968839685452,14.17765453456235,10.62070435575123,16.00138357111028,20.32477100395985
2018-09-30 16:14:59.999997,2.031478331446734,13.43804353846009,14.14266594527864,10.56251761797022,15.97529368081382,20.32024801786782
2018-09-30 16:30:00.000000,1.670972536763281,13.40283397816723,14.10293972431648,10.49931197538551,15.94530110462818,20.31464372294766
2018-09-30 16:45:00.000003,1.285713132916596,13.36425839589292,14.05884260172366,10.43111011063973,15.91174464520024,20.30803700206498
2018-09-30 16:59:59.999997,0.8823222537727778,13.32286560961966,14.01098335003381,10.35894785861845,15.87508074021029,20.30051941695802
2018-09-30 17:15:00.000000,0.4686591126732097,13.2795581974617,13.96030157425961,10.28429454521248,15.83594039885348,20.29220370456246
2018-09-30 17:30:00.000003,0.04735791369925709,13.23467659310525,13.90731968152306,10.20770413673254,15.79479705808143,20.28320354036951
2018-09-30 17:44:59.999997,-0.3707522597433153,13.18899898455039,13.85290659386985,10.13079690688859,15.7523284222156,20.27365130110656
2018-09-30 18:00:00.000000,-0.7777903557648677,13.14334807322939,13.79802202972377,10.05502208553279,15.70928168554483,20.26369766977483
2018-09-30 18:15:00.000003,-1.167274769531433,13.09850194280959,13.74360289033262,9.981655594640221,15.66639025853461,20.25350331719176
2018-09-30 18:29:59.999997,-1.529317944351559,13.05606938802989,13.69113908547777,9.91352219323069,15.62463754864553,20.24325486491678
2018-09-30 18:45:00.000000,-1.858226446542754,13.01731838000948,13.6419329193428,9.852557310746038,15.58492603833917,20.23314733280429
2018-09-30 19:00:00.000003,-2.157725950594618,12.9814434365418,13.59588201620834,9.796779917141462,15.54748205333677,20.2233216354578
2018-09-30 19:14:59.999997,-2.416913742410068,12.94886428930917,13.55356595070315,9.747307024642573,15.51283701737877,20.21391901106402
2018-09-30 19:30:00.000000,-2.637820944305312,12.91974875621453,13.51533118866804,9.704141674932941,15.48132826929397,20.20506021537404
2018-09-30 19:45:00.000003,-2.816380509297604,12.89443994610387,13.48161982225309,9.66789349273916,15.45333158089462,20.19685854089997
2018-09-30 19:59:59.999997,-2.959178483538222,12.87277440320016,13.45240347035228,9.637877438809234,15.42889398028544,20.18938784497209
2018-09-30 20:15:00.000000,-3.060379309999111,12.85503258280863,13.42797585831799,9.614772161593748,15.4082473689696,20.18271688529491
2018-09-30 20:30:00.000003,-3.119388508232261,12.84137976305201,13.40855867964774,9.5987896421415,15.39158152841975,20.1769067610912
2018-09-30 20:44:59.999997,-3.140992395946321,12.83166191147884,13.39407188679876,9.589391034792516,15.37886939506352,20.17199115194265
2018-09-30 21:00:00.000000,-3.111335512007721,12.82655554520402,13.38513909879917,9.588287506263672,15.37055199672412,20.16803417064883
2018-09-30 21:15:00.000003,-3.041510994840801,12.82577404276899,13.38161620059653,9.594370687614145,15.3665751572428,20.16506978724457
2018-09-30 21:29:59.999997,-2.914893104330994,12.83008461540671,13.38420739961573,9.609626208051484,15.36743558501242,20.16316539345008
2018-09-30 21:45:00.000000,-2.738517383087458,12.83944612392478,13.39300853246374,9.633510704272728,15.37325267728781,20.1623736865733
2018-09-30 22:00:00.000003,-2.518141882045445,12.85358912221191,13.40782242601451,9.665272301493735,15.3839135782744,20.16271751699122
2018-09-30 22:14:59.999997,-2.245535633585691,12.87291306366352,13.42901916698283,9.705876684572477,15.39964683401434,20.16423451202662
2018-09-30 22:30:00.000000,-1.938427139026985,12.89663654457064,13.4559364713405,9.753212827345411,15.4200272534019,20.16690870732567
2018-09-30 22:45:00.000003,-1.593748079064567,12.92475093886139,13.48848705239708,9.807397408471738,15.44490710253757,20.17071905492373
2018-09-30 22:59:59.999997,-1.226734438253059,12.95738590278157,13.52639238142164,9.868191745533975,15.47390277812231,20.17561331482443
2018-09-30 23:15:00.000000,-0.8428934541823128,12.99427385100968,13.56916409163625,9.935050064407333,15.50657044564511,20.18151543152019
2018-09-30 23:30:00.000003,-0.4440456423443011,13.03380042345256,13.61552021015865,10.00533484786953,15.54219346917163,20.1883102419929
2018-09-30 23:44:59.999997,-0.0539204508100395,13.07428425156565,13.6637735509708,10.07557973739938,15.57958900205327,20.19582431938157
2018-10-01 00:00:00.000000,0.3354956713180205,13.1155091731641,13.71336734839762,10.14621545576767,15.61823776155586,20.20390523746384
2018-10-01 00:15:00.000003,0.6989976057911979,13.15604358540657,13.76299862792022,10.21389284730187,15.65795105291142,20.21340339371075
2018-10-01 00:29:59.999997,1.064956471509949,13.19702319768665,13.81329846883061,10.28195452882759,15.69866586831692,20.22392524190931
2018-10-01 00:45:00.000000,1.382732636871795,13.23562272162406,13.86167094388127,10.3436378676048,15.738174196526,20.23465026161744
2018-10-01 01:00:00.000003,1.69516689680788,13.27306157149942,13.90865525598698,10.40350712560543,15.77642997796834,20.24512627282251
2018-10-01 01:14:59.999997,1.957196627147337,13.30703752654423,13.95218130962287,10.45588289082688,15.81201496451361,20.25506211477999
2018-10-01 01:30:00.000000,2.194770544363123,13.33817212860346,13.99238783593219,10.50341588173412,15.84489288658554,20.26434882008505
2018-10-01 01:45:00.000003,2.392302813949376,13.36571985750193,14.02854858681023,10.54422329904564,15.87457225127984,20.27290775394182
2018-10-01 01:59:59.999997,2.542817600764351,13.38888625008761,14.05977583361349,10.57697832711858,15.90044700044853,20.2806486448789
2018-10-01 02:15:00.000000,2.653600241041072,13.40775662351367,14.08593543438153,10.60238897605815,15.92236443883359,20.28750635908659
2018-10-01 02:30:00.000003,2.729234562456925,13.42256304985597,14.10714772923496,10.621125157874,15.94037904334251,20.29344934488839
2018-10-01 02:44:59.999997,2.762815026485731,13.43295578602066,14.12309283560417,10.63231294875791,15.95427160893488,20.29843617775445
2018-10-01 03:00:00.000000,2.751621872266956,13.43859418351544,14.13339625794609,10.63540224589851,15.96378203385303,20.3024194939654
2018-10-01 03:15:00.000003,2.698726103096676,13.43952103336544,14.13801299378724,10.63069594517272,15.96884574324879,20.30536575013606
2018-10-01 03:29:59.999997,2.593395348720834,13.43510271139428,14.13635297261356,10.61671757366788,15.96905156224236,20.30721680653432
2018-10-01 03:45:00.000000,2.44552188795529,13.42566762317692,14.12859084260801,10.59457289749482,15.96446142086655,20.30794331141673
2018-10-01 04:00:00.000003,2.251346718508967,13.41107429566998,14.11460004966343,10.56387199667951,15.95498818911246,20.30751935281132
2018-10-01 04:14:59.999997,2.010327656560086,13.39124550751096,14.09428932621747,10.52448008016299,15.94054956625164,20.30592150595513
2018-10-01 04:30:00.000000,1.729243026000963,13.36654902051292,14.06796645374522,10.4773068526065,15.92133115306295,20.30315332499441
2018-10-01 04:45:00.000003,1.416841843861907,13.33759769435016,14.03621956296691,10.42370036936821,15.89774708230579,20.29925360520054
2018-10-01 04:59:59.999997,1.077874737997365,13.30490766881115,13.99962401308854,10.36457861593268,15.87022861023626,20.2942852375492
2018-10-01 05:15:00.000000,0.7234291532935099,13.26944919430258,13.95917153542351,10.30176934982785,15.83946565811989,20.28834972587032
2018-10-01 05:30:00.000003,0.3567672258513393,13.23186034922259,13.91564098756022,10.23614455540397,15.80604404745122,20.28156239275135
2018-10-01 05:44:59.999997,-0.0185630188951561,13.19249185875578,13.86955601472999,10.1683220464175,15.77043422186073,20.27403780380718
2018-10-01 06:00:00.000000,-0.3963100341813645,13.15191094051032,13.82159809460579,10.09933787992991,15.73317748358712,20.26589766261544
2018-10-01 06:15:00.000003,-0.7672383874758166,13.11093560098265,13.77268877885982,10.03072152998833,15.69497299141844,20.25728128735838
2018-10-01 06:29:59.999997,-1.131269648182334,13.0699568090452,13.72340629154446,9.962856162502655,15.65631018253355,20.24832155668996
2018-10-01 06:45:00.000000,-1.474422717930203,13.03044702654438,13.67511228420439,9.89859343408566,15.61809906048834,20.23918206779075
2018-10-01 07:00:00.000003,-1.788162547160574,12.99412624557486,13.62939934059855,9.840822746143125,15.58138478477393,20.23005600606132
2018-10-01 07:14:59.999997,-2.073864074446361,12.96038894221798,13.58635738699645,9.787942284069093,15.54652344775399,20.22109349965319
2018-10-01 07:30:00.000000,-2.322850757531917,12.92958649117961,13.54656528734867,9.74075841234241,15.51404751125559,20.212441128944
2018-10-01 07:45:00.000003,-2.530659582995395,12.90218831428136,13.51065280006304,9.700083835650593,15.48451091597056,20.20424479513319
2018-10-01 07:59:59.999997,-2.701980674278738,12.87822887610575,13.47884224890517,9.665552782075906,15.45815172450592,20.19661712231462
2018-10-01 08:15:00.000000,-2.831081730652724,12.85807027658897,13.45156320266003,9.637916706277549,15.43532774877391,20.18966348891301
2018-10-01 08:30:00.000003,-2.918886435359447,12.84184997479503,13.42905751433123,9.617229299031159,15.41626608926244,20.18347087440257
2018-10-01 08:44:59.999997,-2.964331639224159,12.82971740028885,13.41154225305911,9.60368957143751,15.40115926129693,20.17811092737555
2018-10-01 09:00:00.000000,-2.968041034248617,12.82173733370433,13.39914583413548,9.597290166143392,15.39012870884252,20.17364035058771
2018-10-01 09:15:00.000003,-2.920060951253245,12.81847334580192,13.39242810532599,9.599340729593047,15.38358750686442,20.17013241850412
2018-10-01 09:29:59.999997,-2.831007586882378,12.81962805383566,13.39123196974579,9.608745630228452,15.38147476097867,20.16762715196997
2018-10-01 09:45:00.000000,-2.691404040734593,12.82560324829108,13.39593110068584,9.626562187996376,15.38405633819445,20.16617495984836
2018-10-01 10:00:00.000003,-2.505573197309815,12.83635529173818,13.40655561207525,9.652452174670394,15.39138534574064,20.16581215193202
2018-10-01 10:14:59.999997,-2.277759534300183,12.85172254847252,13.423000498997,9.68586626519022,15.40337922841486,20.1665551843409
2018-10-01 10:30:00.000000,-2.003635761767844,12.87184517006394,13.4453713523683,9.727268174749478,15.42011898189487,20.16842222369766
2018-10-01 10:45:00.000003,-1.695490508667307,12.89624350415902,13.47326664182293,9.775207138964491,15.44129586817443,20.17139720704204
2018-10-01 10:59:59.999997,-1.350554721269096,12.92490540775682,13.50657109303918,9.829903514773154,15.46679835399319,20.17546017375984
2018-10-01 11:15:00.000000,-0.9756808384511525,12.95975122995183,13.54625595520991,9.89444316732451,15.49683713728776,20.18061171215823
2018-10-01 11:30:00.000003,-0.5726927944584174,12.99834392041121,13.59078606451649,9.964455044053594,15.53078474978235,20.18679055658632
2018-10-01 11:44:59.999997,-0.1603928464366805,13.03940259028427,13.6388549649027,10.03735928678219,15.56773066322294,20.19388137708338
2018-10-01 12:00:00.000000,0.2523736282261024,13.0819453255541,13.68933257788472,10.11144487524649,15.60680546901357,20.20173827281518
2018-10-01 12:15:00.000003,0.6612140834130624,13.12526859302682,13.74130709794941,10.18569455088199,15.64727558630042,20.21020380785275
2018-10-01 12:29:59.999997,1.064364319133762,13.16907833619996,13.79424197795087,10.25971914218646,15.68863258906064,20.21913548852274
2018-10-01 12:45:00.000000,1.446882140827574,13.21228070227507,13.84696704315636,10.33124831234262,15.72999430625366,20.22836114003868
2018-10-01 13:00:00.000003,1.810606802037789,13.25432239386678,13.89871840460153,10.39994846325797,15.77077276711469,20.23772298918143
2018-10-01 13:14:59.999997,2.150002176159227,13.2945958013886,13.94874406433636,10.46483097067821,15.81037934567452,20.24706786518976
2018-10-01 13:30:00.000000,2.45315891269945,13.33217724279697,13.99603058585202,10.52403510990768,15.84801899996237,20.25622866843812
2018-10-01 13:45:00.000003,2.729813948447861,13.36713779545157,14.04037225497244,10.57846625879048,15.8834632148079,20.26508107194182
2018-10-01 13:59:59.999997,2.952906784172905,13.39791208309267,14.08028073594101,10.62443427189801,15.91563790345413,20.27344917467254
2018-10-01 14:15:00.000000,3.145113960578743,13.42509656798414,14.1159466407944,10.66436888029503,15.94455758524828,20.28122529367276
2018-10-01 14:30:00.000003,3.283519461469561,13.44746352856312,14.14622286056069,10.69534571754159,15.96944023123315,20.28827051904793
2018-10-01 14:44:59.999997,3.39884010156962,13.46635344766507,14.1720398805123,10.72118287326666,15.99078813076115,20.29454068114136
2018-10-01 15:00:00.000000,3.45587026905011,13.48011721263526,14.19203346783921,10.73752695800184,16.00772855609121,20.29993022788993
2018-10-01 15:15:00.000003,3.478081693321428,13.4894193679113,14.20658806015232,10.74675655599734,16.02042816604293,20.30438691719794
2018-10-01 15:29:59.999997,3.440362303720049,13.49298407542643,14.21459492319313,10.74568389034847,16.02815747793794,20.30781249291407
2018-10-01 15:45:00.000000,3.362665737481401,13.49154055137389,14.21649148628603,10.73660940902604,16.03110915011265,20.31016393706502
2018-10-01 16:00:00.000003,3.234608278698118,13.48473115108952,14.21196549369881,10.71848171722936,16.0290704150381,20.3113939337043
2018-10-01 16:14:59.999997,3.054853563473273,13.47231823581637,14.20074028973649,10.69093518655488,16.02182669529988,20.31145248007958
2018-10-01 16:30:00.000000,2.828183408803094,13.45445043424051,14.1828874255183,10.65449692234972,16.00939450905862,20.3103097201271
2018-10-01 16:45:00.000003,2.56268733078732,13.43167162010351,14.15889482633679,10.61036259365079,15.99207140856425,20.30797260664863
2018-10-01 16:59:59.999997,2.257340391659529,13.40412155162491,14.12897543044435,10.55859804368421,15.97001863647398,20.30446024284489
2018-10-01 17:15:00.000000,1.925254910786694,13.37263972763088,14.09393362131529,10.50107924650885,15.94378825354616,20.29983343404124
2018-10-01 17:30:00.000003,1.571468854471294,13.33784249567558,14.05448510290969,10.43884359301235,15.91392642642262,20.29417960600791
2018-10-01 17:44:59.999997,1.197841880221271,13.30008918758492,14.01111918037404,10.37239606820639,15.88084502058958,20.28758972133675
2018-10-01 18:00:00.000000,0.8075965807238024,13.25982022767207,13.96437095596416,10.30238911674484,15.84495078141899,20.2801566069666
2018-10-01 18:15:00.000003,0.4135686616676694,13.21814708586732,13.91535684268446,10.23090448101894,15.80700327624746,20.27200690195151
2018-10-01 18:29:59.999997,0.01067615652672997,13.17502854457249,13.86429520772717,10.15750411093131,15.76728986659088,20.26324446100449
2018-10-01 18:45:00.000000,-0.3857407763501905,13.13139938924322,13.81214480133113,10.0843071562769,15.72652556231435,20.25399976329334
2018-10-01 19:00:00.000003,-0.7712166972361383,13.08793286504017,13.75973829631741,10.01235150887379,15.68537171639236,20.24441441953698
2018-10-01 19:14:59.999997,-1.138590045743821,13.04538298723218,13.70796885614081,9.942930724907857,15.64452270172912,20.23464004991206
2018-10-01 19:30:00.000000,-1.482381797053482,13.00489793394656,13.65795735107598,9.877928402792076,15.60474420708381,20.22483913887074
2018-10-01 19:45:00.000003,-1.794144689947695,12.96801867706156,13.61112245251679,9.819968400423711,15.56695810541422,20.21519174412805
2018-10-01 19:59:59.999997,-2.077405557574846,12.93397390567766,13.56737002287568,9.767133790033052,15.53138835989391,20.20582971911248
2018-10-01 20:15:00.000000,-2.328898125740238,12.9027744957699,13.52692067893933,9.719496110667237,15.49830814923471,20.196865131094
2018-10-01 20:30:00.000003,-2.540188525332249,12.87494264129177,13.49037548660579,9.678188423018602,15.4682067367072,20.18841494793823
2018-10-01 20:44:59.999997,-2.721950068255348,12.85020603898624,13.45764656147127,9.642126221345501,15.44110179376655,20.18055560962071
2018-10-01 21:00:00.000000,-2.870157620595431,12.82870558093408,13.42889264180627,9.611703502612832,15.41713605453919,20.17334885083326
2018-10-01 21:15:00.000003,-2.979736768134328,12.81077507456701,13.40446416742855,9.587644443178323,15.39658528084153,20.16685875211609
2018-10-01 21:29:59.999997,-3.060080928708358,12.79608423660602,13.38413829964502,9.56889586346278,15.37933260434904,20.16111536648111
2018-10-01 21:45:00.000000,-3.099081747641568,12.78514986979557,13.3683697582496,9.556861575902326,15.36569402981607,20.15616499309833
2018-10-01 22:00:00.000003,-3.098779656822054,12.77808104723465,13.35734189340274,9.551524020442635,15.35583062362323,20.15205246732648
2018-10-01 22:14:59.999997,-3.048389325329719,12.77549672876426,13.35167420419006,9.554304558568871,15.35019714049329,20.14884786924408
2018-10-01 22:30:00.000000,-2.943503670920306,12.77789028059698,13.35194773974153,9.566048561903486,15.34924769432152,20.14663443511019
2018-10-01 22:45:00.000003,-2.777484877036805,12.78583814370938,13.35883180041607,9.587821811208622,15.35350524433974,20.14551345363698
2018-10-01 22:59:59.999997,-2.555061964058915,12.79937373225632,13.37251599753561,9.619283068661993,15.36316774276704,20.14556471481824
2018-10-01 23:15:00.000000,-2.28543394959413,12.81815386152217,13.39279534289831,9.659287179026483,15.37810672159289,20.1468316827296
2018-10-01 23:30:00.000003,-1.971712404365688,12.84189442956496,13.41938885993837,9.707285766365635,15.39813520931713,20.14932237296787
2018-10-01 23:44:59.999997,-1.633799897441828,12.86957370020516,13.45133442427995,9.76066153556386,15.42252475171488,20.1529775876796
2018-10-02 00:00:00.000000,-1.276840588635455,12.90097742447611,13.48806456466289,9.819137747165898,15.45072129683532,20.15770943420419
2018-10-02 00:15:00.000003,-0.9055389769204574,13.0702643615613,13.60506857822481,11.2301611607246,15.57528402748449,20.17500215266262
2018-10-02 00:29:59.999997,-0.523489499805712,13.13763749079143,13.67730029668335,11.36209841273194,15.64505728291232,20.19172499160308
2018-10-02 00:45:00.000000,-0.1458112382570307,13.18703230984572,13.73645640916831,11.44068463523959,15.69717312120851,20.20728229524396
2018-10-02 01:00:00.000003,0.2198817037684054,13.23282746943456,13.79215052238855,11.51293517010676,15.74425271205492,20.22206536996703
2018-10-02 01:14:59.999997,0.572454734167055,13.27701019280487,13.84609209391544,11.5822052683628,15.78899783712719,20.23622787410999
2018-10-02 01:30:00.000000,0.9135879360115121,13.31990016161881,13.8985556029074,11.64894480016654,15.83207216120454,20.24985242616664
2018-10-02 01:45:00.000003,1.218665283729086,13.3604653174692,13.94855545430556,11.71039809421457,15.87295426027115,20.26293802423599
2018-10-02 01:59:59.999997,1.513537009586327,13.39939448064922,13.99649868531388,11.76935775386605,15.91202589009997,20.27552434467979
2018-10-02 02:15:00.000000,1.772174737570889,13.43544438137898,14.04130353342255,11.82264934924468,15.94865476848789,20.28757864841826
2018-10-02 02:30:00.000003,2.009817700464547,13.46901809915345,14.08313237176087,11.87178537220204,15.98289465450114,20.29908661026715
2018-10-02 02:44:59.999997,2.211570327699768,13.49936294408499,14.12129744159076,11.91494852809931,16.01430981633556,20.30999953206614
2018-10-02 03:00:00.000000,2.372319166646887,13.52589675631124,14.15514488659394,11.95110331542884,16.04240803728731,20.32024357842601
2018-10-02 03:15:00.000003,2.498362321530591,13.54869015386014,14.18457157079626,11.98089168041946,16.06708093927266,20.32976050628304
2018-10-02 03:29:59.999997,2.587201971426616,13.56756814094373,14.20935168224542,12.00400741050759,16.08815651713814,20.33849741777869
2018-10-02 03:45:00.000000,2.634208520628753,13.58215900902081,14.22908715133153,12.01972717630609,16.10534228779547,20.34639410708957
2018-10-02 04:00:00.000003,2.645047985098105,13.59262403901825,14.24382433064102,12.0286741266923,16.1186266004809,20.35341193091925
2018-10-02 04:14:59.999997,2.601918373338675,13.59794784490266,14.2526433894051,12.02845450082439,16.12739036228258,20.35947041024935
2018-10-02 04:30:00.000000,2.510797030587685,13.5980883156351,14.25533224117439,12.0194757378981,16.13141778078506,20.36450006772507
2018-10-02 04:45:00.000003,2.379286028415279,13.59342120469682,14.25214066349752,12.00276734967767,16.13083179655321,20.36847003612504
2018-10-02 04:59:59.999997,2.201254525224296,13.58368485921005,14.24284893668513,11.97762506315953,16.12548716879759,20.37134501701847
2018-10-02 05:15:00.000000,1.977162511240784,13.56882399516509,14.22737369090124,11.94399879160539,16.11529693271084,20.3730957029298
2018-10-02 05:30:00.000003,1.718219567652448,13.54945229569976,14.2062369704961,11.90337853507986,16.10058283293653,20.3737333199753
2018-10-02 05:44:59.999997,1.429567453193275,13.52607162693994,14.17996806792597,11.85673747841157,16.08173805794134,20.37329951151952
2018-10-02 06:00:00.000000,1.114436799623193,13.49906950077956,14.14902981482935,11.8046711805306,16.05910411101155,20.37185057151483
2018-10-02 06:15:00.000003,0.7884667091320298,13.46960288653235,14.11456340169226,11.74959026490274,16.03347964419361,20.36949313995383
2018-10-02 06:29:59.999997,0.4409185231073898,13.43761922086758,14.07675628067194,11.6905692144868,16.00506018260284,20.36631064667777
2018-10-02 06:45:00.000000,0.08795497957219996,13.40391138614011,14.03643849824156,11.62949583964518,15.97447727551566,20.36241311544614
2018-10-02 07:00:00.000003,-0.2662665586121562,13.36905342628731,13.99432678262369,11.56728672373956,15.94230813190732,20.35791985600358
2018-10-02 07:14:59.999997,-0.6188214771415267,13.33353863093027,13.95104805928674,11.50477293820101,15.9090610011497,20.35295384072073
2018-10-02 07:30:00.000000,-0.954507637537886,13.29849669751835,13.90778755046851,11.44426930311579,15.8756090699465,20.34767056730775
2018-10-02 07:45:00.000003,-1.273109049964238,13.26446407857783,13.86528540803488,11.38634903407463,15.84255816948214,20.34222114146745
2018-10-02 07:59:59.999997,-1.565945147693204,13.23297000220246,13.82490431127329,11.33369846833353,15.81077817196402,20.3367763083272
2018-10-02 08:15:00.000000,-1.830385969665775,13.20449668358737,13.78736492526365,11.28685461039791,15.780875099736,20.33149421537306
2018-10-02 08:30:00.000003,-2.064768764382761,13.17872375310295,13.75281599948465,11.24502794041638,15.75315915851118,20.32650318973907
2018-10-02 08:44:59.999997,-2.261886915618504,13.15605242039429,13.72180418587566,11.20908556589825,15.72810711672267,20.32192943863194
2018-10-02 09:00:00.000000,-2.427246298911085,13.13642210166643,13.69444151800925,11.17853167121618,15.70588899127871,20.31787112551191
2018-10-02 09:15:00.000003,-2.553490385801473,13.12025160027085,13.6711888167141,11.15429708401994,15.68686671609084,20.31442060777628
2018-10-02 09:29:59.999997,-2.649513456608888,13.1072944100802,13.65193976070625,11.13544270625414,15.67101931121445,20.31163739257659
2018-10-02 09:45:00.000000,-2.706100470149672,13.09795729796728,13.63708069307348,11.12303327532569,15.65863371152826,20.30958458860949
2018-10-02 10:00:00.000003,-2.722305728170332,13.09246155387218,13.62689220768815,11.11738068074419,15.64994428251668,20.30832276373703
2018-10-02 10:14:59.999997,-2.699765523309728,13.09083877906113,13.62147771683451,11.11837090280305,15.64505606144444,20.30789959247599
2018-10-02 10:30:00.000000,-2.624410304257315,13.09384954492429,13.62157454692754,11.12781785133265,15.64450176480194,20.30839370714765
2018-10-02 10:45:00.000003,-2.503657582536245,13.10143438524564,13.62727543171442,11.14511812807676,15.64840529502611,20.30986513077632
2018-10-02 10:59:59.999997,-2.333376332023444,13.1138651078207,13.63889978753712,11.17078342047187,15.65699677924354,20.31237329717127
2018-10-02 11:15:00.000000,-2.107527309747679,13.13156516958879,13.65690592870231,11.20570136243565,15.67063397831175,20.31598895674149
2018-10-02 11:30:00.000003,-1.843315048523266,13.15385792898938,13.68078191110352,11.24787065466428,15.68900446618064,20.32072750503767
2018-10-02 11:44:59.999997,-1.527285934155357,13.18133856432301,13.71104559641335,11.29877324381826,15.71238844823858,20.32662648758516
2018-10-02 12:00:00.000000,-1.181212895962887,13.21441628589895,13.74767474580682,11.35825468339017,15.74056613482659,20.33368471247424
2018-10-02 12:15:00.000003,-0.7973673461309894,13.25266764755012,13.7903544403843,11.42594094655788,15.77339551514761,20.34188498904138
2018-10-02 12:29:59.999997,-0.3932867155349299,13.29451924921188,13.8377683432407,11.49856584463304,15.81007787615557,20.35114379847142
2018-10-02 12:45:00.000000,0.01620253930720498,13.33859214345225,13.88852272188366,11.57345987043651,15.84962654308924,20.36132487016413
2018-10-02 13:00:00.000003,0.433423807237538,13.38447451539361,13.94193807538328,11.65044366424972,15.89146730988254,20.37229383958712
2018-10-02 13:14:59.999997,0.8334247814767954,13.43048794186704,13.99631742604418,11.72588288574502,15.93436800734697,20.38385497554751
2018-10-02 13:30:00.000000,1.243756175525769,13.4777766207615,14.05228246675537,11.8028516296719,15.97849639683176,20.39590235958762
2018-10-02 13:45:00.000003,1.617766555141196,13.52363692979276,14.10741266551735,11.87529752468115,16.02228525565108,20.40822518194607
2018-10-02 13:59:59.999997,1.988214663075434,13.56896443836234,14.16204650637722,11.94669167066769,16.06577837427118,20.4206986135578
2018-10-02 14:15:00.000000,2.315365477875426,13.61167962141012,14.21428621425776,12.01190573512375,16.10764814572764,20.43312342402691
2018-10-02 14:30:00.000003,2.624600868845243,13.65242494137734,14.26431387558611,12.07356240936314,16.14785506460009,20.4453743122589
2018-10-02 14:44:59.999997,2.892299456391427,13.68998251519248,14.31097345489172,12.12873603264575,16.18558664227081,20.45729750034482
2018-10-02 15:00:00.000000,3.132191701965807,13.7245958454836,14.35421504234801,12.17875190663296,16.2207047551771,20.46878364844855
2018-10-02 15:15:00.000003,3.323702336170923,13.7550442772641,14.39286508787525,12.22089108781422,16.25241819945049,20.47969224451592
2018-10-02 15:29:59.999997,3.492640190359571,13.78250871536249,14.42767879111832,12.25850139751289,16.28109286135589,20.48996815713268
2018-10-02 15:45:00.000000,3.608510452726326,13.80532179604916,14.45728961454272,12.28745078008227,16.3058734741063,20.49949710007514
2018-10-02 16:00:00.000003,3.701607820406311,13.82469437292603,14.48253291256752,12.31131243515537,16.32720776595279,20.50825055079431
2018-10-02 16:14:59.999997,3.738286581075695,13.83899598689745,14.50206202749915,12.32587566303261,16.34424465224504,20.51613085426596
2018-10-02 16:30:00.000000,3.730416136067189,13.84834437733527,14.5157516854284,12.33212958373819,16.3568022924924,20.52306308212451
2018-10-02 16:45:00.000003,3.681651253478815,13.8529398249794,14.52370084389423,12.33064182979522,16.36490367389798,20.52900105328843
2018-10-02 16:59:59.999997,3.577891516389772,13.8519688180756,14.5251750662359,12.31950691327717,16.36805646460759,20.53387018492733
2018-10-02 17:15:00.000000,3.423707147983869,13.84539574440233,14.51999854419578,12.29904210062384,16.36608088348311,20.53760888086862
2018-10-02 17:30:00.000003,3.21682483573279,13.83312598646996,14.50799032276879,12.26908985437357,16.35880524213914,20.54016125360132
2018-10-02 17:44:59.999997,2.967824340249419,13.81571068665734,14.48956575497743,12.2310750505583,16.34646409256784,20.54151276434954
2018-10-02 18:00:00.000000,2.678324293307461,13.79336478851727,14.46499192153459,12.18531650516249,16.32925095724082,20.54167084670392
2018-10-02 18:15:00.000003,2.35589116629493,13.76667242532179,14.43486714638975,12.13295412608373,16.30755873401664,20.54067471938068
2018-10-02 18:29:59.999997,2.009397547289708,13.73635864875306,14.39996191827225,12.07539601582448,16.28193846805384,20.53859928098651
2018-10-02 18:45:00.000000,1.642652874609827,13.70295083141473,14.36092701491455,12.01342208994384,16.25288206409448,20.53553514111228
2018-10-02 19:00:00.000003,1.260710395086864,13.66696284670676,14.31838624472946,11.94794101678429,16.22089218187425,20.53158523175206
2018-10-02 19:14:59.999997,0.8691936772235032,13.62900818027799,14.27305170326445,11.88000228203866,16.18651809423118,20.52686315596302
2018-10-02 19:30:00.000000,0.4757168589293238,13.5899685271663,14.22589358071517,11.8109134415108,16.15044377689297,20.52150044122273
2018-10-02 19:45:00.000003,0.09603056438940334,13.55094587649628,14.17812782757999,11.74301650436976,16.11361546237352,20.51566464967243
2018-10-02 19:59:59.999997,-0.2777174308629883,13.51197759541901,14.13008264991029,11.67586114660363,16.07640193593735,20.50949268247332
2018-10-02 20:15:00.000000,-0.6301494865261758,13.47406966037207,14.08281435326482,11.61160697980621,16.03958947631574,20.50314287659526
2018-10-02 20:30:00.000003,-0.9651779712458999,13.43744654709966,14.036780013157,11.55015812525256,16.00359880587281,20.49675235647316
2018-10-02 20:44:59.999997,-1.278633592336854,13.4025592332659,13.99253451486574,11.49225059446549,15.96886835931599,20.4904469977759
2018-10-02 21:00:00.000000,-1.56279337891708,13.370807980195,13.95126750814259,11.44038800300278,15.93613193296446,20.48436948419549
2018-10-02 21:15:00.000003,-1.82910446791915,13.34184105928792,13.91289832233861,11.3931804585066,15.90543241766548,20.47860942620697
2018-10-02 21:29:59.999997,-2.066044880579695,13.31554783604108,13.87759857385423,11.35080882818305,15.87702892213859,20.47324769182971
2018-10-02 21:45:00.000000,-2.270423224729616,13.29215751083827,13.84571629560249,11.31371855491504,15.85124033592372,20.46836717795024
2018-10-02 22:00:00.000003,-2.447092090442164,13.27154636415676,13.81724548143507,11.28141002289632,15.82813142296933,20.46402788133478
2018-10-02 22:14:59.999997,-2.586559375877732,13.25420072828726,13.79266887794211,11.25505570100631,15.8080576830409,20.46029900084569
2018-10-02 22:30:00.000000,-2.668561875962868,13.24136955892124,13.77323623927655,11.23746480668554,15.79193558597858,20.45730879388316
2018-10-02 22:45:00.000003,-2.726463861060485,13.2318558396507,13.75810083964412,11.22492163998103,15.77928631856655,20.45509235608748
2018-10-02 22:59:59.999997,-2.754440305625677,13.22557523374303,13.74711274881375,11.2176357548672,15.76998361973696,20.45366316153192
2018-10-02 23:15:00.000000,-2.713766659194456,13.22448178485117,13.74202769522981,11.22055003663826,15.76524070560748,20.45314167933848
2018-10-02 23:30:00.000003,-2.632665840539405,13.22788739029449,13.74252088614519,11.23091786088706,15.76494770221579,20.45358778857102
2018-10-02 23:44:59.999997,-2.472867004015454,13.23756220833586,13.75023228933119,11.2532982767444,15.77025659984081,20.45514836073875
2018-10-03 00:00:00.000000,-2.249163081366654,13.25353200122992,13.76552128779199,11.2866372084853,15.78151337868678,20.45794549582133
2018-10-03 00:15:00.000003,-1.974667293115234,13.14350497040179,13.71446399350772,9.988130770484156,15.70910155875337,20.4519555762785
2018-10-03 00:29:59.999997,-1.655707896969835,13.14297282635892,13.71909727944652,9.976644910821463,15.70114676389966,20.44985393432659
2018-10-03 00:45:00.000000,-1.306864723789935,13.16612559046551,13.74491717389755,10.02526826808939,15.71736407635876,20.45115802622406
2018-10-03 01:00:00.000003,-0.9376454613095816,13.1985197730378,13.7808572896811,10.0872376810081,15.74318819583976,20.45466680967449
2018-10-03 01:14:59.999997,-0.5561937498481837,13.23444588477605,13.82199753788535,10.15301151466511,15.77398756523024,20.45970984037816
2018-10-03 01:30:00.000000,-0.1553453313612587,13.27343647617076,13.86732691271806,10.22297632891777,15.80849356648912,20.46594815045104
2018-10-03 01:45:00.000003,0.2070669082478097,13.31192556885677,13.91344236529118,10.28902270568053,15.84420462299481,20.4730070754655
2018-10-03 01:59:59.999997,0.5807539370138589,13.351367775297,13.96094634359008,10.35651756492389,15.88119166528619,20.48068430426602
2018-10-03 02:15:00.000000,0.9347875531669838,13.39034469305426,14.00849580312083,10.42182340337426,15.91847924968203,20.48876924194032
2018-10-03 02:30:00.000003,1.270628126283906,13.42863270214126,14.05556776530765,10.48473451765626,15.95549214118364,20.49708191554511
2018-10-03 02:44:59.999997,1.629183951172058,13.46803277113764,14.10356741779445,10.550463000747,15.99313551103502,20.50559508813342
2018-10-03 03:00:00.000000,1.954506046917104,13.50593248319043,14.15037951872396,10.6120745886627,16.03008715774914,20.51417008511554
2018-10-03 03:15:00.000003,2.263219299094597,13.54241210998832,14.19574581736964,10.67079269133242,16.06601763418256,20.52269543857125
2018-10-03 03:29:59.999997,2.538042156415077,13.57643349377123,14.23861950602258,10.72430332829677,16.1001604926355,20.53103296174053
2018-10-03 03:45:00.000000,2.771477353758277,13.60705681337481,14.2779136854567,10.77108340885978,16.13170728290925,20.53902333045479
2018-10-03 04:00:00.000003,2.971082599026505,13.63437366047785,14.31345521200775,10.8118303045962,16.16039115623369,20.54654201970412
2018-10-03 04:14:59.999997,3.12999007846813,13.6578116758954,14.3445938184397,10.84555467428674,16.18575704734223,20.55346842459069
2018-10-03 04:30:00.000000,3.253974466736447,13.67745579822455,14.37124336826803,10.87283281267571,16.20767986689447,20.55971801236246
2018-10-03 04:45:00.000003,3.328045397188139,13.69239438742447,14.3925271723882,10.89160851649267,16.22554395086987,20.56517822412987
2018-10-03 04:59:59.999997,3.343177124427056,13.70172449553833,14.40745378834315,10.90025671392446,16.23861208495363,20.56971362499574
2018-10-03 05:15:00.000000,3.316041015788475,13.70602232815009,14.41631069423294,10.90069361071103,16.24696887164153,20.57324766636383
2018-10-03 05:30:00.000003,3.254695823925788,13.70590412661253,14.4196252328061,10.89428246892684,16.25094299238003,20.57576039586447
2018-10-03 05:44:59.999997,3.129205109226105,13.69980061132162,14.41607712081108,10.87709577413301,16.2496897745731,20.57716145682187
2018-10-03 06:00:00.000000,2.976399047703017,13.68931630522061,14.40687657543958,10.85359722126223,16.24390962811633,20.57745930778442
2018-10-03 06:15:00.000003,2.795477220743902,13.67493668227571,14.39261467277578,10.82434752996095,16.23405367638018,20.57669766059845
2018-10-03 06:29:59.999997,2.547981964806578,13.65464205482212,14.37165145235502,10.78418820219029,16.21907914734317,20.57480868882441
2018-10-03 06:45:00.000000,2.300240040098262,13.63162353905798,14.34656817742439,10.74150260320879,16.20058203312658,20.57189739220999
2018-10-03 07:00:00.000003,1.996173833999511,13.60372012892333,14.3158637061371,10.68983043696687,16.17773063503985,20.56795024180524
2018-10-03 07:14:59.999997,1.677847680343234,13.57269010506872,14.2809245855648,10.63408948233177,16.15137535985142,20.56303841951673
2018-10-03 07:30:00.000000,1.346768109462188,13.5392184918294,14.24257520399348,10.57522846925029,16.12216502961899,20.55726292430008
2018-10-03 07:45:00.000003,0.993459419515903,13.50306086340186,14.2008020672539,10.5122042708938,16.09017721133359,20.55069169703062
2018-10-03 07:59:59.999997,0.6433533516649214,13.46582167913016,14.1570820124274,10.44856359667423,16.05638706818761,20.54345698132467
2018-10-03 08:15:00.000000,0.2907934435242774,13.4277395336238,14.11191955640748,10.38412254454971,16.02125240261465,20.53568089931367
2018-10-03 08:30:00.000003,-0.0544771467461955,13.38944352022654,14.06605637078569,10.32023899538893,15.98537541252406,20.52749456962008
2018-10-03 08:44:59.999997,-0.3924628065248285,13.35124162354872,14.01997758126499,10.25719781102676,15.94917939514808,20.5190186215783
2018-10-03 09:00:00.000000,-0.7115971539051761,13.31400040014837,13.97461656027281,10.1967463553641,15.91336350123803,20.51039278994089
2018-10-03 09:15:00.000003,-1.004944766399327,13.27850541812603,13.93089759473144,10.14021379006675,15.87864546767283,20.50176912369319
2018-10-03 09:29:59.999997,-1.275417853882238,13.24498569808626,13.88925568277109,10.0875722058755,15.84541532997466,20.49327782767921
2018-10-03 09:45:00.000000,-1.513535762121859,13.214654740872,13.85077455570299,10.04109275674062,15.81437673663082,20.4850622759243
2018-10-03 10:00:00.000003,-1.728414383260858,13.18743559059867,13.81557743942569,9.99996870050886,15.78568751627071,20.47722375968626
2018-10-03 10:14:59.999997,-1.90826655441046,13.16333420259519,13.7839403714432,9.964571347521241,15.75968572125357,20.46985727036091
2018-10-03 10:30:00.000000,-2.060127380434346,13.14211680725326,13.75581957983765,9.934077167506745,15.73641841682621,20.46302929170504
2018-10-03 10:45:00.000003,-2.179716417703147,13.12396037452615,13.73142313899437,9.908949063011168,15.71606920616215,20.4568003535988
2018-10-03 10:59:59.999997,-2.266636001110138,13.10897328548512,13.71090826498111,9.889330793267643,15.6987868347419,20.45122256606703
2018-10-03 11:15:00.000000,-2.318878576294257,13.09732758018081,13.69448302213975,9.87553331866407,15.68474293423589,20.44634468509948
2018-10-03 11:30:00.000003,-2.32076530430197,13.08991864092895,13.68302292797838,9.869640582776116,15.67457002378235,20.44225547324909
2018-10-03 11:44:59.999997,-2.27883527057009,13.08678765377075,13.67674306183057,9.871218928446186,15.66848718857823,20.43902867882461
2018-10-03 12:00:00.000000,-2.164290967141573,13.08948311450867,13.67714929173379,9.883960550450139,15.66757527113428,20.43681024334371
2018-10-03 12:15:00.000003,-1.986837900742421,13.0981577312958,13.68468566133819,9.907320072495002,15.67226040606837,20.43572925714715
2018-10-03 12:29:59.999997,-1.75858184120995,13.11240447407891,13.69915927687747,9.93983764690807,15.68244866770811,20.43585947544987
2018-10-03 12:45:00.000000,-1.467957214585228,13.13272567057373,13.72105020432008,9.982819740118297,15.69848129049819,20.43728004396425
2018-10-03 13:00:00.000003,-1.144874389224231,13.15932837416019,13.75015730813729,10.03530464128935,15.7199744280341,20.44000071000385
2018-10-03 13:14:59.999997,-0.7863774439828702,13.19110479931324,13.78560353563663,10.09560385194737,15.74644091452698,20.44398037967935
2018-10-03 13:30:00.000000,-0.4006084593936885,13.22693492618489,13.82636697782062,10.16172904651672,15.77723412792656,20.44913749279672
2018-10-03 13:45:00.000003,0.008417335686463951,13.26626587432817,13.87177593517551,10.23282624981907,15.81184102820238,20.45537645087093
2018-10-03 13:59:59.999997,0.4072035742637015,13.30690980293224,13.91970654976761,10.30407106410265,15.84877615057901,20.46250651092294
2018-10-03 14:15:00.000000,0.8044422150549242,13.34849605511047,13.96938548163634,10.37573777499979,15.88733370987054,20.47034558209918
2018-10-03 14:30:00.000003,1.196729311983503,13.39083758106967,14.02034457753157,10.44746836017175,15.92700676140319,20.4787327278924
2018-10-03 14:44:59.999997,1.562303102552651,13.4322078672769,14.07086654766927,10.51583745382628,15.9666022273592,20.48745818984139
2018-10-03 15:00:00.000000,1.921208021691886,13.47303811158293,14.12095997847532,10.58295121668063,16.0059821745501,20.49637969720245
2018-10-03 15:15:00.000003,2.255413077864989,13.51233566614967,14.16964523467794,10.64647856119569,16.04443985276381,20.50534369911351
2018-10-03 15:29:59.999997,2.572462678933034,13.55016721708858,14.2167697088196,10.70705022895663,16.0817527466533,20.51423604567399
2018-10-03 15:45:00.000000,2.856435349190314,13.5855191802418,14.26132338915365,10.76248192855971,16.11720719102129,20.52292004118332
2018-10-03 16:00:00.000003,3.119108763861493,13.61866851876421,14.30332829885834,10.8139786450023,16.15071228828219,20.53130222695485
2018-10-03 16:14:59.999997,3.342768163697631,13.6485393447762,14.34175575010394,10.85914964394205,16.18157556980995,20.53926009980639
2018-10-03 16:30:00.000000,3.547986907206586,13.67612363893576,14.37720724621654,10.90079948735359,16.21006909497953,20.54674146310024
2018-10-03 16:45:00.000003,3.700377941217766,13.69938728563581,14.40798601999305,10.93402233889987,16.23511854847817,20.55361502816286
2018-10-03 16:59:59.999997,3.834751264601963,13.71969375239257,14.43500251093795,10.96292394368167,16.25719799223196,20.55984337339182
2018-10-03 17:15:00.000000,3.917062736196967,13.73543088459649,14.45692151390885,10.98328665876245,16.2754588011197,20.56532423006388
2018-10-03 17:30:00.000003,3.945223833550588,13.74588217246743,14.47288116202286,10.99413588184836,16.2892335241465,20.56993526791115
2018-10-03 17:44:59.999997,3.933931648579225,13.75160318053633,14.48315823251868,10.99726511393064,16.29860601352382,20.57360805630317
2018-10-03 18:00:00.000000,3.859677732326634,13.75130758366859,14.48659888167226,10.98957342834552,16.30280303779647,20.57622782645555
2018-10-03 18:15:00.000003,3.728714957703673,13.74486904153859,14.48286499074208,10.97140231209121,16.30150237890469,20.57769485910911
2018-10-03 18:29:59.999997,3.537576683285986,13.7319658751327,14.47155089976098,10.94221607472187,16.29437642388635,20.57791659003633
2018-10-03 18:45:00.000000,3.298948568751065,13.71324063494901,14.45308632726747,10.90376099452392,16.28163973789006,20.57685259759608
2018-10-03 19:00:00.000003,3.013491739906669,13.68903531641608,14.42777128071564,10.85659148363671,16.26347380598553,20.57449330521373
2018-10-03 19:14:59.999997,2.697079147566803,13.66027940573468,14.39651251628665,10.80280785638117,16.24049864709116,20.57088696167989
2018-10-03 19:30:00.000000,2.354764978627199,13.62768144785055,14.36015026977028,10.74349138790727,16.21331541529526,20.56611642538634
2018-10-03 19:45:00.000003,1.986489125906007,13.59152674410901,14.31913958350723,10.67889636781625,16.18231572049275,20.56027100953179
2018-10-03 19:59:59.999997,1.609271341089068,13.55298193218221,14.27466258425353,10.61151152206497,16.14835019243153,20.55348156898957
2018-10-03 20:15:00.000000,1.218765164904128,13.51224616749136,14.22715809342822,10.54120839998862,16.11184025993209,20.54586905808699
2018-10-03 20:30:00.000003,0.8207689887381567,13.46986910854908,14.17727285882226,10.46892699478821,16.07327962093487,20.53755216455612
2018-10-03 20:44:59.999997,0.4335191762204423,13.42733379546364,14.1264866330116,10.39754571633491,16.03368330816617,20.52869724774464
2018-10-03 21:00:00.000000,0.04929057942528011,13.38459338596346,14.07508675927803,10.3264179024221,15.99341712850863,20.51943965461437
2018-10-03 21:15:00.000003,-0.3186637649505107,13.34247611350189,14.02397179248003,10.25735850102379,15.95317259798393,20.50992739550145
2018-10-03 21:29:59.999997,-0.6687434255319331,13.30146397121596,13.97380512543009,10.19096600672304,15.91349719771249,20.50030247988705
2018-10-03 21:45:00.000000,-1.000887553016266,13.26182822252327,13.92502693892292,10.12746703222598,15.8747799752735,20.49069111738922
2018-10-03 22:00:00.000003,-1.312714148118914,13.22394507163362,13.87809778447314,10.06742497095908,15.83738568052838,20.48120435571163
2018-10-03 22:14:59.999997,-1.60341988870075,13.1889097125925,13.83387741217404,10.01256939469125,15.80179273411095,20.47195307350542
2018-10-03 22:30:00.000000,-1.866023226845118,13.1569391792277,13.79279911177083,9.963316501481925,15.76841031307739,20.46303914505523
2018-10-03 22:45:00.000003,-2.108823625615026,13.1272618532538,13.7544913640879,9.917802682974546,15.73713756105309,20.45451961845746
2018-10-03 22:59:59.999997,-2.317384179910014,13.10042452395321,13.7194974944138,9.87759241517926,15.70839205332131,20.44647111278433
2018-10-03 23:15:00.000000,-2.496732483096813,13.07641233452236,13.68792796203831,9.842338140963916,15.68232529318187,20.43895706981997
2018-10-03 23:30:00.000003,-2.641918010388365,13.05552849235928,13.66012502424312,9.812679216566654,15.65920517938019,20.43204297913984
2018-10-03 23:44:59.999997,-2.74177808490275,13.0384798338743,13.63681666269201,9.79017721925095,15.63958041041294,20.42581895259167
2018-10-04 00:00:00.000000,-2.800920753216017,13.02533452956237,13.61822251141383,9.77455745979154,15.62367305504999,20.42036217789161
2018-10-04 00:15:00.000003,-2.804002977608212,13.01683251116599,13.60500742461369,9.767665945602456,15.61171885627862,20.41560841822976
2018-10-04 00:29:59.999997,-2.74342955422619,13.01376475013305,13.59810401991619,9.77092145226249,15.60458814785243,20.41172541781313
2018-10-04 00:45:00.000000,-2.61371795950794,13.01685697911911,13.59845780170999,9.785449561264413,15.60317977499743,20.40896216567442
2018-10-04 01:00:00.000003,-2.406182676215948,13.02694714612488,13.60709446916597,9.812694300854007,15.60833573623292,20.40753845769457
2018-10-04 01:14:59.999997,-2.135506543330289,13.04372833865269,13.6239955247468,9.851165965165944,15.62011607281003,20.40757813435429
2018-10-04 01:30:00.000000,-1.812657594470434,13.06657370627422,13.64864214136234,9.899294155317985,15.63817750382775,20.40911442993769
2018-10-04 01:45:00.000003,-1.456479931837661,13.09443521940406,13.68003249424478,9.954464627167212,15.66172965358035,20.41209238923403
2018-10-04 01:59:59.999997,-1.085942836253162,13.12767071493957,13.71766091335666,10.01695552214994,15.69001991141884,20.4164021872894
2018-10-04 02:15:00.000000,-0.6938214688551485,13.16479045399652,13.76028321144238,10.08475357540847,15.72233048286198,20.42190525587278
2018-10-04 02:30:00.000003,-0.2998450405282621,13.20397797041975,13.80616147107171,10.15435779431783,15.75748901352855,20.42841031211028
2018-10-04 02:44:59.999997,0.0938892703385239,13.2444800392037,13.85426198149339,10.22489592873062,15.79466333436803,20.43572645907943
2018-10-04 03:00:00.000000,0.4739771297599356,13.28513778603131,13.9032680974537,10.29419157777226,15.83284135687387,20.44364427361062
2018-10-04 03:15:00.000003,0.8482511026890583,13.32586600444377,13.95276712328676,10.36282314499309,15.87159127086244,20.45199384063227
2018-10-04 03:29:59.999997,1.209627840363465,13.36640439258064,14.00231073557665,10.43002828838781,15.91044789338365,20.46062647670997
2018-10-04 03:45:00.000000,1.545494953230413,13.40549289762139,14.05063164787996,10.49360855808061,15.94855342297955,20.4693715252149
2018-10-04 04:00:00.000003,1.88624884653849,13.44441101597541,14.09858359699574,10.55732231333126,15.98636201445413,20.47816410643356
2018-10-04 04:14:59.999997,2.188468919293412,13.48099814210008,14.14433015983969,10.61564831649781,16.02267946197387,20.4868532318751
2018-10-04 04:30:00.000000,2.49195744447522,13.51686251109845,14.18898642415656,10.6732480705262,16.05807293280242,20.49539933855856
2018-10-04 04:45:00.000003,2.748368861369699,13.54960025410044,14.23052445920532,10.72403054873899,16.0912614403715,20.50366044746712
2018-10-04 04:59:59.999997,2.990121194995704,13.58032020605467,14.26958861027621,10.77154828947142,16.12248971352671,20.51157180241103
2018-10-04 05:15:00.000000,3.191010729059202,13.60768332751695,14.30498911552285,10.81255805742467,16.15100519323136,20.5190213434479
2018-10-04 05:30:00.000003,3.3543356019208,13.63138291379922,14.3362368657607,10.84696156843603,16.17639454715988,20.52590451690431
2018-10-04 05:44:59.999997,3.483036356610427,13.65155923959478,14.36325660049958,10.87532720803865,16.19851574784468,20.53214050709054
2018-10-04 06:00:00.000000,3.56269581177882,13.66710020232294,14.38504967591974,10.89525323949487,16.21670428502073,20.53761737063792
2018-10-04 06:15:00.000003,3.597272693386421,13.67786053117509,14.40128834435421,10.90692498104645,16.23065630782353,20.54224025796247
2018-10-04 06:29:59.999997,3.571127544444733,13.68278111853316,14.41092250639823,10.90807503232352,16.23962599424437,20.54588065876603
2018-10-04 06:45:00.000000,3.498415814195132,13.68227227169479,14.41408232256411,10.90025931579979,16.24359433316937,20.54845748638432
2018-10-04 07:00:00.000003,3.355778088812752,13.6750269856923,14.4095634727765,10.88038535671398,16.2417389164784,20.54984413885019
2018-10-04 07:14:59.999997,3.166642366213316,13.66202594764058,14.39795987296079,10.8513723275014,16.2343238147879,20.54998579177479
2018-10-04 07:30:00.000000,2.914503551399599,13.64252300217453,14.37864821048088,10.81123455192472,16.22094410502621,20.54880933015975
2018-10-04 07:45:00.000003,2.63046616464122,13.61805612123128,14.35289611069419,10.76392175675863,16.20237332583749,20.54633836100554
2018-10-04 07:59:59.999997,2.315231690327722,13.58924080972919,14.32146201849443,10.71017516273202,16.17916897593083,20.54263721308896
2018-10-04 08:15:00.000000,1.970879609567866,13.55645179999506,14.2848620566527,10.65050057799887,16.1517481286736,20.53778200697868
2018-10-04 08:30:00.000003,1.620829783986471,13.52126105938816,14.24464609897283,10.58831372658047,16.12120431678971,20.53192119082356
2018-10-04 08:44:59.999997,1.251320187399341,13.48346846057299,14.20096554172598,10.52234216107748,16.08779201569567,20.52516896141283
2018-10-04 09:00:00.000000,0.8817640052434664,13.44426383853725,14.15500081056308,10.45522915114153,16.0523513476687,20.51767247856226
2018-10-04 09:15:00.000003,0.5114190939813572,13.40427281592573,14.10756111173826,10.38751013628619,16.01548760993151,20.50957720287917
2018-10-04 09:29:59.999997,0.1471758109814738,13.36403253709968,14.05935184123724,10.32022546438099,15.97779754783273,20.50102836245391
2018-10-04 09:45:00.000000,-0.1996855280955837,13.32443112904731,14.01137552105703,10.25514957658106,15.94006544916813,20.49218744006453
2018-10-04 10:00:00.000003,-0.5407629622622333,13.28521781138537,13.96367471441937,10.19107322377148,15.90243970891545,20.4831688406359
2018-10-04 10:14:59.999997,-0.8600249264766585,13.24732120107913,13.91717036481702,10.13012564490158,15.86558682000386,20.47410584884424
2018-10-04 10:30:00.000000,-1.1655449329913,13.21068055451871,13.87201566790075,10.07161091799743,15.82970039440639,20.46509902957656
2018-10-04 10:45:00.000003,-1.452299398424826,13.17596422478553,13.82880017592778,10.01676262484877,15.79515574407527,20.45624466238947
2018-10-04 10:59:59.999997,-1.713829528300795,13.14436769288184,13.78852161707897,9.967707317881885,15.76255581697081,20.44765361179563
2018-10-04 11:15:00.000000,-1.953876044684799,13.11515885559705,13.75093605079622,9.922760193263395,15.73194851275175,20.43939922142098
2018-10-04 11:30:00.000003,-2.160140166788336,13.08876392857053,13.71657308060243,9.883101460216004,15.70376970094383,20.43156939660625
2018-10-04 11:44:59.999997,-2.343129269228738,13.06485285579336,13.68527777137446,9.847614429755634,15.67799557838442,20.42421908006829
2018-10-04 12:00:00.000000,-2.483770315949881,13.04432153517013,13.65789152694674,9.818591801263931,15.65523083305655,20.4174393788275
2018-10-04 12:15:00.000003,-2.587475270411089,13.02728078114353,13.63469004274936,9.795777125626666,15.63573921994778,20.4113126190454
2018-10-04 12:29:59.999997,-2.63676513127809,13.0147090987243,13.61666155297699,9.781439216888623,15.62025301391492,20.40595336551028
2018-10-04 12:45:00.000000,-2.623512136443383,13.00744588150187,13.60478806625355,9.777059895407753,15.60954644070471,20.40150945454619
2018-10-04 13:00:00.000003,-2.546957970907113,13.00592957173694,13.59971256214169,9.783102378746602,15.60416182466872,20.39811851242677
2018-10-04 13:14:59.999997,-2.377397667858784,13.01195680174464,13.60327542754573,9.803571508966042,15.60544636831788,20.3959891622285
2018-10-04 13:30:00.000000,-2.141739963514822,13.02493834208472,13.61533608631914,9.835837118299294,15.61345413760665,20.39525885986142
2018-10-04 13:45:00.000003,-1.839240472484937,13.04480344824308,13.63591821442147,9.879712143108536,15.6282425923185,20.39602029024071
2018-10-04 13:59:59.999997,-1.489382579194374,13.07072914666464,13.66434943750764,9.932768218222458,15.64930370309111,20.39828745179154
2018-10-04 14:15:00.000000,-1.113055066546281,13.10293317430963,13.70014587610082,9.994856862820667,15.67598628356957,20.40200579944294
2018-10-04 14:30:00.000003,-0.7119481871458917,13.13990510587637,13.74196281373578,10.06353957134176,15.70745325283907,20.40706100821387
2018-10-04 14:44:59.999997,-0.3035441064525056,13.17961875480924,13.78790883976253,10.13504388836246,15.74245591975291,20.41326987525531
2018-10-04 15:00:00.000000,0.1149626487565962,13.22159763200812,13.83717393681849,10.20920677785208,15.78030687233355,20.42045984534249
2018-10-04 15:15:00.000003,0.5213185646523308,13.26426057615007,13.88809501615097,10.28274444686367,15.8197845265667,20.42841409791652
2018-10-04 15:29:59.999997,0.9259078756969674,13.30753444342275,13.94021933558965,10.35641453342472,15.86041325168441,20.43695548586257
2018-10-04 15:45:00.000000,1.323105315437667,13.35129873756536,13.99319875889658,10.42972164611708,15.9017672923167,20.44593289840368
2018-10-04 16:00:00.000003,1.696714650203659,13.39399892293093,14.04550168624838,10.49990244625062,15.94283469459666,20.45515944921225
2018-10-04 16:14:59.999997,2.07192067986316,13.4365459956721,14.09762546424358,10.56991342565395,15.98381711559283,20.46453804291434
2018-10-04 16:30:00.000000,2.409749813759115,13.47697956855695,14.14784800455094,10.63477260213963,16.02353407682176,20.47389982819364
2018-10-04 16:45:00.000003,2.752268180155474,13.5169591492081,14.1973021303428,10.6994312825479,16.0626023167098,20.4831998145731
2018-10-04 16:59:59.999997,3.054974255601377,13.55449145923703,14.24434814547459,10.75847204246576,16.09993602067308,20.49230717855515
2018-10-04 17:15:00.000000,3.338477662288832,13.58991158207898,14.28896728780375,10.81381711018753,16.13544087403707,20.50113377250268
2018-10-04 17:30:00.000003,3.588319791169291,13.62267955424432,14.33052945670877,10.86409165825538,16.1686289536295,20.50957826034321
2018-10-04 17:44:59.999997,3.806959084883932,13.65236805730103,14.36856719806709,10.90883706343015,16.19916002257296,20.5175460144878
2018-10-04 18:00:00.000000,3.978849874096894,13.67787489950231,14.40200062088626,10.94572974304869,16.22627424665033,20.52490949754426
2018-10-04 18:15:00.000003,4.113457056951306,13.69933132917072,14.43071724020218,10.97566540509439,16.24979313513554,20.53157435224795
2018-10-04 18:29:59.999997,4.191951637522484,13.71557565147275,14.45359772958316,10.99604564491273,16.26893712543511,20.53740998163497
2018-10-04 18:45:00.000000,4.213661308843359,13.72609365025793,14.46995061128999,11.00628205185438,16.28314446763992,20.54228456881899
2018-10-04 19:00:00.000003,4.18492003133042,13.73099510165242,14.47967496415229,11.0070590801064,16.29225780328383,20.54610059762237
2018-10-04 19:14:59.999997,4.081237708464267,13.72877308979584,14.48135777517433,10.99495180766673,16.29530575867247,20.54870876267692
2018-10-04 19:30:00.000000,3.91512287825128,13.71957947323109,14.47484451400596,10.97109677716019,16.29205741604231,20.54999559672221
2018-10-04 19:45:00.000003,3.687157118985016,13.70341194124378,14.46002337331656,10.93563608918295,16.28238129970559,20.54987658027969
2018-10-04 19:59:59.999997,3.400001440568126,13.68039338621283,14.436934371621,10.88895799851513,16.26626298991249,20.54829687826767
2018-10-04 20:15:00.000000,3.07764457255787,13.65215658112934,14.40694304073335,10.8348168579971,16.24455018203702,20.54529667829621
2018-10-04 20:30:00.000003,2.728115224642814,13.6196342098385,14.37112997252461,10.77476275121946,16.21804662575143,20.54097161402102
2018-10-04 20:44:59.999997,2.358007051383943,13.58362057638778,14.33049483942699,10.7099943397191,16.18749876153277,20.53544800966937
2018-10-04 21:00:00.000000,1.96857743254523,13.54455393879304,14.28569598739873,10.64099966433403,16.15345616610905,20.52885535763287
2018-10-04 21:15:00.000003,1.576633315320088,13.50366810519273,14.23803701854421,10.57030657344391,16.11687916590828,20.52136177478722
2018-10-04 21:29:59.999997,1.165847302578714,13.4605060057258,14.18741542013383,10.49615610281006,16.07785221020853,20.51307971218304
2018-10-04 21:45:00.000000,0.7642161100594125,13.41671713015314,14.13536787948129,10.42232600455162,16.03742193747462,20.50417478913962
2018-10-04 22:00:00.000003,0.3654918480842428,13.37269879903201,14.08255123767672,10.34871863329073,15.99612488585607,20.49479673376126
2018-10-04 22:14:59.999997,-0.02682979164452773,13.32868619178347,14.02938904275955,10.27578981594234,15.954377757982,20.48507674701369
2018-10-04 22:30:00.000000,-0.40611234294601,13.28522677111734,13.97653377349151,10.20458676284091,15.91270596917268,20.47514490305866
2018-10-04 22:45:00.000003,-0.7669328260681014,13.24291301274951,13.92469716018051,10.13611579398452,15.87167360047184,20.46513467998178
2018-10-04 22:59:59.999997,-1.116255032612801,13.20164136600575,13.87397763508426,10.06968460003081,15.8314325568388,20.45514342897432
2018-10-04 23:15:00.000000,-1.447020943473763,13.1621904376536,13.82505010860547,10.00681368548269,15.7924121929756,20.4452707935121
2018-10-04 23:30:00.000003,-1.750326317978202,13.12613511810095,13.77920518943171,9.95035235557744,15.75537923130609,20.43564391741785
2018-10-04 23:44:59.999997,-2.034842415787715,13.09242381548686,13.73599918724156,9.897781498842935,15.72027515555444,20.42633470697026
2018-10-05 00:00:00.000000,-2.28934900409614,13.06129328299727,13.69578432873497,9.849967238604657,15.68742202304185,20.41742104581609
2018-10-05 00:15:00.000003,-2.508647501298371,13.03302860274946,13.65883865025802,9.807596241010279,15.65681764031856,20.40881509649087
2018-10-05 00:29:59.999997,-2.695847431205359,13.00771788727818,13.62540100557496,9.770528023838567,15.62883403495407,20.4006307484898
2018-10-05 00:45:00.000000,-2.835661557765494,12.98627823992607,13.59644580223061,9.740831860532712,15.6043494386901,20.39308142666039
2018-10-05 01:00:00.000003,-2.928108121988362,12.96912100385366,13.57257137180769,9.718935523295224,15.58391461621097,20.38634133653012
2018-10-05 01:14:59.999997,-2.960073549575161,12.95713222647995,13.55474848152744,9.706676815343197,15.56826403107021,20.3805643059002
2018-10-05 01:30:00.000000,-2.926546644838544,12.9509664848041,13.54379581888617,9.705081894290238,15.55803640695013,20.37589088021024
2018-10-05 01:45:00.000003,-2.812343227179558,12.9517285897376,13.54093463996887,9.716372433817803,15.55414911941642,20.37248489741264
2018-10-05 01:59:59.999997,-2.617080044803203,12.95994726366381,13.54693161563921,9.741094105553959,15.55723794555574,20.37050487811839
2018-10-05 02:15:00.000000,-2.350404953173942,12.97545802703754,13.56187051810593,9.778250379370856,15.5674335749661,20.37006155273194
2018-10-05 02:30:00.000003,-2.023358663559735,12.99773421473669,13.58536074636368,9.826372594525653,15.58449148882202,20.37120459388926
2018-10-05 02:44:59.999997,-1.663391477601014,13.02528120881964,13.61601046269781,9.881757104914854,15.60739527675655,20.37387334210829
2018-10-05 03:00:00.000000,-1.283927762670235,13.05722003896832,13.65260947815317,9.94275614298039,15.63514460784344,20.37794017931384
2018-10-05 03:15:00.000003,-0.8929158387607772,13.09433173314402,13.69498185944479,10.01082796416591,15.66717015052345,20.38326747239509
2018-10-05 03:29:59.999997,-0.4845578382080291,13.13426999415422,13.74140174476705,10.08242128936301,15.70260939697393,20.38968723537358
2018-10-05 03:45:00.000000,-0.07754008685607693,13.17577296504425,13.7904325499299,10.15513219127534,15.74039727921398,20.39700203733386
2018-10-05 04:00:00.000003,0.3247547854420102,13.21809323887411,13.84107944134923,10.22792366500759,15.77971573484128,20.40501819963609
2018-10-05 04:14:59.999997,0.714004845270284,13.26036157182974,13.89227536085448,10.29935880507014,15.81972344510814,20.41353971527543
2018-10-05 04:30:00.000000,1.105722263953632,13.30325079408069,13.94430650367214,10.37135629239058,15.86042204255132,20.42244376503687
2018-10-05 04:45:00.000003,1.470580673951575,13.34506005597031,13.99561240681093,10.44000219720169,15.90075801894918,20.43155651762324
2018-10-05 04:59:59.999997,1.832070698905357,13.38640797061638,14.04643345926964,10.50776495413393,15.94077677354316,20.44077536802744
2018-10-05 05:15:00.000000,2.174820544481999,13.42653325025427,14.09605790351433,10.57278188696652,15.97998627845037,20.44999054150235
2018-10-05 05:30:00.000003,2.500993414549824,13.46532313880622,14.14424679837428,10.63506216832233,16.018129051742,20.45911125658187
2018-10-05 05:44:59.999997,2.810757143943693,13.50263480346633,14.19077556483134,10.69452889139713,16.05502680167844,20.46806516720391
2018-10-05 06:00:00.000000,3.073113488509134,13.53663174474615,14.23395190228288,10.74687114326467,16.08949932221757,20.47670056151327
2018-10-05 06:15:00.000003,3.319807439959462,13.56835450847945,14.27434168022274,10.79566370574973,16.12180906031092,20.48494651376665
2018-10-05 06:29:59.999997,3.504778711502405,13.59555584189918,14.3099080912378,10.83526686201183,16.15058880607623,20.4926317009298
2018-10-05 06:45:00.000000,3.653042563546407,13.61861856833279,14.34065137028752,10.86781805677036,16.1757008888775,20.49963961888876
2018-10-05 07:00:00.000003,3.745232479498786,13.63643895291105,14.36550791615627,10.89078464520004,16.19639999626453,20.50582709539684
2018-10-05 07:14:59.999997,3.784960450597741,13.64877027668942,14.38402599238195,10.9041989498762,16.21228329601607,20.51106912566493
2018-10-05 07:30:00.000000,3.753511605209361,13.65432536829556,14.39492165917278,10.90532231525761,16.22243356016471,20.51520455401781
2018-10-05 07:45:00.000003,3.664866503321591,13.65340618878842,14.39817756721755,10.89558974250326,16.22671003760082,20.5181207008614
2018-10-05 07:59:59.999997,3.513042673747983,13.6456672908152,14.3933982407279,10.87427719264204,16.22480412186166,20.51971760120831
2018-10-05 08:15:00.000000,3.297334240893473,13.63094460085398,14.38031187668047,10.84122389764244,16.21647141851534,20.51990984417745
2018-10-05 08:30:00.000003,3.02418969135456,13.60962630639599,14.35913688415462,10.79746577217379,16.20178808559126,20.51865028999236
2018-10-05 08:44:59.999997,2.711765889765492,13.58277831892738,14.3308513097193,10.74547592743902,16.18139681885537,20.51596558760729
2018-10-05 09:00:00.000000,2.372449355213698,13.55156544905526,14.29668735005311,10.68740488678663,16.15615392284579,20.51194835675348
2018-10-05 09:15:00.000003,2.005440088813942,13.51639510179817,14.25727831023244,10.62358554682764,16.12658965821007,20.5067050417018
2018-10-05 09:29:59.999997,1.630531540133473,13.4786626026115,14.2140598125091,10.5569422399748,16.0937387123747,20.50039331821542
2018-10-05 09:45:00.000000,1.240014214381839,13.43847021416419,14.16744751798405,10.48697377282591,16.0580345513859,20.4931537484917
2018-10-05 10:00:00.000003,0.843853050155899,13.39658280087041,14.11829253336429,10.41515296397223,16.02011718404482,20.48512858574354
2018-10-05 10:14:59.999997,0.4484838942552595,13.35390229241415,14.06760298888726,10.34283301413359,15.9807068021282,20.47647385909755
2018-10-05 10:30:00.000000,0.05183203470228823,13.31051107850764,14.01570802378203,10.26991124219635,15.94016703239697,20.46731823208447
2018-10-05 10:45:00.000003,-0.3323574470965746,13.26729137989785,13.96354492476018,10.19832717032004,15.89921308224536,20.45780754787766
2018-10-05 10:59:59.999997,-0.7108490801207026,13.2242560526513,13.91136298733418,10.12754455192953,15.85812105584259,20.44805810576694
2018-10-05 11:15:00.000000,-1.074857868630984,13.1820072158775,13.85981920294861,10.05880243058319,15.81738826828723,20.43818879290861
2018-10-05 11:30:00.000003,-1.419586205965467,13.1413652272447,13.80973018253797,9.993483855416446,15.77758583180482,20.42832396332416
2018-10-05 11:44:59.999997,-1.746071593453107,13.1035946486103,13.76210594604756,9.93345497709725,15.73927952057619,20.41858940286722
2018-10-05 12:00:00.000000,-2.048109038330221,13.0682709577381,13.71703473012345,9.877911743648216,15.70275723548341,20.40908663514874
2018-10-05 12:15:00.000003,-2.325142792999325,13.03524779544844,13.67462532012891,9.826518710657504,15.6682199897407,20.39990080819515
2018-10-05 12:29:59.999997,-2.567152556671228,13.00506545278102,13.63547443641189,9.780559770468807,15.63615410680137,20.39113250020248
2018-10-05 12:45:00.000000,-2.779232499239108,12.97773681647501,13.59975055607942,9.739655191419027,15.6067447815813,20.38286278695748
2018-10-05 13:00:00.000003,-2.953918350301408,12.95368381116826,13.56791377834679,9.70475176869965,15.58035398547249,20.3751761294991
2018-10-05 13:14:59.999997,-3.078189535918799,12.93376787468861,13.54086462997148,9.677711890357243,15.55766581731842,20.36818817831089
2018-10-05 13:30:00.000000,-3.154358294573769,12.91825434451375,13.51904702890548,9.658633032290506,15.53907531215152,20.36200804800642
2018-10-05 13:45:00.000003,-3.163978696779468,12.90824815744071,13.50361077663865,9.649983634574557,15.52544405121428,20.35678028625319
2018-10-05 13:59:59.999997,-3.096636326574008,12.90478965213545,13.49576620458429,9.653607333399203,15.5177118987356,20.35268291223845
2018-10-05 14:15:00.000000,-2.945960130517872,12.90869303644098,13.49655171058867,9.67077118408292,15.51671827424604,20.349901575401
2018-10-05 14:30:00.000003,-2.702441703537657,12.92086440928658,13.50707629209722,9.70304521942472,15.52334778697412,20.34863372223369
2018-10-05 14:44:59.999997,-2.387990169185315,12.94065941163572,13.52703746761182,9.748073395829312,15.53750376227564,20.34899635580176
2018-10-05 15:00:00.000000,-2.026055747740804,12.96677853097317,13.55530689107101,9.802546779815831,15.55838680498309,20.35099001874928
2018-10-05 15:15:00.000003,-1.625635240374103,12.99835648909928,13.59091928124257,9.864825083036813,15.58523826089617,20.35455099279999
2018-10-05 15:29:59.999997,-1.213286113041487,13.03471375393051,13.6326714692572,9.933005107312123,15.61694916291976,20.35953642402453
2018-10-05 15:45:00.000000,-0.7893654843042955,13.07552861030083,13.67974994252203,10.00699489961754,15.65275344519816,20.36578163842852
2018-10-05 16:00:00.000003,-0.3465009048780995,13.11936397853488,13.73094961245839,10.0850058733466,15.69198280177937,20.37312088997073
2018-10-05 16:14:59.999997,0.09285602870592288,13.16469137318725,13.78469264168137,10.16388300738346,15.73351137811961,20.38135175095274
2018-10-05 16:30:00.000000,0.5267307788279817,13.21075524809179,13.83994382374437,10.24272798201841,15.77649168907721,20.39027402615152
2018-10-05 16:45:00.000003,0.9388625743866891,13.25625317467052,13.89527396258592,10.31897449632116,15.81983096801293,20.39966607303546
2018-10-05 16:59:59.999997,1.366356310930493,13.3030920490401,13.95195834979212,10.39752126510628,15.8641214530436,20.40944213891746
2018-10-05 17:15:00.000000,1.755104394730901,13.3482140544562,14.00741120845462,10.47118064143491,15.90776435331001,20.4194004776936
2018-10-05 17:30:00.000003,2.152592597951284,13.39335643640768,14.06272348845559,10.54538975183332,15.95129487244805,20.429467400882
2018-10-05 17:44:59.999997,2.509932058694055,13.43627960802006,14.11603039505022,10.61411904038882,15.99346722181726,20.43948342303002
2018-10-05 18:00:00.000000,2.869558227551264,13.47858084360936,14.16838589869857,10.68229871299313,16.03484030658981,20.44940186401163
2018-10-05 18:15:00.000003,3.185643928276622,13.51810644975193,14.21799137856829,10.74424014897094,16.07424132803552,20.45908453126649
2018-10-05 18:29:59.999997,3.479033482079495,13.55528642038904,14.26485315805719,10.80206413457748,16.11155609204499,20.46843658511084
2018-10-05 18:45:00.000000,3.723320746986227,13.58870390254947,14.30760447133369,10.85241251051223,16.1458296137914,20.4773100776014
2018-10-05 19:00:00.000003,3.935957539987678,13.61853250396635,14.34617588351433,10.8966454655358,16.17693231643537,20.48560106094537
2018-10-05 19:14:59.999997,4.089327170968988,13.64319025266563,14.37908733466519,10.93107223197569,16.20384543989407,20.49315177942387
2018-10-05 19:30:00.000000,4.192647960014114,13.66259912741227,14.40596918228518,10.95632655306036,16.22619012637503,20.49983089053815
2018-10-05 19:45:00.000003,4.232722329323546,13.67584074569815,14.42585405261945,10.97052121030278,16.24325672915313,20.50549143422857
2018-10-05 19:59:59.999997,4.201730065552345,13.68203725133362,14.43773530525219,10.97215637922604,16.25427679351555,20.50997150896164
2018-10-05 20:15:00.000000,4.116581169702426,13.68179653458524,14.44189492378328,10.96325288535483,16.25931858040737,20.51317768019568
2018-10-05 20:30:00.000003,3.94775806216856,13.67347423797032,14.43685114033828,10.93987845530661,16.25738452247041,20.51495755151298
2018-10-05 20:44:59.999997,3.721855846386756,13.65802819738942,14.4231615898353,10.90509351066676,16.24870927208336,20.51523889318926
2018-10-05 21:00:00.000000,3.433781087320087,13.63542913218887,14.40081856461513,10.85859617127973,16.23328173239866,20.51397367158911
2018-10-05 21:15:00.000003,3.102312266738588,13.60695651520697,14.37088572534153,10.80333067635094,16.21175577458227,20.51118925976762
2018-10-05 21:29:59.999997,2.742234297870055,13.5738520021887,14.33465275328553,10.74172281775644,16.18504770326621,20.50698259156562
2018-10-05 21:45:00.000000,2.355341738409535,13.53671006895709,14.29297740752097,10.67438387824806,16.15381921676873,20.50147403939033
2018-10-05 22:00:00.000003,1.961773523112735,13.49700607530291,14.24741332206361,10.6043459697068,16.11920313575326,20.49484105722609
2018-10-05 22:14:59.999997,1.545839548516192,13.45444906819004,14.19807282855828,10.53004505817732,16.08143605251061,20.48721668440946
2018-10-05 22:30:00.000000,1.136321262575011,13.41069424915894,14.1465467694171,10.45535742972141,16.04165639702212,20.47878733558507
2018-10-05 22:45:00.000003,0.7161393536356481,13.36553166135158,14.09299189622391,10.37870922568379,16.00009648797844,20.46968888416289
2018-10-05 22:59:59.999997,0.3068530025111345,13.32030582074598,14.03871788792214,10.30303469291675,15.95766325370094,20.46008848664664
2018-10-05 23:15:00.000000,-0.1020789195875742,13.27477215072916,13.9838084225434,10.22727977856644,15.91457934532042,20.45010976659862
2018-10-05 23:30:00.000003,-0.4956351125625804,13.22979877831832,13.9291526688998,10.1534384226731,15.87151017767879,20.43989140558388
2018-10-05 23:44:59.999997,-0.8756673062151515,13.18567415984013,13.87522685806873,10.08165655901206,15.82887489418817,20.4295584329868
2018-10-06 00:00:00.000000,-1.240102938110117,13.14273325420845,13.82247408547856,10.012402776679,15.7870360499517,20.4192229064048
2018-10-06 00:15:00.000003,-1.585387434288692,13.10211604149534,13.77168415624326,9.947668415301708,15.74614434739849,20.40882389856725
2018-10-06 00:29:59.999997,-1.909323912689962,13.06425009704311,13.72341956619112,9.887999496617004,15.70678215897186,20.39850742217446
2018-10-06 00:45:00.000000,-2.208938692396087,13.02871881932116,13.67778035511272,9.832513363524807,15.66937094742048,20.38846622641828
2018-10-06 01:00:00.000003,-2.480771161285973,12.9956777570831,13.63507904102928,9.78156776130174,15.63427461427787,20.37884734086561
2018-10-06 01:14:59.999997,-2.716959103274788,12.96567152367975,13.5959320468174,9.736281306787811,15.60196743395639,20.36976643988822
2018-10-06 01:30:00.000000,-2.912613193583099,12.93918037751825,13.56091390449577,9.697514373908838,15.5729010343248,20.36132347598897
2018-10-06 01:45:00.000003,-3.056884035741604,12.91697638816375,13.53087159938856,9.666844823380465,15.54771613258059,20.35363276967133
2018-10-06 01:59:59.999997,-3.147125035238634,12.89954828755416,13.5064516756872,9.644949711028337,15.52693299445681,20.34681103683977
2018-10-06 02:15:00.000000,-3.169537733694505,12.88785484368803,13.4887081633074,9.63381374008386,15.51135705564642,20.34100291770136
2018-10-06 02:30:00.000003,-3.11349617763732,12.88289784834229,13.47880959391837,9.635241472959096,15.50189534100839,20.33638438600859
2018-10-06 02:44:59.999997,-2.970515167005573,12.88559224970943,13.47788064314063,9.650757090821491,15.49943822153085,20.33314047386426
2018-10-06 03:00:00.000000,-2.728573351787877,12.89700372644491,13.48718729775504,9.68229391231521,15.50498538872567,20.33148246269016
2018-10-06 03:15:00.000003,-2.410747206393353,12.91648810867469,13.50645691572644,9.7274028289967,15.51847025199918,20.33153705092817
2018-10-06 03:29:59.999997,-2.037441595762254,12.94293257067459,13.53475364721428,9.783196340626333,15.53923630168553,20.33332506677963
2018-10-06 03:45:00.000000,-1.626906404770759,12.9750642215812,13.57077399954665,9.846916651069773,15.56630668700767,20.33677487104787
2018-10-06 04:00:00.000003,-1.214057671030859,13.01161290277025,13.61272886026588,9.915386410306978,15.59814985225682,20.34170036168074
2018-10-06 04:14:59.999997,-0.7853471755917693,13.05279936719358,13.66016618633788,9.990155742479237,15.6341934633008,20.34792896329351
2018-10-06 04:30:00.000000,-0.3436826825185446,13.09672512642417,13.71151310048904,10.06817974417356,15.67354151646275,20.35526720203976
2018-10-06 04:45:00.000003,0.09519036489923377,13.14209465918458,13.76533357575753,10.14705451674527,15.71513398047661,20.36350220390802
2018-10-06 04:59:59.999997,0.5328683173244013,13.18842565407243,13.82084399737635,10.22647510530908,15.75829425799081,20.3724422756274
2018-10-06 05:15:00.000000,0.9501575811282824,13.23434668241913,13.87659478896442,10.30357632508915,15.8019322276108,20.38187049677305
2018-10-06 05:30:00.000003,1.380108010673971,13.28152335114517,13.93366554695672,10.38266347178143,15.84651235561977,20.39169394247197
2018-10-06 05:44:59.999997,1.783277712279632,13.32765839535368,13.99010326304837,10.4584976428282,15.89084497120485,20.40174327413014
2018-10-06 06:00:00.000000,2.187402390119102,13.37360738737949,14.04633003734314,10.53406641154314,15.93506732586394,20.4119278891245
2018-10-06 06:15:00.000003,2.559817331874011,13.41779891421837,14.10097972865761,10.60525444735512,15.9782214486567,20.42210521217458
2018-10-06 06:29:59.999997,2.926238821410438,13.46109150996007,14.15452787996889,10.67494309443478,16.02050536941761,20.43220577793445
2018-10-06 06:45:00.000000,3.256666770461209,13.5019348915117,14.20560276683669,10.73929781215201,16.06101250158776,20.44210200885816
2018-10-06 07:00:00.000003,3.553689542813607,13.5400649997601,14.25362717636363,10.79842565759501,16.09923466305446,20.45166838988613
2018-10-06 07:14:59.999997,3.80731127164939,13.57445994255731,14.29756329838587,10.85039527670965,16.13443751663344,20.46075912300208
2018-10-06 07:30:00.000000,4.017802181001763,13.60466306655575,14.33678200598552,10.89476998477061,16.16611363824857,20.46923813169709
2018-10-06 07:45:00.000003,4.170421882807287,13.62954778136341,14.37010854180858,10.92928035500205,16.19340677588793,20.47694145387218
2018-10-06 07:59:59.999997,4.270088139700492,13.64892555197876,14.39710654341909,10.95414882126174,16.21590504665971,20.48373017859462
2018-10-06 08:15:00.000000,4.292753694249601,13.66118967667287,14.41619420248594,10.96590503575852,16.23249153788029,20.48941689069122
2018-10-06 08:30:00.000003,4.251489786920689,13.66646034810818,14.42713228315347,10.96571928628671,16.24285381575427,20.49385590709468
2018-10-06 08:44:59.999997,4.144236345382007,13.66454162360183,14.42960084129304,10.95334336414387,16.2467071528983,20.49692944635822
2018-10-06 09:00:00.000000,3.952938459004228,13.65420401795996,14.42240042985979,10.92612266163898,16.24320393829611,20.49848583432857
2018-10-06 09:15:00.000003,3.706520079547486,13.63668085854529,14.40636437342503,10.88762664241425,16.2327718428706,20.49846986172631
2018-10-06 09:29:59.999997,3.395861084748389,13.61181565418731,14.38142532396507,10.83710626467034,16.21538167155182,20.49684196833971
2018-10-06 09:45:00.000000,3.04483422479711,13.58118438532856,14.34890497929513,10.77821462006092,16.19185492846806,20.49364995893643
2018-10-06 10:00:00.000003,2.666637408857496,13.54599941991314,14.31013713106094,10.71317478527108,16.16316160062758,20.48900938419026
2018-10-06 10:14:59.999997,2.268442416184743,13.50719544192156,14.26629834694577,10.6433759213772,16.1301852550945,20.48307126184467
2018-10-06 10:30:00.000000,1.858302173906544,13.46567843453403,14.21850512696086,10.57031594483279,16.09379802691192,20.47600914148656
2018-10-06 10:45:00.000003,1.436658031196582,13.4218882276685,14.16745137823504,10.49442726180574,16.05460754607349,20.46798723334089
2018-10-06 10:59:59.999997,1.014583101476892,13.37672621584477,14.11415645665077,10.41745351278051,16.01340760958476,20.45917995580091
2018-10-06 11:15:00.000000,0.5882443213181663,13.33056706883915,14.05920715471751,10.33939167040728,15.970663425197,20.44973717889644
2018-10-06 11:30:00.000003,0.1672075251346213,13.2841058363352,14.00340478766734,10.26163212271393,15.92700036395704,20.43980893885258
2018-10-06 11:44:59.999997,-0.2515987790832815,13.2373715453674,13.94700109732073,10.18395013643835,15.88271771479151,20.429515883535
2018-10-06 12:00:00.000000,-0.6597500895930816,13.19095209112231,13.89064883402743,10.10756254068141,15.83832352233048,20.41898052433191
2018-10-06 12:15:00.000003,-1.055220438555198,13.14525345144897,13.83488212963875,10.03302704751311,15.79425472919744,20.40831947911718
2018-10-06 12:29:59.999997,-1.431569377079429,13.10117694900517,13.78056249788604,9.961951602845692,15.75109902917666,20.39765809651884
2018-10-06 12:45:00.000000,-1.788689285552894,13.06016301362361,13.72883172946539,9.896539102149497,15.70949156805555,20.38712705580559
2018-10-06 13:00:00.000003,-2.12048240823224,13.02168806487663,13.67975367581347,9.835759191495502,15.66972770311964,20.37683270440709
2018-10-06 13:14:59.999997,-2.425080607656555,12.9856476110691,13.6334766819217,9.779432444803028,15.63205048271502,20.36686661417734
2018-10-06 13:30:00.000000,-2.697853454403428,12.95235305573757,13.5904080417094,9.72819347616578,15.59681305455071,20.35732193130453
2018-10-06 13:45:00.000003,-2.936064389866133,12.92211400553608,13.55094909504237,9.682559588314794,15.5643597459518,20.34829000872301
2018-10-06 13:59:59.999997,-3.128353934037728,12.89566676767216,13.51588407805564,9.644119157723164,15.53529644690355,20.33988366605221
2018-10-06 14:15:00.000000,-3.271457496598086,12.87353953045423,13.48588007837014,9.61363231294078,15.51015136950864,20.33222148305245
2018-10-06 14:30:00.000003,-3.353866784805771,12.85655554672968,13.46186266072383,9.592777972097885,15.48964955500451,20.32544332231119
2018-10-06 14:44:59.999997,-3.362319715072961,12.84574106922205,13.44499214954438,9.583610679158362,15.47471099512623,20.31972123505772
2018-10-06 15:00:00.000000,-3.289880289069193,12.84192566278402,13.43631171099204,9.587472584221072,15.46618462043837,20.31523990210199
2018-10-06 15:15:00.000003,-3.124438036193155,12.84617055726623,13.43707133665565,9.60629880818211,15.46504853316921,20.3122030628697
2018-10-06 15:29:59.999997,-2.862850766695976,12.85931412964066,13.44836331797612,9.641081075830018,15.47213265257292,20.31081474944591
2018-10-06 15:45:00.000000,-2.536238878274025,12.88005024194968,13.46926745036525,9.688066204199815,15.4869436160544,20.31115826848609
2018-10-06 16:00:00.000003,-2.154236916124283,12.9075800982244,13.49901113507318,9.745523687207418,15.50890204346779,20.31323723635061
2018-10-06 16:14:59.999997,-1.737639313250825,12.94055996292951,13.5362160786501,9.810495314412954,15.5369909867616,20.3169634157838
2018-10-06 16:30:00.000000,-1.308346412180533,12.97758365701439,13.57924178909225,9.879998894913,15.56989927898717,20.32216326674371
2018-10-06 16:45:00.000003,-0.863789954981247,13.0205282228993,13.62855917475891,9.95800360057071,15.60734313327064,20.32869327709957
2018-10-06 16:59:59.999997,-0.4108544249916337,13.06585478569227,13.68162214867349,10.03825571029179,15.64803930337894,20.33634285350497
2018-10-06 17:15:00.000000,0.05024751236476246,13.11319335731905,13.73764422640943,10.12083057833525,15.69130228033609,20.34492372864437
2018-10-06 17:30:00.000003,0.50110417811836,13.16117953803077,13.79517792614999,10.20291386764062,15.7360571809023,20.35422415078246
2018-10-06 17:44:59.999997,0.9372857416383876,13.2089924772335,13.8531492219978,10.28334482565186,15.78142325556034,20.36403441878326
2018-10-06 18:00:00.000000,1.383820376431815,13.25803529020844,13.91245134413214,10.36556317638627,15.82775264721188,20.37425507733998
2018-10-06 18:15:00.000003,1.801192953614535,13.30590410801885,13.97101502383615,10.44418328308118,15.87376769098128,20.38470503306242
2018-10-06 18:29:59.999997,2.210644975451204,13.35302889854162,14.02886306030313,10.52124457211684,15.91933244659299,20.39526223600885
2018-10-06 18:45:00.000000,2.58572854209496,13.39803935562496,14.08472441633454,10.59333323634737,15.96351608691878,20.40576733709733
2018-10-06 19:00:00.000003,2.951488024536634,13.44180327125435,14.13907480012975,10.6633238110203,16.0065126688517,20.41613897284122
2018-10-06 19:14:59.999997,3.28120604294375,13.48293928989786,14.19068256733924,10.72782649210616,16.04751487221964,20.42625168825933
2018-10-06 19:30:00.000000,3.580731348167161,13.52147430692393,14.23925070785942,10.78750593000312,16.086196902474,20.43599660345315
2018-10-06 19:45:00.000003,3.831067882210382,13.55591364581442,14.28338498588276,10.83921987464512,16.12161862301301,20.44521947780844
2018-10-06 19:59:59.999997,4.0356221077994,13.58585239436409,14.32245703801797,10.8827996258484,16.1532539028182,20.4537788170601
2018-10-06 20:15:00.000000,4.18488818206077,13.61049237050388,14.35556980083881,10.91675700193285,16.18042302906146,20.46152299800924
2018-10-06 20:30:00.000003,4.268893811149818,13.62886502788035,14.38164335481122,10.93933991632577,16.20231080597485,20.46828400331926
2018-10-06 20:44:59.999997,4.277905162235513,13.63994291530396,14.39949971321998,10.94877652590571,16.21802225032953,20.47387597232473
2018-10-06 21:00:00.000000,4.215440346658904,13.64346366093013,14.4086118901153,10.94513116457803,16.22707413708821,20.47813949224198
2018-10-06 21:15:00.000003,4.086537287545707,13.63952123264549,14.40887118248822,10.9289922974518,16.22930172776922,20.48095822702772
2018-10-06 21:29:59.999997,3.872201170022872,13.62692640898757,14.39914177010146,10.89769417947228,16.22390973254792,20.48218636650349
2018-10-06 21:45:00.000000,3.605333871663314,13.60717417165963,14.38050715610529,10.85538070890722,16.21149611422073,20.48178759729755
2018-10-06 22:00:00.000003,3.278233875407179,13.58035108627845,14.35314660292351,10.80171613749792,16.19220625086137,20.47974993818044
2018-10-06 22:14:59.999997,2.91191515632776,13.54790399658698,14.31833629373614,10.73994272097884,16.16686168453836,20.47613714960639
2018-10-06 22:30:00.000000,2.524337677650939,13.51128075960079,14.27765725500085,10.6728170893364,16.13659902994132,20.47109163807887
2018-10-06 22:45:00.000003,2.116312821814051,13.47114989433558,14.23208300897601,10.60101596902969,16.10220036889438,20.46477135383319
2018-10-06 22:59:59.999997,1.698118992957621,13.42847651895693,14.18276066316023,10.52624960754873,16.06454998126137,20.45735617078193
2018-10-06 23:15:00.000000,1.265900642876072,13.38344788839052,14.13015771438803,10.44837015827064,16.02411392988331,20.44900077374406
2018-10-06 23:30:00.000003,0.8345608930053756,13.33715568928463,14.0754222269516,10.36959514129324,15.98173974232972,20.43987872225683
2018-10-06 23:44:59.999997,0.4008951632210284,13.29007511196708,14.01923811987443,10.29008046604831,15.93795241096201,20.43014434021216
2018-10-07 00:00:00.000000,-0.02935949256928385,13.24257079151714,13.9621412314674,10.21060411042197,15.89324429383089,20.4199384519443
2018-10-07 00:15:00.000003,-0.4552984579122298,13.19476405774881,13.90432386000963,10.13131837495316,15.84757491335116,20.40920771591288
2018-10-07 00:29:59.999997,-0.8702193982754608,13.14724263721637,13.84647608866854,10.05334217941832,15.80162701782651,20.39811350008318
2018-10-07 00:45:00.000000,-1.269895962644129,13.1006528078125,13.78939022392865,9.977691699026037,15.75615557884254,20.38688705370874
2018-10-07 01:00:00.000003,-1.651110713379543,13.0566591702048,13.73442597375015,9.907071404689578,15.71198686553599,20.3757341521514
2018-10-07 01:14:59.999997,-2.011609472329771,13.01538635917055,13.68202176208865,9.841378441122934,15.66953516962369,20.36479505096289
2018-10-07 01:30:00.000000,-2.346195718372404,12.9764821133634,13.63227003752769,9.780002843180872,15.62904921223042,20.3541676861153
2018-10-07 01:45:00.000003,-2.655977606896584,12.93989350469985,13.58527125305458,9.72276420856084,15.59068278736304,20.34392458797379
2018-10-07 01:59:59.999997,-2.931373563059475,12.9061654933296,13.54160204669366,9.67091793629609,15.55487507371095,20.33415096159474
2018-10-07 02:15:00.000000,-3.167509703898928,12.87578845640181,13.5018422292031,9.625338011085844,15.52209144720016,20.32494233756169
2018-10-07 02:30:00.000003,-3.361622652841142,12.8491921264408,13.46653498378176,9.58662771530839,15.4927521186856,20.3163967268603
2018-10-07 02:44:59.999997,-3.50046779753229,12.82720512209064,13.43657878875532,9.556606782484652,15.46755746401951,20.30863931585164
2018-10-07 03:00:00.000000,-3.572201363050688,12.810788741245,13.41306224857043,9.537201418888824,15.44739110944475,20.30182914359855
2018-10-07 03:15:00.000003,-3.571872433881266,12.80061761337959,13.39686266547624,9.529401415959809,15.43294626816855,20.29612818410007
2018-10-07 03:29:59.999997,-3.479565807582298,12.79804696844445,13.38946273748211,9.536015617554988,15.42533921041627,20.29173927999035
2018-10-07 03:45:00.000000,-3.285322673474485,12.80420422270442,13.39224001604086,9.558927004655734,15.42566106001009,20.28888901447876
2018-10-07 04:00:00.000003,-2.999801090680218,12.81931525930248,13.40578308715427,9.597543495035351,15.43448884064731,20.28777370393432
2018-10-07 04:14:59.999997,-2.643430890665738,12.84251358893084,13.42950726601138,9.649275718605923,15.45150320850195,20.28848723249182
2018-10-07 04:30:00.000000,-2.239053159765864,12.8723302910824,13.46202798554128,9.710715369823314,15.47567539038442,20.2909965032699
2018-10-07 04:45:00.000003,-1.80433367698353,12.90731031025312,13.501769200805,9.779003450580607,15.50583676291747,20.29517755796556
2018-10-07 04:59:59.999997,-1.361953542311561,12.94584847109938,13.54693527339048,9.850751099353873,15.54054572582185,20.30082426098184
2018-10-07 05:15:00.000000,-0.9109213840064374,12.98989105518146,13.59793594578201,9.930129894621622,15.57944455108795,20.30776648672511
2018-10-07 05:30:00.000003,-0.4467800998389861,13.03660653484728,13.65276290709404,10.01258335150131,15.62156458515423,20.31580329066158
2018-10-07 05:44:59.999997,0.01877637268779426,13.08492659731562,13.71017265245193,10.09638108596781,15.66598756706469,20.32473127268228
2018-10-07 06:00:00.000000,0.4809410462439603,13.13413079789156,13.76920841353974,10.18049037971609,15.71193816538047,20.33435691246429
2018-10-07 06:15:00.000003,0.9186872925528671,13.18264224281344,13.82821760514459,10.26167255096502,15.7581919518423,20.34445048214335
2018-10-07 06:29:59.999997,1.371251888178263,13.23244661012639,13.88852196830586,10.34505615175441,15.80534994216503,20.35492290693806
2018-10-07 06:45:00.000000,1.795790018752687,13.28115321148767,13.94812178600649,10.42502124599701,15.85219500054766,20.36560541518312
2018-10-07 07:00:00.000003,2.209105706989247,13.32893454517711,14.00683555180004,10.50300616203084,15.89847102260219,20.37637214355385
2018-10-07 07:14:59.999997,2.592927685323821,13.37481241997009,14.06371247554698,10.57661142872572,15.94344857360453,20.38707970991216
2018-10-07 07:30:00.000000,2.963518910669651,13.41928663030886,14.11895584832358,10.64766445595891,15.98716100826988,20.39764255702744
2018-10-07 07:45:00.000003,3.294030431241407,13.46083466636686,14.17116934151377,10.71260017372093,16.02868107133981,20.40792108925702
2018-10-07 07:59:59.999997,3.583877607909204,13.49904777462898,14.21963429082258,10.77112968245205,16.06739006989499,20.4177723696076
2018-10-07 08:15:00.000000,3.821506038793931,13.53268827033569,14.26310116615439,10.82095561579434,16.10240708989851,20.42702658099387
2018-10-07 08:30:00.000003,4.008125684472928,13.56129509523096,14.30089352264069,10.86171056029574,16.13317161726953,20.43552715181377
2018-10-07 08:44:59.999997,4.140152272373573,13.58439935140303,14.33239026634131,10.89271853212069,16.15917899938509,20.44313123018878
2018-10-07 09:00:00.000000,4.203400604456778,13.60089240923847,14.3564320423147,10.9117620851551,16.17957980508669,20.44967116212016
2018-10-07 09:15:00.000003,4.189393442830269,13.60978192246005,14.37186816592342,10.91718787903576,16.19349541733231,20.45496340366047
2018-10-07 09:29:59.999997,4.093928404853033,13.61035789054499,14.3777847009553,10.9079872818468,16.20019076553031,20.45882695819896
2018-10-07 09:45:00.000000,3.937815026098524,13.60349829299484,14.37469585704622,10.88679563845482,16.19988192059918,20.46116768708105
2018-10-07 10:00:00.000003,3.689365016274608,13.58752210852088,14.36112814529491,10.84947316647318,16.19159031826866,20.46183566512382
2018-10-07 10:14:59.999997,3.395604582428403,13.5646327977991,14.33874291533049,10.80199031776344,16.17627388305026,20.46082430693196
2018-10-07 10:30:00.000000,3.0443677462038,13.53503726353262,14.30788437884506,10.74391370527496,16.15420370792198,20.45815109505492
2018-10-07 10:45:00.000003,2.662521877682636,13.50030163051841,14.27006535560175,10.67880454783224,16.12641277757808,20.45391790537337
2018-10-07 10:59:59.999997,2.253729656024133,13.46126729201245,14.22638682589086,10.60773356213099,16.0937338490943,20.44826432732526
2018-10-07 11:15:00.000000,1.834652737909983,13.41930368359122,14.17835845553093,10.53334540086341,16.05728921419649,20.44137699662808
2018-10-07 11:30:00.000003,1.40302737197227,13.37484974886349,14.1267344545709,10.45588624601067,16.01775530072207,20.43343505005978
2018-10-07 11:44:59.999997,0.9566423359865276,13.32805979926004,14.07190473259614,10.37525553824057,15.97551693028649,20.42458567347462
2018-10-07 12:00:00.000000,0.5181395469680375,13.28061983680793,14.01550974446881,10.29485157587807,15.93168783975891,20.41502132874747
2018-10-07 12:15:00.000003,0.07269005813294743,13.23219097136848,13.95760342711898,10.21315722998362,15.88647736168263,20.40487816250497
2018-10-07 12:29:59.999997,-0.3623327031405866,13.18367536764066,13.89911618575299,10.13238162795546,15.84059839865735,20.39430814548636
2018-10-07 12:45:00.000000,-0.7938709488350659,13.13508839670922,13.84030117893418,10.05199249704861,15.79433422499751,20.38343191389115
2018-10-07 13:00:00.000003,-1.212445522393665,13.08709921876354,13.78186763844768,9.97337291104527,15.7482145638578,20.37237388849258
2018-10-07 13:14:59.999997,-1.614806472859593,13.04125070233645,13.72506122111812,9.899060716207885,15.70295837775692,20.36127345528526
2018-10-07 13:30:00.000000,-1.9952110128343,12.99823370330349,13.67070131334836,9.830092694026824,15.6591746761013,20.35026771002368
2018-10-07 13:45:00.000003,-2.355247683132248,12.95725990474481,13.61859487365581,9.764735775728026,15.61697991654922,20.33945337441271
2018-10-07 13:59:59.999997,-2.688649624662526,12.91852132981075,13.56905602947695,9.703578035932036,15.57669124859119,20.32892431214957
2018-10-07 14:15:00.000000,-2.987216344742483,12.88259103513517,13.52272493040571,9.647830340347976,15.53882312768547,20.31878853074963
2018-10-07 14:30:00.000003,-3.255806705084242,12.84951216774796,13.47979894998413,9.597147604520032,15.50358153463717,20.30913308507737
2018-10-07 14:44:59.999997,-3.481219969137527,12.82006974686922,13.44108615732616,9.55326939541282,15.47156288408133,20.30006747947403
2018-10-07 15:00:00.000000,-3.658662336812073,12.79478661851549,13.40723766016795,9.517176001584502,15.44336098585645,20.29171446898593
2018-10-07 15:15:00.000003,-3.783262838799205,12.77412082187589,13.37883974401713,9.489610335842874,15.41943328212149,20.28419161580068
2018-10-07 15:29:59.999997,-3.833688215667617,12.75938601495262,13.35725621481061,9.473481322198166,15.40078443113909,20.27766429202265
2018-10-07 15:45:00.000000,-3.809038305207959,12.75120857440595,13.34336207297762,9.46949671256261,15.38813645485701,20.27230149852885
2018-10-07 16:00:00.000003,-3.688767242593353,12.75096888531031,13.33867033302465,9.480531261998227,15.38263889166269,20.26831470064947
2018-10-07 16:14:59.999997,-3.467868585604133,12.75955911112578,13.34435380909421,9.507849904616105,15.38524705663583,20.26592246121703
2018-10-07 16:30:00.000000,-3.15766814993542,12.77688393541889,13.3606473762078,9.550409315047279,15.39625355863255,20.2652904545222
2018-10-07 16:45:00.000003,-2.783043966632302,12.80204166063023,13.38689306311877,9.605182575410282,15.41516262654318,20.26647835605397
2018-10-07 16:59:59.999997,-2.363611777817118,12.83349886936916,13.42158880649363,9.66908839717049,15.44097617879496,20.26943557444558
2018-10-07 17:15:00.000000,-1.916602949312218,12.87018637194768,13.46356544551902,9.740226193002785,15.47314084701356,20.27408720101394
2018-10-07 17:30:00.000003,-1.463816181968785,12.91015680752136,13.51068275095588,9.814153006829311,15.50956953721289,20.28018466283445
2018-10-07 17:44:59.999997,-0.9993045829901985,12.95526075180583,13.56334831498251,9.895214553994343,15.54997540521811,20.28754459130301
2018-10-07 18:00:00.000000,-0.5226521331753727,13.00335113986582,13.61995939928323,9.979917746099451,15.593573073299,20.29597710604275
2018-10-07 18:15:00.000003,-0.04174748585159905,13.0532877528997,13.67931797792436,10.06648044785061,15.63954491352666,20.30529273367582
2018-10-07 18:29:59.999997,0.4295098637659899,13.10381307384932,13.74006799533031,10.15254784302662,15.68688960629886,20.3152870936614
2018-10-07 18:45:00.000000,0.885496633536368,13.15406335577428,13.80110674512509,10.23685783057013,15.73472753493177,20.32575537901637
2018-10-07 19:00:00.000003,1.340285826574195,13.20481276587864,13.86278672480315,10.32129702622158,15.78305055663594,20.33656805432296
2018-10-07 19:14:59.999997,1.777639778470232,13.25481683125888,13.92396728475654,10.40346022885475,15.83114777948587,20.34757792756315
2018-10-07 19:30:00.000000,2.187640633266141,13.30306290901403,13.98352608136982,10.48159256499562,15.87818762313959,20.35861948165453
2018-10-07 19:45:00.000003,2.584327937050186,13.35002724027221,14.04166112638532,10.55721585487546,15.92414909131727,20.36958967726893
2018-10-07 19:59:59.999997,2.939252843302022,13.39411052878461,14.09689302663338,10.6265785149425,15.96801828208717,20.38033188177964
2018-10-07 20:15:00.000000,3.28454237614181,13.4365143984772,14.149969923315,10.69344489084915,16.01017468258711,20.39078255587058
2018-10-07 20:30:00.000003,3.558201539803662,13.47413567081041,14.19811760317586,10.75007466789071,16.04878001150696,20.40073241583524
2018-10-07 20:44:59.999997,3.799448570595508,13.50785063340265,14.24165307271645,10.80018614863464,16.0838623542659,20.41005610458464
2018-10-07 21:00:00.000000,3.971629501425579,13.53564560066098,14.27874911303526,10.83896918014269,16.11419306233349,20.41856207716434
2018-10-07 21:15:00.000003,4.097035772879771,13.55806695419324,14.30951594353277,10.86872765057554,16.13968244011842,20.42612316508086
2018-10-07 21:29:59.999997,4.137720585925533,13.57292784904391,14.33194622622304,10.88432504668974,16.15896320072036,20.4325362184167
2018-10-07 21:45:00.000000,4.11292334379182,13.58052101795593,14.34589023339493,10.88756829576277,16.17175778879672,20.43764964326474
2018-10-07 22:00:00.000003,3.992089964074919,13.57899560073425,14.34957641422649,10.87426242409277,16.17682876582806,20.44125574810669
2018-10-07 22:14:59.999997,3.818413573727131,13.57018490065768,14.34423955383141,10.84972466451796,16.17481571892835,20.44328321859001
2018-10-07 22:30:00.000000,3.556708042999124,13.55252451488073,14.32861162501568,10.80972466859989,16.16491692284333,20.4436108595709
2018-10-07 22:45:00.000003,3.246204622988582,13.52789139995926,14.30410209875992,10.75930962538742,16.1479394104581,20.44223698331239
2018-10-07 22:59:59.999997,2.884343986129251,13.4968679736364,14.27138232790597,10.69909331874719,16.1243693386464,20.43920129822835
2018-10-07 23:15:00.000000,2.49438575754864,13.46094536146969,14.23198409901736,10.63223688976652,16.09527109467868,20.43462301354432
2018-10-07 23:30:00.000003,2.078771625552567,13.42088925628797,14.18693703413179,10.55968331940499,16.0614511204878,20.4286490624621
2018-10-07 23:44:59.999997,1.657933812001015,13.37828293109721,14.13793621013522,10.48458862677138,16.02415491671552,20.42148483691662
2018-10-08 00:00:00.000000,1.223858591638431,13.33329021781019,14.08552017725465,10.40647925085109,15.98393547877595,20.41330726009621
2018-10-08 00:15:00.000003,0.7808292431745051,13.2863083153508,14.03016199485453,10.32596128134537,15.94092907483299,20.40410334081297
2018-10-08 00:29:59.999997,0.342829697268968,13.23860484847354,13.97319497941523,10.24537220394472,15.89621707447062,20.39409192055457
2018-10-08 00:45:00.000000,-0.09976721699331319,13.18999865520342,13.91483327408116,10.16376995445706,15.85027522207236,20.38351466839949
2018-10-08 01:00:00.000003,-0.5324470021452203,13.14137087498654,13.85602450518736,10.08312152921694,15.80386843603855,20.37258149564881
2018-10-08 01:14:59.999997,-0.9641503579300218,13.09261479126568,13.79691206043334,10.00258885392522,15.75719133762741,20.36142217650697
2018-10-08 01:30:00.000000,-1.378833002716258,13.0448839018392,13.73855051585531,9.924684858664582,15.71093979705487,20.35016671536993
2018-10-08 01:45:00.000003,-1.779957151104923,12.9998373168849,13.68221423402681,9.85180519006471,15.66577596628814,20.33894378487827
2018-10-08 01:59:59.999997,-2.153759469451842,12.95737484866284,13.62835352361747,9.783907335456583,15.62223901490391,20.32787681972228
2018-10-08 02:15:00.000000,-2.507458429037394,12.91691291187494,13.57679196631253,9.719535239080344,15.58039382540732,20.31705061338416
2018-10-08 02:30:00.000003,-2.833533991170846,12.87877367965795,13.52792394287468,9.659512904120037,15.54057283177204,20.30655283376277
2018-10-08 02:44:59.999997,-3.125851111475635,12.84343826866982,13.48229751691068,9.604812073798753,15.50322435195302,20.29648099273033
2018-10-08 03:00:00.000000,-3.381235774535926,12.81136891049515,13.44047890899807,9.556096814767871,15.46878175282056,20.28693573281427
2018-10-08 03:15:00.000003,-3.593714252438013,12.7830755911378,13.40308110828616,9.514399662897574,15.43780042899167,20.278031351252
2018-10-08 03:29:59.999997,-3.754169475094533,12.75918165218043,13.37082247201572,9.480971063212284,15.41083543851895,20.26988844155667
2018-10-08 03:45:00.000000,-3.844513116123201,12.74088476502899,13.34497815241249,9.458358535798093,15.38883184736879,20.26266819615354
2018-10-08 04:00:00.000003,-3.862773421168151,12.72882669555294,13.32642977212954,9.447356459543299,15.37251428939249,20.25653946340807
2018-10-08 04:14:59.999997,-3.789717072116186,12.72432529979403,13.31662955656616,9.450687860581773,15.36298828421319,20.25170638828834
2018-10-08 04:30:00.000000,-3.613550607771744,12.72859035543542,13.31703042237375,9.470450591301121,15.36140010153631,20.24840358105084
2018-10-08 04:45:00.000003,-3.341645731644731,12.74184221039527,13.32820464092236,9.506236728758891,15.36829501792687,20.24682719989679
2018-10-08 04:59:59.999997,-2.981820142071721,12.76405769615442,13.35036444408842,9.557246126625104,15.38385379700442,20.24711844042646
2018-10-08 05:15:00.000000,-2.577956468238639,12.79309003209822,13.38165755286252,9.617882738944044,15.40683542032358,20.24925493848724
2018-10-08 05:30:00.000003,-2.124739076115605,12.82838337818249,13.42127832159414,9.687867676833449,15.43658622128322,20.25316677902745
2018-10-08 05:44:59.999997,-1.664699327883316,12.86790939549604,13.46723208305929,9.762572891364313,15.4720419556147,20.25871823695214
2018-10-08 06:00:00.000000,-1.195910752714597,12.91155271630515,13.51848668135269,9.841946689545338,15.51158679059029,20.26566037305037
2018-10-08 06:15:00.000003,-0.7235337443186103,12.95906064828378,13.57423976253722,9.926006918973345,15.55446678272633,20.27376839083743
2018-10-08 06:29:59.999997,-0.234406857196961,13.00911037736768,13.63344574622198,10.01343592867355,15.6002028707035,20.28286014744226
2018-10-08 06:45:00.000000,0.2487639922346033,13.06025606246964,13.69462087084129,10.10121291346293,15.6477542604165,20.29273055405643
2018-10-08 07:00:00.000003,0.7253747543438032,13.11184457205483,13.75686498055453,10.18860908620412,15.69638728442134,20.30318868367883
2018-10-08 07:14:59.999997,1.17818196662409,13.16282299585518,13.81897457274054,10.27319419446827,15.74510152567759,20.3140259552594
2018-10-08 07:30:00.000000,1.639894371636689,13.21441367930162,13.88171647902718,10.35890150576521,15.79429357884738,20.32514884556863
2018-10-08 07:45:00.000003,2.058038198716179,13.26378833107782,13.94263243568285,10.43882567948431,15.84236485707837,20.33635266204074
2018-10-08 07:59:59.999997,2.482873733008955,13.31290117711822,14.00301735791336,10.51884928199627,15.88997287146312,20.34757181901577
2018-10-08 08:15:00.000000,2.853111963901235,13.35875154086284,14.0603340990976,10.59123419180272,15.9354692334894,20.3586140869954
2018-10-08 08:30:00.000003,3.219757571888803,13.40326635033717,14.1158398511147,10.66183657615298,15.97946637583553,20.36941755266808
2018-10-08 08:44:59.999997,3.530343632286423,13.44400650443316,14.16738711024167,10.7244467560074,16.02059322748835,20.37981471632466
2018-10-08 09:00:00.000000,3.798815149930738,13.48073295575769,14.21440460224288,10.77972199482735,16.05833059023733,20.3896554899942
2018-10-08 09:15:00.000003,4.010256023372645,13.51227031830125,14.25568961907418,10.82530496593455,16.09181245143034,20.39876732123816
2018-10-08 09:29:59.999997,4.163254230838459,13.53803544451351,14.29045458104012,10.86051393295596,16.1203972056542,20.40698493033841
2018-10-08 09:45:00.000000,4.250699085353375,13.5572985284081,14.31783036424922,10.88410972950365,16.14340674644766,20.41414394615583
2018-10-08 10:00:00.000003,4.268287443195643,13.569439581965,14.33703113128378,10.89517534100164,16.16021553751917,20.42008462737944
2018-10-08 10:14:59.999997,4.191903895245223,13.57269744319103,14.34629128368951,10.89003387289059,16.16955944481092,20.42459272557459
2018-10-08 10:30:00.000000,4.060493606114806,13.56867414626972,14.34662900315372,10.8734607240637,16.171931222076,20.42757972183355
2018-10-08 10:45:00.000003,3.834748315705632,13.55546490736727,14.33643283461016,10.84053918395775,16.166285143794,20.42889230031546
2018-10-08 10:59:59.999997,3.550316230912025,13.53448987379958,14.31665787276601,10.79549899967243,16.15311477511255,20.42847994702507
2018-10-08 11:15:00.000000,3.209179973318045,13.50643321204293,14.28796623966498,10.7394364441094,16.13285976801858,20.42634859756844
2018-10-08 11:30:00.000003,2.826939469386824,13.47254686390042,14.25155779322198,10.67493137953156,16.10633122140207,20.42257149194567
2018-10-08 11:44:59.999997,2.41712712565922,13.43401111309124,14.20878815212548,10.60408763065456,16.07451063383929,20.41728322762467
2018-10-08 12:00:00.000000,1.991672737215471,13.39204496351847,14.16107730609179,10.52903226037236,16.03846698057747,20.41066390986663
2018-10-08 12:15:00.000003,1.559750099107412,13.34773431403291,14.1097500469898,10.45154795666373,15.99923745175755,20.4029201684938
2018-10-08 12:29:59.999997,1.112978000518433,13.30106781752032,14.05514410494969,10.37091378705719,15.9572238137882,20.39421723682265
2018-10-08 12:45:00.000000,0.6714642118154089,13.2534776990186,13.99869795763914,10.29005891720888,15.91343872157812,20.38475048974375
2018-10-08 13:00:00.000003,0.2232788153617814,13.20490339856395,13.94067977464304,10.20793315089291,15.86818373430559,20.37466754365625
2018-10-08 13:14:59.999997,-0.2178031585652732,13.15602967155231,13.88185389502661,10.12625821486965,15.82208512106916,20.36411794430887
2018-10-08 13:30:00.000000,-0.661395176371401,13.10663708434958,13.82224499267487,10.04403690195845,15.77526938568128,20.3532069661788
2018-10-08 13:45:00.000003,-1.092739033546896,13.05759475689901,13.76270262254885,9.963267500851392,15.72834792961949,20.34205735227599
2018-10-08 13:59:59.999997,-1.511892381410055,13.00989173255044,13.70411792454519,9.885385632891548,15.6818865225472,20.33079472302914
2018-10-08 14:15:00.000000,-1.909808735297201,12.96520118869643,13.64789664726751,9.813333261247724,15.63672629016155,20.31956790179399
2018-10-08 14:30:00.000003,-2.280988509549846,12.92293410580819,13.59416510230182,9.745851953127127,15.59325532982566,20.30850348728802
2018-10-08 14:44:59.999997,-2.632282407491675,12.8826489971228,13.54276784213454,9.681837293856626,15.55151892350905,20.29768874629859
2018-10-08 15:00:00.000000,-2.947121236999571,12.84515240550889,13.49451473943877,9.623316008277326,15.51213095430361,20.28723830674499
2018-10-08 15:15:00.000003,-3.228350121474547,12.81066525324784,13.44978600698605,9.570317435772337,15.47544022600124,20.27725638075513
2018-10-08 15:29:59.999997,-3.471017799811297,12.77966168618147,13.40914739199593,9.523665057126783,15.44190814242849,20.26785132684406
2018-10-08 15:45:00.000000,-3.660958721575081,12.75299322751506,13.37351000178112,9.485314225731837,15.41227155643199,20.2591574034817
2018-10-08 16:00:00.000003,-3.796670908310877,12.73107129951832,13.34345918240669,9.455744498719397,15.38700575748215,20.25130080510038
2018-10-08 16:14:59.999997,-3.858424145021043,12.7151183809183,13.32028380026585,9.437627595533991,15.36706377162102,20.24444719107784
2018-10-08 16:30:00.000000,-3.843933046470596,12.70580386808249,13.30489288912253,9.431816536438433,15.35319316195663,20.23876952042151
2018-10-08 16:45:00.000003,-3.732810357665455,12.70452147248885,13.29881617496037,9.441200683109237,15.34655916493742,20.2344845883492
2018-10-08 16:59:59.999997,-3.519923352483963,12.71216395213823,13.30322494116247,9.46705740423555,15.34811662808329,20.23180798261648
2018-10-08 17:15:00.000000,-3.216756448758993,12.72863718633809,13.31836375773305,9.508310727219513,15.35816145146891,20.23091101159433
2018-10-08 17:30:00.000003,-2.840809275161077,12.75338053446631,13.34388484195282,9.562871879852706,15.37643395120402,20.23187522451406
2018-10-08 17:44:59.999997,-2.42254521480794,12.78450353365188,13.37802181375363,9.626464167753793,15.40175807802866,20.23464777293982
2018-10-08 18:00:00.000000,-1.966845480284369,12.82115103725829,13.41971517415656,9.697781382878759,15.43327918843865,20.23912113373689
2018-10-08 18:15:00.000003,-1.504964361128793,12.86171664987763,13.46729124757352,9.773448690016359,15.47012488270301,20.24515442187696
2018-10-08 18:29:59.999997,-1.02983311520313,12.90738309127806,13.52058865354497,9.855893459301752,15.51110551059392,20.25252746693591
2018-10-08 18:45:00.000000,-0.5449832846557386,12.95629956779943,13.57805419010374,9.94219128294531,15.55534653068985,20.26102476556959
2018-10-08 19:00:00.000003,-0.05091865021958791,13.0073633255858,13.63858996066932,10.03096994868607,15.60218226503583,20.2704572854361
2018-10-08 19:14:59.999997,0.4314173643781431,13.05902588399396,13.70059727139631,10.11909108261561,15.65047018060943,20.28060785267935
2018-10-08 19:30:00.000000,0.9006987348094612,13.11056085499385,13.76306392908768,10.2057529815827,15.69938737050061,20.29126922216964
2018-10-08 19:45:00.000003,1.371765024992025,13.16286453600142,13.8264568168775,10.29304069116891,15.748995973102,20.30231692414956
2018-10-08 19:59:59.999997,1.822090128729697,13.21435315274276,13.88936165937267,10.37772384279661,15.79841192794234,20.31359176869385
2018-10-08 20:15:00.000000,2.249614708043829,13.26435340328754,13.95092059444663,10.45894877491401,15.84697566009318,20.32493794854389
2018-10-08 20:30:00.000003,2.656789772322002,13.31278021480976,14.0108502886534,10.53684170384437,15.89435637192405,20.33622849547053
2018-10-08 20:44:59.999997,3.023828763853677,13.35833886993841,14.06786728752118,10.60857496473968,15.93962276952086,20.34729787579933
2018-10-08 21:00:00.000000,3.376996135288125,13.40196233902184,14.1225001311973,10.67720080214089,15.98302253674268,20.35806630080296
2018-10-08 21:15:00.000003,3.658112386725572,13.44077434221952,14.17210086378655,10.735607731916,16.02277166146657,20.3683179254363
2018-10-08 21:29:59.999997,3.905713457036986,13.47548180314651,14.21690227584324,10.78714269759156,16.05887405644385,20.37792397621465
2018-10-08 21:45:00.000000,4.079434995014324,13.50391615935097,14.2549170264389,10.82660563612879,16.08998267133272,20.38667850089621
2018-10-08 22:00:00.000003,4.209307299698215,13.52701020423772,14.2865597936866,10.85730858428237,16.11619104444775,20.39446249287074
2018-10-08 22:14:59.999997,4.258035196887301,13.54274316551821,14.31000689535621,10.8743650320511,16.13626834772649,20.40108866307344
2018-10-08 22:30:00.000000,4.232770338411159,13.55075076986158,14.32457283552315,10.87793192100476,16.1496035641957,20.40638537747558
2018-10-08 22:45:00.000003,4.125423868187335,13.55030671267343,14.32939710008836,10.86672176541587,16.15552210642242,20.41018404674975
2018-10-08 22:59:59.999997,3.95237974940995,13.54203190313466,14.32479303079492,10.84273198876308,16.15411871523665,20.41238744370439
2018-10-08 23:15:00.000000,3.699519340407375,13.52521338300755,14.31011205125442,10.80420298834855,16.14494606196333,20.41289217749875
2018-10-08 23:30:00.000003,3.390996387360584,13.50103683661362,14.28626188698429,10.75427781649277,16.12852758630516,20.41168116819465
2018-10-08 23:44:59.999997,3.030095058781967,13.47030360769743,14.25400910886881,10.69429497862259,16.10537173760022,20.40878707855114
2018-10-09 00:00:00.000000,2.638691727225015,13.43447742465897,14.21483643891626,10.62735356163334,16.07651495563225,20.4043216387619
2018-10-09 00:15:00.000003,2.217828405736951,13.39409688378436,14.16948337935351,10.55396882474952,16.04228578144104,20.39824759790274
2018-10-09 00:29:59.999997,1.791252384350714,13.35091223930321,14.11979191941354,10.4777631552463,16.00416286814758,20.39080568633895
2018-10-09 00:45:00.000000,1.350410779136558,13.30518625055026,14.06646761227264,10.39833357235569,15.96296705740536,20.38228066754461
2018-10-09 01:00:00.000003,0.9028314636170696,13.2576255315677,14.01040829149471,10.31688225613747,15.91946132690492,20.37291095118007
2018-10-09 01:14:59.999997,0.459444640015556,13.20943634074363,13.95291494795425,10.23539823075122,15.87455748282103,20.36290584171307
2018-10-09 01:30:00.000000,0.01089407824612574,13.16038696746609,13.89409294729837,10.1528708730854,15.82847418766628,20.35240134678029
2018-10-09 01:45:00.000003,-0.4309108033968689,13.11111922892866,13.83463677648267,10.07082594642324,15.78174651550077,20.34152543815614
2018-10-09 01:59:59.999997,-0.8700014766850165,13.06171609874885,13.77481183430777,9.989019713752366,15.73463399339919,20.33037979717226
2018-10-09 02:15:00.000000,-1.29279524080016,13.01314008020085,13.71555907641244,9.909513270660224,15.68779938783838,20.31908765240274
2018-10-09 02:30:00.000003,-1.701147431856265,12.96704472884966,13.65816551104514,9.834778471115492,15.64194090552781,20.3077840816146
2018-10-09 02:44:59.999997,-2.080005497379996,12.92391296777365,13.60346625899986,9.765831938614898,15.59778752626254,20.29661529526701
2018-10-09 03:00:00.000000,-2.435016476185146,12.88307851406355,13.55133741609475,9.70101685381439,15.55549221748839,20.28568772300705
2018-10-09 03:15:00.000003,-2.763906126752735,12.84459155545149,13.50196768978675,9.640465679961144,15.51527281169217,20.2750925649517
2018-10-09 03:29:59.999997,-3.054803326817605,12.80914480569122,13.45607903875111,9.585784970995112,15.47769435722155,20.26494094007117
2018-10-09 03:45:00.000000,-3.314414183425427,12.77675492149488,13.41385782807753,9.536459282569698,15.44294787591773,20.2553200673939
2018-10-09 04:00:00.000003,-3.528782193304717,12.74822833931621,13.37613259006465,9.49439131127747,15.41170625280943,20.24634718337058
2018-10-09 04:14:59.999997,-3.690756224330299,12.72415794671138,13.34361008392075,9.460686944999116,15.38452585422997,20.23814412835343
2018-10-09 04:30:00.000000,-3.78757987641082,12.70545939609733,13.31730910823681,9.43719800645876,15.36217841274432,20.23085713868114
2018-10-09 04:45:00.000003,-3.806824870056799,12.69318661709341,13.29843916705254,9.425911800447384,15.34559608305065,20.22466336413218
2018-10-09 04:59:59.999997,-3.745432890208758,12.68799756168563,13.28790409120519,9.427682077805624,15.33552294987231,20.21974170582828
2018-10-09 05:15:00.000000,-3.578892299178911,12.69149735573532,13.28742343908713,9.445942100904714,15.33325567784745,20.21632298066599
2018-10-09 05:30:00.000003,-3.311205310596081,12.70420144949885,13.29786705330544,9.480873139123267,15.3395542940647,20.21462064263138
2018-10-09 05:44:59.999997,-2.961022320057181,12.72568611693342,13.31914377719464,9.530455957820195,15.35440801421394,20.2147695307921
2018-10-09 06:00:00.000000,-2.553771867725786,12.75454916789984,13.35003365767001,9.591233014017913,15.37701348560293,20.2167832819967
2018-10-09 06:15:00.000003,-2.099653428517807,12.78977386348011,13.38943106651663,9.661292102558876,15.40653705301552,20.22059741384209
2018-10-09 06:29:59.999997,-1.629049885266489,12.82969976923928,13.43562459599024,9.737107787280245,15.44199552780366,20.22608668696656
2018-10-09 06:45:00.000000,-1.149946757103977,12.87448933796158,13.48780022188181,9.818906012135491,15.48213075207356,20.233044915315
2018-10-09 07:00:00.000003,-0.6669930453582161,12.92280998882554,13.54444566991493,9.904555446883723,15.52570140618264,20.24122414909287
2018-10-09 07:14:59.999997,-0.1634843420598219,12.97411292380696,13.6049335723141,9.994480461128358,15.57237468058126,20.25044385820145
2018-10-09 07:30:00.000000,0.3263179653905809,13.02618561535744,13.66720340598295,10.08372407700448,15.62077361765547,20.26046992899045
2018-10-09 07:45:00.000003,0.810994278962234,13.0787040440279,13.73054491240753,10.17266888975415,15.67025496620068,20.27110228456697
2018-10-09 07:59:59.999997,1.275157861691455,13.13088990709513,13.79399405203347,10.25933775098047,15.71996496278677,20.28213866588341
2018-10-09 08:15:00.000000,1.742020104346096,13.18334299789941,13.85780599691452,10.34630360814837,15.77000678619004,20.29346232769884
2018-10-09 08:30:00.000003,2.168528617098577,13.23366313335777,13.91984201392282,10.42779332873752,15.81895145891427,20.30487052620643
2018-10-09 08:44:59.999997,2.595755106701633,13.28343546956939,13.98110800746289,10.50861488714889,15.86726187309396,20.3162818468261
2018-10-09 09:00:00.000000,2.973042999173272,13.33014037961948,14.03943775046732,10.58232543831201,15.91350877594732,20.32751334124918
2018-10-09 09:15:00.000003,3.341155053386291,13.375163813158,14.09563994611262,10.65352835007085,15.95807790269985,20.33848775757377
2018-10-09 09:29:59.999997,3.647789617128396,13.41609395418885,14.14751149288623,10.71605539395133,15.99949246670332,20.34901843205099
2018-10-09 09:45:00.000000,3.912762594500774,13.45276946265838,14.19458374858171,10.77094049197404,16.03731650922459,20.35895108840405
2018-10-09 10:00:00.000003,4.117080510618385,13.48393542829686,14.23558373655206,10.81552872467138,16.07063606361572,20.36810788093107
2018-10-09 10:14:59.999997,4.266714795313642,13.50941800984284,14.27005341443401,10.85015695158713,16.0990167503283,20.37633721555862
2018-10-09 10:30:00.000000,4.351115425212055,13.52841872538031,14.29712197763279,10.87323925155286,16.12179920754351,20.38348438833504
2018-10-09 10:45:00.000003,4.360022875785713,13.53994968739658,14.3156951504219,10.8829897725715,16.13816311497915,20.38937907467766
2018-10-09 10:59:59.999997,4.27667287695692,13.54256408527703,14.32423361797276,10.87662940818344,16.14697297766556,20.39381205702476
2018-10-09 11:15:00.000000,4.138929931709225,13.5379042116348,14.32382164569496,10.85891390499507,16.14877982200858,20.39670330240935
2018-10-09 11:30:00.000003,3.901321623087779,13.52370986626701,14.31254897022604,10.82405974927919,16.14234702195878,20.39788672294469
2018-10-09 11:44:59.999997,3.604614036237095,13.5015861868607,14.29148817466884,10.77687588893581,16.12822301771199,20.39730958653925
2018-10-09 12:00:00.000000,3.248739718523321,13.47212570223346,14.26124000531725,10.71820059986891,16.10681420108515,20.39497294617082
2018-10-09 12:15:00.000003,2.849715947861261,13.43664624036887,14.22303470352893,10.65077422134599,16.07895464432556,20.39095145775479
2018-10-09 12:29:59.999997,2.425364891526001,13.39655436189263,14.17843242193122,10.57723431591577,16.04573726925329,20.3853863286838
2018-10-09 12:45:00.000000,1.988309133857558,13.35319503243261,14.12900392573526,10.49989909078084,16.00834810693932,20.3784735564617
2018-10-09 13:00:00.000003,1.539696852277431,13.30723715673318,14.07574160833952,10.4194844722115,15.96762555102102,20.37041211701309
2018-10-09 13:14:59.999997,1.079615945535463,13.25902646863031,14.01925225063777,10.33628220222171,15.924133165024,20.36137804476644
2018-10-09 13:30:00.000000,0.623926557422251,13.20989789264249,13.96092449253864,10.25280572241258,15.87885917162702,20.35157042178434
2018-10-09 13:45:00.000003,0.1615709585444928,13.15976016084195,13.90099856619975,10.16803848574778,15.83209986783946,20.34113916908362
2018-10-09 13:59:59.999997,-0.2990035506713144,13.10900426777529,13.83997995533883,10.08297396725266,15.78430680802028,20.33021966041444
2018-10-09 14:15:00.000000,-0.7541686687592949,13.0580706597892,13.77842982358449,9.998336832073347,15.73594451319765,20.31893925815132
2018-10-09 14:30:00.000003,-1.201516558019709,13.00736585323309,13.7168652755959,9.914718927292629,15.68743093714351,20.30741579454911
2018-10-09 14:44:59.999997,-1.633611639229722,12.95868342047463,13.65669891533657,9.835294326796914,15.63956762149841,20.2957920054772
2018-10-09 15:00:00.000000,-2.040519664637849,12.91299040046761,13.59902674698347,9.761690197633431,15.59315415655603,20.284223883961
2018-10-09 15:15:00.000003,-2.426198613794089,12.86939764624458,13.54363622391259,9.691847742535112,15.54833106174181,20.2728217788196
2018-10-09 15:29:59.999997,-2.787742199728712,12.8279273015143,13.49070713961552,9.625906391512867,15.5053276110343,20.26168068074838
2018-10-09 15:45:00.000000,-3.11712713100713,12.78908079175745,13.4407925844199,9.564987732983331,15.4645968652994,20.25090424253279
2018-10-09 16:00:00.000003,-3.412318359793659,12.75330735378213,13.39445275313081,9.50970198323009,15.42659752967359,20.24059993408453
2018-10-09 16:14:59.999997,-3.670208191587111,12.72092686626753,13.35211859381849,9.460623274475433,15.39173724110763,20.23087207430914
2018-10-09 16:30:00.000000,-3.882664696252331,12.6924270266417,13.31434797599108,9.418790917565387,15.3604453218806,20.22182382120716
2018-10-09 16:45:00.000003,-4.040743452944319,12.66849131905868,13.2819123498492,9.385550863359706,15.33330961318199,20.21357377397396
2018-10-09 16:59:59.999997,-4.137980525320806,12.64977154428221,13.25559959971228,9.362022746238758,15.31094503281501,20.20625282483831
2018-10-09 17:15:00.000000,-4.157214765770489,12.63745794548108,13.23669955679067,9.350693519111635,15.29433282042657,20.20003229236434
2018-10-09 17:30:00.000003,-4.089321582056156,12.63255671185932,13.22643366450272,9.353258094098678,15.28443989576483,20.19511121118331
2018-10-09 17:44:59.999997,-3.92315430041413,12.63612180331627,13.22607493396281,9.371575094779022,15.28227398329694,20.19169984798665
2018-10-09 18:00:00.000000,-3.650583632812983,12.64909122179128,13.23680975401993,9.407154000589045,15.28879169981314,20.19002095720848
2018-10-09 18:15:00.000003,-3.300626700140545,12.67048543542178,13.25806274124367,9.456709323873374,15.30371738944625,20.19018908249213
2018-10-09 18:29:59.999997,-2.903869611859631,12.6987147828264,13.2884035357403,9.516077411844684,15.32599776408055,20.19218383124652
2018-10-09 18:45:00.000000,-2.456983068871188,12.73323744465692,13.32705887003337,9.584926166743088,15.35503116511368,20.1959401245554
2018-10-09 19:00:00.000003,-1.999451772361247,12.77180459308867,13.37180097727296,9.657981517114083,15.38919151105523,20.2012702831491
2018-10-09 19:14:59.999997,-1.529665331241272,12.813617353324,13.42142221810832,9.73454442383475,15.42743935095235,20.20796401071432
2018-10-09 19:30:00.000000,-1.051532766188884,12.86006858686302,13.47618409443851,9.81743965014819,15.46954593730225,20.21586255793868
2018-10-09 19:45:00.000003,-0.5759680010223216,12.90949858243147,13.53472965607644,9.904008736796161,15.51516707740525,20.22483096903495
2018-10-09 19:59:59.999997,-0.08586945833602026,12.96083226327987,13.5959138503426,9.992736966100773,15.56282904086557,20.23463250786571
2018-10-09 20:15:00.000000,0.374954654004069,13.01153120578389,13.65731718099693,10.07808855724198,15.61092041582955,20.24499180413481
2018-10-09 20:30:00.000003,0.8337057891242136,13.06221002021602,13.71899134552626,10.16294552124071,15.65935539037085,20.25573854640756
2018-10-09 20:44:59.999997,1.274174531433485,13.11238463714762,13.78034918810646,10.245646088567,15.70760088738559,20.26671563358792
2018-10-09 21:00:00.000000,1.702997407502897,13.16178802047124,13.84098316167602,10.32651337169018,15.7553737836948,20.27779863027463
2018-10-09 21:15:00.000003,2.088920883030722,13.20845054583065,13.89903866133822,10.40110793234877,15.80140122978407,20.28879463401006
2018-10-09 21:29:59.999997,2.470918796742834,13.2539586847716,13.95555206216805,10.47413183546134,15.84618310559682,20.29963105776368
2018-10-09 21:45:00.000000,2.79542183221454,13.295590446567,14.00820004526238,10.538703477121,15.88821448566185,20.31012439352765
2018-10-09 22:00:00.000003,3.115217646454179,13.335506258156,14.05846914454754,10.6010974475868,15.92826704548049,20.32023152618667
2018-10-09 22:14:59.999997,3.351769204388388,13.3696223175063,14.10287067972844,10.65116375080164,15.96413313917962,20.3297215183629
2018-10-09 22:30:00.000000,3.563041693894954,13.40008797308476,14.14263130910803,10.69572126653329,15.99634233845292,20.33850104052975
2018-10-09 22:45:00.000003,3.686638707176106,13.42349358417944,14.17486510540862,10.72635567291871,16.02304434319327,20.34634036992889
2018-10-09 22:59:59.999997,3.775181657301091,13.44175872972442,14.20075287854321,10.74911062661657,16.04479220246144,20.35314905574292
2018-10-09 23:15:00.000000,3.766455530800183,13.4517205408563,14.21758029734158,10.75601926931311,16.05981977513615,20.35870817543339
2018-10-09 23:30:00.000003,3.697261405064936,13.4543977703962,14.22574286783582,10.7509546452276,16.06817066371813,20.36288708617671
2018-10-09 23:44:59.999997,3.531203297271341,13.4478414749338,14.22346555210261,10.72920010238432,16.06863739763028,20.36549336466953
2018-10-10 00:00:00.000000,3.308103492807784,13.43372031510864,14.21184330947202,10.69564772066792,16.06176707232384,20.36645647634908
2018-10-10 00:15:00.000003,3.014667817748202,13.41175360788184,14.19057768058018,10.64921209661597,16.0470923964987,20.365550975741
2018-10-10 00:29:59.999997,2.667745765450688,13.38277447218096,14.16043635263176,10.59198061429215,16.02524945004586,20.36282129078535
2018-10-10 00:45:00.000000,2.294988474118245,13.34883196791417,14.12345692285343,10.52822072372347,15.99775911025975,20.35849285526442
2018-10-10 01:00:00.000003,1.886894086012007,13.31016540410583,14.08027660051794,10.45743164829122,15.96524706091991,20.35275197257282
2018-10-10 01:14:59.999997,1.469500782889441,13.26847608736202,14.03262527819024,10.38330769748527,15.92895593469166,20.34580734969607
2018-10-10 01:30:00.000000,1.038482135560779,13.22419575973854,13.98126636197951,10.30595610473927,15.88955120352037,20.3378347685
2018-10-10 01:45:00.000003,0.6083778229971113,13.17861648637804,13.92758279510105,10.22771109493367,15.84800829558804,20.32902540382421
2018-10-10 01:59:59.999997,0.1673838972895723,13.13156541168235,13.87175249167765,10.14740515991722,15.80457758332539,20.31951778041933
2018-10-10 02:15:00.000000,-0.2685481937909421,13.08386833513385,13.81465712541144,10.06706841562235,15.7599454023655,20.30946061070761
2018-10-10 02:30:00.000003,-0.699918256197893,13.03588372242242,13.75685128693639,9.987023094416344,15.71459266729905,20.29899049974837
2018-10-10 02:44:59.999997,-1.125092868192971,12.98794202245989,13.69880624045596,9.90768721479513,15.66891510364032,20.28822930971632
2018-10-10 03:00:00.000000,-1.532919889197871,12.94158766645276,13.64183978718311,9.831963250201852,15.62373166360629,20.27732545998767
2018-10-10 03:15:00.000003,-1.925935829802562,12.89784677888406,13.58689709009234,9.761125034968767,15.57962890573819,20.26641873259975
2018-10-10 03:29:59.999997,-2.294120476686298,12.85625997672149,13.53414797922807,9.694412470495243,15.53699474002033,20.25563100485527
2018-10-10 03:45:00.000000,-2.637303990719587,12.81680463667542,13.48380408444954,9.631720873758894,15.49611923784954,20.24506869232761
2018-10-10 04:00:00.000003,-2.949329033790657,12.77990342470711,13.43638063302778,9.573916203958785,15.45743349743242,20.23484082438591
2018-10-10 04:14:59.999997,-3.231402035072163,12.745725729866,13.39217237800398,9.52105955547089,15.42121104709474,20.22504174429031
2018-10-10 04:30:00.000000,-3.471926408684213,12.71508705823791,13.35203930800378,9.474892433958242,15.38814326045398,20.21579477320133
2018-10-10 04:45:00.000003,-3.667919012825496,12.6883448196239,13.31647641848053,9.435947155749002,15.35864060520747,20.20721200625339
2018-10-10 04:59:59.999997,-3.816533143580231,12.66581504444204,13.28591926749719,9.40470909583964,15.33306089317416,20.19939677462958
2018-10-10 05:15:00.000000,-3.90217492275256,12.64846700259995,13.26138557011489,9.38331108615162,15.31216328853586,20.19248319872703
2018-10-10 05:30:00.000003,-3.919497250551747,12.63700866832568,13.24375620681449,9.372870276089735,15.29664866923144,20.18661981776493
2018-10-10 05:44:59.999997,-3.848927536174785,12.63278475371963,13.23448894619539,9.376191896760554,15.28761962396474,20.18200066228242
2018-10-10 06:00:00.000000,-3.680249491303696,12.63691416526611,13.23494826477842,9.395150190322331,15.28615982019522,20.17884524097254
2018-10-10 06:15:00.000003,-3.41339634086299,12.64996024081498,13.24599303017686,9.430277342260368,15.29300402203186,20.17735788325875
2018-10-10 06:29:59.999997,-3.065577269104196,12.67146069584556,13.2674767041402,9.479672704415005,15.30813834051603,20.17766756198114
2018-10-10 06:45:00.000000,-2.658551069015163,12.70045037316286,13.29859673216731,9.540494406395798,15.33095945523596,20.1798019837535
2018-10-10 07:00:00.000003,-2.210912940284773,12.73543694195937,13.33784547166228,9.609818860072759,15.36043085804794,20.18368672822958
2018-10-10 07:14:59.999997,-1.748546794391261,12.77455838620526,13.38323202051879,9.683763873602777,15.39506669390308,20.18914195319175
2018-10-10 07:30:00.000000,-1.272849787876341,12.81761028299122,13.43403079518474,9.762503170117613,15.43422809874991,20.19599923858351
2018-10-10 07:45:00.000003,-0.7970316628802855,12.86580988974436,13.49032635450583,9.848273582644673,15.47768371915866,20.20412108929389
2018-10-10 07:59:59.999997,-0.2989937261243525,12.91672658420552,13.55034529794677,9.937521339054815,15.52409261992874,20.21328184589524
2018-10-10 08:15:00.000000,0.1870812502770888,12.96839260520095,13.61211671008932,10.02611937207626,15.57214163989347,20.22323684410769
2018-10-10 08:30:00.000003,0.6740078723055555,13.02084762446799,13.67525349630998,10.11524979367738,15.62144273812804,20.23380640078848
2018-10-10 08:44:59.999997,1.124949156767118,13.07209148810282,13.73778537062318,10.20000323980579,15.67053803682695,20.24474675183411
2018-10-10 09:00:00.000000,1.596969038719036,13.12447211530489,13.80133895322388,10.28733765391892,15.72033772078378,20.25598903643231
2018-10-10 09:15:00.000003,2.022145760702394,13.17462519806436,13.86310776540105,10.36865678335255,15.76906714460295,20.26732443129828
2018-10-10 09:29:59.999997,2.447410205635671,13.22413495271142,13.92402089153088,10.44915079919168,15.81712172846054,20.27866551590902
2018-10-10 09:45:00.000000,2.82194246160811,13.27045764679309,13.98187804170559,10.52235278559912,15.86305209959535,20.28982182351473
2018-10-10 10:00:00.000003,3.179871710905235,13.31472531196173,14.03729150393235,10.59202616303401,15.9070532403059,20.3006962024947
2018-10-10 10:14:59.999997,3.490076520504686,13.35537968170689,14.08880089590227,10.65444147635646,15.94817737183002,20.31113920808487
2018-10-10 10:30:00.000000,3.753411576392055,13.39186748037176,14.13559896897398,10.70909338678502,15.98576712746033,20.32099683608843
2018-10-10 10:45:00.000003,3.961478186931697,13.4231450068961,14.17660318519551,10.75414630990582,16.01904520237202,20.33010178623124
2018-10-10 10:59:59.999997,4.108086408366705,13.44845537666659,14.21089216931697,10.78839327674598,16.04728631622358,20.33828540872419
2018-10-10 11:15:00.000000,4.195100522582856,13.46753705883099,14.23798793232131,10.8117784696806,16.07006118004582,20.34540407546526
2018-10-10 11:30:00.000003,4.211619102708902,13.47953823960703,14.25696643479001,10.82264046938745,16.08668155581221,20.35130353429332
2018-10-10 11:44:59.999997,4.135375310448005,13.4827410178437,14.26609213039949,10.81746421735588,16.09590076169157,20.35577548788429
2018-10-10 12:00:00.000000,4.003436233995493,13.47865666053903,14.26631164017694,10.80078699510779,16.09816732718569,20.3587313429748
2018-10-10 12:15:00.000003,3.781788740639826,13.46566638486271,14.25625529582158,10.76840023991955,16.09258999326945,20.3600316071574
2018-10-10 12:29:59.999997,3.497905405473312,13.44480767593172,14.23658259830515,10.72350418940518,16.07948540594194,20.3596189580518
2018-10-10 12:45:00.000000,3.158888045732744,13.41697315342896,14.20808316034619,10.66782419666821,16.05935351265645,20.35749880810966
2018-10-10 13:00:00.000003,2.775289405496692,13.38310894962142,14.17172019062942,10.60318643456744,16.03286446504796,20.35373407112087
2018-10-10 13:14:59.999997,2.363576833849845,13.34450383893477,14.12890091674035,10.53204787292751,16.00101155432617,20.34845232744504
2018-10-10 13:30:00.000000,1.932427897742508,13.30221025763398,14.08089311970762,10.45613163491023,15.96476387242126,20.34182116734967
2018-10-10 13:45:00.000003,1.495162377051527,13.25748035024824,14.0291338876714,10.37772329601918,15.92522395599219,20.3340437315277
2018-10-10 13:59:59.999997,1.039991032465038,13.2101695183362,13.9738564212789,10.29570749936411,15.88272531066162,20.32527797136699
2018-10-10 14:15:00.000000,0.5908664196225838,13.16193191234355,13.91667526379739,10.21352332419109,15.83837595300725,20.31572286153975
2018-10-10 14:30:00.000003,0.1329130071342603,13.1125157567896,13.85771968965424,10.12972009322314,15.7924158106101,20.30552298449273
2018-10-10 14:44:59.999997,-0.321532772742355,13.06250528126541,13.79764931165773,10.04578824327549,15.74538904232734,20.29481776849184
2018-10-10 15:00:00.000000,-0.7708240879850538,13.0122991703918,13.73701469795656,9.962258302189102,15.69776241693461,20.28373851024847
2018-10-10 15:15:00.000003,-1.21090244034556,12.96239078147556,13.67641367517112,9.879933450886979,15.65000904837903,20.27241024118824
2018-10-10 15:29:59.999997,-1.634079808062984,12.9146195855391,13.61731567087895,9.802059046162963,15.60297617194151,20.26098402250285
2018-10-10 15:45:00.000000,-2.033008744377664,12.86978249404817,13.56069465661141,9.729848723453774,15.55739735020821,20.24961594428432
2018-10-10 16:00:00.000003,-2.407521773006623,12.82720132708687,13.5065047241842,9.661794552471804,15.51351656078163,20.23842544907918
2018-10-10 16:14:59.999997,-2.756845254335624,12.78685891127606,13.45491060719668,9.59784869255547,15.47156142453398,20.22751283670698
2018-10-10 16:30:00.000000,-3.070481502620835,12.749370866988,13.4065731448645,9.539426264928228,15.43206174281513,20.21699198257355
2018-10-10 16:45:00.000003,-3.349411453051253,12.7150657826337,13.36196354857348,9.486811231202516,15.39543962665409,20.20697348379092
2018-10-10 16:59:59.999997,-3.591249321623281,12.68421527571663,13.32146038324237,9.440420869203953,15.36203342861039,20.19755710700935
2018-10-10 17:15:00.000000,-3.788895061070276,12.65722770871226,13.2855378368187,9.401146862555256,15.33221504643478,20.1888391011771
2018-10-10 17:30:00.000003,-3.933173033697027,12.63476382579493,13.25492833252616,9.370335074050207,15.3065403181384,20.18092907995229
2018-10-10 17:44:59.999997,-4.016044351744999,12.61754016622052,13.23046431374637,9.349308732250991,15.28565734071414,20.1739571334299
2018-10-10 18:00:00.000000,-4.023866659535046,12.60658517974049,13.21329065329829,9.340119438450756,15.27044414485085,20.16808433274098
2018-10-10 18:15:00.000003,-3.94778722763688,12.60282398003893,13.20452691132965,9.34434883021302,15.2617860236364,20.1634922845581
2018-10-10 18:29:59.999997,-3.778985709117172,12.60715808296917,13.20528316999911,9.363529953572643,15.26056866772477,20.16037534933448
2018-10-10 18:45:00.000000,-3.514192827921802,12.6202129580762,13.2164240187512,9.398485762186398,15.26750999081665,20.15892136300366
2018-10-10 19:00:00.000003,-3.172250454201327,12.64139068479407,13.23765056196453,9.447108701020229,15.28250630238565,20.15923933838533
2018-10-10 19:14:59.999997,-2.784624927188387,12.66925206591623,13.26770171749961,9.505326279653515,15.30460176766537,20.16131312372608
2018-10-10 19:30:00.000000,-2.347635724678233,12.7031905867606,13.30576919659596,9.572796726504526,15.33322050628658,20.16508226102274
2018-10-10 19:45:00.000003,-1.906269926398138,12.74072510389,13.34942643664571,9.643591438468075,15.36659503407233,20.17034987898318
2018-10-10 19:59:59.999997,-1.445613310164552,12.78170964238919,13.39805319652074,9.718607556301166,15.40404998113435,20.17693408627594
2018-10-10 20:15:00.000000,-0.980814615638573,12.82767374933699,13.45194917192114,9.800515073383863,15.44542744892578,20.18469840537375
2018-10-10 20:30:00.000003,-0.5089701951429276,12.87638351767819,13.50954125085221,9.8859766981442,15.49024867737278,20.19350670375209
2018-10-10 20:44:59.999997,-0.03217157028662487,12.92658889415809,13.56942883939456,9.972563286003831,15.53690203165187,20.20311618684941
2018-10-10 21:00:00.000000,0.4269276331909486,12.97668869590678,13.6299542103405,10.05723417282963,15.58426062153626,20.21329066095459
2018-10-10 21:15:00.000003,0.8680911515337868,13.02605659064083,13.69018637714692,10.13946589526587,15.63161125218465,20.22382535622265
2018-10-10 21:29:59.999997,1.307191507625071,13.07562859980695,13.75064617432349,10.22149428301922,15.67909618589237,20.23460406993898
2018-10-10 21:45:00.000000,1.72508197683405,13.12407570096736,13.81014208033903,10.30061751945618,15.72598587265573,20.24548472075982
2018-10-10 22:00:00.000003,2.108414334990444,13.17015381640782,13.86735695288427,10.3745019460826,15.77131785808695,20.25629244375241
2018-10-10 22:14:59.999997,2.480606062660765,13.21478754257286,13.92282743198099,10.44594549986627,15.81529001859418,20.26693861256925
2018-10-10 22:30:00.000000,2.802777680315863,13.25587651607358,13.97469032079219,10.50986322868294,15.85667649143542,20.27725468596068
2018-10-10 22:45:00.000003,3.112052245372638,13.29488304903087,14.02389557583924,10.57058577288488,15.89591906513915,20.28717705640715
2018-10-10 22:59:59.999997,3.350928579570244,13.3287283288609,14.06776711075462,10.62062721609725,15.93130897358429,20.29650874168712
2018-10-10 23:15:00.000000,3.55426055096459,13.3585414679842,14.10675638718681,10.66397189264414,15.96291738211072,20.30513506433373
2018-10-10 23:30:00.000003,3.683235207708777,13.38197801143871,14.13880342527695,10.69510904389676,15.9893934612826,20.31285878431433
2018-10-10 23:44:59.999997,3.780141576244802,13.40070231393219,14.16498589198869,10.71907072193971,16.01127664307797,20.31960862317352
2018-10-11 00:00:00.000000,3.778196196391194,13.41120798404823,14.18229611315532,10.72711961948786,16.02661251289804,20.3251572957878
2018-10-11 00:15:00.000003,3.72494507395204,13.52431658132548,14.25337537594642,11.79998043081847,16.11232503045042,20.33924019763745
2018-10-11 00:29:59.999997,3.579974892017263,13.54352096624335,14.27538729176517,11.83391307015933,16.14316205785537,20.35071583503868
2018-10-11 00:45:00.000000,3.380333489146474,13.54004098736858,14.27635887301064,11.81325382922101,16.15119090958044,20.35914247115408
2018-10-11 01:00:00.000003,3.110347475377393,13.52602788676928,14.26479049941222,11.77590059893593,16.14731676914192,20.36491328235228
2018-10-11 01:14:59.999997,2.786602073307868,13.50428474991294,14.24332363301268,11.72704620404842,16.13464811635042,20.36827758694285
2018-10-11 01:30:00.000000,2.43104595415448,13.47683019376761,14.21405453499181,11.67049549351136,16.11506108025417,20.36950125014107
2018-10-11 01:45:00.000003,2.040708536245738,13.44424495467789,14.17791352619978,11.60657460951816,16.08951530511399,20.36883517972555
2018-10-11 01:59:59.999997,1.638716460934609,13.40821467924238,14.1366853859743,11.53868054330652,16.05940443232164,20.3665679852958
2018-10-11 02:15:00.000000,1.221642249901675,13.36924155230343,14.09123151873815,11.46713211735064,16.02558232028321,20.36295901683832
2018-10-11 02:30:00.000003,0.8077599133005625,13.3287681580919,14.04311322280459,11.3947291472026,15.98925148035908,20.35827778527143
2018-10-11 02:44:59.999997,0.3870452978958686,13.28693466768002,13.99286488460647,11.32039088297057,15.95091471119562,20.35273765892602
2018-10-11 03:00:00.000000,-0.02785822050019197,13.24452769434528,13.94137361217583,11.24617409283181,15.91131471317761,20.34653830253608
2018-10-11 03:15:00.000003,-0.4373145017933632,13.20188372510858,13.88919151367614,11.17239103664546,15.87096363199857,20.33985193067781
2018-10-11 03:29:59.999997,-0.8392738565670911,13.15934809284391,13.8368221868924,11.09948771919419,15.83029967900379,20.33282667974657
2018-10-11 03:45:00.000000,-1.223092652644263,13.11777280956311,13.78517450348961,11.02915388304097,15.79000475973903,20.32561732269037
2018-10-11 04:00:00.000003,-1.588733646919776,13.07844952471503,13.73535433915531,10.96331538682229,15.75075166635409,20.31837826536541
2018-10-11 04:14:59.999997,-1.926943890151783,13.04224206614988,13.68832454240292,10.90347888908079,15.7132519592902,20.31126637305416
2018-10-11 04:30:00.000000,-2.234420092964084,13.00876539864978,13.64426544299796,10.8487504712096,15.67787614450883,20.30441390587328
2018-10-11 04:45:00.000003,-2.514463275095555,12.97785330467595,13.60322534801088,10.79863528082453,15.64478774612853,20.29792243313497
2018-10-11 04:59:59.999997,-2.758634839361954,12.94998913860392,13.56574521641689,10.7542099094974,15.6144141575144,20.2918977824056
2018-10-11 05:15:00.000000,-2.961836288339304,12.92564863816281,13.53238817106362,10.71635765435228,15.58722149285003,20.28644957451365
2018-10-11 05:30:00.000003,-3.124485122710694,12.90503843590596,13.50348880428496,10.68522882530818,15.56351298004511,20.28167420217286
2018-10-11 05:44:59.999997,-3.235521336989112,12.8888754196159,13.47981220894937,10.66234596273452,15.54386525488344,20.27768506578463
2018-10-11 06:00:00.000000,-3.286386434647862,12.87790362440001,13.46221395498206,10.64911255744404,15.52895139491123,20.27461434630155
2018-10-11 06:15:00.000003,-3.264673016646383,12.87307262946933,13.45176771720301,10.64742430779132,15.51961749839047,20.27262088637803
2018-10-11 06:29:59.999997,-3.159316338804656,12.8753957469301,13.44966394339929,10.65912458039799,15.51680292048138,20.27189161781262
2018-10-11 06:45:00.000000,-2.959263612659702,12.88605948334998,13.45729715773642,10.68616571651976,15.52154947942301,20.27263651878387
2018-10-11 07:00:00.000003,-2.669251995226304,12.90528252895985,13.47519653207569,10.72837128382135,15.53438410009215,20.2750356983087
2018-10-11 07:14:59.999997,-2.31531708403514,12.9319942470616,13.50259302521609,10.78257306981306,15.55484486523763,20.27916152136423
2018-10-11 07:30:00.000000,-1.9013402865217,12.96567924406885,13.53895281235765,10.84781171571606,15.58253336378691,20.28502633742906
2018-10-11 07:45:00.000003,-1.45936263978296,13.00464743751634,13.5826580201084,10.91985649010352,15.61622710212298,20.29252866446766
2018-10-11 07:59:59.999997,-1.001924067238162,13.04984855414452,13.63344574361463,11.00043368688006,15.65520723459411,20.30153387285863
2018-10-11 08:15:00.000000,-0.5214881173476809,13.09924206645977,13.68971640501531,11.08661565903133,15.69861902983719,20.31187484911165
2018-10-11 08:30:00.000003,-0.02585692056417549,13.15173103046438,13.75028458348978,11.17670003156966,15.74563267397857,20.32337449343021
2018-10-11 08:44:59.999997,0.4680428196798653,13.20587851616817,13.81362450871306,11.26790651532203,15.79513235914017,20.33582489554791
2018-10-11 09:00:00.000000,0.9484573633995336,13.26042200755261,13.87824547899084,11.35806951138424,15.84595959657798,20.34899388743843
2018-10-11 09:15:00.000003,1.43770871060475,13.31647444546519,13.94471232812032,11.45005085557507,15.89819985697539,20.36274360472501
2018-10-11 09:29:59.999997,1.907673822765066,13.37205507977106,14.01129081152776,11.53951891706283,15.95078105303425,20.37688969441428
2018-10-11 09:45:00.000000,2.361453613322947,13.42680530275656,14.07732358676797,11.62656846721667,16.00310831975154,20.39126612150507
2018-10-11 10:00:00.000003,2.792421583009034,13.48011717429032,14.14206322676735,11.71016295366106,16.05457450409495,20.4057159175138
2018-10-11 10:14:59.999997,3.201227961922119,13.53180317718468,14.20514843138755,11.79008138253472,16.10477131729203,20.42010426420578
2018-10-11 10:30:00.000000,3.598364992656268,13.58243927095021,14.26681698028444,11.86819702729301,16.15381803436981,20.43435618257341
2018-10-11 10:45:00.000003,3.93405200658839,13.62897779003667,14.32439878872003,11.93742246022764,16.19999807122367,20.4482663714732
2018-10-11 10:59:59.999997,4.258040905304691,13.67308620084465,14.37894799141072,12.00304078581532,16.24382452976768,20.4617558062077
2018-10-11 11:15:00.000000,4.507161404104695,13.71156683690956,14.42770456610363,12.05710768073186,16.28350195151573,20.4746103841164
2018-10-11 11:30:00.000003,4.737907781836964,13.74664394027945,14.47210184334609,12.10636379643564,16.31974348496093,20.48676345404726
2018-10-11 11:44:59.999997,4.887394199603713,13.7752477014146,14.50953579093783,12.14299706464266,16.35087555657094,20.49801801966709
2018-10-11 12:00:00.000000,4.989989954552136,13.79827642660487,14.54033678977819,12.17050624470545,16.37692128501328,20.50825607604014
2018-10-11 12:15:00.000003,5.019672824599306,13.81439423547599,14.5632632744706,12.1856699267363,16.39702714753562,20.51732410813314
2018-10-11 12:29:59.999997,4.987371614198073,13.8236983353763,14.57813578760176,12.18943169779437,16.41095625271976,20.52510495272919
2018-10-11 12:45:00.000000,4.877927739612049,13.82523352780271,14.58399561466494,12.17973000112538,16.41802343446374,20.5314619613255
2018-10-11 13:00:00.000003,4.692668558433517,13.81867142422615,14.58033911630302,12.15634189898438,16.41779750290494,20.5362709346361
2018-10-11 13:14:59.999997,4.444622849509795,13.80458454598322,14.56751664045681,12.12093479589838,16.41043174723362,20.53946714725763
2018-10-11 13:30:00.000000,4.124539520776132,13.78256621752794,14.54518012192167,12.07243684293699,16.39569194766635,20.54098709439948
2018-10-11 13:45:00.000003,3.769426366852986,13.75452996374562,14.51500767777193,12.01539623748079,16.37464064808245,20.54088739244898
2018-10-11 13:59:59.999997,3.378386884130733,13.72118393848989,14.47790622549896,11.95061182832041,16.3479792873515,20.53926408771964
2018-10-11 14:15:00.000000,2.963903518662443,13.68392926696463,14.43524737939507,11.88079601465782,16.31666070285447,20.53626305391627
2018-10-11 14:30:00.000003,2.5350556118602,13.64368640479844,14.38821678275516,11.80737712603658,16.28159649817339,20.53205646973827
2018-10-11 14:44:59.999997,2.105676627575796,13.60169117434229,14.33826764780845,11.73250946771332,16.24386529331719,20.52684985751352
2018-10-11 15:00:00.000000,1.664064232983213,13.55781699665745,14.28566734366072,11.65501550885916,16.20379007155271,20.52080237519063
2018-10-11 15:15:00.000003,1.226753106054984,13.5130684839548,14.23146276011076,11.5772323386363,16.1621948065667,20.51408849235568
2018-10-11 15:29:59.999997,0.7930924497216062,13.4678444519367,14.17629485596672,11.49918636250163,16.11962535999621,20.50686622300254
2018-10-11 15:45:00.000000,0.3665713328583637,13.42283151157566,14.12093648793012,11.42203772049042,16.07668554008051,20.49929234347828
2018-10-11 16:00:00.000003,-0.04048389171813502,13.37881464260172,14.0662825112827,11.34756851093034,16.03406450295715,20.49151994144943
2018-10-11 16:14:59.999997,-0.4339881965722011,13.33579757034972,14.01257771315918,11.27529416124246,15.99202927349835,20.48366709449994
2018-10-11 16:30:00.000000,-0.8005064769231015,13.29465817389869,13.96073482315758,11.20711313464699,15.95126886716868,20.47587465078088
2018-10-11 16:45:00.000003,-1.146160452650645,13.25544458816694,13.91101518604843,11.14258144129624,15.91206039468231,20.46825647830045
2018-10-11 16:59:59.999997,-1.462713547943197,13.21910857188132,13.86426783943808,11.08352248527113,15.87496101800027,20.46093376309193
2018-10-11 17:15:00.000000,-1.751222357746103,13.18657681313006,13.821285273,11.03123314666087,15.84044820016741,20.45402117648679
2018-10-11 17:30:00.000003,-2.011981786516736,13.15708242785378,13.78181058228649,10.98412145892061,15.80856683863507,20.44759360539248
2018-10-11 17:44:59.999997,-2.225779013258233,13.13140410664781,13.74669846199489,10.94427007048979,15.77998796646097,20.441762357213
2018-10-11 18:00:00.000000,-2.394823422072297,13.10977433205162,13.71636580911017,10.91178471570389,15.7551121277782,20.43663512695091
2018-10-11 18:15:00.000003,-2.51173382942778,13.09273472902523,13.69145074528691,10.88772413872501,15.73445154822849,20.43232736606065
2018-10-11 18:29:59.999997,-2.56362181796603,13.08122119979497,13.67297857976225,10.87399093104966,15.71878967180255,20.42898346177124
2018-10-11 18:45:00.000000,-2.546193333315636,13.07587043156641,13.6617659207735,10.87154475635716,15.70879513978569,20.42675378928578
2018-10-11 19:00:00.000003,-2.453615844474318,13.07732089636634,13.65862281359067,10.88141714518633,15.70512167503788,20.42579415524355
2018-10-11 19:14:59.999997,-2.269735127367288,13.0867644438221,13.66486803232557,10.90597363306101,15.70875582387862,20.42628952695625
2018-10-11 19:30:00.000000,-2.004337218904289,13.10422414218755,13.68082062491426,10.94448560696562,15.72005331919108,20.42839086409231
2018-10-11 19:45:00.000003,-1.667636736098909,13.12939573014616,13.70637680854813,10.99571072645921,15.73896257275918,20.43218798591538
2018-10-11 19:59:59.999997,-1.283682436598178,13.16139116099659,13.74061634065442,11.0571543810309,15.76479160962239,20.43767628687601
2018-10-11 20:15:00.000000,-0.8720578991596135,13.20061111997819,13.7831111267743,11.1290019354487,15.79683151736473,20.44478114417359
2018-10-11 20:30:00.000003,-0.4406908105215746,13.24377936818297,13.83132190460136,11.2055525881918,15.83367880427252,20.45332872921051
2018-10-11 20:44:59.999997,0.0116259368046019,13.29045389939184,13.88439764714221,11.28679167611849,15.87460790171507,20.46314837535841
2018-10-11 21:00:00.000000,0.4606332294917889,13.3389461975757,13.9405707378183,11.36914622466618,15.91831380046526,20.47401732472429
2018-10-11 21:15:00.000003,0.9048596277429829,13.38844511444989,13.99870790830145,11.45169879320858,15.96386483320721,20.48571454354839
2018-10-11 21:29:59.999997,1.359156996775165,13.43977043402287,14.05915519288922,11.53650427863358,16.01123373406452,20.49809795176634
2018-10-11 21:45:00.000000,1.800315156909026,13.49126246411128,14.12038363077837,11.62020424603536,16.05944438311747,20.51098821577921
2018-10-11 22:00:00.000003,2.223121353205743,13.54196172721105,14.18127751010052,11.70115099551176,16.10763856323337,20.52419783885928
2018-10-11 22:14:59.999997,2.636140220505857,13.59210112514739,14.24177289221054,11.78044856729475,16.15560503524545,20.53759336280777
2018-10-11 22:30:00.000000,3.026795866858818,13.64091479772422,14.30106228937204,11.85646637922716,16.20272924438204,20.55103529786055
2018-10-11 22:45:00.000003,3.41415497376051,13.68911674466554,14.3595688703057,11.93143468205155,16.24920950126591,20.56445406628783
2018-10-11 22:59:59.999997,3.745307945636088,13.73413869757538,14.41490009392348,11.99907904939482,16.29344701996907,20.57765910735809
2018-10-11 23:15:00.000000,4.068699459428021,13.77734770613545,14.46792232830393,12.06418440114476,16.33588740135322,20.59057323225281
2018-10-11 23:30:00.000003,4.337204889271898,13.81639756924057,14.51663259916062,12.12081207088099,16.3752419058591,20.6030290316567
2018-10-11 23:44:59.999997,4.568095328188036,13.85138735163705,14.56077833423133,12.170173248415,16.41118183522874,20.61489434754566
2018-10-12 00:00:00.000000,4.74029002849208,13.88113797340991,14.59913331049159,12.20980410779088,16.44282306401718,20.6260063921952
2018-10-12 00:15:00.000003,4.856356312168645,13.84411821032102,14.59756882087041,11.62835480179295,16.42933486249196,20.63171399010922
2018-10-12 00:29:59.999997,4.91636230063916,13.85018803853858,14.61225512695317,11.62037740790671,16.43869765760686,20.63796834678901
2018-10-12 00:45:00.000000,4.913410714113509,13.85859240445921,14.62643430490248,11.62549751257972,16.45111415447017,20.64412664645108
2018-10-12 01:00:00.000003,4.842550341291367,13.86144806100747,14.63405469714098,11.62047331149854,16.45925364922845,20.64933583750368
2018-10-12 01:14:59.999997,4.701503173679512,13.85711493100057,14.63330493502357,11.60294259499134,16.46108130236181,20.65317036280311
2018-10-12 01:30:00.000000,4.49282150015602,13.84528517370449,14.62366759760863,11.57283846248153,16.4560229601903,20.65544152442832
2018-10-12 01:45:00.000003,4.227875240333875,13.82649849908147,14.60550253949579,11.53167344581956,16.44424071575018,20.65609377947839
2018-10-12 01:59:59.999997,3.903960211591133,13.8007538156487,14.57885753037894,11.47923139364516,16.42576590726269,20.65511263119221
2018-10-12 02:15:00.000000,3.566285729678026,13.77077003971166,14.54615225622384,11.42189787664185,16.40219825681307,20.65264140688716
2018-10-12 02:30:00.000003,3.182999200387398,13.73578029871526,14.50711171309427,11.35651403353621,16.37351467006552,20.64876762321881
2018-10-12 02:44:59.999997,2.783261129684066,13.69741981720114,14.4632232300929,11.28699597439003,16.34072070557976,20.64363819991123
2018-10-12 03:00:00.000000,2.370295511242678,13.65640875015175,14.41550301382576,11.21417018683593,16.30461264518246,20.63741826642414
2018-10-12 03:15:00.000003,1.948054494465999,13.61333321266005,14.36475969335119,11.1388609949113,16.2658527830754,20.63027101232737
2018-10-12 03:29:59.999997,1.524529500429152,13.56896447093894,14.31192003841488,11.06243200135101,16.22517811006855,20.62236566206001
2018-10-12 03:45:00.000000,1.105032306068315,13.52394987712179,14.25779969599022,10.9859458539387,16.18326579267074,20.61386957745869
2018-10-12 04:00:00.000003,0.6948144691512415,13.47904305178221,14.2032906688196,10.91050916912029,16.14079037360727,20.60494755366457
2018-10-12 04:14:59.999997,0.3028971003519296,13.43515542944886,14.14942991144832,10.83769439846621,16.0985305947639,20.59577233276283
2018-10-12 04:30:00.000000,-0.06956345935054643,13.39259496804905,14.0967630275575,10.7678934317286,16.05700861246487,20.58649883253736
2018-10-12 04:45:00.000003,-0.4187609213040857,13.35179192485596,14.04587561666739,10.70178113520457,16.01671973794127,20.5772696968738
2018-10-12 04:59:59.999997,-0.7310710946292065,13.31378467217765,13.99787116423155,10.64145992772933,15.97848892126292,20.56824988394483
2018-10-12 05:15:00.000000,-1.013088250754999,13.2786503263383,13.95308346683544,10.58645648423907,15.94265644430972,20.55957319672161
2018-10-12 05:30:00.000003,-1.256696739762443,13.24698939578085,13.91218063470027,10.53795578558124,15.90973302390827,20.55137021073723
2018-10-12 05:44:59.999997,-1.453211659542981,13.21984440575337,13.87618472221174,10.49786299851674,15.8804324496892,20.54378663674788
2018-10-12 06:00:00.000000,-1.61771938628674,13.19696351812345,13.84502198681477,10.46484669814674,15.85475756090551,20.53690980522468
2018-10-12 06:15:00.000003,-1.736046619946991,13.17844767397684,13.81899047134375,10.43960128194439,15.83304260700711,20.53082967839476
2018-10-12 06:29:59.999997,-1.811607069435926,13.16419663046424,13.79816080362326,10.42169931376662,15.81541856470426,20.5256104879902
2018-10-12 06:45:00.000000,-1.83358100552139,13.15480522913661,13.78315182896892,10.41251770215119,15.80235101703607,20.52134254733774
2018-10-12 07:00:00.000003,-1.79263797540879,13.15103242016429,13.77480296915265,10.41352776159627,15.79447602683149,20.51813926330458
2018-10-12 07:14:59.999997,-1.675200612929619,13.15392832381137,13.77426968266488,10.42680461352787,15.7926676388891,20.51615082843548
2018-10-12 07:30:00.000000,-1.48267940116523,13.16390131422169,13.78219123613092,10.4526327978598,15.79747295971767,20.5155207827105
2018-10-12 07:45:00.000003,-1.204433519489577,13.1830307226428,13.8002752173968,10.49472933520167,15.80990749104473,20.51642974193719
2018-10-12 07:59:59.999997,-0.8726569383301966,13.20960213715387,13.82738747920527,10.54843765768183,15.82939556530174,20.51893355581539
2018-10-12 08:15:00.000000,-0.4824523934341218,13.24312098007706,13.86307652500586,10.61328388170804,15.85567099269248,20.52304677589416
2018-10-12 08:30:00.000003,-0.06195722269373479,13.28185212217353,13.90573831637523,10.68532457163072,15.88765835256878,20.52868385240927
2018-10-12 08:44:59.999997,0.371299622469072,13.32414005592165,13.95361887549581,10.7613798287342,15.92406635257727,20.53567782892845
2018-10-12 09:00:00.000000,0.8350598511251339,13.37030732032402,14.00657960646044,10.84327389225173,15.96464016319497,20.54390266037647
2018-10-12 09:15:00.000003,1.295256181043023,13.41874863278785,14.06302501024359,10.92669017952848,16.00814495594891,20.55316492767857
2018-10-12 09:29:59.999997,1.780797479049065,13.4700738164789,14.12311324805637,11.01462430680676,16.054596980976,20.56334567761074
2018-10-12 09:45:00.000000,2.233321521977484,13.52102266810713,14.18390109069117,11.0992602729585,16.10201092164456,20.57419043621825
2018-10-12 10:00:00.000003,2.685880152196,13.57236239461946,14.24552166896445,11.18385812149543,16.15020394781696,20.5855284792155
2018-10-12 10:14:59.999997,3.119291438010682,13.62312235214791,14.30697425933245,11.26612307707921,16.19842217039475,20.59718339814256
2018-10-12 10:30:00.000000,3.544503625994722,13.67356545620669,14.36815538945017,11.34737804338993,16.2464871158853,20.6090273239156
2018-10-12 10:45:00.000003,3.943869554353744,13.72263740623587,14.42799551161684,11.42529936212395,16.29364526207418,20.62090965644479
2018-10-12 10:59:59.999997,4.320999745837971,13.76984067284322,14.48588692719583,11.49942586003635,16.33941362669438,20.63269363377955
2018-10-12 11:15:00.000000,4.666646440770401,13.81442709513429,14.54101293305279,11.56836501562784,16.38319066900683,20.64424078906346
2018-10-12 11:30:00.000003,4.989640415469342,13.85658583880815,14.59333361855778,11.63301073530193,16.42484234948954,20.65545266494882
2018-10-12 11:44:59.999997,5.280573313873431,13.89575601357857,14.64227907326499,11.69217519546317,16.46397365928819,20.66623147170066
2018-10-12 12:00:00.000000,5.516360865120752,13.93031352447995,14.68628174007526,11.74238152400428,16.4994969973601,20.67641740472393
2018-10-12 12:15:00.000003,5.71323390859843,13.96041318816454,14.72519123450534,11.78527107432638,16.53128747454516,20.68590951593354
2018-10-12 12:29:59.999997,5.839042752019012,13.98465368725197,14.75756329225929,11.8164381112226,16.55804698301167,20.69451439970507
2018-10-12 12:45:00.000000,5.898898218915554,14.0021440676198,14.7823841180159,11.83576146092772,16.5791595500592,20.70205428600081
2018-10-12 13:00:00.000003,5.884148300611069,14.01218930543085,14.79873145025293,11.84194925939456,16.59389922697812,20.70835645104511
2018-10-12 13:14:59.999997,5.802842722680356,14.01486387243313,14.80639814182209,11.83573812497286,16.60200536967336,20.71328828358406
2018-10-12 13:30:00.000000,5.623114570473561,14.00819112573905,14.80352451177476,11.81264255593677,16.60218811422945,20.71664750058103
2018-10-12 13:45:00.000003,5.378145806306267,13.99338670464097,14.79081193699927,11.77650934127861,16.59472308390382,20.71833537609547
2018-10-12 13:59:59.999997,5.078068139309815,13.97136952938669,14.76907930293108,11.72926379466796,16.58014068178879,20.71833494076798
2018-10-12 14:15:00.000000,4.716705185709862,13.94206607007736,14.73839161243154,11.67036086569004,16.55852853994242,20.7166406061116
2018-10-12 14:30:00.000003,4.327132114173242,13.90745968580512,14.70055154675555,11.60440526266321,16.53107839141321,20.71335724306306
2018-10-12 14:44:59.999997,3.921237028916427,13.86899690933853,14.65718223220085,11.53383404052913,16.49898419027409,20.70865478873094
2018-10-12 15:00:00.000000,3.481332274607473,13.82624771797331,14.60829552682814,11.45671002773567,16.46240795204579,20.70265539209133
2018-10-12 15:15:00.000003,3.036779432227994,13.78120956595433,14.55571159053187,11.37749292078456,16.42256452408858,20.69554500926706
2018-10-12 15:29:59.999997,2.577754462714879,13.73398974024428,14.49993608514905,11.29544990850792,16.3799510344176,20.68748463907966
2018-10-12 15:45:00.000000,2.11354216638735,13.68521673827499,14.44179028545609,11.2116892695255,16.33519836507612,20.67863210674852
2018-10-12 16:00:00.000003,1.654366643451827,13.63580931509062,14.3823302672717,11.12791161543512,16.28912045417426,20.66916078957618
2018-10-12 16:14:59.999997,1.198606236640773,13.58603171451316,14.32204497228106,11.04426067640188,16.2421954626495,20.65922123939837
2018-10-12 16:30:00.000000,0.7441197990522624,13.53604134679416,14.26124358348056,10.9606477779425,16.19470044175473,20.64893293490943
2018-10-12 16:45:00.000003,0.3242007877329803,13.48800137274615,14.20194768995892,10.88182755173503,16.14800248912599,20.6384937303745
2018-10-12 16:59:59.999997,-0.08414562239103708,13.44120016809063,14.14394251759337,10.80531478093734,16.10217876824665,20.62803185668364
2018-10-12 17:15:00.000000,-0.46136120328204,13.39662089193364,14.08819261048279,10.73353707566087,16.05793838058898,20.61769373272776
2018-10-12 17:30:00.000003,-0.8180425426242258,13.35409267009611,14.03478072613771,10.6654856294166,16.01544456736047,20.6075864353976
2018-10-12 17:44:59.999997,-1.149379101233221,13.3139154946774,13.98405670010826,10.60177310331823,15.97497618887639,20.5978034228124
2018-10-12 18:00:00.000000,-1.458821118292385,13.27642026423212,13.9363121425344,10.54269299556405,15.93670842781545,20.58841883760811
2018-10-12 18:15:00.000003,-1.727780328976528,13.24334103255888,13.89296727222197,10.49185011319337,15.90150532083505,20.57955213328578
2018-10-12 18:29:59.999997,-1.968384721658583,13.21359868472407,13.85354615241368,10.44654000172972,15.86928967801531,20.57127069220383
2018-10-12 18:45:00.000000,-2.175171997184624,13.18715872479651,13.81813588702708,10.40692648382402,15.84018638856178,20.56363118750662
2018-10-12 19:00:00.000003,-2.329239020427423,13.16501599467141,13.78770700741622,10.37546509864207,15.81492351089492,20.55673769016913
2018-10-12 19:14:59.999997,-2.445355237081303,13.1468393447201,13.76216500428215,10.35072378861637,15.79352603459481,20.55065838642857
2018-10-12 19:30:00.000000,-2.481182373575652,13.13472872272701,13.74347045766296,10.33796910477539,15.77738180823646,20.54556433530184
2018-10-12 19:45:00.000003,-2.468440389279391,13.1279171795766,13.73130071890096,10.33408684738813,15.76641231128723,20.54155186515119
2018-10-12 19:59:59.999997,-2.376340180675327,13.12780313834208,13.72698887162919,10.34265831763773,15.76156481462236,20.53877251832188
2018-10-12 20:15:00.000000,-2.17840664172765,13.13633653094306,13.7325885682087,10.36771800799902,15.76436969127858,20.53745654823629
2018-10-12 20:30:00.000003,-1.908196992394567,13.15265063971582,13.74775729997921,10.40582319141575,15.7747655805713,20.53774441841361
2018-10-12 20:44:59.999997,-1.572535600911863,13.17632982745155,13.77220925649319,10.45578489763569,15.79253042522709,20.53970630376603
2018-10-12 21:00:00.000000,-1.209481766332799,13.20640648062145,13.80463713429624,10.51457363896729,15.81656750209679,20.54328827174367
2018-10-12 21:15:00.000003,-0.8232472992863396,13.24186106606505,13.8438007378204,10.58063909150278,15.8459174613053,20.54836267103789
2018-10-12 21:29:59.999997,-0.4193072330498334,13.28093372184631,13.88805317179675,10.6511926264194,15.87952188919381,20.55475235420752
2018-10-12 21:45:00.000000,-0.01375804852262667,13.32217120079815,13.93578279559046,10.72357154342193,15.91618715179177,20.56224202806549
2018-10-12 22:00:00.000003,0.3908749146578269,13.36478762255862,13.98589481115851,10.79684995848876,15.95501821409552,20.57061932862677
2018-10-12 22:14:59.999997,0.7932940221215249,13.40828159796467,14.03762060526695,10.87048719193513,15.99535595397241,20.57969167564615
2018-10-12 22:30:00.000000,1.198910998588811,13.4529419064248,14.09093562879849,10.94526865103835,16.03699553347514,20.58931997084667
2018-10-12 22:45:00.000003,1.582373724474606,13.49703728705063,14.14420506813154,11.01749289456439,16.07882963584111,20.59931523694967
2018-10-12 22:59:59.999997,1.956287043404778,13.54057363691848,14.19710655671003,11.08820961226396,16.1205251834772,20.60953187866444
2018-10-12 23:15:00.000000,2.321596227244307,13.5835633204559,14.24951164250671,11.15758375829271,16.16191010465487,20.61986335392788
2018-10-12 23:30:00.000003,2.67176327194366,13.62555719110908,14.30094148738942,11.22468541755559,16.20262344574435,20.63021010611528
2018-10-12 23:44:59.999997,2.999714730221551,13.66599440915007,14.3507891353096,11.28836429699534,16.2421781232835,20.64046631902753
2018-10-13 00:00:00.000000,3.303618482161444,13.70442656006728,14.39848433659082,11.34808056575214,16.28015307329544,20.65052774063931
2018-10-13 00:15:00.000003,3.575697637844029,13.70766992452518,14.42498127046205,11.07788497487954,16.293992822404,20.65785247122459
2018-10-13 00:29:59.999997,3.803887887267056,13.7330529544128,14.45968955651475,11.11014237779238,16.31937411384627,20.66535283637692
2018-10-13 00:45:00.000000,3.979713733455161,13.75851029499781,14.49310958230015,11.14678536956356,16.34580800696699,20.67276522269085
2018-10-13 01:00:00.000003,4.110228517296739,13.7801282774849,14.52210394713217,11.17638760087383,16.36942328864284,20.67967461563217
2018-10-13 01:14:59.999997,4.178364564895266,13.79610065494314,14.54483455131047,11.19550391695987,16.38851831461643,20.68578825399496
2018-10-13 01:30:00.000000,4.185897898807262,13.80590830647325,14.56052391712988,11.2037489749029,16.40234400030484,20.69090410806096
2018-10-13 01:45:00.000003,4.134055156507105,13.80935628732651,14.56879001495515,11.20109715510498,16.4105155679738,20.6948766105841
2018-10-13 01:59:59.999997,4.022677084174814,13.80628068378402,14.56935092844877,11.18743193846613,16.41276686602506,20.6975956934927
2018-10-13 02:15:00.000000,3.838551065513823,13.79576948339611,14.56130474971506,11.1608091506796,16.40844908578972,20.69893626453793
2018-10-13 02:30:00.000003,3.59810965899943,13.77842915532906,14.54499072886906,11.12316393456375,16.39769013842906,20.69883264077458
2018-10-13 02:44:59.999997,3.307519275923338,13.75500774443976,14.52107295806995,11.07634691791928,16.38112040245853,20.69730061714189
2018-10-13 03:00:00.000000,2.982881262447521,13.72701142710741,14.49094897347847,11.02373543541045,16.35990390119186,20.69444921572839
2018-10-13 03:15:00.000003,2.627761559786149,13.69422109565734,14.45465243629369,10.96288269838603,16.33314486415269,20.69024959722895
2018-10-13 03:29:59.999997,2.266778163659524,13.65858299345371,14.41408736472521,10.89882610755186,16.30245753391198,20.68485810251492
2018-10-13 03:45:00.000000,1.882722073034307,13.6199198183311,14.36950397039852,10.83023897218797,16.26833512209481,20.67841790577474
2018-10-13 04:00:00.000003,1.500665511636743,13.57973432222474,14.32238821669571,10.76057161982128,16.2319016289081,20.67111446360466
2018-10-13 04:14:59.999997,1.109665773167845,13.53805407536979,14.27309693511203,10.68918905098528,16.19364776497678,20.6631065721911
2018-10-13 04:30:00.000000,0.7217913285720865,13.49582738145599,14.22262928129088,10.61798166877681,16.1543541058166,20.65456042541859
2018-10-13 04:45:00.000003,0.3475959185329567,13.45405186401823,14.17209097911589,10.54853321533366,16.11475536505563,20.64564119210144
2018-10-13 04:59:59.999997,-0.02035717452488216,13.41256028295921,14.12161596171774,10.48003668962674,16.07506583690635,20.636472107094
2018-10-13 05:15:00.000000,-0.3628866075369111,13.37249142592373,14.07234258222096,10.41509285159573,16.0361092211504,20.62720729624281
2018-10-13 05:30:00.000003,-0.684884932042203,13.33406019790619,14.02473205686181,10.3535299623124,15.99830980554256,20.61798234832442
2018-10-13 05:44:59.999997,-0.9760388190747169,13.29802799146589,13.97962385699576,10.29686824790103,15.96230659468243,20.60894098513197
2018-10-13 06:00:00.000000,-1.243288049513386,13.26436265011475,13.93719855133721,10.24450273415597,15.92831115023627,20.60019230948419
2018-10-13 06:15:00.000003,-1.473383764761621,13.23425286715392,13.89850501327114,10.19887707269057,15.89700640014324,20.5918663790097
2018-10-13 06:29:59.999997,-1.673753662829462,13.20791155577385,13.86385451940448,10.15977417862669,15.8686380695201,20.5840614139602
2018-10-13 06:45:00.000000,-1.841684836353865,13.18489973639897,13.83313717263937,10.12641916483714,15.84329363827667,20.57684960754104
2018-10-13 07:00:00.000003,-1.964358100881916,13.16578965389025,13.80698993637401,10.10025954117841,15.82147424136217,20.5703237198721
2018-10-13 07:14:59.999997,-2.048790701135597,13.15050599272822,13.78550710924029,10.08068778035946,15.80331528247778,20.56455562682032
2018-10-13 07:30:00.000000,-2.080822067948126,13.13978376348479,13.76942404899492,10.06947692032056,15.78936781490144,20.55964186054628
2018-10-13 07:45:00.000003,-2.063358071215402,13.13379614586482,13.75906014298637,10.06659397514161,15.77992352325995,20.55566986296256
2018-10-13 07:59:59.999997,-1.982804081631945,13.13336570559952,13.75527600965029,10.07385370126865,15.77562615347308,20.5527542286709
2018-10-13 08:15:00.000000,-1.834514464405771,13.13911888914432,13.75884122969824,10.09223248277705,15.7770750743584,20.55101747992639
2018-10-13 08:30:00.000003,-1.619793858410916,13.15135864556371,13.77024322489494,10.12186687165633,15.7846599553871,20.55057693421574
2018-10-13 08:44:59.999997,-1.334179988172043,13.17059989346802,13.79003690044617,10.16368475491446,15.79881379772383,20.551543521756
2018-10-13 09:00:00.000000,-1.008832288080822,13.19737967256227,13.8182566692829,10.21716397465176,15.81925432527191,20.55395624387019
2018-10-13 09:15:00.000003,-0.6380527453271063,13.22969398432626,13.85356628836296,10.27912450998155,15.84538838900888,20.55778342508311
2018-10-13 09:29:59.999997,-0.2335716300836041,13.2667975740147,13.89512039979882,10.34813854334238,15.87659658772766,20.56295397624577
2018-10-13 09:45:00.000000,0.1782318140382354,13.30685805569463,13.94109712810722,10.42026177336266,15.91158888485271,20.56930942443575
2018-10-13 10:00:00.000003,0.6012659062233197,13.3493684497608,13.9906593506615,10.49527427459466,15.9496444419922,20.57668811439844
2018-10-13 10:14:59.999997,1.024198482820836,13.39347038374667,14.04276504041692,10.57149085779093,15.98992193113639,20.58491205419209
2018-10-13 10:30:00.000000,1.43602178066783,13.43827208954547,14.09631093391018,10.64714750508466,16.03150621294145,20.59378715409014
2018-10-13 10:45:00.000003,1.844010214745337,13.48341034326522,14.1506714006909,10.72255707054949,16.0739116701128,20.60314714193302
2018-10-13 10:59:59.999997,2.241352617903753,13.52831110390426,14.20514209702871,10.79670815913914,16.1165853667773,20.61283764029482
2018-10-13 11:15:00.000000,2.613930759700484,13.57195077093527,14.25864793490601,10.86741291131667,16.15868882687691,20.62268833783245
2018-10-13 11:30:00.000003,2.986110036332303,13.61529914043656,14.31177228163276,10.93764461156099,16.20047943114928,20.63261669160257
2018-10-13 11:44:59.999997,3.335326732687622,13.65723614810079,14.36353209274755,11.0046056367222,16.24132583310428,20.64251180344873
2018-10-13 12:00:00.000000,3.648924608682722,13.69686363578146,14.41284243010428,11.06660068786253,16.28039464819668,20.65222873656476
2018-10-13 12:15:00.000003,3.953086316925743,13.7349679232766,14.46021546655585,11.12629902288126,16.3179513269168,20.66170137786279
2018-10-13 12:29:59.999997,4.19843749274148,13.76883637442261,14.50330994301818,11.1770996427442,16.35246926528699,20.67074940970525
2018-10-13 12:45:00.000000,4.42691206047659,13.79998107983617,14.54302121568697,11.22380945639287,16.38435709857393,20.67929985344987
2018-10-13 13:00:00.000003,4.603290474381417,13.82672090940084,14.57791226425016,11.26208876003464,16.41268297980271,20.68721977072348
2018-10-13 13:14:59.999997,4.72901438897651,13.84850235428612,14.60722169780449,11.29143284726802,16.4368282903038,20.69437103842467
2018-10-13 13:30:00.000000,4.807703057395324,13.86526637859241,14.63069418579916,11.31212940200032,16.45652505466963,20.7006434187276
2018-10-13 13:45:00.000003,4.828065001771106,13.87622836934949,14.64751743728338,11.32254792935086,16.47118112369037,20.70591333570276
2018-10-13 13:59:59.999997,4.789756734978821,13.88102839323678,14.65718530573464,11.32231757838656,16.48037845911471,20.71006542857583
2018-10-13 14:15:00.000000,4.681865943933629,13.87880984528001,14.65879077484887,11.30974871470463,16.48344948264513,20.71296780700085
2018-10-13 14:30:00.000003,4.504160780050878,13.86917883786739,14.65177214352821,11.28443536136036,16.47992407859427,20.71449456268708
2018-10-13 14:44:59.999997,4.26258356178288,13.85226917521086,14.63607998799191,11.24705141681383,16.46968997394429,20.7145562977908
2018-10-13 15:00:00.000000,3.962221120311424,13.82836857583586,14.61190804679014,11.19834872963195,16.4528361583095,20.7131045996747
2018-10-13 15:15:00.000003,3.629008257401281,13.79910034532127,14.58069869873003,11.14208164054052,16.4303022546599,20.7101918699049
2018-10-13 15:29:59.999997,3.256573261692773,13.76476380721531,14.54294506331338,11.07817803808841,16.40249834291772,20.70588592954913
2018-10-13 15:45:00.000000,2.868540575171568,13.72743319690326,14.50061899044765,11.01167899772501,16.37120998955731,20.70039111405321
2018-10-13 16:00:00.000003,2.465311136575875,13.68721393639328,14.45422375759273,10.94096929788243,16.33632522240261,20.69380904532802
2018-10-13 16:14:59.999997,2.055227928090278,13.64469801507905,14.40451997520567,10.8669351947486,16.29819880419582,20.68624827096771
2018-10-13 16:30:00.000000,1.642627218003094,13.60069686410317,14.35248975666177,10.79136312752251,16.25783309236168,20.67787806772306
2018-10-13 16:45:00.000003,1.230994484267227,13.55579030810009,14.29890097291692,10.71521513688334,16.21598256411899,20.6688728459027
2018-10-13 16:59:59.999997,0.8258729118115878,13.51080402285724,14.24471552886405,10.64015738550816,16.1736074678016,20.65942376126061
2018-10-13 17:15:00.000000,0.4378593597940618,13.4667523492151,14.19104625037478,10.5676110460818,16.13139939105468,20.64970368674167
2018-10-13 17:30:00.000003,0.06325096416573399,13.42364411637339,14.13817784581509,10.49722060480621,16.08965983569177,20.63984727213704
2018-10-13 17:44:59.999997,-0.2933635059818158,13.38182363541333,14.08657486059939,10.42962751824698,16.04877669714138,20.62997638297064
2018-10-13 18:00:00.000000,-0.6245796008291719,13.34192669789253,14.03695525022747,10.36603380777677,16.00930060810657,20.62021898306802
2018-10-13 18:15:00.000003,-0.9349612794632948,13.30399409728124,13.98954530020301,10.30608498434688,15.97146589134674,20.61067722427503
2018-10-13 18:29:59.999997,-1.219403447925704,13.26841316072621,13.9447815421364,10.25053773152796,15.93561112484149,20.60144633963911
2018-10-13 18:45:00.000000,-1.477553193089371,13.235790169781,13.90320735012732,10.20028448121815,15.90208006112128,20.59261594100381
2018-10-13 19:00:00.000003,-1.69751525751746,13.20727121193484,13.86585074132005,10.15760109528998,15.8715489371384,20.58430051006281
2018-10-13 19:14:59.999997,-1.896522048590114,13.18157574759383,13.83195551422642,10.11932778782854,15.84370869431826,20.57654173741839
2018-10-13 19:30:00.000000,-2.046480628319486,13.15977581776001,13.80253394083498,10.08850116811016,15.81928404355371,20.56943639640782
2018-10-13 19:45:00.000003,-2.168224908523993,13.14124533665214,13.77721779378991,10.0629747104793,15.79811610863406,20.56303100070764
2018-10-13 19:59:59.999997,-2.248990281966852,13.12644675992471,13.75642409562686,10.04409409688254,15.78050839795918,20.55738556785257
2018-10-13 20:15:00.000000,-2.274159003982183,13.11632859952486,13.74110507043792,10.03395979928458,15.76716188982537,20.55260022979915
2018-10-13 20:30:00.000003,-2.261124414128391,13.11040337626141,13.73101411440097,10.03076369204877,15.75798435420398,20.54873035862623
2018-10-13 20:44:59.999997,-2.176686760512898,13.11024468931719,13.72760297515484,10.03853218719622,15.75399264150612,20.54590294253645
2018-10-13 21:00:00.000000,-2.04028994070769,13.11549942200501,13.73082459284584,10.05549126121257,15.75525933545633,20.54420384537798
2018-10-13 21:15:00.000003,-1.836674851499197,13.12690384861891,13.74142050738478,10.08343059745965,15.76232415278595,20.54373703974207
2018-10-13 21:29:59.999997,-1.584331034473953,13.14393311831693,13.75909678660239,10.12037538913981,15.77500704479915,20.54455256830619
2018-10-13 21:45:00.000000,-1.291574099208323,13.16637393591627,13.78348260100139,10.16574727314475,15.79299603339127,20.54665391838895
2018-10-13 22:00:00.000003,-0.965737586520243,13.19493703144897,13.81472811298969,10.22057251081285,15.81611666509068,20.55002019869531
2018-10-13 22:14:59.999997,-0.6293746149335838,13.22645988908125,13.8503956400104,10.27858985333599,15.84299870199873,20.55451515746116
2018-10-13 22:30:00.000000,-0.2682303317236141,13.26118578100774,13.89028456714899,10.34137266892606,15.87334905025057,20.56003045786657
2018-10-13 22:45:00.000003,0.08225924211801525,13.29704468481176,13.93241679455497,10.40412868365268,15.90578994373076,20.56637520978122
2018-10-13 22:59:59.999997,0.4294602461927735,13.33363698215259,13.97602907344976,10.46698181362173,15.939634409017,20.57337065787546
2018-10-13 23:15:00.000000,0.7782378212846086,13.37096395619851,14.0208498538782,10.5304607083186,15.97458472768935,20.58087737375345
2018-10-13 23:30:00.000003,1.114148113608293,13.4083055813162,14.0660773156871,10.59271413209765,16.00997687330806,20.58874638279064
2018-10-13 23:44:59.999997,1.43471981073954,13.44498585683128,14.11090360666832,10.65290108237068,16.0452068024975,20.59683004629979
2018-10-14 00:00:00.000000,1.749553578943156,13.48120918874587,14.15530521960956,10.71206207497472,16.08018339215744,20.60502823328371
2018-10-14 00:15:00.000003,2.041449172927521,13.50980267873605,14.19474062782442,10.7082107938641,16.10979658904462,20.61259501517981
2018-10-14 00:29:59.999997,2.314023896117621,13.54148843078412,14.23457849142925,10.75774873352871,16.14062449340719,20.62003480907386
2018-10-14 00:45:00.000000,2.564653959232607,13.57212797705836,14.27299326843065,10.80605328287009,16.17079393386677,20.62733618243298
2018-10-14 01:00:00.000003,2.78090493085223,13.60014562289546,14.3086196251096,10.84908710434277,16.19909336592837,20.6343918601948
2018-10-14 01:14:59.999997,2.967760043387729,13.6254085107035,14.34114569171139,10.8870103017544,16.22511990830066,20.64110174618702
2018-10-14 01:30:00.000000,3.117869128325491,13.64728268380197,14.36987439417226,10.91869996745625,16.24835517540889,20.6473512103199
2018-10-14 01:45:00.000003,3.220727857520153,13.66488270743028,14.39386135312697,10.94244358712268,16.26808176108911,20.65300034620143
2018-10-14 01:59:59.999997,3.274492102151536,13.67770634575261,14.41243362835706,10.95760709442386,16.28374753105245,20.6579108177024
2018-10-14 02:15:00.000000,3.281216845881959,13.68560285791724,14.4252600481055,10.96426471407089,16.29504189378586,20.66196663460934
2018-10-14 02:30:00.000003,3.219680266421639,13.68718988182637,14.43099008740582,10.95938820546061,16.30100925747791,20.66500758200324
2018-10-14 02:44:59.999997,3.110619840284285,13.68312297920289,14.42991823644906,10.94528193667959,16.30171174612307,20.66693999353544
2018-10-14 03:00:00.000000,2.927731345876128,13.67200334887753,14.42077539786374,10.91855262788237,16.29628550156975,20.66762552446798
2018-10-14 03:15:00.000003,2.698109913088079,13.65488739586956,14.40425051603473,10.88237926937861,16.28506432544173,20.66700909898783
2018-10-14 03:29:59.999997,2.414929404916108,13.63173642454812,14.38037677889729,10.8362642579039,16.2680568224926,20.66505524991071
2018-10-14 03:45:00.000000,2.103761281745219,13.60400145496786,14.35044287670804,10.78369698441263,16.24611192674181,20.66181768526364
2018-10-14 04:00:00.000003,1.767480795475598,13.5724110988501,14.31533845330667,10.7256841145529,16.21990188925644,20.65738853706792
2018-10-14 04:14:59.999997,1.417618619597834,13.53793309950422,14.27614129913845,10.66409065130312,16.19024653383388,20.65190083731975
2018-10-14 04:30:00.000000,1.057340511714877,13.50118354431279,14.23366330967544,10.5997735293204,16.15780338249528,20.64549536059431
2018-10-14 04:45:00.000003,0.6921365113397372,13.4629192135282,14.18880335948469,10.53384758020266,16.12324064794494,20.63832036226567
2018-10-14 04:59:59.999997,0.3259406239389772,13.42373932534625,14.14232545058563,10.4671669895504,16.08715582017761,20.6305222378789
2018-10-14 05:15:00.000000,-0.03926999800985314,13.38391984080863,14.09470259815855,10.40013643082518,16.04999309985079,20.62223264977937
2018-10-14 05:30:00.000003,-0.3922228729076602,13.34429665961194,14.04684809078295,10.33446005251827,16.01244927353468,20.61359746647939
2018-10-14 05:44:59.999997,-0.7347515770652009,13.30515189848391,13.99925053743598,10.2702492073866,15.97495620180877,20.60474724295374
2018-10-14 06:00:00.000000,-1.047488213107816,13.26778857786461,13.95322748638998,10.21030994110156,15.93847021428605,20.59585089486395
2018-10-14 06:15:00.000003,-1.343530835442462,13.23209033831315,13.90894617887654,10.15353675284032,15.90321402890992,20.58703175478371
2018-10-14 06:29:59.999997,-1.606400669106567,13.19982763474364,13.86786679081111,10.10347705345422,15.87007463149506,20.57844687367757
2018-10-14 06:45:00.000000,-1.840645657007707,13.17073549181218,13.83013957706467,10.05911273185968,15.83933973783284,20.57021674140777
2018-10-14 07:00:00.000003,-2.052763937800792,13.14412066874729,13.79541722548651,10.01883748218336,15.81090980278165,20.56240939323177
2018-10-14 07:14:59.999997,-2.229006988198161,13.12054068009838,13.76425438997673,9.984190131732223,15.78520847434018,20.55511107766566
2018-10-14 07:30:00.000000,-2.37740862399423,13.09981439324218,13.73660610420145,9.954411013335712,15.76227492206216,20.54837719472876
2018-10-14 07:45:00.000003,-2.495414890008365,13.08204792373136,13.712603194774,9.929753594594784,15.74222463712835,20.54225714814951
2018-10-14 07:59:59.999997,-2.57171138530903,13.06788965292245,13.69288039691536,9.911726068056346,15.72551768713131,20.53682298523328
2018-10-14 08:15:00.000000,-2.612633353809843,13.05728231576257,13.67751265670736,9.899802537842099,15.71226107486671,20.53213004446767
2018-10-14 08:30:00.000003,-2.609686339108838,13.05067029588607,13.66695156325063,9.895037282280365,15.70279535444436,20.5282437467723
2018-10-14 08:44:59.999997,-2.554306008462392,13.04869571719426,13.66188826343078,9.898732520189892,15.69764330579453,20.52525197105019
2018-10-14 09:00:00.000000,-2.43837308178509,13.05206883659844,13.66312960723277,9.912210740628018,15.69742218180303,20.52326553395299
2018-10-14 09:15:00.000003,-2.265295990988804,13.06097341136459,13.67104589746936,9.935363707819631,15.70245335093504,20.52238508380031
2018-10-14 09:29:59.999997,-2.029000116150358,13.07583567526046,13.68614235542946,9.969034562336896,15.7131472971635,20.52271085467395
2018-10-14 09:45:00.000000,-1.748965149434444,13.09594701386391,13.70791946239518,10.01097199636871,15.72918538521811,20.52427761062477
2018-10-14 10:00:00.000003,-1.43416406793522,13.12062063063428,13.73569639902605,10.05971534233563,15.75007432292284,20.52706411928543
2018-10-14 10:14:59.999997,-1.086123130576272,13.15139219768732,13.77013784059798,10.11804907780175,15.77587686033808,20.5310578661332
2018-10-14 10:30:00.000000,-0.7216959738037824,13.18576588934654,13.8093768498201,10.18097444342751,15.80557668352322,20.53615430797859
2018-10-14 10:45:00.000003,-0.3443171045605164,13.22277847643327,13.85233149885237,10.24719309053514,15.83839596883012,20.54222114479293
2018-10-14 10:59:59.999997,0.03623703187371543,13.26150157975462,13.89794326758376,10.31503764488383,15.87353726452621,20.54910728193954
2018-10-14 11:15:00.000000,0.4110211710696914,13.3009987606768,13.94510860229185,10.38288975193574,15.91014702434598,20.5566424805939
2018-10-14 11:30:00.000003,0.7825945331725817,13.34097613339605,13.99327635144043,10.45070936989039,15.94773158611312,20.56467611012923
2018-10-14 11:44:59.999997,1.149931512025311,13.38140383249182,14.04220222598527,10.51841674646599,15.98597385884202,20.57308386938931
2018-10-14 12:00:00.000000,1.488752278796083,13.42056405793386,14.09024601691282,10.58240913829388,16.02375400779221,20.58168637365409
2018-10-14 12:15:00.000003,1.830916541805256,13.45958279615852,14.1380630836521,10.64638365155787,16.06137993250795,20.59040077057947
2018-10-14 12:29:59.999997,2.142610954759043,13.49679824198843,14.18420947682911,10.70611836835076,16.09790078250759,20.59908729740026
2018-10-14 12:45:00.000000,2.437589715898559,13.53245777839028,14.22865441785783,10.76284447861089,16.13315225738201,20.60764702191966
2018-10-14 13:00:00.000003,2.706811625461773,13.56597741346382,14.27078323724539,10.8153839428454,16.16670383146048,20.61597783560964
2018-10-14 13:14:59.999997,2.94706177832792,13.59698359472189,14.31013174673646,10.86307495743374,16.19815412801017,20.62397980846504
2018-10-14 13:30:00.000000,3.153134555493026,13.62489446012007,14.3460331644952,10.90498303169376,16.22702463132909,20.63154698177935
2018-10-14 13:45:00.000003,3.32505883443199,13.64943894282855,14.37808135702156,10.94087741281524,16.25298379502503,20.63858255143671
2018-10-14 13:59:59.999997,3.462506933957958,13.67056479213776,14.40606348012256,10.97083087555565,16.27581453938701,20.64500494863024
2018-10-14 14:15:00.000000,3.549801954078869,13.68708445625906,14.42888653443983,10.99229244672392,16.2947769504176,20.65069644455582
2018-10-14 14:30:00.000003,3.594188125442522,13.69897260736525,14.4463126851994,11.00580925794312,16.30962046424658,20.65556051772004
2018-10-14 14:44:59.999997,3.570161958581247,13.7046278318066,14.4568254060292,11.00778682256963,16.3192981910427,20.65944303297427
2018-10-14 15:00:00.000000,3.49729619132416,13.70459132774336,14.46059426952751,11.00032051331562,16.32378083914066,20.66224641066891
2018-10-14 15:15:00.000003,3.351486888744848,13.69754435829423,14.45639043293288,10.98027967845904,16.32222010387612,20.66383043854065
2018-10-14 15:29:59.999997,3.15030282152995,13.6840945438908,14.44445253423793,10.94975247147851,16.31464476548845,20.66411020535948
2018-10-14 15:45:00.000000,2.88883030907849,13.66403433881377,14.42456709270329,10.90820737980985,16.30089054417442,20.6630153966023
2018-10-14 16:00:00.000003,2.590086558057228,13.63861675811068,14.3978053552344,10.85870169327415,16.28161892697297,20.66056126305147
2018-10-14 16:14:59.999997,2.259135103409847,13.60860793657003,14.36503459924036,10.80244918514967,16.25745041538752,20.65681246285559
2018-10-14 16:30:00.000000,1.902817475253929,13.57472505783594,14.32709288322059,10.74069201156588,16.22901631927828,20.65186428477481
2018-10-14 16:45:00.000003,1.542711634709264,13.53854352427905,14.28559117887874,10.67671597778075,16.19748114019879,20.6458836202543
2018-10-14 16:59:59.999997,1.168240853189559,13.50007730533811,14.24089942442494,10.60970142341349,16.1632555298135,20.63901077354495
2018-10-14 17:15:00.000000,0.7921171244445447,13.46025001936002,14.19400891591297,10.54147796662369,16.12706479104598,20.63139683846494
2018-10-14 17:30:00.000003,0.4160537041710669,13.41970514651482,14.14572964473431,10.47277052829866,16.08951661185069,20.62319345103657
2018-10-14 17:44:59.999997,0.04159984792667988,13.37865866168758,14.09648554659043,10.40388174921121,16.05102743400328,20.61453131620026
2018-10-14 18:00:00.000000,-0.316614549867048,13.33810547249021,14.04732241845329,10.33695527390138,16.01238660498212,20.6055647973115
2018-10-14 18:15:00.000003,-0.662993182649952,13.29823520092152,13.99866865042218,10.27180911463073,15.97399571625933,20.59642633255985
2018-10-14 18:29:59.999997,-0.988974213602441,13.25970215306087,13.95126500557026,10.20971916752996,15.93642571858757,20.58725111165127
2018-10-14 18:45:00.000000,-1.290322603051166,13.22310356246684,13.90582127100891,10.15163032406123,15.90022886403486,20.57817413190881
2018-10-14 19:00:00.000003,-1.567386945546408,13.18943517155847,13.86319804969466,10.09899234239007,15.8659304464454,20.56932390640608
2018-10-14 19:14:59.999997,-1.823246306993284,13.15860182546606,13.82351018350651,10.05126709110278,15.83369823479441,20.56079365930997
2018-10-14 19:30:00.000000,-2.054943650745876,13.13019263903593,13.78666860241065,10.00774098844876,15.80361466533954,20.55264990661439
2018-10-14 19:45:00.000003,-2.259089359873863,13.10433209330203,13.75287667172889,9.968749842422326,15.77587916070016,20.54495629210323
2018-10-14 19:59:59.999997,-2.444841765595999,13.080624594607,13.72184355405938,9.933197533517545,15.75034205522643,20.53774010909861
2018-10-14 20:15:00.000000,-2.595332207138684,13.05982189523024,13.69423546494125,9.903085148089776,15.72746232882417,20.53106248405241
2018-10-14 20:30:00.000003,-2.719626188166218,13.0417523220758,13.6700132149995,9.877593709475608,15.70726414967083,20.52496192503072
2018-10-14 20:44:59.999997,-2.810978229223088,13.02671952031242,13.64947646918996,9.857499430500702,15.68997563294464,20.51948550044601
2018-10-14 21:00:00.000000,-2.862110436521309,13.0152286324513,13.63315169791269,9.843876195666754,15.67599469849184,20.51469869397986
2018-10-14 21:15:00.000003,-2.879263831882963,13.00718521402625,13.62106967951896,9.836150827760957,15.66538893595293,20.51064767399817
2018-10-14 21:29:59.999997,-2.840027172451204,13.00373581574392,13.61431832165198,9.837141256888966,15.6589332046426,20.50743374054968
2018-10-14 21:45:00.000000,-2.745254395039887,13.00531438731762,13.61350988584697,9.847258044673671,15.65713514384841,20.5051646028611
2018-10-14 22:00:00.000003,-2.593176095680267,13.01224407714817,13.61910601822044,9.866911869858564,15.66038263694671,20.50394359784406
2018-10-14 22:14:59.999997,-2.381614425554518,13.02484761220079,13.63154815075981,9.896537375032189,15.66903023846791,20.50386858099586
2018-10-14 22:30:00.000000,-2.130818729343228,13.04228814648473,13.65020104652827,9.933706310414689,15.68267918426809,20.5049650374808
2018-10-14 22:45:00.000003,-1.842088693595834,13.06420379326206,13.67465183736346,9.977877801408724,15.70102796182998,20.50722471806361
2018-10-14 22:59:59.999997,-1.539342794245977,13.08934203708573,13.70369160829424,10.02591702387516,15.72315511566663,20.51055800546425
2018-10-14 23:15:00.000000,-1.220518089969744,13.11831664450946,13.73723719184567,10.07942893231369,15.74872975605258,20.514876707802
2018-10-14 23:30:00.000003,-0.89641922283325,13.15004396444117,13.77422419008695,10.13627244779287,15.77702120575432,20.52005593776521
2018-10-14 23:44:59.999997,-0.5699823493510398,13.18322195909246,13.81344144786899,10.19443373477152,15.80724881584132,20.52594501179897
2018-10-15 00:00:00.000000,-0.2472241321011915,13.21710339471828,13.8539904019328,10.25275441147511,15.83872564545209,20.53239143553221
2018-10-15 00:15:00.000003,0.06556257783933313,13.24636350177243,13.89220336317879,10.26337625499747,15.86685382377337,20.5387146248873
2018-10-15 00:29:59.999997,0.3682679531811303,13.27870153750421,13.93191523159276,10.31681657388051,15.89722417436962,20.54528476384456
2018-10-15 00:45:00.000000,0.6645869402862845,13.31136447319425,13.97192496084043,10.37127768938679,15.9282988833727,20.55207991648781
2018-10-15 01:00:00.000003,0.9382560013223161,13.3428610820386,14.01093560846251,10.42276065747077,15.95891302401266,20.55898897506588
2018-10-15 01:14:59.999997,1.199352967931994,13.37349623389268,14.04898554144248,10.47226582847012,15.98886391198281,20.56592621707628
2018-10-15 01:30:00.000000,1.441504450271115,13.40262139682663,14.08544919463844,10.51873677348097,16.01773074633399,20.57279123108808
2018-10-15 01:45:00.000003,1.670143910669875,13.4303521989216,14.12029021044141,10.56275221626452,16.04541169742269,20.5795086652056
2018-10-15 01:59:59.999997,1.861366219672102,13.45528979473337,14.15223480694241,10.60101317144422,16.07102268508674,20.58594970189549
2018-10-15 02:15:00.000000,2.028788460058438,13.47768688885405,14.18124992163993,10.63484194503251,16.09442682633958,20.59202260590232
2018-10-15 02:30:00.000003,2.15557015924872,13.49657890367146,14.20640834816004,10.66199753802066,16.11496511403308,20.59760959246408
2018-10-15 02:44:59.999997,2.24346665448273,13.51169239715044,14.2272703546446,10.6823250860251,16.13224435485041,20.60260091429713
2018-10-15 03:00:00.000000,2.288747151851966,13.52260417479794,14.24331349603575,10.69516988159596,16.14586348647365,20.60689303260544
2018-10-15 03:15:00.000003,2.285422166730724,13.52874894361484,14.25389195797803,10.69951924380437,16.15532966052983,20.61037457385863
2018-10-15 03:29:59.999997,2.231419783008248,13.52973797742848,14.25849510251216,10.6948447575814,16.16022885199603,20.61293775544613
2018-10-15 03:45:00.000000,2.11600800242508,13.524747415144,14.25625373601764,10.67949101396704,16.15991562150854,20.61445889061025
2018-10-15 04:00:00.000003,1.952330141175068,13.51419865471193,14.24733871626249,10.65494299312678,16.15440258584643,20.6148593922208
2018-10-15 04:14:59.999997,1.742178622877317,13.49827466440481,14.23188081008822,10.62160777044009,16.14375393961936,20.61409582533456
2018-10-15 04:30:00.000000,1.48810830659303,13.47715500044776,14.21004181231622,10.5798925595619,16.12807348132133,20.61214899818357
2018-10-15 04:45:00.000003,1.204272452266347,13.4517301484854,14.18264037845202,10.53183575600677,16.10790930403509,20.60905615465337
2018-10-15 04:59:59.999997,0.9063919282665078,13.42326816987312,14.15095636276038,10.47999473202826,16.0841659950699,20.60492116167894
2018-10-15 05:15:00.000000,0.5939819368385822,13.39239050179784,14.11580480904151,10.42492507171654,16.0574567864188,20.59986272060009
2018-10-15 05:30:00.000003,0.2792016803012749,13.35999631349522,14.07820906583611,10.36844996792749,16.02857270615138,20.5940257752858
2018-10-15 05:44:59.999997,-0.04002541929697216,13.3263295963842,14.03865917512404,10.31063171980843,15.99797234369574,20.58754241075757
2018-10-15 06:00:00.000000,-0.3535050231024652,13.29216560840954,13.99802773967714,10.25299919316086,15.96632440453039,20.58055739439622
2018-10-15 06:15:00.000003,-0.6608327630004981,13.25789570335875,13.95689469515309,10.19595174001018,15.93411818978543,20.57320498662157
2018-10-15 06:29:59.999997,-0.9478483420429492,13.22456290273999,13.91636753285836,10.1416171369887,15.90217625757998,20.5656444119394
2018-10-15 06:45:00.000000,-1.217828254442348,13.19244589221044,13.8769528684155,10.09000499654854,15.87094852683822,20.55801415290231
2018-10-15 07:00:00.000003,-1.462574201824429,13.16254766759433,13.83961813243316,10.04294511570328,15.8410984492342,20.55046137840076
2018-10-15 07:14:59.999997,-1.680791286252865,13.13568361304823,13.80518299893805,10.00159298222107,15.81319225935085,20.54312525486935
2018-10-15 07:30:00.000000,-1.878677912213211,13.1110892832051,13.77333761207601,9.964137850421169,15.78721907660874,20.53609141328783
2018-10-15 07:45:00.000003,-2.053422223418457,13.08872045508786,13.74415883945537,9.930574806805275,15.7632880303466,20.52942665905659
2018-10-15 07:59:59.999997,-2.197115824939394,13.06901457288958,13.71810718002353,9.901938607589848,15.74175998444017,20.52320772406232
2018-10-15 08:15:00.000000,-2.3222686715605,13.0515157187735,13.69487124376758,9.876825151775542,15.72247756640979,20.51746888723299
2018-10-15 08:30:00.000003,-2.414352211143838,13.03682672874876,13.67498007566804,9.8568973842247,15.70581074544995,20.51226758144355
2018-10-15 08:44:59.999997,-2.477078471570394,13.02499910923149,13.65857614475108,9.841959041571565,15.69189890266831,20.5076491582741
2018-10-15 09:00:00.000000,-2.510788923121641,13.01606518742164,13.64574094582112,9.831984918167668,15.68082233201612,20.50365197994159
2018-10-15 09:15:00.000003,-2.507806882592632,13.01045244407803,13.63689843533313,9.82797280018221,15.67289218519651,20.50032896106472
2018-10-15 09:29:59.999997,-2.461215569469272,13.00870429848247,13.63263567118311,9.831005807252543,15.66855019111716,20.49775135151021
2018-10-15 09:45:00.000000,-2.366867139122826,13.01128290729947,13.63350859017237,9.8418563813133,15.66823060931164,20.49600516756226
2018-10-15 10:00:00.000003,-2.218689383991419,13.01871981548296,13.64014198977097,9.861496192612647,15.67242473266541,20.49518812933929
2018-10-15 10:14:59.999997,-2.018902182288288,13.0311630089779,13.65282730852211,9.889884500220187,15.68139741889586,20.49538632386303
2018-10-15 10:30:00.000000,-1.774744569344564,13.04840797282499,13.67149010098974,9.926190307796665,15.69511588778783,20.49665047537849
2018-10-15 10:45:00.000003,-1.493049552768306,13.07008617299307,13.69581687040786,9.96946528122343,15.71336138896556,20.49899637790219
2018-10-15 10:59:59.999997,-1.179239516853393,13.09715929845001,13.72618715489544,10.02124905464793,15.73612789854112,20.50242733318528
2018-10-15 11:15:00.000000,-0.8460692776614489,13.12806990249905,13.76136729259275,10.07835240093519,15.76270207384639,20.50687753213739
2018-10-15 11:30:00.000003,-0.5034851471021434,13.16144290119027,13.80004187012168,10.13834135727243,15.79220469161938,20.5122280844142
2018-10-15 11:44:59.999997,-0.148225326380946,13.19695807009819,13.84168050181827,10.20117586214604,15.82419700666487,20.51836835497438
2018-10-15 12:00:00.000000,0.1960439845141619,13.23307889815384,13.88476136727827,10.26345999139138,15.85758995428506,20.52513196619898
2018-10-15 12:15:00.000003,0.5457852308973679,13.27011544210533,13.92921539105518,10.32683118021352,15.8921966976862,20.53239933627286
2018-10-15 12:29:59.999997,0.8875976014390031,13.30731002920123,13.97425701338054,10.38956681591166,15.92743380839586,20.54004198409349
2018-10-15 12:45:00.000000,1.210848114403831,13.3440092941366,14.01909063082164,10.45010952053397,15.96260395823859,20.54791607358838
2018-10-15 13:00:00.000003,1.531318046346629,13.38043125108121,14.06369912492771,10.51000296751724,15.99766557370004,20.55592803789565
2018-10-15 13:14:59.999997,1.827738000017495,13.41542041705441,14.10699688592021,10.56651313434974,16.03187222523747,20.56395209914021
2018-10-15 13:30:00.000000,2.108441336581458,13.44898385142088,14.14876752568265,10.62026810417927,16.06498428721055,20.57188787867341
2018-10-15 13:45:00.000003,2.369046632748708,13.48086685325358,14.18870012842019,10.6707102200461,16.09672485647068,20.57964791657887
2018-10-15 13:59:59.999997,2.60029610635365,13.51033529534257,14.2260364731739,10.71639608328102,16.12655708001348,20.58712985624178
2018-10-15 14:15:00.000000,2.804431199256046,13.53722113933118,14.26045595242801,10.75734578867841,16.15418991539795,20.59424321396498
2018-10-15 14:30:00.000003,2.980191362671217,13.56135998185815,14.29170922934044,10.79332535464857,16.17939249527367,20.60091030140361
2018-10-15 14:44:59.999997,3.121604480773152,13.58222086100906,14.31922546189687,10.82338016731794,16.20176923939545,20.60704524061228
2018-10-15 15:00:00.000000,3.226510759403515,13.59944720082243,14.34255162536059,10.84700657385617,16.22096698084376,20.61256246883511
2018-10-15 15:15:00.000003,3.280239562418186,13.61199965028853,14.36064599677219,10.86201095249069,16.23623968173056,20.61734063548462
2018-10-15 15:29:59.999997,3.295280053581858,13.62018091516545,14.37355018178111,10.86969866667031,16.24751482627984,20.62129795973918
2018-10-15 15:45:00.000000,3.256040645604422,13.62310831249666,14.38042179776196,10.86801959724761,16.25420408741379,20.62432887218187
2018-10-15 16:00:00.000003,3.158501859934047,13.62017797969793,14.38054418715398,10.85603563252179,16.25575363836588,20.62631734918965
2018-10-15 16:14:59.999997,3.002979784765577,13.61112574492574,14.37350346475424,10.83354234802796,16.25180754939171,20.62715914297371
2018-10-15 16:30:00.000000,2.807240407006877,13.59683717040216,14.35995512191976,10.80289402189284,16.24273168315745,20.62682092234958
2018-10-15 16:45:00.000003,2.556576447558192,13.5767555441028,14.33948489325224,10.76241282214483,16.22825730191918,20.62525629568622
2018-10-15 16:59:59.999997,2.269828438264818,13.55178785487503,14.31283632416373,10.71446223537755,16.20883486075308,20.62247633502467
2018-10-15 17:15:00.000000,1.960740335190994,13.52306283658071,14.28113318675656,10.66133167757011,16.18524893805263,20.61855891474685
2018-10-15 17:30:00.000003,1.635281992434317,13.49136833714587,14.24530960286986,10.60429511581214,16.15821376241725,20.61361537105775
2018-10-15 17:44:59.999997,1.308518767541978,13.45791716589014,14.2066716884477,10.545755322231,16.12870701123061,20.60780370707795
2018-10-15 18:00:00.000000,0.967610102764073,13.42249830681211,14.16534805888416,10.48445018676699,16.09694936885256,20.60124160381046
2018-10-15 18:15:00.000003,0.6316345432437145,13.38639483184464,14.12258961632741,10.42306114161565,16.06379059366665,20.59408026116972
2018-10-15 18:29:59.999997,0.2997965265113232,13.35000989844654,14.07902937377724,10.36193571888396,16.02977697104115,20.58646266720019
2018-10-15 18:45:00.000000,-0.0257366455884009,13.31361610265223,14.03511727572366,10.3014722486058,15.99532436659123,20.57851553670406
2018-10-15 19:00:00.000003,-0.3307114262242287,13.27821964553907,13.99190774429891,10.24378281158964,15.96121659771601,20.57038995451331
2018-10-15 19:14:59.999997,-0.6195770173652432,13.24400652590913,13.94982087427288,10.18868693965335,15.92784789450873,20.56221574684634
2018-10-15 19:30:00.000000,-0.8861092952785019,13.21149205729155,13.90947099124894,10.13713009728089,15.89570281870586,20.55411902520539
2018-10-15 19:45:00.000003,-1.129934995329474,13.18095389907414,13.87126965649416,10.08939495269554,15.86513183398892,20.5462097728564
2018-10-15 19:59:59.999997,-1.357711298014611,13.15225579791393,13.83520171718232,10.04482435226518,15.83617000030826,20.53856005952402
2018-10-15 20:15:00.000000,-1.563506393687562,13.12629177338469,13.80193209731121,10.00514387508442,15.80917975499421,20.5312465066297
2018-10-15 20:30:00.000003,-1.754011553162522,13.10256057929968,13.77119398428778,9.969063156043397,15.78407489352275,20.52430696765152
2018-10-15 20:44:59.999997,-1.929018778333703,13.08062255259595,13.74270044731574,9.935861429758452,15.76073362395521,20.51775556628215
2018-10-15 21:00:00.000000,-2.076092873122396,13.06103160059089,13.71696843506767,9.90700550587306,15.7395159073838,20.51163640671085
2018-10-15 21:15:00.000003,-2.200172293837906,13.04374051514204,13.69405004542381,9.8821085312525,15.72050704677289,20.50598525805138
2018-10-15 21:29:59.999997,-2.298047186454033,13.02891404754642,13.67413078042211,9.861556340361608,15.7038620810939,20.5008394787288
2018-10-15 21:45:00.000000,-2.346675761388375,13.01782084871867,13.65842183253724,9.84838160170815,15.69044507060958,20.4963016649204
2018-10-15 22:00:00.000003,-2.364798565041815,13.01001891585375,13.64675533234901,9.84074828892277,15.68023053409314,20.49243271994541
2018-10-15 22:14:59.999997,-2.324350610026903,13.00684348157765,13.64038791651724,9.842042955413639,15.67410819406979,20.48935321095972
2018-10-15 22:30:00.000000,-2.225181303930146,13.00886371446471,13.64009297401847,9.85289411205908,15.67270894662939,20.48719487843029
2018-10-15 22:45:00.000003,-2.077800715819833,13.01583507942019,13.64585366482276,9.872196198564671,15.67610513263474,20.48604705458126
2018-10-15 22:59:59.999997,-1.865816045273557,13.02858610603973,13.65849339638385,9.901951622269278,15.68489706875814,20.48602239975962
2018-10-15 23:15:00.000000,-1.609117991290173,13.04657334077187,13.67771924157168,9.940049275997703,15.69890097768073,20.48717420831165
2018-10-15 23:30:00.000003,-1.326762724097557,13.06874593748289,13.70246488355147,9.984084709249855,15.71738164067921,20.48946973824071
2018-10-15 23:44:59.999997,-1.019300489411408,13.09634345957092,13.73313619439055,10.03640382124382,15.7402251531431,20.49287379971116
2018-10-16 00:00:00.000000,-0.7072471962154313,13.12615617282204,13.76730603461102,10.09071926436911,15.76609548360691,20.49724144289697
2018-10-16 00:15:00.000003,-0.3894761885822713,13.15482222960635,13.80227805269531,10.11978638256641,15.79132308376647,20.50196953067682
2018-10-16 00:29:59.999997,-0.080774614757129,13.18609061415529,13.83952771170311,10.17375194475077,15.81938280158833,20.5072825038657
2018-10-16 00:45:00.000000,0.2225101151155393,13.21805344166598,13.87790144026313,10.22856306860411,15.84882593027861,20.51310726666938
2018-10-16 01:00:00.000003,0.5222636490499942,13.25029894441189,13.91691566089862,10.28323866319773,15.87905394162394,20.51934947387982
2018-10-16 01:14:59.999997,0.8126817949500994,13.28231534471746,13.9559801294797,10.33682597998889,15.9095520245,20.52589608535316
2018-10-16 01:30:00.000000,1.09432285674872,13.3140898573502,13.99491042016612,10.38933097797423,15.94003961424595,20.53264204735514
2018-10-16 01:45:00.000003,1.360916642554528,13.34498911368675,14.03305648957125,10.43966859821974,15.97004878412981,20.53947462226227
2018-10-16 01:59:59.999997,1.617463183048757,13.37501455286651,14.07026349942125,10.48829747090702,15.9994129059741,20.54630710815125
2018-10-16 02:15:00.000000,1.85036329881951,13.40331986626916,14.10571893801781,10.53329640740089,16.02755150678575,20.55303127359411
2018-10-16 02:30:00.000003,2.074690974510977,13.43044507205889,14.13972484483963,10.57642134148669,16.05458347822074,20.55959107421765
2018-10-16 02:44:59.999997,2.273818469555498,13.45560307557493,14.1716037354026,10.61559157263635,16.08003666114868,20.56590792573118
2018-10-16 03:00:00.000000,2.450414436135312,13.47861609942812,14.20105575949698,10.65083778714253,16.10366059338731,20.57191132593235
2018-10-16 03:15:00.000003,2.594797350124173,13.49879348730178,14.22737197633893,10.68073128078328,16.12494832529224,20.57751076449756
2018-10-16 03:29:59.999997,2.709574026243139,13.51599573225686,14.25026994187613,10.70534436651811,16.14364374725587,20.58262724562246
2018-10-16 03:45:00.000000,2.781478032006583,13.52936065978728,14.26888894327648,10.72278647110097,16.15911980179153,20.58715236551062
2018-10-16 04:00:00.000003,2.807003541215944,13.53828339992638,14.28249351281994,10.73218296215967,16.17081615485174,20.5909685777094
2018-10-16 04:14:59.999997,2.771828018511567,13.54162943565822,14.28988749912928,10.73129331943298,16.17786193911076,20.59392387868678
2018-10-16 04:30:00.000000,2.697971921570911,13.5402127456832,14.29151849494268,10.72271432927102,16.18042799131097,20.59593836263815
2018-10-16 04:45:00.000003,2.547681840256926,13.53203989715136,14.2856189482902,10.70152846712199,16.17732484921392,20.59685287214142
2018-10-16 04:59:59.999997,2.358313515629384,13.5185337999732,14.27311541780192,10.67208006394884,16.16901744404526,20.59661191507496
2018-10-16 05:15:00.000000,2.127134417626748,13.49996276932659,14.25432189719883,10.63458211065233,16.15573170225531,20.59519761635906
2018-10-16 05:30:00.000003,1.854657951086681,13.47647352962905,14.22943262900745,10.58919842356421,16.13760384109534,20.59261094463032
2018-10-16 05:44:59.999997,1.561089632591664,13.44929541803736,14.19958875394756,10.53877398381475,16.11541144723273,20.58892250520983
2018-10-16 06:00:00.000000,1.228920700018218,13.41786393929882,14.16450886993003,10.4813890310834,16.0890640368636,20.58416681934465
2018-10-16 06:15:00.000003,0.8900846097982503,13.38393199440303,14.125769989946,10.42125547161596,16.05960707537434,20.57846098404502
2018-10-16 06:29:59.999997,0.5732992123882846,13.3499814271661,14.0858563509565,10.363212925423,16.02877446040991,20.57203298143773
2018-10-16 06:45:00.000000,0.2154462071905323,13.31321758623787,14.04282337770285,10.29939185909102,15.99551030621235,20.56492665110348
2018-10-16 07:00:00.000003,-0.1062920391752067,13.27717732688168,13.9996267542938,10.23928854097839,15.9617401444858,20.55734898728516
2018-10-16 07:14:59.999997,-0.4133933770220308,13.24193308713183,13.95685658913374,10.18146205720954,15.9280795971687,20.54948122628113
2018-10-16 07:30:00.000000,-0.7068075358465913,13.20759419983501,13.91485653245739,10.1257815938882,15.89487335835187,20.54146885017958
2018-10-16 07:45:00.000003,-0.973180204326641,13.17507985220908,13.87460044554827,10.07416954029992,15.86284538195627,20.53346965545346
2018-10-16 07:59:59.999997,-1.231217186571669,13.14373555410626,13.83573756042876,10.02446735059218,15.8318640959707,20.52556981418263
2018-10-16 08:15:00.000000,-1.476518452302827,13.11404112989553,13.79859899211356,9.977669702444233,15.80209360266004,20.51783856708476
2018-10-16 08:30:00.000003,-1.701581692496873,13.086888136146,13.7639193144212,9.935511870395022,15.77398063026057,20.51035758936244
2018-10-16 08:44:59.999997,-1.916214711084103,13.06130753686962,13.73113279731936,9.895758195333514,15.7473065490211,20.50315465036627
2018-10-16 09:00:00.000000,-2.111336764655402,13.03749040324357,13.70045417573458,9.859139809174575,15.72223870113945,20.49626724815911
2018-10-16 09:15:00.000003,-2.280658693141929,13.01583961253959,13.67230598974271,9.826576020679948,15.69911253919147,20.48975021082269
2018-10-16 09:29:59.999997,-2.439678397192357,12.99572550076093,13.64620342995413,9.796261649250606,15.67764324752545,20.48361232913534
2018-10-16 09:45:00.000000,-2.579464124232739,12.97740416143878,13.62232843369111,9.769070818047627,15.657937891038,20.47787060241898
2018-10-16 10:00:00.000003,-2.693551990868156,12.96130180290804,13.60109422989411,9.74595816047921,15.64029485297579,20.47256309081364
2018-10-16 10:14:59.999997,-2.779393996761826,12.9477095619524,13.58284162094203,9.727426288505916,15.62498652200874,20.46773703970594
2018-10-16 10:30:00.000000,-2.825343761283465,12.93736180672424,13.5683264522108,9.71509229890349,15.61257415914673,20.46347424112977
2018-10-16 10:45:00.000003,-2.828556241380929,12.93072049427582,13.55813353748679,9.709644486161295,15.60352810612626,20.45986710133026
2018-10-16 10:59:59.999997,-2.780733771285522,12.92844822243427,13.55302566619984,9.712346795335135,15.59843887129512,20.45702839884828
2018-10-16 11:15:00.000000,-2.670300237531725,12.93145340857298,13.55401922165907,9.72497910408899,15.59808696044139,20.45509878911072
2018-10-16 11:30:00.000003,-2.505571922908737,12.9397303335033,13.56135063191467,9.746877901904705,15.60273342784191,20.45419028660653
2018-10-16 11:44:59.999997,-2.291393996725663,12.95316067676705,13.57504239751235,9.7774536407773,15.61242383863836,20.45437956955161
2018-10-16 12:00:00.000000,-2.046203856675612,12.97076855221735,13.59423630517666,9.81427400876884,15.62659597873971,20.45566319013198
2018-10-16 12:15:00.000003,-1.781112597358822,12.99167991983987,13.61800764820797,9.855532837132602,15.6445476189377,20.45797834111602
2018-10-16 12:29:59.999997,-1.500298457993946,13.01534002842832,13.64565046735214,9.900340840892571,15.66569654333867,20.46123279537871
2018-10-16 12:45:00.000000,-1.217575590981549,13.04188660949597,13.6767107796004,9.948689695501107,15.68945487470647,20.46531211314495
2018-10-16 13:00:00.000003,-0.9281542482235074,13.07053163634303,13.71041941255039,9.9996650374184,15.71532379827044,20.47009537071822
2018-10-16 13:14:59.999997,-0.6422628148185638,13.10002257264614,13.74560255788027,10.05097517121332,15.74252903390203,20.47543702604903
2018-10-16 13:30:00.000000,-0.3684487214389074,13.12942314866649,13.78120688432212,10.10100733305051,15.77027877672522,20.48117736719198
2018-10-16 13:45:00.000003,-0.1001913597749192,13.15870441097078,13.81695431241109,10.1502991433908,15.79828039147783,20.48719289578544
2018-10-16 13:59:59.999997,0.1552646752303385,13.18735013623257,13.85225276287141,10.19783095996206,15.82607534688453,20.49336500511408
2018-10-16 14:15:00.000000,0.4005320491290008,13.21526203562411,13.88685751585015,10.24372701326978,15.85342442224871,20.4995975882188
2018-10-16 14:30:00.000003,0.6483930222996978,13.24308340979451,13.92124015235609,10.28971326084915,15.88059351744891,20.5058542379091
2018-10-16 14:44:59.999997,0.8669724924387892,13.26917426088705,13.95399615181149,10.33163625273393,15.9066580760905,20.51202787835301
2018-10-16 15:00:00.000000,1.08084560724012,13.29453508204401,13.98575027301468,10.37236500010893,15.93187985036471,20.51807680424936
2018-10-16 15:15:00.000003,1.290250783539274,13.31925830545351,14.0166322820389,10.41214572413987,15.95639626603072,20.5239856459428
2018-10-16 15:29:59.999997,1.459931933072108,13.34133429776832,14.0448911124719,10.4461437525824,15.979060485209,20.52964115147762
2018-10-16 15:45:00.000000,1.623103192031984,13.36197299402168,14.07128943641012,10.478161193206,16.00025138004597,20.53500841238465
2018-10-16 16:00:00.000003,1.732634722230292,13.37878281334788,14.09377066855629,10.5021506506869,16.01862205759296,20.53994192600191
2018-10-16 16:14:59.999997,1.815220628083351,13.3924347902701,14.11255992529024,10.52081442606301,16.0341661150872,20.54435328451265
2018-10-16 16:30:00.000000,1.853614178225111,13.4020673555104,14.12683527382669,10.53205137942265,16.04630612223953,20.54813289612413
2018-10-16 16:45:00.000003,1.848011228300827,13.40732222689682,14.13609308470426,10.53550345135784,16.05462655213242,20.551173607172
2018-10-16 16:59:59.999997,1.788333683687831,13.40741740162781,14.13949604704706,10.52962142508111,16.05850488880327,20.55335415901808
2018-10-16 17:15:00.000000,1.679919693518827,13.40231728855306,14.13681277043621,10.51481433714805,16.05769723350015,20.55457514955303
2018-10-16 17:30:00.000003,1.52886280849902,13.3922916987249,14.12817689659201,10.49190731146218,16.05224097067143,20.55477727741981
2018-10-16 17:44:59.999997,1.328634537171488,13.37700909358973,14.1132794881957,10.46008869046881,16.04191637406846,20.55390151438991
2018-10-16 18:00:00.000000,1.09829835479535,13.35744724649251,14.09292262265385,10.42186289416895,16.02722115870654,20.55195722900555
2018-10-16 18:15:00.000003,0.8465030642554493,13.33448213827775,14.06800844059495,10.37885596720997,16.00879048238454,20.54900557800258
2018-10-16 18:29:59.999997,0.5799110195473387,13.30894998861767,14.03945927079996,10.33241666157315,15.98728266520928,20.54514275331805
2018-10-16 18:45:00.000000,0.2999697045131777,13.28118915463617,14.00780140688578,10.28298005936264,15.96315588452513,20.54046978302594
2018-10-16 19:00:00.000003,0.02094584185334883,13.25219704058205,13.97409428751917,10.23265741562763,15.93720305164835,20.53512217061079
2018-10-16 19:14:59.999997,-0.2658192126332689,13.22191269330566,13.93854346139702,10.18068001811887,15.90967226795448,20.52920608251547
2018-10-16 19:30:00.000000,-0.5453320167243398,13.19126863623161,13.90210164336836,10.12910426157021,15.8812570626658,20.5228533007557
2018-10-16 19:45:00.000003,-0.8095201900062282,13.16113162990876,13.86576147302365,10.07945123125965,15.8527182340745,20.51621227782207
2018-10-16 19:59:59.999997,-1.063001783235107,13.13163224327849,13.8298890598531,10.03144479492789,15.82440934705776,20.50940957812088
2018-10-16 20:15:00.000000,-1.300362192507368,13.10325110390918,13.7950472381548,9.985951357902815,15.79676646342054,20.50256313755328
2018-10-16 20:30:00.000003,-1.516666703323787,13.0770007383071,13.7621476753309,9.944705976346066,15.77037864032391,20.4957985402349
2018-10-16 20:44:59.999997,-1.716383747420978,13.05291846294567,13.73139472828573,9.907337863212112,15.7454555518769,20.48920942974193
2018-10-16 21:00:00.000000,-1.90848195921691,13.03008797426449,13.70220011258568,9.871806483628845,15.72172950310567,20.48283361096319
2018-10-16 21:15:00.000003,-2.081818437816152,13.00884238377502,13.67487197349015,9.839192619837453,15.69941741370116,20.47671482685584
2018-10-16 21:29:59.999997,-2.24661401562313,12.98878886352823,13.64911599673282,9.808353573508626,15.67835514050684,20.4708672284924
2018-10-16 21:45:00.000000,-2.390712197543889,12.97040614257211,13.62533487331024,9.780668821659216,15.65882413151909,20.46532713200339
2018-10-16 22:00:00.000003,-2.513427494230955,12.95391995825647,13.60380511492813,9.756453240757342,15.64104663493078,20.46013759009473
2018-10-16 22:14:59.999997,-2.615067186322133,12.93942291587212,13.58467858156138,9.735760094869502,15.62515280594929,20.45533421207988
2018-10-16 22:30:00.000000,-2.689709323609141,12.92727458093072,13.5683319222856,9.71938742765619,15.61142869657485,20.45096943002369
2018-10-16 22:45:00.000003,-2.728971320032278,12.91806206141671,13.555386738155,9.708568588851454,15.60034326690544,20.4471172828434
2018-10-16 22:59:59.999997,-2.725405174249979,12.91242174067543,13.54655983839505,9.70451596358185,15.59245087778513,20.44387347686204
2018-10-16 23:15:00.000000,-2.685632414445624,12.91031568969206,13.54199209571254,9.706662581423698,15.58791631782544,20.44131441939557
2018-10-16 23:30:00.000003,-2.58189646550114,12.9132074592258,13.54309875005326,9.718545261365913,15.58775660216901,20.43957970141204
2018-10-16 23:44:59.999997,-2.429348036977537,12.92094267887613,13.55002719870923,9.738886768015107,15.59218088960413,20.43877541640356
2018-10-17 00:00:00.000000,-2.237694965813795,12.93308071501717,13.56249256145685,9.766380481470296,15.60102352758773,20.4389547877548
