,Marina,Marina_norech,ERT-MW-1A,ERT-MW-1A_norech,ERT-MW-1B,ERT-MW-1B_norech,MillCreek,MillCreek_norech,ERT-MW-4B,ERT-MW-4B_norech,MW-PD-17,MW-PD-17_norech
2017-04-02 11:29:19.398496,0.33,0.33,11.91949697783519,11.91949697783519,12.56950957060853,12.56950957060853,9.249064294273232,9.249064294273232,14.32554357404074,14.32554357404074,18.72607921715124,18.72607921715124
2017-07-30 09:37:26.616544,0.33,0.33,11.66126086249777,11.66126086249777,12.32029513513609,12.32029513513609,9.077718265685476,9.077718265685476,14.09835765600006,14.09835765600006,18.40669004224211,18.40669004224211
2018-01-01 00:00:00.000000,0.33,0.33,11.54996403627391,11.54996403627391,12.20938308561338,12.20938308561338,8.999743445270223,8.999743445270223,13.99075818878072,13.99075818878072,18.25508916722809,18.25508916722809
2018-01-02 00:00:00.000000,0.33,0.33,11.53217199944341,11.53217199944341,12.1994913999439,12.1994913999439,8.927261989897445,8.927261989897445,13.98873738748518,13.98873738748518,18.24966792624031,18.24966792624031
2018-01-03 00:00:00.000000,0.33,0.33,11.51531493769611,11.51531493769611,12.18409666987433,12.18409666987433,8.914545050116189,8.914545050116189,13.97498515667501,13.97498515667501,18.23151395639341,18.23151395639341
2018-01-04 00:00:00.000000,0.33,0.33,11.49835944335449,11.49835944335449,12.16796013336593,12.16796013336593,8.902102661112625,8.902102661112625,13.95980226955758,13.95980226955758,18.21210631621299,18.21210631621299
2018-01-05 00:00:00.000000,0.33,0.33,11.48174340827241,11.48174340827241,12.15195310033794,12.15195310033794,8.890032331256863,8.890032331256863,13.94447606632026,13.94447606632026,18.19269800721266,18.19269800721266
2018-01-06 00:00:00.000000,0.33,0.33,11.46551087479068,11.46551087479068,12.13620409951343,12.13620409951343,8.878280097160497,8.878280097160497,13.92922375045577,13.92922375045577,18.17373041004978,18.17373041004978
2018-01-07 00:00:00.000000,0.33,0.33,11.44962595045243,11.44962595045243,12.12069535851476,12.12069535851476,8.866778273652095,8.866778273652095,13.91403780604046,13.91403780604046,18.15482735692474,18.15482735692474
2018-01-08 00:00:00.000000,0.33,0.33,11.43405063882815,11.43405063882815,12.10539934661234,12.10539934661234,8.85547327767375,8.85547327767375,13.89889210197773,13.89889210197773,18.13571875584393,18.13571875584393
2018-01-09 00:00:00.000000,0.33,0.33,11.41877063921375,11.41877063921375,12.09031939449991,12.09031939449991,8.844339065798598,8.844339065798598,13.88382806638664,13.88382806638664,18.11679478239786,18.11679478239786
2018-01-10 00:00:00.000000,0.33,0.33,11.46156578566661,11.46156578566661,12.12434110310157,12.12434110310157,9.029510716583982,9.029510716583982,13.91855740063133,13.91855740063133,18.1414547321638,18.1414547321638
2018-01-11 00:00:00.000000,0.33,0.33,11.42881377979611,11.42881377979611,12.09798078842123,12.09798078842123,8.856943368855372,8.856943368855372,13.89161912330954,13.89161912330954,18.12163974223298,18.12163974223298
2018-01-12 00:00:00.000000,0.33,0.33,11.63388130542832,11.63388130542832,12.27025382994948,12.27025382994948,9.590485534198045,9.590485534198045,14.06590579487383,14.06590579487383,18.27366557648296,18.27366557648296
2018-01-13 00:00:00.000000,0.33,0.33,11.79102235352413,11.79102235352413,12.41499891774046,12.41499891774046,9.8073627432214,9.8073627432214,14.2204574114325,14.2204574114325,18.44678423322838,18.44678423322838
2018-01-14 00:00:00.000000,0.33,0.33,11.69452477773657,11.69452477773657,12.34908004619226,12.34908004619226,9.060043852688917,9.060043852688917,14.15458005369855,14.15458005369855,18.42472001991239,18.42472001991239
2018-01-15 00:00:00.000000,0.33,0.33,11.67030568726082,11.67030568726082,12.32871992460411,12.32871992460411,9.04000596579169,9.04000596579169,14.13639324617385,14.13639324617385,18.40479552185013,18.40479552185013
2018-01-16 00:00:00.000000,0.33,0.33,11.64765049219777,11.64765049219777,12.30922609016878,12.30922609016878,9.022233393610962,9.022233393610962,14.11861467523559,14.11861467523559,18.38487816131347,18.38487816131347
2018-01-17 00:00:00.000000,0.33,0.33,11.62618981083736,11.62618981083736,12.29037573277517,12.29037573277517,9.005878778001932,9.005878778001932,14.10112148878975,14.10112148878975,18.36509277341366,18.36509277341366
2018-01-18 00:00:00.000000,0.33,0.33,11.60580902072456,11.60580902072456,12.27213218384442,12.27213218384442,8.991238888771116,8.991238888771116,14.08394411938915,14.08394411938915,18.34546028024162,18.34546028024162
2018-01-19 00:00:00.000000,0.33,0.33,11.58651957161855,11.58651957161855,12.2545490978313,12.2545490978313,8.97927714274502,8.97927714274502,14.06722344404828,14.06722344404828,18.32602013196613,18.32602013196613
2018-01-20 00:00:00.000000,0.33,0.33,11.56792147383138,11.56792147383138,12.23735671902657,12.23735671902657,8.966926458394173,8.966926458394173,14.05063980429668,14.05063980429668,18.30671139749644,18.30671139749644
2018-01-21 00:00:00.000000,0.33,0.33,11.56884500098089,11.56884500098089,12.23627096502715,12.23627096502715,9.022006765131072,9.022006765131072,14.05140889837041,14.05140889837041,18.30208166342308,18.30208166342308
2018-01-22 00:00:00.000000,0.33,0.33,11.55656409974599,11.55656409974599,12.2252276589792,12.2252276589792,8.996430962444196,8.996430962444196,14.04109404414472,14.04109404414472,18.29067026993369,18.29067026993369
2018-01-23 00:00:00.000000,0.33,0.33,11.54918246017792,11.54918246017792,12.21809844526947,12.21809844526947,9.000520274369126,9.000520274369126,14.03548865322969,14.03548865322969,18.28236643640393,18.28236643640393
2018-01-24 00:00:00.000000,0.33,0.33,11.86284221551909,11.86284221551909,12.4824746058185,12.4824746058185,10.13911430812697,10.13911430812697,14.30525505963546,14.30525505963546,18.52345764804815,18.52345764804815
2018-01-25 00:00:00.000000,0.33,0.33,11.74059465090938,11.74059465090938,12.40055636689828,12.40055636689828,9.103593293808975,9.103593293808975,14.22224323703651,14.22224323703651,18.50054165422894,18.50054165422894
2018-01-26 00:00:00.000000,0.33,0.33,11.716888065741,11.716888065741,12.38032441696241,12.38032441696241,9.08356087836512,9.08356087836512,14.20395178413667,14.20395178413667,18.48138495414575,18.48138495414575
2018-01-27 00:00:00.000000,0.33,0.33,11.69455443480364,11.69455443480364,12.36084136963462,12.36084136963462,9.065581703506275,9.065581703506275,14.18570922425093,14.18570922425093,18.46141634835502,18.46141634835502
2018-01-28 00:00:00.000000,0.33,0.33,11.70769437261727,11.70769437261727,12.37059910458194,12.37059910458194,9.179985876820954,9.179985876820954,14.19799433931405,14.19799433931405,18.4654219777113,18.4654219777113
2018-01-29 00:00:00.000000,0.33,0.33,11.76414788014804,11.76414788014804,12.41869284347668,12.41869284347668,9.376571276692976,9.376571276692976,14.24803239656181,14.24803239656181,18.50925072025383,18.50925072025383
2018-01-30 00:00:00.000000,0.33,0.33,11.89475144974113,11.89475144974113,12.53273399964555,12.53273399964555,9.735399354573715,9.735399354573715,14.36523575178508,14.36523575178508,18.61951790946224,18.61951790946224
2018-01-31 00:00:00.000000,0.33,0.33,11.81300210382563,11.81300210382563,12.47445320424701,12.47445320424701,9.159716968091477,9.159716968091477,14.3054231285047,14.3054231285047,18.59609918931223,18.59609918931223
2018-02-01 00:00:00.000000,0.33,0.33,11.78825767787354,11.78825767787354,12.45318436719291,12.45318436719291,9.139355487558957,9.139355487558957,14.28580579542669,14.28580579542669,18.575523756464,18.575523756464
2018-02-02 00:00:00.000000,0.33,0.33,11.84176475686016,11.84176475686016,12.49924267911476,12.49924267911476,9.393567612082531,9.393567612082531,14.33812097774303,14.33812097774303,18.61505500980845,18.61505500980845
2018-02-03 00:00:00.000000,0.33,0.33,11.7949986202535,11.7949986202535,12.46361964892009,12.46361964892009,9.145372300141986,9.145372300141986,14.30192795536757,14.30192795536757,18.59360324327911,18.59360324327911
2018-02-04 00:00:00.000000,0.33,0.33,11.7724696520238,11.7724696520238,12.44372719191269,12.44372719191269,9.127707036169735,9.127707036169735,14.28326939760047,14.28326939760047,18.57360910140303,18.57360910140303
2018-02-05 00:00:00.000000,0.33,0.33,11.91875543876589,11.91875543876589,12.56599033796268,12.56599033796268,9.710921560546108,9.710921560546108,14.41107292997165,14.41107292997165,18.67913026843345,18.67913026843345
2018-02-06 00:00:00.000000,0.33,0.33,12.00140854524478,12.00140854524478,12.64481982720447,12.64481982720447,9.753567857372465,9.753567857372465,14.49234221342502,14.49234221342502,18.77336987871416,18.77336987871416
2018-02-07 00:00:00.000000,0.33,0.33,11.9255134182871,11.9255134182871,12.59016281670583,12.59016281670583,9.248908556090631,9.248908556090631,14.4362174298235,14.4362174298235,18.74926401364741,18.74926401364741
2018-02-08 00:00:00.000000,0.33,0.33,12.06166079567241,12.06166079567241,12.70463700253314,12.70463700253314,9.808195672105258,9.808195672105258,14.55742444773666,14.55742444773666,18.8500378746767,18.8500378746767
2018-02-09 00:00:00.000000,0.33,0.33,11.98404650212332,11.98404650212332,12.64885773245839,12.64885773245839,9.29420395665927,9.29420395665927,14.50028571516085,14.50028571516085,18.82545841586641,18.82545841586641
2018-02-10 00:00:00.000000,0.33,0.33,11.95733273622268,11.95733273622268,12.62614527833756,12.62614527833756,9.272359568536393,9.272359568536393,14.47958465788416,14.47958465788416,18.80416820707999,18.80416820707999
2018-02-11 00:00:00.000000,0.33,0.33,12.30448052947525,12.30448052947525,12.91510341403869,12.91510341403869,10.59304751975553,10.59304751975553,14.78721122975367,14.78721122975367,19.08950363701198,19.08950363701198
2018-02-12 00:00:00.000000,0.33,0.33,12.62878008930128,12.62878008930128,13.21520466561961,13.21520466561961,11.07118975496062,11.07118975496062,15.09442382443149,15.09442382443149,19.40409853595281,19.40409853595281
2018-02-13 00:00:00.000000,0.33,0.33,12.43763162601728,12.43763162601728,13.09137048588716,13.09137048588716,9.628284638705223,9.628284638705223,14.9645415393596,14.9645415393596,19.37408580530811,19.37408580530811
2018-02-14 00:00:00.000000,0.33,0.33,12.40089734585071,12.40089734585071,13.06241349900028,13.06241349900028,9.602111317141757,9.602111317141757,14.94051896939366,14.94051896939366,19.35064427696199,19.35064427696199
2018-02-15 00:00:00.000000,0.33,0.33,12.44132316978295,12.44132316978295,13.09826333855965,13.09826333855965,9.849043901445627,9.849043901445627,14.98495863717631,14.98495863717631,19.38146109074869,19.38146109074869
2018-02-16 00:00:00.000000,0.33,0.33,12.43249083387914,12.43249083387914,13.09574606750256,13.09574606750256,9.772824592085046,9.772824592085046,14.98619688183645,14.98619688183645,19.39168484344708,19.39168484344708
2018-02-17 00:00:00.000000,0.33,0.33,12.40355107060638,12.40355107060638,13.0743121501078,13.0743121501078,9.674243855739284,9.674243855739284,14.96757229460694,14.96757229460694,19.379808843391,19.379808843391
2018-02-18 00:00:00.000000,0.33,0.33,12.48621115068698,12.48621115068698,13.14400390757595,13.14400390757595,10.02395694830439,10.02395694830439,15.04567490785309,15.04567490785309,19.44212928086144,19.44212928086144
2018-02-19 00:00:00.000000,0.33,0.33,12.50531223076213,12.50531223076213,13.1669757871134,13.1669757871134,9.952974045530214,9.952974045530214,15.07163850164373,15.07163850164373,19.48042142342305,19.48042142342305
2018-02-20 00:00:00.000000,0.33,0.33,12.47721180191433,12.47721180191433,13.14913584557926,13.14913584557926,9.784346575443053,9.784346575443053,15.05431801955076,15.05431801955076,19.47837072897869,19.47837072897869
2018-02-21 00:00:00.000000,0.33,0.33,12.43193861460977,12.43193861460977,13.11263558128177,13.11263558128177,9.637650355366064,9.637650355366064,15.01665568459928,15.01665568459928,19.45227620988664,19.45227620988664
2018-02-22 00:00:00.000000,0.33,0.33,12.40140756068554,12.40140756068554,13.08620187390572,13.08620187390572,9.61429965521083,9.61429965521083,14.99222497076622,14.99222497076622,19.427938609284,19.427938609284
2018-02-23 00:00:00.000000,0.33,0.33,12.37254314864859,12.37254314864859,13.06081974508742,13.06081974508742,9.592755870048531,9.592755870048531,14.96872339232822,14.96872339232822,19.40389548840225,19.40389548840225
2018-02-24 00:00:00.000000,0.33,0.33,12.38973821836228,12.38973821836228,13.0760531020779,13.0760531020779,9.719391660508967,9.719391660508967,14.99003753958893,14.99003753958893,19.41864004178016,19.41864004178016
2018-02-25 00:00:00.000000,0.33,0.33,12.55183719714321,12.55183719714321,13.21295081145289,13.21295081145289,10.29247206813275,10.29247206813275,15.13955188929778,15.13955188929778,19.54270631291331,19.54270631291331
2018-02-26 00:00:00.000000,0.33,0.33,12.74159881311105,12.74159881311105,13.37921625695367,13.37921625695367,10.69441292838136,10.69441292838136,15.31579225546262,15.31579225546262,19.71644487394623,19.71644487394623
2018-02-27 00:00:00.000000,0.33,0.33,12.60108150745482,12.60108150745482,13.2826555758927,13.2826555758927,9.766345725673265,9.766345725673265,15.20714186735819,15.20714186735819,19.68237443078419,19.68237443078419
2018-02-28 00:00:00.000000,0.33,0.33,12.56671810654553,12.56671810654553,13.25384642645403,13.25384642645403,9.739450819065997,9.739450819065997,15.18067575831289,15.18067575831289,19.65713186617409,19.65713186617409
2018-03-01 00:00:00.000000,0.33,0.33,12.53504611620892,12.53504611620892,13.22664929989738,13.22664929989738,9.71613207774533,9.71613207774533,15.15535015039423,15.15535015039423,19.63207360998741,19.63207360998741
2018-03-02 00:00:00.000000,0.33,0.33,13.2583013180123,13.2583013180123,13.8355048407663,13.8355048407663,12.23874195880567,12.23874195880567,15.81353306725521,15.81353306725521,20.18887411737668,20.18887411737668
2018-03-03 00:00:00.000000,0.33,0.33,13.68537325210624,13.68537325210624,14.24445740905925,14.24445740905925,12.54381092417102,12.54381092417102,16.23909231047518,16.23909231047518,20.67581699862439,20.67581699862439
2018-03-04 00:00:00.000000,0.33,0.33,13.3919185177945,13.3919185177945,14.05396720855179,14.05396720855179,10.37769039662908,10.37769039662908,16.02214584496629,16.02214584496629,20.6312776020131,20.6312776020131
2018-03-05 00:00:00.000000,0.33,0.33,13.33980445398604,13.33980445398604,14.01360492344196,14.01360492344196,10.33521425611968,10.33521425611968,15.98799811379255,15.98799811379255,20.6012974881026,20.6012974881026
2018-03-06 00:00:00.000000,0.33,0.33,13.29168672873504,13.29168672873504,13.97500061280787,13.97500061280787,10.29785016898224,10.29785016898224,15.95482888173187,15.95482888173187,20.57072989111686,20.57072989111686
2018-03-07 00:00:00.000000,0.33,0.33,13.24674353747081,13.24674353747081,13.93796482543239,13.93796482543239,10.26354819698659,10.26354819698659,15.92231952828142,15.92231952828142,20.54028711614499,20.54028711614499
2018-03-08 00:00:00.000000,0.33,0.33,13.77692991054949,13.77692991054949,14.3544517540134,14.3544517540134,12.33259309165033,12.33259309165033,16.35892338654536,16.35892338654536,20.87729662251511,20.87729662251511
2018-03-09 00:00:00.000000,0.33,0.33,13.52112766836418,13.52112766836418,14.18866600810022,14.18866600810022,10.4766803985971,10.4766803985971,16.17332224089044,16.17332224089044,20.8390639543962,20.8390639543962
2018-03-10 00:00:00.000000,0.33,0.33,13.47387882534928,13.47387882534928,14.15471589936864,14.15471589936864,10.43915369718971,10.43915369718971,16.14823857920387,16.14823857920387,20.81734321542194,20.81734321542194
2018-03-11 00:00:00.000000,0.33,0.33,13.43077804533409,13.43077804533409,14.12302534579621,14.12302534579621,10.40628473263622,10.40628473263622,16.12471927390429,16.12471927390429,20.79592779146631,20.79592779146631
2018-03-12 00:00:00.000000,0.33,0.33,13.39282083709964,13.39282083709964,14.09621113014254,14.09621113014254,10.37806613189267,10.37806613189267,16.10743624205256,16.10743624205256,20.78150771158431,20.78150771158431
2018-03-13 00:00:00.000000,0.33,0.33,13.41246607928893,13.41246607928893,14.11470179841675,14.11470179841675,10.55149188289599,10.55149188289599,16.13821300218995,16.13821300218995,20.80231251861528,20.80231251861528
2018-03-14 00:00:00.000000,0.33,0.33,13.51428572213868,13.51428572213868,14.19355903331406,14.19355903331406,10.96369582906283,10.96369582906283,16.22809845431107,16.22809845431107,20.87620335417045,20.87620335417045
2018-03-15 00:00:00.000000,0.33,0.33,13.41746532775992,13.41746532775992,14.1285647679732,14.1285647679732,10.40328065298354,10.40328065298354,16.15677572859752,16.15677572859752,20.85006096672416,20.85006096672416
2018-03-16 00:00:00.000000,0.33,0.33,13.37713769189937,13.37713769189937,14.09384654070401,14.09384654070401,10.37261456228209,10.37261456228209,16.12485565471955,16.12485565471955,20.81932976023575,20.81932976023575
2018-03-17 00:00:00.000000,0.33,0.33,13.33873189846523,13.33873189846523,14.06000440429787,14.06000440429787,10.34384509573156,10.34384509573156,16.09322902115825,16.09322902115825,20.78824291689531,20.78824291689531
2018-03-18 00:00:00.000000,0.33,0.33,13.30233863959679,13.30233863959679,14.02743529045415,14.02743529045415,10.31687030229419,10.31687030229419,16.06256867607745,16.06256867607745,20.75749481587901,20.75749481587901
2018-03-19 00:00:00.000000,0.33,0.33,13.26741243941842,13.26741243941842,13.99578649374085,13.99578649374085,10.2910076945756,10.2910076945756,16.03239154822673,16.03239154822673,20.72696176981158,20.72696176981158
2018-03-20 00:00:00.000000,0.33,0.33,13.23376013374982,13.23376013374982,13.96495983620681,13.96495983620681,10.266045373991,10.266045373991,16.00265397997022,16.00265397997022,20.69665085379241,20.69665085379241
2018-03-21 00:00:00.000000,0.33,0.33,13.20135598423006,13.20135598423006,13.93497769401668,13.93497769401668,10.24201012632022,10.24201012632022,15.97348819581693,15.97348819581693,20.66663669013277,20.66663669013277
2018-03-22 00:00:00.000000,0.33,0.33,13.17008632420499,13.17008632420499,13.90579017798543,13.90579017798543,10.218798602076,10.218798602076,15.94485493934612,15.94485493934612,20.63688817558169,20.63688817558169
2018-03-23 00:00:00.000000,0.33,0.33,13.47669520693344,13.47669520693344,14.15608399059841,14.15608399059841,11.38226235516616,11.38226235516616,16.21530520916125,16.21530520916125,20.8474626389898,20.8474626389898
2018-03-24 00:00:00.000000,0.33,0.33,13.54765771460717,13.54765771460717,14.23368883482079,14.23368883482079,11.14142152271098,11.14142152271098,16.29193471996327,16.29193471996327,20.96198313412379,20.96198313412379
2018-03-25 00:00:00.000000,0.33,0.33,13.46561762402607,13.46561762402607,14.18057174805188,14.18057174805188,10.53556979452121,10.53556979452121,16.23481769365662,16.23481769365662,20.96175449514402,20.96175449514402
2018-03-26 00:00:00.000000,0.33,0.33,13.41430526521434,13.41430526521434,14.13893303598475,14.13893303598475,10.40981803945937,10.40981803945937,16.19229662826628,16.19229662826628,20.92938905466276,20.92938905466276
2018-03-27 00:00:00.000000,0.33,0.33,13.37695501220603,13.37695501220603,14.10606687223821,14.10606687223821,10.3809432071315,10.3809432071315,16.16099097047564,16.16099097047564,20.89807386154643,20.89807386154643
2018-03-28 00:00:00.000000,0.33,0.33,13.34144497625839,13.34144497625839,14.07429885395004,14.07429885395004,10.35380387238165,10.35380387238165,16.13040878454978,16.13040878454978,20.86699336995469,20.86699336995469
2018-03-29 00:00:00.000000,0.33,0.33,13.30762951098101,13.30762951098101,14.04358867064503,14.04358867064503,10.32822289607141,10.32822289607141,16.10062055486112,16.10062055486112,20.8362200027781,20.8362200027781
2018-03-30 00:00:00.000000,0.33,0.33,13.27524530285208,13.27524530285208,14.01379924500678,14.01379924500678,10.3038814525737,10.3038814525737,16.07148271235972,16.07148271235972,20.8057572954956,20.8057572954956
2018-03-31 00:00:00.000000,0.33,0.33,13.24387157394344,13.24387157394344,13.98464336368881,13.98464336368881,10.2802462747896,10.2802462747896,16.04261284187742,16.04261284187742,20.77546772986091,20.77546772986091
2018-04-01 00:00:00.000000,0.33,0.33,13.21356941927234,13.21356941927234,13.95620921255536,13.95620921255536,10.25744498352183,10.25744498352183,16.01426031862776,16.01426031862776,20.74544369705336,20.74544369705336
2018-04-02 00:00:00.000000,0.33,0.33,13.18487467069315,13.18487467069315,13.92947580228527,13.92947580228527,10.23602421762576,10.23602421762576,15.98847343577434,15.98847343577434,20.71739685660213,20.71739685660213
2018-04-03 00:00:00.000000,0.33,0.33,13.25438901128471,13.25438901128471,13.98257517950568,13.98257517950568,10.55505392840668,10.55505392840668,16.04869246537295,16.04869246537295,20.75813078413368,20.75813078413368
2018-04-04 00:00:00.000000,0.33,0.33,13.31576912969292,13.31576912969292,14.03592544307112,14.03592544307112,10.6925361776212,10.6925361776212,16.10527344800552,16.10527344800552,20.81257354152976,20.81257354152976
2018-04-05 00:00:00.000000,0.33,0.33,13.30752675468259,13.30752675468259,14.03386256889016,14.03386256889016,10.53500751321986,10.53500751321986,16.10256546097646,16.10256546097646,20.82502460650348,20.82502460650348
2018-04-06 00:00:00.000000,0.33,0.33,13.24895477893058,13.24895477893058,13.98715643112968,13.98715643112968,10.28962171705358,10.28962171705358,16.05148844932049,16.05148844932049,20.79216818053226,20.79216818053226
2018-04-07 00:00:00.000000,0.33,0.33,13.21761890265641,13.21761890265641,13.95839434273328,13.95839434273328,10.26512083635276,10.26512083635276,16.02281526730146,16.02281526730146,20.76217289394906,20.76217289394906
2018-04-08 00:00:00.000000,0.33,0.33,13.1875944070981,13.1875944070981,13.93050800641329,13.93050800641329,10.24193270685053,10.24193270685053,15.9948267030511,15.9948267030511,20.73244618678673,20.73244618678673
2018-04-09 00:00:00.000000,0.33,0.33,13.15863011140431,13.15863011140431,13.9033018836917,13.9033018836917,10.21970119908888,10.21970119908888,15.96732007401896,15.96732007401896,20.70294695793864,20.70294695793864
2018-04-10 00:00:00.000000,0.33,0.33,13.13062999003999,13.13062999003999,13.87676022681269,13.87676022681269,10.19829629976505,10.19829629976505,15.94032851972514,15.94032851972514,20.67376150090397,20.67376150090397
2018-04-11 00:00:00.000000,0.33,0.33,13.10348564727266,13.10348564727266,13.85082081404648,13.85082081404648,10.17759120931058,10.17759120931058,15.91377722999245,15.91377722999245,20.6448270169158,20.6448270169158
2018-04-12 00:00:00.000000,0.33,0.33,13.0771180086907,13.0771180086907,13.82544616561786,13.82544616561786,10.1575164853635,10.1575164853635,15.88767412766163,15.88767412766163,20.61615388580247,20.61615388580247
2018-04-13 00:00:00.000000,0.33,0.33,13.05142610181333,13.05142610181333,13.80055075257971,13.80055075257971,10.13796801261908,10.13796801261908,15.86191849006654,15.86191849006654,20.5876945280348,20.5876945280348
2018-04-14 00:00:00.000000,0.33,0.33,13.02635101966134,13.02635101966134,13.77610793787304,13.77610793787304,10.11888957982185,10.11888957982185,15.83650785235269,15.83650785235269,20.55946218070421,20.55946218070421
2018-04-15 00:00:00.000000,0.33,0.33,13.00184220789322,13.00184220789322,13.75208950389982,13.75208950389982,10.10023078208305,10.10023078208305,15.8114089507036,15.8114089507036,20.53141881664741,20.53141881664741
2018-04-16 00:00:00.000000,0.33,0.33,13.38762940024303,13.38762940024303,14.07006607519261,14.07006607519261,11.48733433570137,11.48733433570137,16.1547881102394,16.1547881102394,20.81021627479896,20.81021627479896
2018-04-17 00:00:00.000000,0.33,0.33,13.8531948285885,13.8531948285885,14.4765955225706,14.4765955225706,12.57335355549907,12.57335355549907,16.58304020358453,16.58304020358453,21.2172697562361,21.2172697562361
2018-04-18 00:00:00.000000,0.33,0.33,13.58620421370504,13.58620421370504,14.30050970800701,14.30050970800701,10.55462683407137,10.55462683407137,16.3786183353012,16.3786183353012,21.17124453796146,21.17124453796146
2018-04-19 00:00:00.000000,0.33,0.33,13.54291000862132,13.54291000862132,14.26519233870281,14.26519233870281,10.51853109748753,10.51853109748753,16.34572380789743,16.34572380789743,21.13979221830873,21.13979221830873
2018-04-20 00:00:00.000000,0.33,0.33,13.52426597809772,13.52426597809772,14.24828142601033,14.24828142601033,10.57765249804926,10.57765249804926,16.33487234897249,16.33487234897249,21.12124045485816,21.12124045485816
2018-04-21 00:00:00.000000,0.33,0.33,13.47636934810223,13.47636934810223,14.20886087680159,14.20886087680159,10.46719916857209,10.46719916857209,16.29449410896902,16.29449410896902,21.08851451927784,21.08851451927784
2018-04-22 00:00:00.000000,0.33,0.33,13.43981736808048,13.43981736808048,14.17683490142475,14.17683490142475,10.43874978702375,10.43874978702375,16.2636989356434,16.2636989356434,21.05717108596147,21.05717108596147
2018-04-23 00:00:00.000000,0.33,0.33,13.40516942985613,13.40516942985613,14.14595366561394,14.14595366561394,10.41208066276763,10.41208066276763,16.2336796000887,16.2336796000887,21.02615120862473,21.02615120862473
2018-04-24 00:00:00.000000,0.33,0.33,13.37206083496741,13.37206083496741,14.11596247424112,14.11596247424112,10.38677404323089,10.38677404323089,16.20417444746784,16.20417444746784,20.99517265238338,20.99517265238338
2018-04-25 00:00:00.000000,0.33,0.33,13.34027471183695,13.34027471183695,14.08676043773888,14.08676043773888,10.3625975739366,10.3625975739366,16.17516849539291,16.17516849539291,20.96438563433217,20.96438563433217
2018-04-26 00:00:00.000000,0.33,0.33,13.30969322978529,13.30969322978529,14.05833130479505,14.05833130479505,10.33940811889301,10.33940811889301,16.14670107624413,16.14670107624413,20.93389760251467,20.93389760251467
2018-04-27 00:00:00.000000,0.33,0.33,13.28035237242991,13.28035237242991,14.03074854137333,14.03074854137333,10.31730225222379,10.31730225222379,16.11896050314207,16.11896050314207,20.90380851348121,20.90380851348121
2018-04-28 00:00:00.000000,0.33,0.33,13.34047131883424,13.34047131883424,14.07774362201233,14.07774362201233,10.5870001853232,10.5870001853232,16.17567325306881,16.17567325306881,20.94892985778949,20.94892985778949
2018-04-29 00:00:00.000000,0.33,0.33,13.28186279888848,13.28186279888848,14.03146484310243,14.03146484310243,10.32128421349784,10.32128421349784,16.12352477313972,16.12352477313972,20.91603184789345,20.91603184789345
2018-04-30 00:00:00.000000,0.33,0.33,13.25323374246098,13.25323374246098,14.00441499225519,14.00441499225519,10.29923603816328,10.29923603816328,16.09597286901206,16.09597286901206,20.88593136957999,20.88593136957999
2018-05-01 00:00:00.000000,0.33,0.33,13.22539312961598,13.22539312961598,13.97792292227676,13.97792292227676,10.27786736202951,10.27786736202951,16.06875233265639,16.06875233265639,20.85602197427679,20.85602197427679
2018-05-02 00:00:00.000000,0.33,0.33,13.18574518267029,13.18574518267029,13.93119484839923,13.93119484839923,10.24659636749293,10.24659636749293,16.00878910909579,16.00878910909579,20.79614048604514,20.79614048604514
2018-05-03 00:00:00.000000,0.33,0.33,13.15634794550514,13.15634794550514,13.90172216701282,13.90172216701282,10.22377125186598,10.22377125186598,15.9767871249107,15.9767871249107,20.76095000007452,20.76095000007452
2018-05-04 00:00:00.000000,0.33,0.33,13.12863873906021,13.12863873906021,13.8745340245258,13.8745340245258,10.2022734405327,10.2022734405327,15.94776729341537,15.94776729341537,20.72834167002717,20.72834167002717
2018-05-05 00:00:00.000000,0.33,0.33,13.10166087067202,13.10166087067202,13.84800420418867,13.84800420418867,10.18135668562138,10.18135668562138,15.91939755445044,15.91939755445044,20.69623669015334,20.69623669015334
2018-05-06 00:00:00.000000,0.33,0.33,13.07529936779843,13.07529936779843,13.82197722212348,13.82197722212348,10.16092730613098,10.16092730613098,15.89148066300894,15.89148066300894,20.66445477903126,20.66445477903126
2018-05-07 00:00:00.000000,0.33,0.33,13.04946952855583,13.04946952855583,13.79636020309766,13.79636020309766,10.14091541198704,10.14091541198704,15.86391611996881,15.86391611996881,20.63290886460291,20.63290886460291
2018-05-08 00:00:00.000000,0.33,0.33,13.02412333615211,13.02412333615211,13.77111724706924,13.77111724706924,10.12126864578411,10.12126864578411,15.83664865471508,15.83664865471508,20.60157612847442,20.60157612847442
2018-05-09 00:00:00.000000,0.33,0.33,12.9992208742835,12.9992208742835,13.74622100998808,13.74622100998808,10.10195821590913,10.10195821590913,15.80966799217176,15.80966799217176,20.57044890715553,20.57044890715553
2018-05-10 00:00:00.000000,0.33,0.33,12.97472458934367,12.97472458934367,13.72164136898031,13.72164136898031,10.08294121676632,10.08294121676632,15.78293499187787,15.78293499187787,20.53952095837759,20.53952095837759
2018-05-11 00:00:00.000000,0.33,0.33,12.95061508050578,12.95061508050578,13.69737379464982,13.69737379464982,10.06420067334612,10.06420067334612,15.756442800463,15.756442800463,20.50876242601868,20.50876242601868
2018-05-12 00:00:00.000000,0.33,0.33,12.92687886220495,12.92687886220495,13.67341816195092,13.67341816195092,10.04573520033009,10.04573520033009,15.73022200489153,15.73022200489153,20.47820907381715,20.47820907381715
2018-05-13 00:00:00.000000,0.33,0.33,12.90350767398394,12.90350767398394,13.64978112103286,13.64978112103286,10.02753496129961,10.02753496129961,15.7042852878952,15.7042852878952,20.44788489555716,20.44788489555716
2018-05-14 00:00:00.000000,0.33,0.33,12.88046505056163,12.88046505056163,13.62642048585994,13.62642048585994,10.00957510629483,10.00957510629483,15.67859062194485,15.67859062194485,20.41775514698184,20.41775514698184
2018-05-15 00:00:00.000000,0.33,0.33,12.85774465123691,12.85774465123691,13.60334169124046,13.60334169124046,9.991845739898116,9.991845739898116,15.6531387849341,15.6531387849341,20.38782948045181,20.38782948045181
2018-05-16 00:00:00.000000,0.33,0.33,12.83531226005929,12.83531226005929,13.58050295909663,13.58050295909663,9.974324215878061,9.974324215878061,15.62789788805287,15.62789788805287,20.35809580281454,20.35809580281454
2018-05-17 00:00:00.000000,0.33,0.33,12.82928203806719,12.82928203806719,13.57226369472918,13.57226369472918,9.983320240054114,9.983320240054114,15.61883949769705,15.61883949769705,20.34991742725072,20.34991742725072
2018-05-18 00:00:00.000000,0.33,0.33,12.82161544746082,12.82161544746082,13.56300764956383,13.56300764956383,9.989501132798523,9.989501132798523,15.61002446702676,15.61002446702676,20.3398045754056,20.3398045754056
2018-05-19 00:00:00.000000,0.33,0.33,12.80067187207699,12.80067187207699,13.54224886245439,13.54224886245439,9.963226755085271,9.963226755085271,15.58729942408293,15.58729942408293,20.31459062228655,20.31459062228655
2018-05-20 00:00:00.000000,0.33,0.33,12.96671202957766,12.96671202957766,13.68812155822459,13.68812155822459,10.45162087238417,10.45162087238417,15.74912179727704,15.74912179727704,20.47117729564583,20.47117729564583
2018-05-21 00:00:00.000000,0.33,0.33,12.89330111414628,12.89330111414628,13.63401205683426,13.63401205683426,10.02123903627697,10.02123903627697,15.68342846079892,15.68342846079892,20.43694479440768,20.43694479440768
2018-05-22 00:00:00.000000,0.33,0.33,12.86962478954886,12.86962478954886,13.61019348048814,13.61019348048814,10.00183596184375,10.00183596184375,15.65740634985493,15.65740634985493,20.40584674710691,20.40584674710691
2018-05-23 00:00:00.000000,0.33,0.33,12.84630217179269,12.84630217179269,13.58671497207742,13.58671497207742,9.983085740664507,9.983085740664507,15.63171927971552,15.63171927971552,20.37495509058704,20.37495509058704
2018-05-24 00:00:00.000000,0.33,0.33,12.82325116646884,12.82325116646884,13.56348699806333,13.56348699806333,9.964708443348526,9.964708443348526,15.6062661918136,15.6062661918136,20.34431647779842,20.34431647779842
2018-05-25 00:00:00.000000,0.33,0.33,12.80050659177512,12.80050659177512,13.54054043167779,13.54054043167779,9.946701290005663,9.946701290005663,15.58110896053468,15.58110896053468,20.31396822502442,20.31396822502442
2018-05-26 00:00:00.000000,0.33,0.33,12.7781194521189,12.7781194521189,13.51793119284365,13.51793119284365,9.929109924937688,9.929109924937688,15.5563895428746,15.5563895428746,20.28402403871674,20.28402403871674
2018-05-27 00:00:00.000000,0.33,0.33,12.7560246837025,12.7560246837025,13.4955797094416,13.4955797094416,9.911796196850169,9.911796196850169,15.53187100592358,15.53187100592358,20.25430366227008,20.25430366227008
2018-05-28 00:00:00.000000,0.33,0.33,12.73415846896683,12.73415846896683,13.47342185194053,13.47342185194053,9.894614631164794,9.894614631164794,15.50733857950844,15.50733857950844,20.22462713468122,20.22462713468122
2018-05-29 00:00:00.000000,0.33,0.33,12.71260621115461,12.71260621115461,13.45155375639144,13.45155375639144,9.87768009698498,9.87768009698498,15.48306615592047,15.48306615592047,20.19519310108839,20.19519310108839
2018-05-30 00:00:00.000000,0.33,0.33,12.69134870817964,12.69134870817964,13.42995871307802,13.42995871307802,9.860983048567595,9.860983048567595,15.45905809567735,15.45905809567735,20.1660105899293,20.1660105899293
2018-05-31 00:00:00.000000,0.33,0.33,12.6703478916312,12.6703478916312,13.40858449151652,13.40858449151652,9.844493464311748,9.844493464311748,15.43525830524458,15.43525830524458,20.13704475639539,20.13704475639539
2018-06-01 00:00:00.000000,0.33,0.33,12.64955153361948,12.64955153361948,13.38737135694656,13.38737135694656,9.828185532218948,9.828185532218948,15.41163142056176,15.41163142056176,20.10827446043017,20.10827446043017
2018-06-02 00:00:00.000000,0.33,0.33,12.6178373307581,12.6178373307581,13.34797332097635,13.34797332097635,9.80265508910141,9.80265508910141,15.3585913384109,15.3585913384109,20.05231714166604,20.05231714166604
2018-06-03 00:00:00.000000,0.33,0.33,12.59475440008562,12.59475440008562,13.32350833091017,13.32350833091017,9.784311099830827,9.784311099830827,15.33024936598318,15.33024936598318,20.01863242744218,20.01863242744218
2018-06-04 00:00:00.000000,0.33,0.33,12.57376463139185,12.57376463139185,13.30203497986103,13.30203497986103,9.7677231294993,9.7677231294993,15.30564683046772,15.30564683046772,19.98872812612079,19.98872812612079
2018-06-05 00:00:00.000000,0.33,0.33,12.59950685783165,12.59950685783165,13.32140667858938,13.32140667858938,9.839593293856744,9.839593293856744,15.32973205460643,15.32973205460643,20.02009309282438,20.02009309282438
2018-06-06 00:00:00.000000,0.33,0.33,12.56789539458099,12.56789539458099,13.29267078387866,13.29267078387866,9.76333178656616,9.76333178656616,15.29419449305485,15.29419449305485,19.98705953575203,19.98705953575203
2018-06-07 00:00:00.000000,0.33,0.33,12.54604391661266,12.54604391661266,13.27008725051065,13.27008725051065,9.74574568506101,9.74574568506101,15.26852500374465,15.26852500374465,19.95505728157979,19.95505728157979
2018-06-08 00:00:00.000000,0.33,0.33,12.52444166924637,12.52444166924637,13.24777119679313,13.24777119679313,9.728675637849548,9.728675637849548,15.24316241223757,15.24316241223757,19.92331639637118,19.92331639637118
2018-06-09 00:00:00.000000,0.33,0.33,12.50347796890604,12.50347796890604,13.22591167665838,13.22591167665838,9.713212058043789,9.713212058043789,15.21824792930948,15.21824792930948,19.89186998323623,19.89186998323623
2018-06-10 00:00:00.000000,0.33,0.33,12.48257181468275,12.48257181468275,13.20417635809097,13.20417635809097,9.697367521005264,9.697367521005264,15.19346750960485,15.19346750960485,19.86065833397788,19.86065833397788
2018-06-11 00:00:00.000000,0.33,0.33,12.46175158699814,12.46175158699814,13.18256504646937,13.18256504646937,9.68132357820383,9.68132357820383,15.16881543446502,15.16881543446502,19.82965783539467,19.82965783539467
2018-06-12 00:00:00.000000,0.33,0.33,12.44105406519178,12.44105406519178,13.16110663808765,13.16110663808765,9.665207266012047,9.665207266012047,15.14432949674976,15.14432949674976,19.79888578051725,19.79888578051725
2018-06-13 00:00:00.000000,0.33,0.33,12.42048421414092,12.42048421414092,13.13978813368002,13.13978813368002,9.649083207546443,9.649083207546443,15.11999189027502,15.11999189027502,19.76833184263165,19.76833184263165
2018-06-14 00:00:00.000000,0.33,0.33,12.40020346171091,12.40020346171091,13.11871103000692,13.11871103000692,9.63302552006492,9.63302552006492,15.09582109097239,15.09582109097239,19.73797793773489,19.73797793773489
2018-06-15 00:00:00.000000,0.33,0.33,12.38015161080729,12.38015161080729,13.09783287841756,13.09783287841756,9.617057480420943,9.617057480420943,15.0718163617012,15.0718163617012,19.70782076392002,19.70782076392002
2018-06-16 00:00:00.000000,0.33,0.33,12.36023405072519,12.36023405072519,13.07710468945145,13.07710468945145,9.601187640322816,9.601187640322816,15.04799606250718,15.04799606250718,19.67786977989056,19.67786977989056
2018-06-17 00:00:00.000000,0.33,0.33,12.34045184447417,12.34045184447417,13.05651146134369,13.05651146134369,9.585416109018816,9.585416109018816,15.02432296640161,15.02432296640161,19.64809914649334,19.64809914649334
2018-06-18 00:00:00.000000,0.33,0.33,12.3205314103861,12.3205314103861,13.03587579516424,13.03587579516424,9.569707054238254,9.569707054238254,15.00078306370223,15.00078306370223,19.61851320134632,19.61851320134632
2018-06-19 00:00:00.000000,0.33,0.33,12.30077615231839,12.30077615231839,13.01539766615742,13.01539766615742,9.554106863618003,9.554106863618003,14.97739822577726,14.97739822577726,19.589100789006,19.589100789006
2018-06-20 00:00:00.000000,0.33,0.33,12.28128433832501,12.28128433832501,12.99518182837977,12.99518182837977,9.53901079637016,9.53901079637016,14.95441267966655,14.95441267966655,19.55992322515326,19.55992322515326
2018-06-21 00:00:00.000000,0.33,0.33,12.27412444394052,12.27412444394052,12.98662763349379,12.98662763349379,9.541487324456769,9.541487324456769,14.94457646777613,14.94457646777613,19.54928984659421,19.54928984659421
2018-06-22 00:00:00.000000,0.33,0.33,12.27901242298723,12.27901242298723,12.98899035738522,12.98899035738522,9.568045843762079,9.568045843762079,14.94962228891018,14.94962228891018,19.55614159384243,19.55614159384243
2018-06-23 00:00:00.000000,0.33,0.33,12.25628626447705,12.25628626447705,12.96623408272066,12.96623408272066,9.522322737166792,9.522322737166792,14.92125988571857,14.92125988571857,19.52576465870813,19.52576465870813
2018-06-24 00:00:00.000000,0.33,0.33,12.23695968856837,12.23695968856837,12.94606388882172,12.94606388882172,9.50731266093224,9.50731266093224,14.89862537465538,14.89862537465538,19.49608292766186,19.49608292766186
2018-06-25 00:00:00.000000,0.33,0.33,12.21772110950773,12.21772110950773,12.92605531365312,12.92605531365312,9.492357972577866,9.492357972577866,14.87608780524085,14.87608780524085,19.46666309713591,19.46666309713591
2018-06-26 00:00:00.000000,0.33,0.33,12.19865209743446,12.19865209743446,12.90625430454358,12.90625430454358,9.477475414420125,9.477475414420125,14.85370634329802,14.85370634329802,19.4375326484093,19.4375326484093
2018-06-27 00:00:00.000000,0.33,0.33,12.17961757748217,12.17961757748217,12.88650121079132,12.88650121079132,9.462615108002447,9.462615108002447,14.83133203595486,14.83133203595486,19.40855247501965,19.40855247501965
2018-06-28 00:00:00.000000,0.33,0.33,12.16067913808617,12.16067913808617,12.8668546838727,12.8668546838727,9.447803405215213,9.447803405215213,14.80903162846137,14.80903162846137,19.37975404488992,19.37975404488992
2018-06-29 00:00:00.000000,0.33,0.33,12.14187248664384,12.14187248664384,12.84735339368903,12.84735339368903,9.433062222332302,9.433062222332302,14.78685151110601,14.78685151110601,19.35115339656791,19.35115339656791
2018-06-30 00:00:00.000000,0.33,0.33,12.12317653564764,12.12317653564764,12.82794970811979,12.82794970811979,9.418380331168574,9.418380331168574,14.76475631447465,14.76475631447465,19.32279750410921,19.32279750410921
2018-07-01 00:00:00.000000,0.33,0.33,12.10460944382029,12.10460944382029,12.80867412951515,12.80867412951515,9.403771170052504,9.403771170052504,14.74276635567655,14.74276635567655,19.29460569367158,19.29460569367158
2018-07-02 00:00:00.000000,0.33,0.33,12.07372146909478,12.07372146909478,12.76872472183871,12.76872472183871,9.37941334486692,9.37941334486692,14.68641005478355,14.68641005478355,19.23426122470831,19.23426122470831
2018-07-03 00:00:00.000000,0.33,0.33,12.05248670887795,12.05248670887795,12.74582308966014,12.74582308966014,9.362391202174951,9.362391202174951,14.65911253132761,14.65911253132761,19.20053897574945,19.20053897574945
2018-07-04 00:00:00.000000,0.33,0.33,12.03231877260424,12.03231877260424,12.72470649709588,12.72470649709588,9.346152722063634,9.346152722063634,14.63441083710306,14.63441083710306,19.16918648828902,19.16918648828902
2018-07-05 00:00:00.000000,0.33,0.33,12.01238430416985,12.01238430416985,12.70388732990611,12.70388732990611,9.330104752493302,9.330104752493302,14.6100909093125,14.6100909093125,19.13823644326281,19.13823644326281
2018-07-06 00:00:00.000000,0.33,0.33,11.99262720704597,11.99262720704597,12.68325267437588,12.68325267437588,9.31422112457585,9.31422112457585,14.58598973263772,14.58598973263772,19.10749392692379,19.10749392692379
2018-07-07 00:00:00.000000,0.33,0.33,11.97310066739938,11.97310066739938,12.66285031063118,12.66285031063118,9.298492876045097,9.298492876045097,14.56210433819115,14.56210433819115,19.07695359417357,19.07695359417357
2018-07-08 00:00:00.000000,0.33,0.33,11.95369079237281,11.95369079237281,12.64255300884443,12.64255300884443,9.282866843726248,9.282866843726248,14.53834115453484,14.53834115453484,19.04656686700052,19.04656686700052
2018-07-09 00:00:00.000000,0.33,0.33,11.93439565631669,11.93439565631669,12.6223579007972,12.6223579007972,9.267335857581148,9.267335857581148,14.51469109858992,14.51469109858992,19.0163425842417,19.0163425842417
2018-07-10 00:00:00.000000,0.33,0.33,11.91516574088343,11.91516574088343,12.60222734667088,12.60222734667088,9.251859374275291,9.251859374275291,14.49114678087632,14.49114678087632,18.98638727581654,18.98638727581654
2018-07-11 00:00:00.000000,0.33,0.33,11.89598854297562,11.89598854297562,12.58213623896662,12.58213623896662,9.236443121457071,9.236443121457071,14.46767229670286,14.46767229670286,18.95658659291029,18.95658659291029
2018-07-12 00:00:00.000000,0.33,0.33,11.87690817429536,11.87690817429536,12.56213178462417,12.56213178462417,9.221106243733173,9.221106243733173,14.44429148227878,14.44429148227878,18.92683521568668,18.92683521568668
2018-07-13 00:00:00.000000,0.33,0.33,11.85795878980492,11.85795878980492,12.54226881685525,12.54226881685525,9.205863650865204,9.205863650865204,14.42105266871361,14.42105266871361,18.89716136972794,18.89716136972794
2018-07-14 00:00:00.000000,0.33,0.33,11.83912233185078,11.83912233185078,12.52251721643767,12.52251721643767,9.190704324993478,9.190704324993478,14.39791722098221,14.39791722098221,18.86754807371579,18.86754807371579
2018-07-15 00:00:00.000000,0.33,0.33,11.82037438606612,11.82037438606612,12.50284411605845,12.50284411605845,9.175618969323294,9.175618969323294,14.37487195434449,14.37487195434449,18.83805139562968,18.83805139562968
2018-07-16 00:00:00.000000,0.33,0.33,11.80173252876907,11.80173252876907,12.48328039920844,12.48328039920844,9.1606231008415,9.1606231008415,14.35197120170394,14.35197120170394,18.80871380662927,18.80871380662927
2018-07-17 00:00:00.000000,0.33,0.33,11.78316473241534,11.78316473241534,12.46378656525461,12.46378656525461,9.14570397466605,9.14570397466605,14.32918146389256,14.32918146389256,18.77950918324827,18.77950918324827
2018-07-18 00:00:00.000000,0.33,0.33,11.92760849089268,11.92760849089268,12.60836688910019,12.60836688910019,9.383006570913023,9.383006570913023,14.4880064967305,14.4880064967305,18.97977041688928,18.97977041688928
2018-07-19 00:00:00.000000,0.33,0.33,11.89892547084435,11.89892547084435,12.58277631675736,12.58277631675736,9.237279921455952,9.237279921455952,14.45494855190164,14.45494855190164,18.95063004711884,18.95063004711884
2018-07-20 00:00:00.000000,0.33,0.33,11.88058566105436,11.88058566105436,12.5624848509402,12.5624848509402,9.22115640976672,9.22115640976672,14.43157878599247,14.43157878599247,18.91916686306668,18.91916686306668
2018-07-21 00:00:00.000000,0.33,0.33,11.86168844443637,11.86168844443637,12.54193011952487,12.54193011952487,9.20525973434322,9.20525973434322,14.40806527145918,14.40806527145918,18.88769657861411,18.88769657861411
2018-07-22 00:00:00.000000,0.33,0.33,11.90786017594384,11.90786017594384,12.5790103515742,12.5790103515742,9.39298668172989,9.39298668172989,14.44664541565704,14.44664541565704,18.91906367848653,18.91906367848653
2018-07-23 00:00:00.000000,0.33,0.33,11.9971988305887,11.9971988305887,12.65225013950491,12.65225013950491,9.687489904389745,9.687489904389745,14.5203464072379,14.5203464072379,18.98164451834299,18.98164451834299
2018-07-24 00:00:00.000000,0.33,0.33,11.94864881280314,11.94864881280314,12.61605519048301,12.61605519048301,9.31987807456244,9.31987807456244,14.48075834720037,14.48075834720037,18.95479237598896,18.95479237598896
2018-07-25 00:00:00.000000,0.33,0.33,11.92055746024805,11.92055746024805,12.58986038254885,12.58986038254885,9.251510704805806,9.251510704805806,14.4513467738587,14.4513467738587,18.9224703504185,18.9224703504185
2018-07-26 00:00:00.000000,0.33,0.33,11.91027423230437,11.91027423230437,12.58021916210978,12.58021916210978,9.262770840814676,9.262770840814676,14.43924203702391,14.43924203702391,18.90196317297466,18.90196317297466
2018-07-27 00:00:00.000000,0.33,0.33,11.8854784110062,11.8854784110062,12.5561983528944,12.5561983528944,9.221268332500115,9.221268332500115,14.41199644705272,14.41199644705272,18.87019809193627,18.87019809193627
2018-07-28 00:00:00.000000,0.33,0.33,11.86333638626604,11.86333638626604,12.53401235803248,12.53401235803248,9.203261814053617,9.203261814053617,14.38743241799238,14.38743241799238,18.83883962562689,18.83883962562689
2018-07-29 00:00:00.000000,0.33,0.33,11.84154793551287,11.84154793551287,12.51210236046685,12.51210236046685,9.185760304474353,9.185760304474353,14.36310164475969,14.36310164475969,18.80772855889042,18.80772855889042
2018-07-30 00:00:00.000000,0.33,0.33,11.82006282343968,11.82006282343968,12.49041672718986,12.49041672718986,9.168636792911407,9.168636792911407,14.33894499664385,14.33894499664385,18.77683442601296,18.77683442601296
2018-07-31 00:00:00.000000,0.33,0.33,11.79882299898451,11.79882299898451,12.46889525728514,12.46889525728514,9.151810079472186,9.151810079472186,14.31492350092991,14.31492350092991,18.74612717990904,18.74612717990904
2018-08-01 00:00:00.000000,0.33,0.33,11.7778501701706,11.7778501701706,12.4475855400872,12.4475855400872,9.135244620730992,9.135244620730992,14.29106933681548,14.29106933681548,18.71562483764447,18.71562483764447
2018-08-02 00:00:00.000000,0.33,0.33,11.76435475389931,11.76435475389931,12.43850890207267,12.43850890207267,9.124777899533203,9.124777899533203,14.2880067452524,14.2880067452524,18.70445413767683,18.70445413767683
2018-08-03 00:00:00.000000,0.33,0.33,11.74556514506694,11.74556514506694,12.41977910139371,12.41977910139371,9.11049674778261,9.11049674778261,14.26773533658812,14.26773533658812,18.67763404584748,18.67763404584748
2018-08-04 00:00:00.000000,0.33,0.33,11.72645508988692,11.72645508988692,12.4002902351891,12.4002902351891,9.095892622841179,9.095892622841179,14.24615185522426,14.24615185522426,18.64971456673528,18.64971456673528
2018-08-05 00:00:00.000000,0.33,0.33,11.70780319057729,11.70780319057729,12.38142896046703,12.38142896046703,9.081492852309804,9.081492852309804,14.22507917616153,14.22507917616153,18.62232103540403,18.62232103540403
2018-08-06 00:00:00.000000,0.33,0.33,11.68909677081612,11.68909677081612,12.36221913036725,12.36221913036725,9.067165049220506,9.067165049220506,14.20374107580801,14.20374107580801,18.59471141190555,18.59471141190555
2018-08-07 00:00:00.000000,0.33,0.33,11.67058837868695,11.67058837868695,12.34318160250515,12.34318160250515,9.05296625169311,9.05296625169311,14.18255010966728,14.18255010966728,18.56728117593995,18.56728117593995
2018-08-08 00:00:00.000000,0.33,0.33,11.65217840399882,11.65217840399882,12.32421353170357,12.32421353170357,9.038724138190364,9.038724138190364,14.16131138925367,14.16131138925367,18.53996092570901,18.53996092570901
2018-08-09 00:00:00.000000,0.33,0.33,11.63390538448027,11.63390538448027,12.30537501644498,12.30537501644498,9.024493436096476,9.024493436096476,14.1401359118274,14.1401359118274,18.51281855902687,18.51281855902687
2018-08-10 00:00:00.000000,0.33,0.33,11.61581639550045,11.61581639550045,12.28671701259634,12.28671701259634,9.010376668705861,9.010376668705861,14.11918219833688,14.11918219833688,18.48617993085928,18.48617993085928
2018-08-11 00:00:00.000000,0.33,0.33,11.5978767969947,11.5978767969947,12.26819158987793,12.26819158987793,8.996355116308376,8.996355116308376,14.09834261567002,14.09834261567002,18.45961524967611,18.45961524967611
2018-08-12 00:00:00.000000,0.33,0.33,11.58043949221046,11.58043949221046,12.2503943134851,12.2503943134851,8.982767320871398,8.982767320871398,14.07847022709404,14.07847022709404,18.43373322535713,18.43373322535713
2018-08-13 00:00:00.000000,0.33,0.33,11.56378729810464,11.56378729810464,12.23353787458139,12.23353787458139,8.971947054818598,8.971947054818598,14.05963828775558,14.05963828775558,18.40889495444883,18.40889495444883
2018-08-14 00:00:00.000000,0.33,0.33,11.57158063455701,11.57158063455701,12.24100666558762,12.24100666558762,8.989696750087727,8.989696750087727,14.0683901720158,14.0683901720158,18.42477792111929,18.42477792111929
2018-08-15 00:00:00.000000,0.33,0.33,11.55346752595724,11.55346752595724,12.22273376896141,12.22273376896141,8.964748202945378,8.964748202945378,14.04716358079684,14.04716358079684,18.39908163064946,18.39908163064946
2018-08-16 00:00:00.000000,0.33,0.33,11.53656598902493,11.53656598902493,12.20508860062,12.20508860062,8.952445156238163,8.952445156238163,14.0272934671475,14.0272934671475,18.37297553496417,18.37297553496417
2018-08-17 00:00:00.000000,0.33,0.33,11.5196885022039,11.5196885022039,12.18750418145126,12.18750418145126,8.93973721199174,8.93973721199174,14.00745357750608,14.00745357750608,18.34697983841255,18.34697983841255
2018-08-18 00:00:00.000000,0.33,0.33,11.53036634665941,11.53036634665941,12.1986636278885,12.1986636278885,8.957635175409859,8.957635175409859,14.0186826489014,14.0186826489014,18.36169874658645,18.36169874658645
2018-08-19 00:00:00.000000,0.33,0.33,11.75642092816494,11.75642092816494,12.3957225499212,12.3957225499212,9.713968199986951,9.713968199986951,14.22036450681866,14.22036450681866,18.55423849461679,18.55423849461679
2018-08-20 00:00:00.000000,0.33,0.33,11.77364268128038,11.77364268128038,12.42043203110386,12.42043203110386,9.430185107000124,9.430185107000124,14.24440103251137,14.24440103251137,18.59703453291744,18.59703453291744
2018-08-21 00:00:00.000000,0.33,0.33,11.7211320079547,11.7211320079547,12.38048402465741,12.38048402465741,9.090394847609536,9.090394847609536,14.20270942874499,14.20270942874499,18.56866474670464,18.56866474670464
2018-08-22 00:00:00.000000,0.33,0.33,11.6987666062231,11.6987666062231,12.35923242851788,12.35923242851788,9.071461758464064,9.071461758464064,14.18084852231685,14.18084852231685,18.54130485794942,18.54130485794942
2018-08-23 00:00:00.000000,0.33,0.33,11.67711300935342,11.67711300935342,12.33840818149121,12.33840818149121,9.053920073303809,9.053920073303809,14.15923208017716,14.15923208017716,18.51410964100639,18.51410964100639
2018-08-24 00:00:00.000000,0.33,0.33,11.65595793628481,11.65595793628481,12.31787999103831,12.31787999103831,9.037094140553943,9.037094140553943,14.13768973293416,14.13768973293416,18.48736571584507,18.48736571584507
2018-08-25 00:00:00.000000,0.33,0.33,11.63525121680616,11.63525121680616,12.29762291111608,12.29762291111608,9.020829253724441,9.020829253724441,14.11622651301249,14.11622651301249,18.4606697345176,18.4606697345176
2018-08-26 00:00:00.000000,0.33,0.33,11.61495199128071,11.61495199128071,12.27761290238337,12.27761290238337,9.005035960713906,9.005035960713906,14.09485237389171,14.09485237389171,18.43381227923568,18.43381227923568
2018-08-27 00:00:00.000000,0.33,0.33,11.59504076864754,11.59504076864754,12.25786665299808,12.25786665299808,8.989635090828594,8.989635090828594,14.07365095850917,14.07365095850917,18.40715571086007,18.40715571086007
2018-08-28 00:00:00.000000,0.33,0.33,11.57565671009588,11.57565671009588,12.23847849062745,12.23847849062745,8.976280938170516,8.976280938170516,14.05277730346348,14.05277730346348,18.38070881942453,18.38070881942453
2018-08-29 00:00:00.000000,0.33,0.33,11.55668334754339,11.55668334754339,12.21937530756696,12.21937530756696,8.963701838825532,8.963701838825532,14.03213325528931,14.03213325528931,18.35444688076044,18.35444688076044
2018-08-30 00:00:00.000000,0.33,0.33,11.53796202717389,11.53796202717389,12.200459131226,12.200459131226,8.950501020840113,8.950501020840113,14.01158786323125,14.01158786323125,18.32835506862836,18.32835506862836
2018-08-31 00:00:00.000000,0.33,0.33,11.51947108716873,11.51947108716873,12.18171274854261,12.18171274854261,8.936941397314285,8.936941397314285,13.9911346527673,13.9911346527673,18.30241099969257,18.30241099969257
2018-09-01 00:00:00.000000,0.33,0.33,11.50120109722435,11.50120109722435,12.16313742529518,12.16313742529518,8.923195051863013,8.923195051863013,13.97079263647482,13.97079263647482,18.27662331230172,18.27662331230172
2018-09-02 00:00:00.000000,0.33,0.33,11.49557104542335,11.49557104542335,12.16569469427818,12.16569469427818,8.917798590217863,8.917798590217863,13.98492677409664,13.98492677409664,18.28296672156781,18.28296672156781
2018-09-03 00:00:00.000000,0.33,0.33,11.4805950518696,11.4805950518696,12.15128686745161,12.15128686745161,8.90650388297376,8.90650388297376,13.97022542333656,13.97022542333656,18.2631727986184,18.2631727986184
2018-09-04 00:00:00.000000,0.33,0.33,11.46486949325536,11.46486949325536,12.1353588869603,12.1353588869603,8.894633455580342,8.894633455580342,13.9531815444219,13.9531815444219,18.24131589564541,18.24131589564541
2018-09-05 00:00:00.000000,0.33,0.33,11.44922188041384,11.44922188041384,12.11941365999826,12.11941365999826,8.882701188196274,8.882701188196274,13.93599669287266,13.93599669287266,18.21937608568421,18.21937608568421
2018-09-06 00:00:00.000000,0.33,0.33,11.43371117913016,11.43371117913016,12.10356613979671,12.10356613979671,8.870776598580907,8.870776598580907,13.91885463728541,13.91885463728541,18.1975307211522,18.1975307211522
2018-09-07 00:00:00.000000,0.33,0.33,11.43782876028293,11.43782876028293,12.10629861565185,12.10629861565185,8.880608462132068,8.880608462132068,13.92106991950751,13.92106991950751,18.20385190971522,18.20385190971522
2018-09-08 00:00:00.000000,0.33,0.33,11.44778912074789,11.44778912074789,12.11498336844589,12.11498336844589,8.89546751170803,8.89546751170803,13.93065585497411,13.93065585497411,18.21887041505521,18.21887041505521
2018-09-09 00:00:00.000000,0.33,0.33,11.43099195780366,11.43099195780366,12.09793943043909,12.09793943043909,8.872185358814136,8.872185358814136,13.9112480329653,13.9112480329653,18.19575480062024,18.19575480062024
2018-09-10 00:00:00.000000,0.33,0.33,11.44746975477104,11.44746975477104,12.11573726451239,12.11573726451239,8.894369084677283,8.894369084677283,13.93105356518887,13.93105356518887,18.2192428758945,18.2192428758945
2018-09-11 00:00:00.000000,0.33,0.33,11.62577993858535,11.62577993858535,12.27169748578395,12.27169748578395,9.47891829886679,9.47891829886679,14.09004834286322,14.09004834286322,18.37334772365471,18.37334772365471
2018-09-12 00:00:00.000000,0.33,0.33,11.66463416546086,11.66463416546086,12.31264435665739,12.31264435665739,9.359428883194713,9.359428883194713,14.13173365365258,14.13173365365258,18.42449207626383,18.42449207626383
2018-09-13 00:00:00.000000,0.33,0.33,12.18333541695086,12.18333541695086,12.75314527764406,12.75314527764406,11.09154330866458,11.09154330866458,14.58146478805406,14.58146478805406,18.83327935309023,18.83327935309023
2018-09-14 00:00:00.000000,0.33,0.33,12.01369520506706,12.01369520506706,12.64778976564755,12.64778976564755,9.407264754248022,9.407264754248022,14.47378777360916,14.47378777360916,18.82233813028228,18.82233813028228
2018-09-15 00:00:00.000000,0.33,0.33,11.97119859325956,11.97119859325956,12.61445931782816,12.61445931782816,9.282499756278153,9.282499756278153,14.44222853173047,14.44222853173047,18.79523776788072,18.79523776788072
2018-09-16 00:00:00.000000,0.33,0.33,11.94045828544288,11.94045828544288,12.58852815823677,12.58852815823677,9.256447274277953,9.256447274277953,14.41869776722106,14.41869776722106,18.76845353002039,18.76845353002039
2018-09-17 00:00:00.000000,0.33,0.33,11.91142516364071,11.91142516364071,12.5634303689035,12.5634303689035,9.232979326766896,9.232979326766896,14.39551521255389,14.39551521255389,18.74189379415884,18.74189379415884
2018-09-17 00:15:00.000003,0.33,0.33,11.91104735527005,11.91104735527005,12.5630377372326,12.5630377372326,9.23265382360188,9.23265382360188,14.39500493522281,14.39500493522281,18.74149371985838,18.74149371985838
2018-09-17 00:29:59.999997,0.33,0.33,11.91060984395871,11.91060984395871,12.56254021949056,12.56254021949056,9.232280024865569,9.232280024865569,14.39434150712597,14.39434150712597,18.74099702178962,18.74099702178962
2018-09-17 00:45:00.000000,0.33,0.33,11.9101540411385,11.9101540411385,12.56201121736046,12.56201121736046,9.23190613665613,9.23190613665613,14.39367757048794,14.39367757048794,18.74047272172345,18.74047272172345
2018-09-17 01:00:00.000003,0.33,0.33,11.90971914129826,11.90971914129826,12.56151663467381,12.56151663467381,9.231557148268408,9.231557148268408,14.3930952161645,14.3930952161645,18.73997949938929,18.73997949938929
2018-09-17 01:14:59.999997,0.33,0.33,11.90931159045838,11.90931159045838,12.56106984762842,12.56106984762842,9.231236094002588,9.231236094002588,14.39259995005906,14.39259995005906,18.73952972827563,18.73952972827563
2018-09-17 01:30:00.000000,0.33,0.33,11.90892743353546,11.90892743353546,12.56066458880267,12.56066458880267,9.23093741608357,9.23093741608357,14.39217324841503,14.39217324841503,18.73911850859314,18.73911850859314
2018-09-17 01:45:00.000003,0.33,0.33,11.90856651832437,11.90856651832437,12.56029933447624,12.56029933447624,9.230655965094297,9.230655965094297,14.39180388735873,14.39180388735873,18.73874409477352,18.73874409477352
2018-09-17 01:59:59.999997,0.33,0.33,11.9082282329594,11.9082282329594,12.55997233981891,12.55997233981891,9.230388924273377,9.230388924273377,14.39148395101463,14.39148395101463,18.73840418599112,18.73840418599112
2018-09-17 02:15:00.000000,0.33,0.33,11.90789844586615,11.90789844586615,12.55966242640165,12.55966242640165,9.230130286151345,9.230130286151345,14.39118807946707,14.39118807946707,18.73808046341803,18.73808046341803
2018-09-17 02:30:00.000003,0.33,0.33,11.90757748631987,11.90757748631987,12.55936760074946,12.55936760074946,9.229877830012473,9.229877830012473,14.39091176461391,14.39091176461391,18.73777124823255,18.73777124823255
2018-09-17 02:44:59.999997,0.33,0.33,11.90726332741423,11.90726332741423,12.559084468198,12.559084468198,9.229629800209022,9.229629800209022,14.39065006544571,14.39065006544571,18.7374730975977,18.7374730975977
2018-09-17 03:00:00.000000,0.33,0.33,11.90695435096652,11.90695435096652,12.55881027976703,12.55881027976703,9.22938518631702,9.22938518631702,14.39039927308512,14.39039927308512,18.73718341138119,18.73718341138119
2018-09-17 03:15:00.000003,0.33,0.33,11.90664921064464,11.90664921064464,12.55854272978177,12.55854272978177,9.229143148371465,9.229143148371465,14.390156451812,14.390156451812,18.73690003691454,18.73690003691454
2018-09-17 03:29:59.999997,0.33,0.33,11.90634696436767,11.90634696436767,12.55828014246027,12.55828014246027,9.228903070104732,9.228903070104732,14.38991950712933,14.38991950712933,18.73662141015345,18.73662141015345
2018-09-17 03:45:00.000000,0.33,0.33,11.90604693712422,11.90604693712422,12.55802130503178,12.55802130503178,9.228664506954088,9.228664506954088,14.38968694172523,14.38968694172523,18.73634638521587,18.73634638521587
2018-09-17 04:00:00.000003,0.33,0.33,11.90574863105116,11.90574863105116,12.5577653277609,12.5577653277609,9.22842714670735,9.22842714670735,14.38945767657467,14.38945767657467,18.73607411941821,18.73607411941821
2018-09-17 04:14:59.999997,0.33,0.33,11.90545168729288,11.90545168729288,12.55751156164119,12.55751156164119,9.228190758528436,9.228190758528436,14.3892309301163,14.3892309301163,18.73580399062456,18.73580399062456
2018-09-17 04:30:00.000000,0.33,0.33,11.90515583116316,11.90515583116316,12.55725951745003,12.55725951745003,9.227955178430843,9.227955178430843,14.38900612344696,14.38900612344696,18.7355355303201,18.7355355303201
2018-09-17 04:45:00.000003,0.33,0.33,11.90486087082081,11.90486087082081,12.55700884167702,12.55700884167702,9.227720280218662,9.227720280218662,14.38878283648586,14.38878283648586,18.73526839322433,18.73526839322433
2018-09-17 04:59:59.999997,0.33,0.33,11.90456665055539,11.90456665055539,12.55675925878448,12.55675925878448,9.227485975196801,9.227485975196801,14.3885607485633,14.3885607485633,18.73500231157834,18.73500231157834
2018-09-17 05:15:00.000000,0.33,0.33,11.90427305866013,11.90427305866013,12.55651056403059,12.55651056403059,9.227252192009352,9.227252192009352,14.38833962010756,14.38833962010756,18.7347370826176,18.7347370826176
2018-09-17 05:30:00.000003,0.33,0.33,11.90398000490113,11.90398000490113,12.55626259686326,12.55626259686326,9.227018879333444,9.227018879333444,14.38811926608805,14.38811926608805,18.73447254782716,18.73447254782716
2018-09-17 05:44:59.999997,0.33,0.33,11.90368742370581,11.90368742370581,12.55601523667993,12.55601523667993,9.226785995121258,9.226785995121258,14.38789954631684,14.38789954631684,18.73420858539113,18.73420858539113
2018-09-17 06:00:00.000000,0.33,0.33,11.90339526066653,11.90339526066653,12.55576838699841,12.55576838699841,9.226553508807024,9.226553508807024,14.38768035031838,14.38768035031838,18.73394509829803,18.73394509829803
2018-09-17 06:15:00.000003,0.33,0.33,11.90310347601992,11.90310347601992,12.55552197458719,12.55552197458719,9.226321394625918,9.226321394625918,14.38746159325171,14.38746159325171,18.73368201101581,18.73368201101581
2018-09-17 06:29:59.999997,0.33,0.33,11.90281203599759,11.90281203599759,12.55527593982547,12.55527593982547,9.226089633628208,9.226089633628208,14.38724320706551,14.38724320706551,18.73341926240016,18.73341926240016
2018-09-17 06:45:00.000000,0.33,0.33,11.90252091572482,11.90252091572482,12.55503023696207,12.55503023696207,9.225858209422707,9.225858209422707,14.38702513880491,14.38702513880491,18.7331568042263,18.7331568042263
2018-09-17 07:00:00.000003,0.33,0.33,11.90223009364059,11.90223009364059,12.55478482814487,12.55478482814487,9.225627109765922,9.225627109765922,14.38680734530331,14.38680734530331,18.73289459686906,18.73289459686906
2018-09-17 07:14:59.999997,0.33,0.33,11.90193955371312,11.90193955371312,12.55453968402113,12.55453968402113,9.225396323838536,9.225396323838536,14.38658979256375,14.38658979256375,18.73263260869986,18.73263260869986
2018-09-17 07:30:00.000000,0.33,0.33,11.90164928179833,11.90164928179833,12.55429477994727,12.55429477994727,9.225165843397086,9.225165843397086,14.38637245246258,14.38637245246258,18.73237081337466,18.73237081337466
2018-09-17 07:45:00.000003,0.33,0.33,11.90135926724261,11.90135926724261,12.55405009658348,12.55405009658348,9.22493566101693,9.22493566101693,14.38615530256923,14.38615530256923,18.73210918960491,18.73210918960491
2018-09-17 07:59:59.999997,0.33,0.33,11.90106950051014,11.90106950051014,12.55380561748184,12.55380561748184,9.224705770905398,9.224705770905398,14.38593832408452,14.38593832408452,18.73184771944489,18.73184771944489
2018-09-17 08:15:00.000000,0.33,0.33,11.90077997547457,11.90077997547457,12.55356133228736,12.55356133228736,9.224476169085092,9.224476169085092,14.38572150476062,14.38572150476062,18.73158639036578,18.73158639036578
2018-09-17 08:30:00.000003,0.33,0.33,11.90049068513385,11.90049068513385,12.55331722809123,12.55331722809123,9.224246849629804,9.224246849629804,14.38550482904222,14.38550482904222,18.73132518788113,18.73132518788113
2018-09-17 08:44:59.999997,0.33,0.33,11.90020162469485,11.90020162469485,12.55307329690129,12.55307329690129,9.224017809221895,9.224017809221895,14.38528828723633,14.38528828723633,18.73106410226704,18.73106410226704
2018-09-17 09:00:00.000000,0.33,0.33,11.89991278973076,11.89991278973076,12.55282953147883,12.55282953147883,9.223789044895003,9.223789044895003,14.38507187098009,14.38507187098009,18.7308031250767,18.7308031250767
2018-09-17 09:15:00.000003,0.33,0.33,11.89962417668351,11.89962417668351,12.55258592565113,12.55258592565113,9.223560553673527,9.223560553673527,14.38485557318799,14.38485557318799,18.73054224913059,18.73054224913059
2018-09-17 09:29:59.999997,0.33,0.33,11.89933578197932,11.89933578197932,12.55234247357878,12.55234247357878,9.223332333012461,9.223332333012461,14.38463938740817,14.38463938740817,18.73028146797211,18.73028146797211
2018-09-17 09:45:00.000000,0.33,0.33,11.89904760266906,11.89904760266906,12.55209917025987,12.55209917025987,9.223104380383804,9.223104380383804,14.38442330807322,14.38442330807322,18.73002077602971,18.73002077602971
2018-09-17 10:00:00.000003,0.33,0.33,11.89875963588872,11.89875963588872,12.55185601109857,12.55185601109857,9.22287669358063,9.22287669358063,14.38420733015721,14.38420733015721,18.72976016831194,18.72976016831194
2018-09-17 10:14:59.999997,0.33,0.33,11.8984718792676,11.8984718792676,12.55161299220485,12.55161299220485,9.222649270446086,9.222649270446086,14.38399144934329,14.38399144934329,18.72949964051615,18.72949964051615
2018-09-17 10:30:00.000000,0.33,0.33,11.89818433055233,11.89818433055233,12.55137011006769,12.55137011006769,9.22242210906584,9.22242210906584,14.38377566177646,14.38377566177646,18.72923918881228,18.72923918881228
2018-09-17 10:45:00.000003,0.33,0.33,11.89789698785787,11.89789698785787,12.55112736172003,12.55112736172003,9.222195207584862,9.222195207584862,14.38355996415314,14.38355996415314,18.7289788098993,18.7289788098993
2018-09-17 10:59:59.999997,0.33,0.33,11.89760984940642,11.89760984940642,12.55088474449754,12.55088474449754,9.221968564325799,9.221968564325799,14.38334435353524,14.38334435353524,18.72871850084508,18.72871850084508
2018-09-17 11:15:00.000000,0.33,0.33,11.89732291368187,11.89732291368187,12.55064225612901,12.55064225612901,9.221742177664458,9.221742177664458,14.38312882739205,14.38312882739205,18.72845825911041,18.72845825911041
2018-09-17 11:30:00.000003,0.33,0.33,11.89703617925655,11.89703617925655,12.55039989457326,12.55039989457326,9.221516046105386,9.221516046105386,14.38291338347272,14.38291338347272,18.72819808243924,18.72819808243924
2018-09-17 11:44:59.999997,0.33,0.33,11.89674964504921,11.89674964504921,12.55015765846009,12.55015765846009,9.221290168406552,9.221290168406552,14.38269802026481,14.38269802026481,18.72793796919933,18.72793796919933
2018-09-17 12:00:00.000000,0.33,0.33,11.89646330994058,11.89646330994058,12.54991554609756,12.54991554609756,9.221064542948382,9.221064542948382,14.38248273573226,14.38248273573226,18.72767791738263,18.72767791738263
2018-09-17 12:15:00.000003,0.33,0.33,11.89617568010308,11.89617568010308,12.54967164634815,12.54967164634815,9.220839185393718,9.220839185393718,14.3822658286901,14.3822658286901,18.72741659203408,18.72741659203408
2018-09-17 12:29:59.999997,0.33,0.33,11.89589039701765,11.89589039701765,12.54943021692801,12.54943021692801,9.220613617251495,9.220613617251495,14.38205096657956,14.38205096657956,18.72715693342844,18.72715693342844
2018-09-17 12:45:00.000000,0.33,0.33,11.89561368681375,11.89561368681375,12.54920209806382,12.54920209806382,9.220392337335541,9.220392337335541,14.38184960808302,14.38184960808302,18.726907783598,18.726907783598
2018-09-17 13:00:00.000003,0.33,0.33,11.89532633396084,11.89532633396084,12.54895929741927,12.54895929741927,9.220167635839774,9.220167635839774,14.38163360623416,14.38163360623416,18.72664652179885,18.72664652179885
2018-09-17 13:14:59.999997,0.33,0.33,11.89503968875154,11.89503968875154,12.548715832418,12.548715832418,9.219942866378327,9.219942866378327,14.38141671880888,14.38141671880888,18.72638532295728,18.72638532295728
2018-09-17 13:30:00.000000,0.33,0.33,11.89476189543598,11.89476189543598,12.54848542232609,12.54848542232609,9.219721559604565,9.219721559604565,14.38121296088977,14.38121296088977,18.72613440528186,18.72613440528186
2018-09-17 13:45:00.000003,0.33,0.33,11.89447429345969,11.89447429345969,12.54824128042356,12.54824128042356,9.219497115136647,9.219497115136647,14.38099540847246,14.38099540847246,18.7258720905833,18.7258720905833
2018-09-17 13:59:59.999997,0.33,0.33,11.89418778754337,11.89418778754337,12.54799718157814,12.54799718157814,9.219272656913404,9.219272656913404,14.38077767673304,14.38077767673304,18.7256102951394,18.7256102951394
2018-09-17 14:15:00.000000,0.33,0.33,11.89391038668118,11.89391038668118,12.54776666401224,12.54776666401224,9.21905220272002,9.21905220272002,14.38057361285342,14.38057361285342,18.7253592111597,18.7253592111597
2018-09-17 14:30:00.000003,0.33,0.33,11.89362250998842,11.89362250998842,12.54752168713312,12.54752168713312,9.218828018327264,9.218828018327264,14.38035514277473,14.38035514277473,18.72509611604628,18.72509611604628
2018-09-17 14:44:59.999997,0.33,0.33,11.89333586082569,11.89333586082569,12.54727678279118,12.54727678279118,9.218604021072993,9.218604021072993,14.38013648006762,14.38013648006762,18.72483362296967,18.72483362296967
2018-09-17 15:00:00.000000,0.33,0.33,11.89305843042358,11.89305843042358,12.54704558167898,12.54704558167898,9.218383776138982,9.218383776138982,14.37993158919475,14.37993158919475,18.72458189608097,18.72458189608097
2018-09-17 15:15:00.000003,0.33,0.33,11.89277103993703,11.89277103993703,12.5468005930015,12.5468005930015,9.21816030290136,9.21816030290136,14.37971291116811,14.37971291116811,18.72431870086564,18.72431870086564
2018-09-17 15:29:59.999997,0.33,0.33,11.89248487655979,11.89248487655979,12.546555826111,12.546555826111,9.217936932495713,9.217936932495713,14.37949422824264,14.37949422824264,18.72405619259403,18.72405619259403
2018-09-17 15:45:00.000000,0.33,0.33,11.8922079396306,11.8922079396306,12.54632481758654,12.54632481758654,9.217717367209506,9.217717367209506,14.37928937904887,14.37928937904887,18.72380449563184,18.72380449563184
2018-09-17 16:00:00.000003,0.33,0.33,11.8919210057616,11.8919210057616,12.54607999881272,12.54607999881272,9.217494550757138,9.217494550757138,14.37907073686717,14.37907073686717,18.72354131115507,18.72354131115507
2018-09-17 16:14:59.999997,0.33,0.33,11.89163532107641,11.89163532107641,12.54583542326667,12.54583542326667,9.217271848522355,9.217271848522355,14.37885210607885,14.37885210607885,18.72327883338432,18.72327883338432
2018-09-17 16:30:00.000000,0.33,0.33,11.89135886652457,11.89135886652457,12.54560460750115,12.54560460750115,9.217052918721489,9.217052918721489,14.37864730588566,14.37864730588566,18.72302716665609,18.72302716665609
2018-09-17 16:45:00.000003,0.33,0.33,11.89107248532491,11.89107248532491,12.54536008281179,12.54536008281179,9.216830800159803,9.216830800159803,14.37842881501103,14.37842881501103,18.72276409483939,18.72276409483939
2018-09-17 16:59:59.999997,0.33,0.33,11.89078737345151,11.89078737345151,12.54511584432036,12.54511584432036,9.216608785078856,9.216608785078856,14.37821037951527,14.37821037951527,18.7225017585739,18.7225017585739
2018-09-17 17:15:00.000000,0.33,0.33,11.8905114851093,11.8905114851093,12.54488536330877,12.54488536330877,9.21639057175075,9.21639057175075,14.37800576995967,14.37800576995967,18.72225023711684,18.72225023711684
2018-09-17 17:30:00.000003,0.33,0.33,11.89022560648958,11.89022560648958,12.54464110881616,12.54464110881616,9.216169123461539,9.216169123461539,14.37778742277624,14.37778742277624,18.72198725846718,18.72198725846718
2018-09-17 17:44:59.999997,0.33,0.33,11.88994100409177,11.88994100409177,12.54439713097387,12.54439713097387,9.215947785779493,9.215947785779493,14.37756911464778,14.37756911464778,18.72172501216277,18.72172501216277
2018-09-17 18:00:00.000000,0.33,0.33,11.88966561455044,11.88966561455044,12.54416688469357,12.54416688469357,9.215730202055315,9.215730202055315,14.37736460115446,14.37736460115446,18.72147355802606,18.72147355802606
2018-09-17 18:15:00.000003,0.33,0.33,11.88938031469043,11.88938031469043,12.54392297397118,12.54392297397118,9.215509454339571,9.215509454339571,14.37714645751416,14.37714645751416,18.72121073612356,18.72121073612356
2018-09-17 18:29:59.999997,0.33,0.33,11.88909630361789,11.88909630361789,12.54367937372673,12.54367937372673,9.215288800860423,9.215288800860423,14.37692838854144,14.37692838854144,18.72094866714363,18.72094866714363
2018-09-17 18:45:00.000000,0.33,0.33,11.88882149249186,11.88882149249186,12.54344949259236,12.54344949259236,9.21507193114091,9.21507193114091,14.37672409915516,14.37672409915516,18.72069738596923,18.72069738596923
2018-09-17 19:00:00.000003,0.33,0.33,11.88853670064683,11.88853670064683,12.54320587248399,12.54320587248399,9.214851844452799,9.214851844452799,14.37650612322337,14.37650612322337,18.72043467678282,18.72043467678282
2018-09-17 19:14:59.999997,0.33,0.33,11.88825320234263,11.88825320234263,12.54296254795056,12.54296254795056,9.214631859146387,9.214631859146387,14.37628819952232,14.37628819952232,18.72017271307529,18.72017271307529
2018-09-17 19:30:00.000000,0.33,0.33,11.88797889031435,11.88797889031435,12.54273291136781,12.54273291136781,9.2144156094566,9.2144156094566,14.37608401866532,14.37608401866532,18.71992151018311,18.71992151018311
2018-09-17 19:45:00.000003,0.33,0.33,11.88769467340935,11.88769467340935,12.54248963857683,12.54248963857683,9.21419621071432,9.21419621071432,14.37586625232625,14.37586625232625,18.71965896362403,18.71965896362403
2018-09-17 19:59:59.999997,0.33,0.33,11.88741175913383,11.88741175913383,12.54224668935186,12.54224668935186,9.213976896616083,9.213976896616083,14.37564856796518,14.37564856796518,18.71939717872012,18.71939717872012
2018-09-17 20:15:00.000000,0.33,0.33,11.88713801683971,11.88713801683971,12.54201741224528,12.54201741224528,9.213761341481186,9.213761341481186,14.37544460778442,14.37544460778442,18.71914614673182,18.71914614673182
2018-09-17 20:30:00.000003,0.33,0.33,11.88685431215858,11.88685431215858,12.54177443960187,12.54177443960187,9.213542593728455,9.213542593728455,14.37522701918064,14.37522701918064,18.71888372306483,18.71888372306483
2018-09-17 20:44:59.999997,0.33,0.33,11.88657032079637,11.88657032079637,12.54152987009487,12.54152987009487,9.213324043621743,9.213324043621743,14.37500781646528,14.37500781646528,18.71862071071394,18.71862071071394
2018-09-17 21:00:00.000000,0.33,0.33,11.88628898965333,11.88628898965333,12.54128800203929,12.54128800203929,9.21310516824348,9.21310516824348,14.37479088357063,14.37479088357063,18.71835955628461,18.71835955628461
2018-09-17 21:15:00.000003,0.33,0.33,11.8860168215273,11.8860168215273,12.54106035630897,12.54106035630897,9.212890641166936,9.212890641166936,14.37458830643068,14.37458830643068,18.71810955856527,18.71810955856527
2018-09-17 21:29:59.999997,0.33,0.33,11.8857344265404,11.8857344265404,12.54081884986524,12.54081884986524,9.212673074493342,9.212673074493342,14.37437201108488,14.37437201108488,18.71784807033142,18.71784807033142
2018-09-17 21:45:00.000000,0.33,0.33,11.88545318953198,11.88545318953198,12.54057742052699,12.54057742052699,9.2124555322559,9.2124555322559,14.37415555542389,14.37415555542389,18.71758717804256,18.71758717804256
2018-09-17 22:00:00.000003,0.33,0.33,11.88518095748406,11.88518095748406,12.54034936927689,12.54034936927689,9.212241627099118,9.212241627099118,14.3739525217116,14.3739525217116,18.71733682537937,18.71733682537937
2018-09-17 22:14:59.999997,0.33,0.33,11.88489879724026,11.88489879724026,12.54010764206653,12.54010764206653,9.212024559448105,9.212024559448105,14.37373588092541,14.37373588092541,18.71707510739438,18.71707510739438
2018-09-17 22:30:00.000000,0.33,0.33,11.88461789812878,11.88461789812878,12.53986615139253,12.53986615139253,9.211807529738406,9.211807529738406,14.37351922552576,14.37351922552576,18.71681408597787,18.71681408597787
2018-09-17 22:45:00.000003,0.33,0.33,11.88434607392151,11.88434607392151,12.53963818159073,12.53963818159073,9.211594221366827,9.211594221366827,14.37331613507482,14.37331613507482,18.71656371041832,18.71656371041832
2018-09-17 22:59:59.999997,0.33,0.33,11.8840642736516,11.8840642736516,12.53939648832013,12.53939648832013,9.21137769214256,9.21137769214256,14.37309940377779,14.37309940377779,18.71630192364064,18.71630192364064
2018-09-17 23:15:00.000000,0.33,0.33,11.88378376082673,11.88378376082673,12.53915506729007,12.53915506729007,9.211161233060272,9.211161233060272,14.37288268879233,14.37288268879233,18.71604086242067,18.71604086242067
2018-09-17 23:30:00.000003,0.33,0.33,11.88351234032253,11.88351234032253,12.53892719292973,12.53892719292973,9.210948463562644,9.210948463562644,14.37267956026814,14.37267956026814,18.71579046077434,18.71579046077434
2018-09-17 23:44:59.999997,0.33,0.33,11.88323102686905,11.88323102686905,12.53868571092492,12.53868571092492,9.21073254829974,9.21073254829974,14.37246290422014,14.37246290422014,18.7155287405256,18.7155287405256
2018-09-18 00:00:00.000000,0.33,0.33,11.88295102275752,11.88295102275752,12.5384445531817,12.5384445531817,9.210516693408787,9.210516693408787,14.3722463188918,14.3722463188918,18.71526777933585,18.71526777933585
2018-09-18 00:15:00.000003,0.33,0.33,11.97148172315669,11.97148172315669,12.58934871689792,12.58934871689792,10.25512665940763,10.25512665940763,14.42884215551144,14.42884215551144,18.7219099100012,18.7219099100012
2018-09-18 00:29:59.999997,0.33,0.33,11.99109505741669,11.99109505741669,12.60835106013417,12.60835106013417,10.29873882727494,10.29873882727494,14.45223194980039,14.45223194980039,18.72884022696564,18.72884022696564
2018-09-18 00:45:00.000000,0.33,0.33,11.99839187974463,11.99839187974463,12.61751448998416,12.61751448998416,10.30590708117887,10.30590708117887,14.46381442848789,14.46381442848789,18.73499342282308,18.73499342282308
2018-09-18 01:00:00.000003,0.33,0.33,12.00326322717567,12.00326322717567,12.6238239403532,12.6238239403532,10.30984337553786,10.30984337553786,14.47150098928214,14.47150098928214,18.7403413675646,18.7403413675646
2018-09-18 01:14:59.999997,0.33,0.33,12.00729372022261,12.00729372022261,12.62885076087082,12.62885076087082,10.31298444429454,10.31298444429454,14.47731605534009,14.47731605534009,18.74497802276723,18.74497802276723
2018-09-18 01:30:00.000000,0.33,0.33,12.01084194567859,12.01084194567859,12.63306171679664,12.63306171679664,10.31572821730177,10.31572821730177,14.48196717377326,14.48196717377326,18.74903347321573,18.74903347321573
2018-09-18 01:45:00.000003,0.33,0.33,12.01405754425452,12.01405754425452,12.63669223174549,12.63669223174549,10.31821886964544,10.31821886964544,14.48583126264253,14.48583126264253,18.75263969370637,18.75263969370637
2018-09-18 01:59:59.999997,0.33,0.33,12.01704023935724,12.01704023935724,12.63991160829092,12.63991160829092,10.3205402080626,10.3205402080626,14.48915974753332,14.48915974753332,18.75591735469649,18.75591735469649
2018-09-18 02:15:00.000000,0.33,0.33,12.01985438342012,12.01985438342012,12.64283231803186,12.64283231803186,10.32274476687707,10.32274476687707,14.49211558576052,14.49211558576052,18.75895370327352,18.75895370327352
2018-09-18 02:30:00.000003,0.33,0.33,12.02254428803669,12.02254428803669,12.64553241113491,12.64553241113491,10.32486650629673,10.32486650629673,14.49480658594321,14.49480658594321,18.76181174393933,18.76181174393933
2018-09-18 02:44:59.999997,0.33,0.33,12.02514929345629,12.02514929345629,12.64808100143803,12.64808100143803,10.32693159122481,10.32693159122481,14.4973180779469,14.4973180779469,18.76454651960912,18.76454651960912
2018-09-18 03:00:00.000000,0.33,0.33,12.02768789246022,12.02768789246022,12.65051185291011,12.65051185291011,10.32895446660267,10.32895446660267,14.49969492163171,14.49969492163171,18.76718573046044,18.76718573046044
2018-09-18 03:15:00.000003,0.33,0.33,12.03018307191131,12.03018307191131,12.65286520794712,12.65286520794712,10.33094844121951,10.33094844121951,14.50198280468796,14.50198280468796,18.76976141409094,18.76976141409094
2018-09-18 03:29:59.999997,0.33,0.33,12.03264123899607,12.03264123899607,12.6551535305136,12.6551535305136,10.33291947529064,10.33291947529064,14.50419877869328,14.50419877869328,18.77228404883964,18.77228404883964
2018-09-18 03:45:00.000000,0.33,0.33,12.03507712962624,12.03507712962624,12.65740237671722,12.65740237671722,10.33487514163716,10.33487514163716,14.50636999407891,14.50636999407891,18.77477373231074,18.77477373231074
2018-09-18 04:00:00.000003,0.33,0.33,12.03749236520918,12.03749236520918,12.6596157469811,12.6596157469811,10.33681788938904,10.33681788938904,14.50850265563153,14.50850265563153,18.77723409442405,18.77723409442405
2018-09-18 04:14:59.999997,0.33,0.33,12.03989205871232,12.03989205871232,12.66180200838523,12.66180200838523,10.33875020844959,10.33875020844959,14.51060602686378,14.51060602686378,18.77967205941198,18.77967205941198
2018-09-18 04:30:00.000000,0.33,0.33,12.04228050821386,12.04228050821386,12.66396930664771,12.66396930664771,10.34067478220864,10.34067478220864,14.5126887541384,14.5126887541384,18.78209407285332,18.78209407285332
2018-09-18 04:45:00.000003,0.33,0.33,12.04466287418694,12.04466287418694,12.66612669836191,12.66612669836191,10.34259420047394,10.34259420047394,14.51476005489331,14.51476005489331,18.78450706705748,18.78450706705748
2018-09-18 04:59:59.999997,0.33,0.33,12.04703589755594,12.04703589755594,12.66826891044642,12.66826891044642,10.34450762802207,10.34450762802207,14.51681569277897,14.51681569277897,18.78690749535942,18.78690749535942
2018-09-18 05:15:00.000000,0.33,0.33,12.04940603988031,12.04940603988031,12.67040686686002,12.67040686686002,10.34641763135208,10.34641763135208,14.51886612818998,14.51886612818998,18.78930378150702,18.78930378150702
2018-09-18 05:30:00.000003,0.33,0.33,12.05176922351016,12.05176922351016,12.67253395119781,12.67253395119781,10.34832304450756,10.34832304450756,14.52090562887067,14.52090562887067,18.7916911765589,18.7916911765589
2018-09-18 05:44:59.999997,0.33,0.33,12.05413123944429,12.05413123944429,12.6746599059078,12.6746599059078,10.35022606154327,10.35022606154327,14.52294335815244,14.52294335815244,18.7940771117309,18.7940771117309
2018-09-18 06:00:00.000000,0.33,0.33,12.05648765608598,12.05648765608598,12.67677744683412,12.67677744683412,10.35212527854193,10.35212527854193,14.52497283625061,14.52497283625061,18.79645629034913,18.79645629034913
2018-09-18 06:15:00.000003,0.33,0.33,12.0588443123732,12.0588443123732,12.67889636060558,12.67889636060558,10.35402288056982,10.35402288056982,14.52700310084567,14.52700310084567,18.79883600099305,18.79883600099305
2018-09-18 06:29:59.999997,0.33,0.33,12.06119827641811,12.06119827641811,12.68101203798215,12.68101203798215,10.35591806663716,10.35591806663716,14.5290301188214,14.5290301188214,18.80121286515696,18.80121286515696
2018-09-18 06:45:00.000000,0.33,0.33,12.06354774959906,12.06354774959906,12.68312114828168,12.68312114828168,10.35780982302127,10.35780982302127,14.5310508763094,14.5310508763094,18.80358477672767,18.80358477672767
2018-09-18 07:00:00.000003,0.33,0.33,12.06589792315688,12.06589792315688,12.68523250073763,12.68523250073763,10.35970037297083,10.35970037297083,14.5330734431662,14.5330734431662,18.80595810248479,18.80595810248479
2018-09-18 07:14:59.999997,0.33,0.33,12.06824596316288,12.06824596316288,12.68734157712149,12.68734157712149,10.36158879652951,10.36158879652951,14.5350938423077,14.5350938423077,18.80832950072247,18.80832950072247
2018-09-18 07:30:00.000000,0.33,0.33,12.07059027354838,12.07059027354838,12.68944540112232,12.68944540112232,10.36347420911068,10.36347420911068,14.53710938688428,14.53710938688428,18.81069709011735,18.81069709011735
2018-09-18 07:45:00.000003,0.33,0.33,12.07293300746156,12.07293300746156,12.69154763426593,12.69154763426593,10.36535755441216,10.36535755441216,14.53912337323195,14.53912337323195,18.81306355595659,18.81306355595659
2018-09-18 07:59:59.999997,0.33,0.33,12.07528017495597,12.07528017495597,12.69365811138119,12.69365811138119,10.36724419264036,10.36724419264036,14.54115845571681,14.54115845571681,18.81545119919332,18.81545119919332
2018-09-18 08:15:00.000000,0.33,0.33,12.07762833589907,12.07762833589907,12.69577161199808,12.69577161199808,10.36913242646935,10.36913242646935,14.5432056009265,14.5432056009265,18.81784807087434,18.81784807087434
2018-09-18 08:30:00.000003,0.33,0.33,12.0799749425887,12.0799749425887,12.6978837480299,12.6978837480299,10.3710177908165,10.3710177908165,14.54524662793171,14.54524662793171,18.82023778657947,18.82023778657947
2018-09-18 08:44:59.999997,0.33,0.33,12.08231946245983,12.08231946245983,12.69999387785221,12.69999387785221,10.37289981066725,10.37289981066725,14.54727993363187,14.54727993363187,18.82262016783378,18.82262016783378
2018-09-18 09:00:00.000000,0.33,0.33,12.08466387061169,12.08466387061169,12.70210521846004,12.70210521846004,10.37477964966175,10.37477964966175,14.54931057452897,14.54931057452897,18.82499993972435,18.82499993972435
2018-09-18 09:15:00.000003,0.33,0.33,12.08700601118101,12.08700601118101,12.70421406091006,12.70421406091006,10.37665691230915,10.37665691230915,14.55133679808399,14.55133679808399,18.82737596516774,18.82737596516774
2018-09-18 09:29:59.999997,0.33,0.33,12.08934569505593,12.08934569505593,12.70631996488076,12.70631996488076,10.37853153843584,10.37853153843584,14.55335916560227,14.55335916560227,18.8297489846992,18.8297489846992
2018-09-18 09:45:00.000000,0.33,0.33,12.09168293454883,12.09168293454883,12.70842289173285,12.70842289173285,10.38040363864526,10.38040363864526,14.55537814147206,14.55537814147206,18.83211946108543,18.83211946108543
2018-09-18 10:00:00.000003,0.33,0.33,12.0940166730346,12.0940166730346,12.7105209550804,12.7105209550804,10.38227276309096,10.38227276309096,14.55739226776962,14.55739226776962,18.83448628647449,18.83448628647449
2018-09-18 10:14:59.999997,0.33,0.33,12.09634835482993,12.09634835482993,12.71261659378887,12.71261659378887,10.38413967823323,10.38413967823323,14.55940388585147,14.55940388585147,18.8368513418979,18.8368513418979
2018-09-18 10:30:00.000000,0.33,0.33,12.09868150489469,12.09868150489469,12.71471589972428,12.71471589972428,10.38600579144672,10.38600579144672,14.56141873023532,14.56141873023532,18.83921892619355,18.83921892619355
2018-09-18 10:45:00.000003,0.33,0.33,12.10101150452728,12.10101150452728,12.71681125500979,12.71681125500979,10.38786952664727,10.38786952664727,14.56342999600743,14.56342999600743,18.84158361160493,18.84158361160493
2018-09-18 10:59:59.999997,0.33,0.33,12.10334004099216,12.10334004099216,12.71890520267919,12.71890520267919,10.38973132214405,10.38973132214405,14.56543995060814,14.56543995060814,18.84394742593199,18.84394742593199
2018-09-18 11:15:00.000000,0.33,0.33,12.10566708911386,12.10566708911386,12.72099786022762,12.72099786022762,10.39159129362574,10.39159129362574,14.56744873299538,14.56744873299538,18.84631039600684,18.84631039600684
2018-09-18 11:30:00.000003,0.33,0.33,12.10799584643068,12.10799584643068,12.72309459424372,12.72309459424372,10.39345070276195,10.39345070276195,14.5694613037224,14.5694613037224,18.84867630293735,18.84867630293735
2018-09-18 11:44:59.999997,0.33,0.33,12.11032080847966,12.11032080847966,12.7251862868298,12.7251862868298,10.39530750139731,10.39530750139731,14.57146944347454,14.57146944347454,18.85103869360535,18.85103869360535
2018-09-18 12:00:00.000000,0.33,0.33,12.11264438127894,12.11264438127894,12.7272766836675,12.7272766836675,10.39716242399239,10.39716242399239,14.57347643316995,14.57347643316995,18.85340040500108,18.85340040500108
2018-09-18 12:15:00.000003,0.33,0.33,12.11496973673286,12.11496973673286,12.72937132152905,12.72937132152905,10.39901684837467,10.39901684837467,14.57548723742799,14.57548723742799,18.85576502890732,18.85576502890732
2018-09-18 12:29:59.999997,0.33,0.33,12.11729374837479,12.11729374837479,12.73146520215454,12.73146520215454,10.40086973539871,10.40086973539871,14.57749724782607,14.57749724782607,18.85812879589776,18.85812879589776
2018-09-18 12:45:00.000000,0.33,0.33,12.11961677972927,12.11961677972927,12.73355872639425,12.73355872639425,10.40272100866975,10.40272100866975,14.57950675665073,14.57950675665073,18.860492235012,18.860492235012
2018-09-18 13:00:00.000003,0.33,0.33,12.12193818973348,12.12193818973348,12.73565111466162,12.73565111466162,10.4045699445092,10.4045699445092,14.58151518301094,14.58151518301094,18.86285505596542,18.86285505596542
2018-09-18 13:14:59.999997,0.33,0.33,12.12425781294884,12.12425781294884,12.73774129989746,12.73774129989746,10.40641649606573,10.40641649606573,14.58352168526032,14.58352168526032,18.86521648302055,18.86521648302055
2018-09-18 13:30:00.000000,0.33,0.33,12.12657637332643,12.12657637332643,12.73983101630164,12.73983101630164,10.40826143148113,10.40826143148113,14.58552790202844,14.58552790202844,18.86757779009388,18.86757779009388
2018-09-18 13:45:00.000003,0.33,0.33,12.12889357035938,12.12889357035938,12.7419196276561,12.7419196276561,10.41010474869221,10.41010474869221,14.58753331989084,14.58753331989084,18.8699385027218,18.8699385027218
2018-09-18 13:59:59.999997,0.33,0.33,12.13121228608774,12.13121228608774,12.74401192885894,12.74401192885894,10.41194752431365,10.41194752431365,14.58954239410002,14.58954239410002,18.87230205478489,18.87230205478489
2018-09-18 14:15:00.000000,0.33,0.33,12.13352958358454,12.13352958358454,12.74610314688537,12.74610314688537,10.41378887395324,10.41378887395324,14.59155075707539,14.59155075707539,18.87466491512271,18.87466491512271
2018-09-18 14:30:00.000003,0.33,0.33,12.13584550464498,12.13584550464498,12.74819330503424,12.74819330503424,10.41562851903497,10.41562851903497,14.59355805984051,14.59355805984051,18.87702688739298,18.87702688739298
2018-09-18 14:44:59.999997,0.33,0.33,12.13816062607087,12.13816062607087,12.75028342283463,12.75028342283463,10.41746668171272,10.41746668171272,14.59556481964707,14.59556481964707,18.87938819412663,18.87938819412663
2018-09-18 15:00:00.000000,0.33,0.33,12.14047521287809,12.14047521287809,12.75237396387522,12.75237396387522,10.41930351011838,10.41930351011838,14.59757144909781,14.59757144909781,18.88174905865401,18.88174905865401
2018-09-18 15:15:00.000003,0.33,0.33,12.14278825367022,12.14278825367022,12.75446325946644,12.75446325946644,10.42113867130947,10.42113867130947,14.59957676305334,14.59957676305334,18.88410869240579,18.88410869240579
2018-09-18 15:29:59.999997,0.33,0.33,12.14509939294972,12.14509939294972,12.75655014379884,12.75655014379884,10.42297174050418,10.42297174050418,14.60157997411401,14.60157997411401,18.88646667703543,18.88646667703543
2018-09-18 15:45:00.000000,0.33,0.33,12.14740922331818,12.14740922331818,12.7586359895966,12.7586359895966,10.42480328659157,10.42480328659157,14.6035825356777,14.6035825356777,18.88882430380206,18.88882430380206
2018-09-18 16:00:00.000003,0.33,0.33,12.14972044101417,12.14972044101417,12.76072527779514,12.76072527779514,10.42663447521131,10.42663447521131,14.60558913647646,14.60558913647646,18.89118510757913,18.89118510757913
2018-09-18 16:14:59.999997,0.33,0.33,12.15202820966408,12.15202820966408,12.76280995597824,12.76280995597824,10.42846331076162,10.42846331076162,14.60759224898953,14.60759224898953,18.89354332602095,18.89354332602095
2018-09-18 16:30:00.000000,0.33,0.33,12.15433425577645,12.15433425577645,12.76489262442234,12.76489262442234,10.43029025365284,10.43029025365284,14.6095937999564,14.6095937999564,18.89590077377257,18.89590077377257
2018-09-18 16:45:00.000003,0.33,0.33,12.15663816513844,12.15663816513844,12.76697302731128,12.76697302731128,10.43211530755143,10.43211530755143,14.61159358928422,14.61159358928422,18.89825720872175,18.89825720872175
2018-09-18 16:59:59.999997,0.33,0.33,12.15894237510696,12.15894237510696,12.76905582965061,12.76905582965061,10.43393950167357,10.43393950167357,14.61359607896849,14.61359607896849,18.90061603080146,18.90061603080146
2018-09-18 17:15:00.000000,0.33,0.33,12.16124222584306,12.16124222584306,12.77113302288047,12.77113302288047,10.43576108338053,10.43576108338053,14.61559393702229,14.61559393702229,18.90297139954335,18.90297139954335
2018-09-18 17:30:00.000003,0.33,0.33,12.16354253618721,12.16354253618721,12.77321257849177,12.77321257849177,10.43758186202802,10.43758186202802,14.6175943013929,14.6175943013929,18.90532900968767,18.90532900968767
2018-09-18 17:44:59.999997,0.33,0.33,12.16584049254521,12.16584049254521,12.77528996889885,12.77528996889885,10.43940085279015,10.43940085279015,14.61959311075224,14.61959311075224,18.90768546504919,18.90768546504919
2018-09-18 18:00:00.000000,0.33,0.33,12.16813465661318,12.16813465661318,12.77736250028049,12.77736250028049,10.44121721146507,10.44121721146507,14.62158787288068,14.62158787288068,18.91003899673314,18.91003899673314
2018-09-18 18:15:00.000003,0.33,0.33,12.17043060538593,12.17043060538593,12.7794397136739,12.7794397136739,10.44303434186659,10.44303434186659,14.6235874853077,14.6235874853077,18.91239451640254,18.91239451640254
2018-09-18 18:29:59.999997,0.33,0.33,12.17272461918587,12.17272461918587,12.78151544569779,12.78151544569779,10.44485012230666,10.44485012230666,14.6255863760121,14.6255863760121,18.91474820766938,18.91474820766938
2018-09-18 18:45:00.000000,0.33,0.33,12.17501919027036,12.17501919027036,12.78359374706111,12.78359374706111,10.44666512517492,10.44666512517492,14.62758786609027,14.62758786609027,18.91710410426055,18.91710410426055
2018-09-18 19:00:00.000003,0.33,0.33,12.17731144449529,12.17731144449529,12.7856698908493,12.7856698908493,10.44847804550372,10.44847804550372,14.62958756541134,14.62958756541134,18.91945918723133,18.91945918723133
2018-09-18 19:14:59.999997,0.33,0.33,12.17960131573022,12.17960131573022,12.78774357616563,12.78774357616563,10.45028875238199,10.45028875238199,14.63158510880028,14.63158510880028,18.92181334045186,18.92181334045186
2018-09-18 19:30:00.000000,0.33,0.33,12.1818896230028,12.1818896230028,12.78981614138654,12.78981614138654,10.45209771298743,10.45209771298743,14.63358156740948,14.63358156740948,18.92416715292414,18.92416715292414
2018-09-18 19:45:00.000003,0.33,0.33,12.18417553600363,12.18417553600363,12.79188640073125,12.79188640073125,10.45390466168387,10.45390466168387,14.63557592392135,14.63557592392135,18.92651968400165,18.92651968400165
2018-09-18 19:59:59.999997,0.33,0.33,12.18645880379472,12.18645880379472,12.7939535113806,12.7939535113806,10.45570931340572,10.45570931340572,14.63756740416607,14.63756740416607,18.92887020626095,18.92887020626095
2018-09-18 20:15:00.000000,0.33,0.33,12.1887405587617,12.1887405587617,12.79601966038645,12.79601966038645,10.45751243990605,10.45751243990605,14.63955809094455,14.63955809094455,18.93122031203898,18.93122031203898
2018-09-18 20:30:00.000003,0.33,0.33,12.1910231312539,12.1910231312539,12.79808878166419,12.79808878166419,10.45931500990707,10.45931500990707,14.64155175858267,14.64155175858267,18.93357280934823,18.93357280934823
2018-09-18 20:44:59.999997,0.33,0.33,12.19330405202374,12.19330405202374,12.80015672765763,12.80015672765763,10.46111618057899,10.46111618057899,14.6435447895136,14.6435447895136,18.93592478481694,18.93592478481694
2018-09-18 21:00:00.000000,0.33,0.33,12.1955814033413,12.1955814033413,12.80222005905553,12.80222005905553,10.46291487996914,10.46291487996914,14.64553415318871,14.64553415318871,18.93827411809386,18.93827411809386
2018-09-18 21:15:00.000003,0.33,0.33,12.19785688237951,12.19785688237951,12.80428152236209,12.80428152236209,10.46471184952384,10.46471184952384,14.64752221356596,14.64752221356596,18.94062275004749,18.94062275004749
2018-09-18 21:29:59.999997,0.33,0.33,12.2001327011332,12.2001327011332,12.80634507394913,12.80634507394913,10.46650810500724,10.46650810500724,14.64951258643592,14.64951258643592,18.94297334042002,18.94297334042002
2018-09-18 21:45:00.000000,0.33,0.33,12.20240468275442,12.20240468275442,12.80840359370901,12.80840359370901,10.46830193530015,10.46830193530015,14.65149880744196,14.65149880744196,18.94532076828624,18.94532076828624
2018-09-18 22:00:00.000003,0.33,0.33,12.20467712619328,12.20467712619328,12.81046428936816,12.81046428936816,10.47009500177364,10.47009500177364,14.65348735626122,14.65348735626122,18.94767024683745,18.94767024683745
2018-09-18 22:14:59.999997,0.33,0.33,12.20694578010687,12.20694578010687,12.8125200285471,12.8125200285471,10.47188566812722,10.47188566812722,14.65547175815868,14.65547175815868,18.95001654070031,18.95001654070031
2018-09-18 22:30:00.000000,0.33,0.33,12.20921497000586,12.20921497000586,12.8145780560812,12.8145780560812,10.47367560292319,10.47367560292319,14.65745852966869,14.65745852966869,18.95236488898976,18.95236488898976
2018-09-18 22:45:00.000003,0.33,0.33,12.21148045838981,12.21148045838981,12.81663126808282,12.81663126808282,10.47546317549826,10.47546317549826,14.65944123388996,14.65944123388996,18.95471008526493,18.95471008526493
2018-09-18 22:59:59.999997,0.33,0.33,12.21374653685623,12.21374653685623,12.81868686024871,12.81868686024871,10.4772500496792,10.4772500496792,14.66142635636517,14.66142635636517,18.95705734794156,18.95705734794156
2018-09-18 23:15:00.000000,0.33,0.33,12.21600898834454,12.21600898834454,12.82073775257509,12.82073775257509,10.47903459565691,10.47903459565691,14.66340748658791,14.66340748658791,18.95940149573488,18.95940149573488
2018-09-18 23:30:00.000003,0.33,0.33,12.21873922152774,12.21873922152774,12.82322529756163,12.82322529756163,10.48087799799333,10.48087799799333,14.66546398374502,14.66546398374502,18.96176421744181,18.96176421744181
2018-09-18 23:44:59.999997,0.33,0.33,12.2211283131054,12.2211283131054,12.82543437334436,12.82543437334436,10.48269024759116,10.48269024759116,14.66749923566272,14.66749923566272,18.96412635397819,18.96412635397819
2018-09-19 00:00:00.000000,0.33,0.33,12.22342937446782,12.22342937446782,12.8275436986323,12.8275436986323,10.48448500278471,10.48448500278471,14.66951213440029,14.66951213440029,18.96648375599981,18.96648375599981
2018-09-19 00:15:00.000003,0.33,0.33,12.13816598129356,12.13816598129356,12.78010287379884,12.78010287379884,9.444696387010945,9.444696387010945,14.61769533746477,14.61769533746477,18.96325915063358,18.96325915063358
2018-09-19 00:29:59.999997,0.33,0.33,12.12218623718642,12.12218623718642,12.76563662882307,12.76563662882307,9.404211478003548,9.404211478003548,14.60063435206579,14.60063435206579,18.96078682902456,18.96078682902456
2018-09-19 00:45:00.000000,0.33,0.33,12.11856017347094,12.11856017347094,12.76117273604577,12.76117273604577,9.400006317798868,9.400006317798868,14.5952984650501,14.5952984650501,18.95931563691783,18.95931563691783
2018-09-19 01:00:00.000003,0.33,0.33,12.11714828225136,12.11714828225136,12.75921862498227,12.75921862498227,9.398769481218324,9.398769481218324,14.59306068813458,14.59306068813458,18.95837213756601,18.95837213756601
2018-09-19 01:14:59.999997,0.33,0.33,12.11628567877212,12.11628567877212,12.75804497977704,12.75804497977704,9.398046573468056,9.398046573468056,14.5918056186724,14.5918056186724,18.9576988139896,18.9576988139896
2018-09-19 01:30:00.000000,0.33,0.33,12.1156294843831,12.1156294843831,12.75720684115177,12.75720684115177,9.397487001284464,9.397487001284464,14.59096666199621,14.59096666199621,18.95717759462262,18.95717759462262
2018-09-19 01:45:00.000003,0.33,0.33,12.11506765503635,12.11506765503635,12.7565453588616,12.7565453588616,9.397003146552745,9.397003146552745,14.59034540269899,14.59034540269899,18.95674852113782,18.95674852113782
2018-09-19 01:59:59.999997,0.33,0.33,12.11455729523847,12.11455729523847,12.75599482244155,12.75599482244155,9.396584719461512,9.396584719461512,14.58987339131521,14.58987339131521,18.9563809012051,18.9563809012051
2018-09-19 02:15:00.000000,0.33,0.33,12.11411813135833,12.11411813135833,12.75555391823014,12.75555391823014,9.39628760447213,9.39628760447213,14.58956887215065,14.58956887215065,18.95606405929987,18.95606405929987
2018-09-19 02:30:00.000003,0.33,0.33,12.11369338091542,12.11369338091542,12.75515542255196,12.75515542255196,9.39592622608927,9.39592622608927,14.58926616445006,14.58926616445006,18.95577217888298,18.95577217888298
2018-09-19 02:44:59.999997,0.33,0.33,12.11328134131933,12.11328134131933,12.75478685820462,12.75478685820462,9.395554727920485,9.395554727920485,14.58897352724705,14.58897352724705,18.95549574772381,18.95549574772381
2018-09-19 03:00:00.000000,0.33,0.33,12.11288193665396,12.11288193665396,12.75444297674335,12.75444297674335,9.395187405330137,9.395187405330137,14.58869788403062,14.58869788403062,18.95523029279153,18.95523029279153
2018-09-19 03:15:00.000003,0.33,0.33,12.11249117323843,12.11249117323843,12.75411524959611,12.75411524959611,9.394825114528762,9.394825114528762,14.58843477828873,14.58843477828873,18.95497074763249,18.95497074763249
2018-09-19 03:29:59.999997,0.33,0.33,12.11210850793469,12.11210850793469,12.75380184272385,12.75380184272385,9.394467422612438,9.394467422612438,14.58818344187526,14.58818344187526,18.95471666331296,18.95471666331296
2018-09-19 03:45:00.000000,0.33,0.33,12.11173247710161,12.11173247710161,12.75350007780394,12.75350007780394,9.394113843997696,9.394113843997696,14.58794187252243,14.58794187252243,18.95446703976715,18.95446703976715
2018-09-19 04:00:00.000003,0.33,0.33,12.11136243277674,12.11136243277674,12.75320852702506,12.75320852702506,9.393763783563186,9.393763783563186,14.58770902774335,14.58770902774335,18.95422169428434,18.95422169428434
2018-09-19 04:14:59.999997,0.33,0.33,12.11099361075157,12.11099361075157,12.75291958923837,12.75291958923837,9.393415627763515,9.393415627763515,14.58747802576851,14.58747802576851,18.9539760039436,18.9539760039436
2018-09-19 04:30:00.000000,0.33,0.33,12.11062901233359,12.11062901233359,12.75263696348391,12.75263696348391,9.393069538327659,9.393069538327659,14.58725233064368,14.58725233064368,18.95373313843976,18.95373313843976
2018-09-19 04:45:00.000003,0.33,0.33,12.11026540283652,12.11026540283652,12.75235629621341,12.75235629621341,9.39272507723194,9.39272507723194,14.58702811871149,14.58702811871149,18.95349027110521,18.95349027110521
2018-09-19 04:59:59.999997,0.33,0.33,12.10990023529862,12.10990023529862,12.75207297143706,12.75207297143706,9.392380852156544,9.392380852156544,14.58680095158045,14.58680095158045,18.95324446204238,18.95324446204238
2018-09-19 05:15:00.000000,0.33,0.33,12.10953945135634,12.10953945135634,12.75179581595144,12.75179581595144,9.39203837283236,9.39203837283236,14.58657921928885,14.58657921928885,18.95300229589319,18.95300229589319
2018-09-19 05:30:00.000003,0.33,0.33,12.10917601280383,12.10917601280383,12.75151477700205,12.75151477700205,9.391696145239301,9.391696145239301,14.58635320871502,14.58635320871502,18.95275610587592,18.95275610587592
2018-09-19 05:44:59.999997,0.33,0.33,12.10881374939151,12.10881374939151,12.7512347782916,12.7512347782916,9.391354434345425,9.391354434345425,14.58612749625697,14.58612749625697,18.95250982180616,18.95250982180616
2018-09-19 06:00:00.000000,0.33,0.33,12.10845308589702,12.10845308589702,12.75095709370306,12.75095709370306,9.391013887191502,9.391013887191502,14.58590355742746,14.58590355742746,18.9522644329565,18.9522644329565
2018-09-19 06:15:00.000003,0.33,0.33,12.10809435403095,12.10809435403095,12.75068204958434,12.75068204958434,9.39067473585666,9.39067473585666,14.5856818356501,14.5856818356501,18.95202030342667,18.95202030342667
2018-09-19 06:29:59.999997,0.33,0.33,12.1077327405974,12.1077327405974,12.75040252101607,12.75040252101607,9.390335544676066,9.390335544676066,14.58545559674438,14.58545559674438,18.95177233235588,18.95177233235588
2018-09-19 06:45:00.000000,0.33,0.33,12.10737246700693,12.10737246700693,12.75012424087569,12.75012424087569,9.389996938446814,9.389996938446814,14.58523024709975,14.58523024709975,18.95152491417662,18.95152491417662
2018-09-19 07:00:00.000003,0.33,0.33,12.10701447908651,12.10701447908651,12.74984921638376,12.74984921638376,9.389659709996227,9.389659709996227,14.58500783456604,14.58500783456604,18.95127940368373,18.95127940368373
2018-09-19 07:14:59.999997,0.33,0.33,12.10665392781371,12.10665392781371,12.74957017035384,12.74957017035384,9.389322637782406,9.389322637782406,14.58478143651713,14.58478143651713,18.95103048315571,18.95103048315571
2018-09-19 07:30:00.000000,0.33,0.33,12.10629643062571,12.10629643062571,12.74929505859859,12.74929505859859,9.388986673336888,9.388986673336888,14.58455858375519,14.58455858375519,18.95078417156153,18.95078417156153
2018-09-19 07:45:00.000003,0.33,0.33,12.10593708653617,12.10593708653617,12.74901718708527,12.74901718708527,9.388651156762036,9.388651156762036,14.58433299089233,14.58433299089233,18.95053538497426,18.95053538497426
2018-09-19 07:59:59.999997,0.33,0.33,12.10557961843702,12.10557961843702,12.74874149113519,12.74874149113519,9.388316600613237,9.388316600613237,14.5841092907842,14.5841092907842,18.95028791519348,18.95028791519348
2018-09-19 08:15:00.000000,0.33,0.33,12.10522073715245,12.10522073715245,12.7484634419653,12.7484634419653,9.387982233433288,9.387982233433288,14.58388319618806,14.58388319618806,18.95003834009056,18.95003834009056
2018-09-19 08:30:00.000003,0.33,0.33,12.10486184866154,12.10486184866154,12.74818478318479,12.74818478318479,9.387648490303665,9.387648490303665,14.58365638259546,14.58365638259546,18.94978794212941,18.94978794212941
2018-09-19 08:44:59.999997,0.33,0.33,12.10450543481096,12.10450543481096,12.74790923773798,12.74790923773798,9.387315601449565,9.387315601449565,14.58343235450102,14.58343235450102,18.94953943059716,18.94953943059716
2018-09-19 09:00:00.000000,0.33,0.33,12.10414586279684,12.10414586279684,12.74762895539673,12.74762895539673,9.386982897199173,9.386982897199173,14.58320373442093,14.58320373442093,18.94928703764766,18.94928703764766
2018-09-19 09:15:00.000003,0.33,0.33,12.1037875834415,12.1037875834415,12.74734980982664,12.74734980982664,9.38665068703377,9.38665068703377,14.58297598496425,14.58297598496425,18.9490352797281,18.9490352797281
2018-09-19 09:29:59.999997,0.33,0.33,12.10343155890051,12.10343155890051,12.74707384438462,12.74707384438462,9.386319788955737,9.386319788955737,14.58275116378159,14.58275116378159,18.94878551820494,18.94878551820494
2018-09-19 09:45:00.000000,0.33,0.33,12.10307371022005,12.10307371022005,12.74679513141682,12.74679513141682,9.385989290352606,9.385989290352606,14.58252364338661,14.58252364338661,18.94853339670312,18.94853339670312
2018-09-19 10:00:00.000003,0.33,0.33,12.10271773549507,12.10271773549507,12.74651858126356,12.74651858126356,9.385659701934669,9.385659701934669,14.58229802712799,14.58229802712799,18.94828265681139,18.94828265681139
2018-09-19 10:14:59.999997,0.33,0.33,12.10236030870288,12.10236030870288,12.74623964699927,12.74623964699927,9.385330293290691,9.385330293290691,14.58207000254871,14.58207000254871,18.94802984804252,18.94802984804252
2018-09-19 10:30:00.000000,0.33,0.33,12.10200302956587,12.10200302956587,12.74596036124839,12.74596036124839,9.385001523075406,9.385001523075406,14.58184150126393,14.58184150126393,18.9477765826198,18.9477765826198
2018-09-19 10:45:00.000003,0.33,0.33,12.10164650649926,12.10164650649926,12.74568164440357,12.74568164440357,9.384673105155992,9.384673105155992,14.58161333586075,14.58161333586075,18.94752345690247,18.94752345690247
2018-09-19 10:59:59.999997,0.33,0.33,12.1012916184463,12.1012916184463,12.74540528789071,12.74540528789071,9.384346082591852,9.384346082591852,14.58138736762596,14.58138736762596,18.94727177621644,18.94727177621644
2018-09-19 11:15:00.000000,0.33,0.33,12.10093528385293,12.10093528385293,12.74512656660767,12.74512656660767,9.384019224996594,9.384019224996594,14.58115902637394,14.58115902637394,18.94701805776705,18.94701805776705
2018-09-19 11:30:00.000003,0.33,0.33,12.10057859000744,12.10057859000744,12.74484654583183,12.74484654583183,9.383692653293359,9.383692653293359,14.58092925153885,14.58092925153885,18.94676318247794,18.94676318247794
2018-09-19 11:44:59.999997,0.33,0.33,12.10022465654851,12.10022465654851,12.74457039444633,12.74457039444633,9.383367323558899,9.383367323558899,14.58070305086177,14.58070305086177,18.94651091089632,18.94651091089632
2018-09-19 12:00:00.000000,0.33,0.33,12.09986829552727,12.09986829552727,12.74429052762697,12.74429052762697,9.38304221481042,9.38304221481042,14.58047320506927,14.58047320506927,18.94625555933646,18.94625555933646
2018-09-19 12:15:00.000003,0.33,0.33,12.09951251864907,12.09951251864907,12.7440108006373,12.7440108006373,9.382717324994521,9.382717324994521,14.58024317691732,14.58024317691732,18.94600018376591,18.94600018376591
2018-09-19 12:29:59.999997,0.33,0.33,12.09915810486599,12.09915810486599,12.74373299408878,12.74373299408878,9.38239351159511,9.38239351159511,14.58001479067346,14.58001479067346,18.94574600962745,18.94574600962745
2018-09-19 12:45:00.000000,0.33,0.33,12.09880379129094,12.09880379129094,12.74345500269511,12.74345500269511,9.382070099310939,9.382070099310939,14.57978599590254,14.57978599590254,18.94549142639305,18.94549142639305
2018-09-19 13:00:00.000003,0.33,0.33,12.09844921627102,12.09844921627102,12.74317631203373,12.74317631203373,9.381747408699356,9.381747408699356,14.57955642325703,14.57955642325703,18.94523614366558,18.94523614366558
2018-09-19 13:14:59.999997,0.33,0.33,12.09809708986557,12.09809708986557,12.74290077433583,12.74290077433583,9.381425536452676,9.381425536452676,14.57932967004722,14.57932967004722,18.94498295222464,18.94498295222464
2018-09-19 13:30:00.000000,0.33,0.33,12.09774199767078,12.09774199767078,12.74262083641865,12.74262083641865,9.381103873024896,9.381103873024896,14.57909856311919,14.57909856311919,18.94472610992099,18.94472610992099
2018-09-19 13:45:00.000003,0.33,0.33,12.09738753446165,12.09738753446165,12.74234099578755,12.74234099578755,9.380782335047424,9.380782335047424,14.57886709793994,14.57886709793994,18.94446892503181,18.94446892503181
2018-09-19 13:59:59.999997,0.33,0.33,12.09703387342544,12.09703387342544,12.74206206025615,12.74206206025615,9.380461575200727,9.380461575200727,14.57863617830587,14.57863617830587,18.94421193606935,18.94421193606935
2018-09-19 14:15:00.000000,0.33,0.33,12.09668239530579,12.09668239530579,12.74178621777916,12.74178621777916,9.380141969255977,9.380141969255977,14.57840801544498,14.57840801544498,18.94395684017142,18.94395684017142
2018-09-19 14:30:00.000003,0.33,0.33,12.0963291115921,12.0963291115921,12.74150769455374,12.74150769455374,9.379822748975409,9.379822748975409,14.57817716389205,14.57817716389205,18.9436994464096,18.9436994464096
2018-09-19 14:44:59.999997,0.33,0.33,12.09597767574168,12.09597767574168,12.74123128378462,12.74123128378462,9.379504326235091,9.379504326235091,14.57794817002225,14.57794817002225,18.94344343524417,18.94344343524417
2018-09-19 15:00:00.000000,0.33,0.33,12.09562471337794,12.09562471337794,12.74095243905159,12.74095243905159,9.379186064982703,9.379186064982703,14.5777167142115,14.5777167142115,18.9431853590565,18.9431853590565
2018-09-19 15:15:00.000003,0.33,0.33,12.09527389351923,12.09527389351923,12.74067608657713,12.74067608657713,9.378868686849893,9.378868686849893,14.57748750052987,14.57748750052987,18.942928968196,18.942928968196
2018-09-19 15:29:59.999997,0.33,0.33,12.09492066276764,12.09492066276764,12.74039615437053,12.74039615437053,9.378551526155375,9.378551526155375,14.57725480396549,14.57725480396549,18.94266969782984,18.94266969782984
2018-09-19 15:45:00.000000,0.33,0.33,12.09457007725955,12.09457007725955,12.7401194837001,12.7401194837001,9.37823511766926,9.37823511766926,14.57702505926759,14.57702505926759,18.94241268902022,18.94241268902022
2018-09-19 16:00:00.000003,0.33,0.33,12.09421796907999,12.09421796907999,12.73984056278917,12.73984056278917,9.377919190440302,9.377919190440302,14.57679310304975,14.57679310304975,18.94215376404967,18.94215376404967
2018-09-19 16:14:59.999997,0.33,0.33,12.09386786363923,12.09386786363923,12.73956407016535,12.73956407016535,9.377604153315168,9.377604153315168,14.57656336210009,14.57656336210009,18.94189648657356,18.94189648657356
2018-09-19 16:30:00.000000,0.33,0.33,12.09351632994337,12.09351632994337,12.73928532847871,12.73928532847871,9.377289324579753,9.377289324579753,14.57633137024169,14.57633137024169,18.9416373066703,18.9416373066703
2018-09-19 16:45:00.000003,0.33,0.33,12.0931649638092,12.0931649638092,12.7390063246585,12.7390063246585,9.376975092718865,9.376975092718865,14.57609904933242,14.57609904933242,18.94137783470803,18.94137783470803
2018-09-19 16:59:59.999997,0.33,0.33,12.09281626731299,12.09281626731299,12.73873067401025,12.73873067401025,9.37666158053681,9.37666158053681,14.57586975558998,14.57586975558998,18.94112060093911,18.94112060093911
2018-09-19 17:15:00.000000,0.33,0.33,12.0924649152508,12.0924649152508,12.73845131409718,12.73845131409718,9.376348517294298,9.376348517294298,14.57563668414349,14.57563668414349,18.94085556288488,18.94085556288488
2018-09-19 17:30:00.000003,0.33,0.33,12.09211612722497,12.09211612722497,12.73817507284008,12.73817507284008,9.376036109689716,9.376036109689716,14.57540625586416,14.57540625586416,18.94059137661706,18.94059137661706
2018-09-19 17:44:59.999997,0.33,0.33,12.0917650159502,12.0917650159502,12.73789527189662,12.73789527189662,9.375723900608406,9.375723900608406,14.57517227091761,14.57517227091761,18.94032406601265,18.94032406601265
2018-09-19 18:00:00.000000,0.33,0.33,12.0914167652214,12.0914167652214,12.73761914227083,12.73761914227083,9.375412577095737,9.375412577095737,14.57494161202837,14.57494161202837,18.94005928472728,18.94005928472728
2018-09-19 18:15:00.000003,0.33,0.33,12.09106698852598,12.09106698852598,12.73734081249948,12.73734081249948,9.375101719771301,9.375101719771301,14.57470878291904,14.57470878291904,18.93979269489202,18.93979269489202
2018-09-19 18:29:59.999997,0.33,0.33,12.09071912354454,12.09071912354454,12.73706474188161,12.73706474188161,9.374791669853883,9.374791669853883,14.57447800518992,14.57447800518992,18.93952770448848,18.93952770448848
2018-09-19 18:45:00.000000,0.33,0.33,12.09036977237521,12.09036977237521,12.73678637976044,12.73678637976044,9.374481835287447,9.374481835287447,14.57424494609326,14.57424494609326,18.93926089333707,18.93926089333707
2018-09-19 19:00:00.000003,0.33,0.33,12.09002255590567,12.09002255590567,12.73651051115517,12.73651051115517,9.374172820848854,9.374172820848854,14.57401415503114,14.57401415503114,18.93899586343925,18.93899586343925
2018-09-19 19:14:59.999997,0.33,0.33,12.08967316618169,12.08967316618169,12.73623146168319,12.73623146168319,9.373864068251311,9.373864068251311,14.57378029010896,14.57378029010896,18.93872840282377,18.93872840282377
2018-09-19 19:30:00.000000,0.33,0.33,12.08932641631649,12.08932641631649,12.73595565273636,12.73595565273636,9.373556036126313,9.373556036126313,14.57354936852373,14.57354936852373,18.93846324354021,18.93846324354021
2018-09-19 19:45:00.000003,0.33,0.33,12.08897971561208,12.08897971561208,12.73567995708778,12.73567995708778,9.373248883354464,9.373248883354464,14.57331853911828,14.57331853911828,18.93819802703067,18.93819802703067
2018-09-19 19:59:59.999997,0.33,0.33,12.0886313794174,12.0886313794174,12.73540165288379,12.73540165288379,9.372941864966137,9.372941864966137,14.57308514512385,14.57308514512385,18.9379308485355,18.9379308485355
2018-09-19 20:15:00.000000,0.33,0.33,12.08828519351134,12.08828519351134,12.73512582347498,12.73512582347498,9.372635572341153,9.372635572341153,14.5728539907745,14.5728539907745,18.93766543229829,18.93766543229829
2018-09-19 20:30:00.000003,0.33,0.33,12.08793754320428,12.08793754320428,12.73484780103214,12.73484780103214,9.37232953646199,9.37232953646199,14.57262070893191,14.57262070893191,18.93739831046712,18.93739831046712
2018-09-19 20:44:59.999997,0.33,0.33,12.08759208746092,12.08759208746092,12.73457236214175,12.73457236214175,9.372024304977412,9.372024304977412,14.57238980871625,14.57238980871625,18.93713306252306,18.93713306252306
2018-09-19 21:00:00.000000,0.33,0.33,12.08724489102102,12.08724489102102,12.73429451385827,12.73429451385827,9.371719451799528,9.371719451799528,14.57215658982955,14.57215658982955,18.93686594570987,18.93686594570987
2018-09-19 21:15:00.000003,0.33,0.33,12.08689985120549,12.08689985120549,12.73401914609973,12.73401914609973,9.371415317161294,9.371415317161294,14.57192562837125,14.57192562837125,18.93660061099483,18.93660061099483
2018-09-19 21:29:59.999997,0.33,0.33,12.08655327424328,12.08655327424328,12.73374157070821,12.73374157070821,9.371111513045529,9.371111513045529,14.57169250713011,14.57169250713011,18.93633352872817,18.93633352872817
2018-09-19 21:45:00.000000,0.33,0.33,12.08620889927159,12.08620889927159,12.73346656021726,12.73346656021726,9.37080846459356,9.37080846459356,14.57146172355645,14.57146172355645,18.9360682827977,18.9360682827977
2018-09-19 22:00:00.000003,0.33,0.33,12.08586236491337,12.08586236491337,12.73318839800715,12.73318839800715,9.370505679854588,9.370505679854588,14.57122790705625,14.57122790705625,18.93580063531699,18.93580063531699
2018-09-19 22:14:59.999997,0.33,0.33,12.08551855300129,12.08551855300129,12.73291363182098,12.73291363182098,9.370203592557878,9.370203592557878,14.57099718186274,14.57099718186274,18.93553539928652,18.93553539928652
2018-09-19 22:30:00.000000,0.33,0.33,12.08517486919686,12.08517486919686,12.73263910512152,12.73263910512152,9.369902397970296,9.369902397970296,14.57076667581599,14.57076667581599,18.93527020156192,18.93527020156192
2018-09-19 22:45:00.000003,0.33,0.33,12.084831257632,12.084831257632,12.73236445730802,12.73236445730802,9.369601737234765,9.369601737234765,14.57053600030484,14.57053600030484,18.93500485208278,18.93500485208278
2018-09-19 22:59:59.999997,0.33,0.33,12.08448775374189,12.08448775374189,12.73208966106582,12.73208966106582,9.369301544838834,9.369301544838834,14.57030510952103,14.57030510952103,18.93473932917344,18.93473932917344
2018-09-19 23:15:00.000000,0.33,0.33,12.08414282764976,12.08414282764976,12.73181262700018,12.73181262700018,9.369001638977252,9.369001638977252,14.57007205527081,14.57007205527081,18.93447215186431,18.93447215186431
2018-09-19 23:30:00.000003,0.33,0.33,12.08380039208101,12.08380039208101,12.73153827854984,12.73153827854984,9.368702072487682,9.368702072487682,14.56984131495189,14.56984131495189,18.93420679018105,18.93420679018105
2018-09-19 23:44:59.999997,0.33,0.33,12.08345566306554,12.08345566306554,12.73126095727708,12.73126095727708,9.368403176585595,9.368403176585595,14.56960782315795,14.56960782315795,18.93393922509121,18.93393922509121
2018-09-20 00:00:00.000000,0.33,0.33,12.08311397170988,12.08311397170988,12.7309870771009,12.7309870771009,9.368104605887059,9.368104605887059,14.56937736405118,14.56937736405118,18.93367404424849,18.93367404424849
2018-09-20 00:15:00.000003,-0.9789765936165568,-0.9789765936165568,12.01342854391376,12.01342854391376,12.66772951467788,12.66772951467788,9.200559720196653,9.200559720196653,14.52696293659337,14.52696293659337,18.92953331564816,18.92953331564816
2018-09-20 00:29:59.999997,-1.173770064303058,-1.173770064303058,11.97587582855637,11.97587582855637,12.62223220490772,12.62223220490772,9.146610238388387,9.146610238388387,14.49195123132008,14.49195123132008,18.92364498085663,18.92364498085663
2018-09-20 00:45:00.000000,-1.337227953201678,-1.337227953201678,11.94933459855574,11.94933459855574,12.58700646177971,12.58700646177971,9.110771513153605,9.110771513153605,14.46371763446435,14.46371763446435,18.91725328739588,18.91725328739588
2018-09-20 01:00:00.000003,-1.456881169051233,-1.456881169051233,11.92879287546548,11.92879287546548,12.55850159300214,12.55850159300214,9.084485955245897,9.084485955245897,14.4403615985068,14.4403615985068,18.91099515141309,18.91099515141309
2018-09-20 01:14:59.999997,-1.537634627775968,-1.537634627775968,11.91301206824848,11.91301206824848,12.53575328348367,12.53575328348367,9.065710687008314,9.065710687008314,14.42132539020443,14.42132539020443,18.90523923111981,18.90523923111981
2018-09-20 01:30:00.000000,-1.562062109460892,-1.562062109460892,11.90237614079517,11.90237614079517,12.51921998563451,12.51921998563451,9.055819249152531,9.055819249152531,14.40700907641335,14.40700907641335,18.90024776352472,18.90024776352472
2018-09-20 01:45:00.000003,-1.534742234529154,-1.534742234529154,11.89684053789231,11.89684053789231,12.50901356799566,12.50901356799566,9.05439482316986,9.05439482316986,14.3975839836619,14.3975839836619,18.89618705398343,18.89618705398343
2018-09-20 01:59:59.999997,-1.45048252848424,-1.45048252848424,11.89670383831062,11.89670383831062,12.50547568564341,12.50547568564341,9.062057089977236,9.062057089977236,14.39332689973862,14.39332689973862,18.89318008803525,18.89318008803525
2018-09-20 02:15:00.000000,-1.300977336220019,-1.300977336220019,11.90312684917858,11.90312684917858,12.50957774784523,12.50957774784523,9.080938551834612,9.080938551834612,14.39482253146142,14.39482253146142,18.89135186106544,18.89135186106544
2018-09-20 02:30:00.000003,-1.101223739299169,-1.101223739299169,11.9157187579224,11.9157187579224,12.52108870245321,12.52108870245321,9.109550476480983,9.109550476480983,14.40196491951661,14.40196491951661,18.89076817842365,18.89076817842365
2018-09-20 02:44:59.999997,-0.8584681437958415,-0.8584681437958415,11.93353775811367,11.93353775811367,12.53926088183073,12.53926088183073,9.146067850050354,9.146067850050354,14.41434087467174,14.41434087467174,18.89143370747853,18.89143370747853
2018-09-20 03:00:00.000000,-0.5947231587259039,-0.5947231587259039,11.95516737823205,11.95516737823205,12.56270575642201,12.56270575642201,9.187448531820287,9.187448531820287,14.43100541481567,14.43100541481567,18.89326837837361,18.89326837837361
2018-09-20 03:15:00.000003,-0.3069158282318039,-0.3069158282318039,11.98023921626783,11.98023921626783,12.59081596986919,12.59081596986919,9.233561537237206,9.233561537237206,14.45145440356485,14.45145440356485,18.89618027194348,18.89618027194348
2018-09-20 03:29:59.999997,-0.01833480982403778,-0.01833480982403778,12.00723159268492,12.00723159268492,12.62203962252721,12.62203962252721,9.281190891765291,9.281190891765291,14.47459816924884,14.47459816924884,18.90001284702594,18.90001284702594
2018-09-20 03:45:00.000000,0.2747589725202266,0.2747589725202266,12.0357272168577,12.0357272168577,12.65565004156596,12.65565004156596,9.330238073235574,9.330238073235574,14.49981405877131,14.49981405877131,18.90461289722111,18.90461289722111
2018-09-20 04:00:00.000003,0.572432686906827,0.572432686906827,12.06546455252517,12.06546455252517,12.69117099921934,12.69117099921934,9.380550622701463,9.380550622701463,14.52668295737804,14.52668295737804,18.90984565940213,18.90984565940213
2018-09-20 04:14:59.999997,0.8716716233481021,0.8716716233481021,12.09608312959113,12.09608312959113,12.72810161443426,12.72810161443426,9.4316168529015,9.4316168529015,14.55479687248429,14.55479687248429,18.91558894605482,18.91558894605482
2018-09-20 04:30:00.000000,1.171447012018486,1.171447012018486,12.12758804902093,12.12758804902093,12.76627039867384,12.76627039867384,9.48335423097839,9.48335423097839,14.58390140863091,14.58390140863091,18.92174370753292,18.92174370753292
2018-09-20 04:45:00.000003,1.467077561846623,1.467077561846623,12.15934218264074,12.15934218264074,12.80502221280454,12.80502221280454,9.534859006087192,9.534859006087192,14.61357674488234,14.61357674488234,18.92820890610472,18.92820890610472
2018-09-20 04:59:59.999997,1.767554463406231,1.767554463406231,12.19163748894262,12.19163748894262,12.84446673948251,12.84446673948251,9.587172781461604,9.587172781461604,14.6438331400195,14.6438331400195,18.93492260674607,18.93492260674607
2018-09-20 05:15:00.000000,2.063479957779923,2.063479957779923,12.22398701388952,12.22398701388952,12.88415425619753,12.88415425619753,9.639113699737443,9.639113699737443,14.67436432181649,14.67436432181649,18.94181854873197,18.94181854873197
2018-09-20 05:30:00.000003,2.362109642334292,2.362109642334292,12.25667374515823,12.25667374515823,12.9242523416473,12.9242523416473,9.691502214058813,9.691502214058813,14.70521264529435,14.70521264529435,18.94886011604367,18.94886011604367
2018-09-20 05:44:59.999997,2.644687865825692,2.644687865825692,12.28865812928807,12.28865812928807,12.96382770946828,12.96382770946828,9.74192081879377,9.74192081879377,14.73578161127487,14.73578161127487,18.95597118069697,18.95597118069697
2018-09-20 06:00:00.000000,2.918476144914216,2.918476144914216,12.32002926875512,12.32002926875512,13.00279705621285,13.00279705621285,9.79096031030037,9.79096031030037,14.76591861092024,14.76591861092024,18.96309105906093,18.96309105906093
2018-09-20 06:15:00.000003,3.172072688824607,3.172072688824607,12.35005187181273,12.35005187181273,13.04042112455873,13.04042112455873,9.837113054823284,9.837113054823284,14.79513187172977,14.79513187172977,18.97013647748437,18.97013647748437
2018-09-20 06:29:59.999997,3.392853492333253,3.392853492333253,12.37768555353147,12.37768555353147,13.0755971457085,13.0755971457085,9.878419845760941,9.878419845760941,14.82265299097722,14.82265299097722,18.976985861566,18.976985861566
2018-09-20 06:45:00.000000,3.578257766719648,3.578257766719648,12.40255446808494,12.40255446808494,13.10767527776573,13.10767527776573,9.91450420755701,9.91450420755701,14.84792292129672,14.84792292129672,18.98351158597118,18.98351158597118
2018-09-20 07:00:00.000003,3.716414222880635,3.716414222880635,12.42340231946576,12.42340231946576,13.13541686014705,13.13541686014705,9.943045872031492,9.943045872031492,14.87009782828668,14.87009782828668,18.98955727586226,18.98955727586226
2018-09-20 07:14:59.999997,3.812630106608517,3.812630106608517,12.44010564048769,12.44010564048769,13.15842291297336,13.15842291297336,9.96442632406695,9.96442632406695,14.88879385223779,14.88879385223779,18.99499020266104,18.99499020266104
2018-09-20 07:30:00.000000,3.857806646662434,3.857806646662434,12.45204361485819,12.45204361485819,13.17601058848781,13.17601058848781,9.977379469363285,9.977379469363285,14.90346715714129,14.90346715714129,18.99967817970821,18.99967817970821
2018-09-20 07:45:00.000003,3.84397652328008,3.84397652328008,12.45836677759909,12.45836677759909,13.18720048981331,13.18720048981331,9.980526456683103,9.980526456683103,14.91343469283096,14.91343469283096,19.0034756499742,19.0034756499742
2018-09-20 07:59:59.999997,3.777471510300918,3.777471510300918,12.45907199976066,12.45907199976066,13.1917507847073,13.1917507847073,9.974412900230625,9.974412900230625,14.91843791781752,14.91843791781752,19.00626856295055,19.00626856295055
2018-09-20 08:15:00.000000,3.648676657302888,3.648676657302888,12.45352883299823,12.45352883299823,13.18899318693624,13.18899318693624,9.957736296722203,9.957736296722203,14.91798045556593,14.91798045556593,19.00793857410265,19.00793857410265
2018-09-20 08:30:00.000003,3.471182945781667,3.471182945781667,12.44225419655735,12.44225419655735,13.17922087334492,13.17922087334492,9.932084941024687,9.932084941024687,14.91216494236422,14.91216494236422,19.0084187303488,19.0084187303488
2018-09-20 08:44:59.999997,3.245974967791205,3.245974967791205,12.42551952331769,12.42551952331769,13.162652677087,13.162652677087,9.897928202102868,9.897928202102868,14.90110390361274,14.90110390361274,19.00767718368146,19.00767718368146
2018-09-20 09:00:00.000000,2.99325152080174,2.99325152080174,12.40461540715971,12.40461540715971,13.14045051243998,13.14045051243998,9.858136871973006,9.858136871973006,14.88553415184597,14.88553415184597,19.00576054591341,19.00576054591341
2018-09-20 09:15:00.000003,2.718146394005653,2.718146394005653,12.38021173827233,12.38021173827233,13.1134532116908,13.1134532116908,9.813706160022894,9.813706160022894,14.8660854829912,14.8660854829912,19.00275179228663,19.00275179228663
2018-09-20 09:29:59.999997,2.423803708912658,2.423803708912658,12.35284642834228,12.35284642834228,13.08237792917201,13.08237792917201,9.76531322380689,9.76531322380689,14.84328874315179,14.84328874315179,18.99875101362874,18.99875101362874
2018-09-20 09:45:00.000000,2.126962601359459,2.126962601359459,12.32371927149796,12.32371927149796,13.04849636514714,13.04849636514714,9.715376561227986,9.715376561227986,14.81805660318474,14.81805660318474,18.99390471119825,18.99390471119825
2018-09-20 10:00:00.000003,1.819401561771616,1.819401561771616,12.29289191503343,12.29289191503343,13.01217256835525,13.01217256835525,9.663279181672356,9.663279181672356,14.79075059635388,14.79075059635388,18.98833774828738,18.98833774828738
2018-09-20 10:14:59.999997,1.516316623117641,1.516316623117641,12.26131794380171,12.26131794380171,12.97441439462186,12.97441439462186,9.61104997935262,9.61104997935262,14.7621107534651,14.7621107534651,18.98219582028602,18.98219582028602
2018-09-20 10:30:00.000000,1.212039220060385,1.212039220060385,12.22908517454638,12.22908517454638,12.93554589965446,12.93554589965446,9.558319010580705,9.558319010580705,14.73246405086082,14.73246405086082,18.97559972828669,18.97559972828669
2018-09-20 10:45:00.000003,0.9212231330618659,0.9212231330618659,12.19715510221546,12.19715510221546,12.89656340251995,12.89656340251995,9.50708190842962,9.50708190842962,14.70252066365754,14.70252066365754,18.96868876797944,18.96868876797944
2018-09-20 10:59:59.999997,0.6321085365310318,0.6321085365310318,12.16538972021087,12.16538972021087,12.8575656526306,12.8575656526306,9.456247879807785,9.456247879807785,14.67241654949797,14.67241654949797,18.96156194653757,18.96156194653757
2018-09-20 11:15:00.000000,0.3495943246917294,0.3495943246917294,12.13399253280862,12.13399253280862,12.81882114775613,12.81882114775613,9.406320111959834,9.406320111959834,14.64238386985157,14.64238386985157,18.95430353284419,18.95430353284419
2018-09-20 11:30:00.000003,0.07140192018162633,0.07140192018162633,12.10289615706762,12.10289615706762,12.78036499044773,12.78036499044773,9.357051403601119,9.357051403601119,14.61250900297433,14.61250900297433,18.94697411144575,18.94697411144575
2018-09-20 11:44:59.999997,-0.2041406524181498,-0.2041406524181498,12.07202604581722,12.07202604581722,12.74217730465699,12.74217730465699,9.308214068662213,9.308214068662213,14.58280747633371,14.58280747633371,18.93961414542498,18.93961414542498
2018-09-20 12:00:00.000000,-0.4634099611811164,-0.4634099611811164,12.04214296576005,12.04214296576005,12.70495557002292,12.70495557002292,9.261588619312738,9.261588619312738,14.553745052554,14.553745052554,18.93228965210938,18.93228965210938
2018-09-20 12:15:00.000003,-0.7132915665185581,-0.7132915665185581,12.01315299476829,12.01315299476829,12.66875491982128,12.66875491982128,9.216562965780843,9.216562965780843,14.52542064911562,14.52542064911562,18.92505215576388,18.92505215576388
2018-09-20 12:29:59.999997,-0.9404298751651339,-0.9404298751651339,11.98581068182413,11.98581068182413,12.63429610723873,12.63429610723873,9.17486589624162,9.17486589624162,14.49832970057028,14.49832970057028,18.91797911985127,18.91797911985127
2018-09-20 12:45:00.000000,-1.150108019646189,-1.150108019646189,11.96012147916852,11.96012147916852,12.6017348181398,12.6017348181398,9.136096894158415,9.136096894158415,14.47263749166461,14.47263749166461,18.91113263597243,18.91113263597243
2018-09-20 13:00:00.000003,-1.325317819243653,-1.325317819243653,11.9371175319968,11.9371175319968,12.57205613852547,12.57205613852547,9.102554691311221,9.102554691311221,14.44901426448151,14.44901426448151,18.90461270479223,18.90461270479223
2018-09-20 13:14:59.999997,-1.472570757796037,-1.472570757796037,11.91710902393388,11.91710902393388,12.54566760754859,12.54566760754859,9.074220463785583,9.074220463785583,14.42776420591273,14.42776420591273,18.89850860163992,18.89850860163992
2018-09-20 13:30:00.000000,-1.57642607173528,-1.57642607173528,11.90095734779555,11.90095734779555,12.5234831153249,12.5234831153249,9.052976377563716,9.052976377563716,14.40955125778769,14.40955125778769,18.89293584061475,18.89293584061475
2018-09-20 13:45:00.000003,-1.625190083027653,-1.625190083027653,11.88929197488642,11.88929197488642,12.50639559366305,12.50639559366305,9.04005577924147,9.04005577924147,14.39512462423953,14.39512462423953,18.88803394836795,18.88803394836795
2018-09-20 13:59:59.999997,-1.628073888643506,-1.628073888643506,11.88197351995102,11.88197351995102,12.49455479281389,12.49455479281389,9.034561373619335,9.034561373619335,14.38470892561748,14.38470892561748,18.88391394037591,18.88391394037591
2018-09-20 14:15:00.000000,-1.566487410190302,-1.566487410190302,11.87999016692113,11.87999016692113,12.4889959799034,12.4889959799034,9.038737980784937,9.038737980784937,14.37905842853702,14.37905842853702,18.88071565515455,18.88071565515455
2018-09-20 14:30:00.000003,-1.446597560571132,-1.446597560571132,11.883482713902,11.883482713902,12.49008609215479,12.49008609215479,9.052259343343055,9.052259343343055,14.37851693370727,14.37851693370727,18.87855875979155,18.87855875979155
2018-09-20 14:44:59.999997,-1.272148518663972,-1.272148518663972,11.89320581270338,11.89320581270338,12.4984082228643,12.4984082228643,9.076056766876654,9.076056766876654,14.38338422295444,14.38338422295444,18.87754526490025,18.87754526490025
2018-09-20 15:00:00.000000,-1.035441095360644,-1.035441095360644,11.90946036488369,11.90946036488369,12.51438148205546,12.51438148205546,9.110779038629872,9.110779038629872,14.39401570494709,14.39401570494709,18.87776819983435,18.87776819983435
2018-09-20 15:15:00.000003,-0.7787394864454381,-0.7787394864454381,11.92982948317162,11.92982948317162,12.53603049211073,12.53603049211073,9.150609909753214,9.150609909753214,14.40922898505533,14.40922898505533,18.8791810048349,18.8791810048349
2018-09-20 15:29:59.999997,-0.4885880844384186,-0.4885880844384186,11.95429528914007,11.95429528914007,12.56302859147448,12.56302859147448,9.19650896832804,9.19650896832804,14.42869980094549,14.42869980094549,18.88172742399371,18.88172742399371
2018-09-20 15:45:00.000000,-0.1865748321318194,-0.1865748321318194,11.98158251293781,11.98158251293781,12.59410659126588,12.59410659126588,9.245649807408425,9.245649807408425,14.45155460846242,14.45155460846242,18.88529505236848,18.88529505236848
2018-09-20 16:00:00.000003,0.1193326741384753,0.1193326741384753,12.01072639560153,12.01072639560153,12.62812000048222,12.62812000048222,9.296471760480053,9.296471760480053,14.4769308279877,14.4769308279877,18.88973545790505,18.88973545790505
2018-09-20 16:14:59.999997,0.4292599678838528,0.4292599678838528,12.04128564142476,12.04128564142476,12.66437212712347,12.66437212712347,9.348625972412705,9.348625972412705,14.50425028683774,14.50425028683774,18.89490305263149,18.89490305263149
2018-09-20 16:30:00.000000,0.7406859453405047,0.7406859453405047,12.07285641318402,12.07285641318402,12.70227540961305,12.70227540961305,9.401600820795682,9.401600820795682,14.53302749254453,14.53302749254453,18.90066169839613,18.90066169839613
2018-09-20 16:45:00.000003,1.053597084438755,1.053597084438755,12.10536573070712,12.10536573070712,12.74155964403609,12.74155964403609,9.455357104694722,9.455357104694722,14.56295701724355,14.56295701724355,18.90689731464866,18.90689731464866
2018-09-20 16:59:59.999997,1.358367169333344,1.358367169333344,12.13807567245636,12.13807567245636,12.78144436192621,12.78144436192621,9.508485235994012,9.508485235994012,14.5934800218997,14.5934800218997,18.91348690286385,18.91348690286385
2018-09-20 17:15:00.000000,1.668913372582175,1.668913372582175,12.17137566635599,12.17137566635599,12.82208401742536,12.82208401742536,9.562506131800378,9.562506131800378,14.62463349435875,14.62463349435875,18.92035816598641,18.92035816598641
2018-09-20 17:30:00.000003,1.965288052343892,1.965288052343892,12.20421658074472,12.20421658074472,12.8625347497765,12.8625347497765,9.61488961846288,9.61488961846288,14.65579174243416,14.65579174243416,18.9274083078139,18.9274083078139
2018-09-20 17:44:59.999997,2.268888410229607,2.268888410229607,12.23744616139972,12.23744616139972,12.90336316150746,12.90336316150746,9.668125730108597,9.668125730108597,14.68723145286103,14.68723145286103,18.93459965894895,18.93459965894895
2018-09-20 18:00:00.000000,2.554407031091287,2.554407031091287,12.26989246959541,12.26989246959541,12.94358050616515,12.94358050616515,9.719158662106139,9.719158662106139,14.71831563254628,14.71831563254628,18.94185037597896,18.94185037597896
2018-09-20 18:15:00.000003,2.833181475089211,2.833181475089211,12.30174835776303,12.30174835776303,12.98316954937171,12.98316954937171,9.769031788760453,9.769031788760453,14.74896107923746,14.74896107923746,18.94910219963154,18.94910219963154
2018-09-20 18:29:59.999997,3.087953760641852,3.087953760641852,12.33213647405113,12.33213647405113,13.02132675963268,13.02132675963268,9.815564840010943,9.815564840010943,14.77858355037602,14.77858355037602,18.95626656462793,18.95626656462793
2018-09-20 18:45:00.000000,3.323920722715203,3.323920722715203,12.36086383143951,12.36086383143951,13.05766647742053,13.05766647742053,9.859026748204688,9.859026748204688,14.80690613391465,14.80690613391465,18.9632622348558,18.9632622348558
2018-09-20 19:00:00.000003,3.524585534206934,3.524585534206934,12.3870427738357,12.3870427738357,13.09120850302071,13.09120850302071,9.897501262835558,9.897501262835558,14.83322884293926,14.83322884293926,18.96997382522563,18.96997382522563
2018-09-20 19:14:59.999997,3.678165672101004,3.678165672101004,12.40937154324047,12.40937154324047,13.12063387397029,13.12063387397029,9.928629717579657,9.928629717579657,14.85663159747935,14.85663159747935,18.97624630608711,18.97624630608711
2018-09-20 19:30:00.000000,3.795077150738162,3.795077150738162,12.42794841261888,12.42794841261888,13.14573451942567,13.14573451942567,9.953371453905905,9.953371453905905,14.87684957181052,14.87684957181052,18.98195801500265,18.98195801500265
2018-09-20 19:45:00.000003,3.85215763601419,3.85215763601419,12.44135099140304,12.44135099140304,13.16511869147852,13.16511869147852,9.968621766324663,9.968621766324663,14.89292761379043,14.89292761379043,18.98694689797458,18.98694689797458
2018-09-20 19:59:59.999997,3.851038689988567,3.851038689988567,12.44909535542431,12.44909535542431,13.17805098125226,13.17805098125226,9.974046110312367,9.974046110312367,14.9042572860726,14.9042572860726,18.99105575748682,18.99105575748682
2018-09-20 20:15:00.000000,3.789449856822208,3.789449856822208,12.45077407039655,12.45077407039655,13.18394526955244,13.18394526955244,9.96915513337467,9.96915513337467,14.91035520638966,14.91035520638966,18.99414222493219,18.99414222493219
2018-09-20 20:30:00.000003,3.672244814744858,3.672244814744858,12.44643343431937,12.44643343431937,13.18266024078924,13.18266024078924,9.954432096070555,9.954432096070555,14.91103970362828,14.91103970362828,18.99609930169881,18.99609930169881
2018-09-20 20:44:59.999997,3.492819578870045,3.492819578870045,12.43563117765992,12.43563117765992,13.17371274747938,13.17371274747938,9.928994059035372,9.928994059035372,14.90595118694354,14.90595118694354,18.99682713993765,18.99682713993765
2018-09-20 21:00:00.000000,3.261831063517659,3.261831063517659,12.4188632014206,12.4188632014206,13.15739923974471,13.15739923974471,9.894233213600542,9.894233213600542,14.89520250918597,14.89520250918597,18.99627121628637,18.99627121628637
2018-09-20 21:15:00.000003,2.996032388690333,2.996032388690333,12.39730192134811,12.39730192134811,13.13475303568902,13.13475303568902,9.852702839667202,9.852702839667202,14.87943439830597,14.87943439830597,18.99445449229734,18.99445449229734
2018-09-20 21:29:59.999997,2.699328584357591,2.699328584357591,12.37148208505913,12.37148208505913,13.10646225892961,13.10646225892961,9.805160171420411,9.805160171420411,14.85916307946904,14.85916307946904,18.99143595049175,18.99143595049175
2018-09-20 21:45:00.000000,2.390112108586404,2.390112108586404,12.34275600026745,12.34275600026745,13.07393512985497,13.07393512985497,9.754261534014619,9.754261534014619,14.83534623056114,14.83534623056114,18.98733908130403,18.98733908130403
2018-09-20 22:00:00.000003,2.062847322423341,2.062847322423341,12.31133230653409,12.31133230653409,13.03767090556621,13.03767090556621,9.699765592224288,9.699765592224288,14.8084425599049,14.8084425599049,18.9822830659541,18.9822830659541
2018-09-20 22:14:59.999997,1.731563628529498,1.731563628529498,12.27820517917338,12.27820517917338,12.9987529833422,12.9987529833422,9.643631911495394,9.643631911495394,14.77923505414836,14.77923505414836,18.97641560533086,18.97641560533086
2018-09-20 22:30:00.000000,1.398814530960032,1.398814530960032,12.2439182372471,12.2439182372471,12.95792780309884,12.95792780309884,9.586570786618212,9.586570786618212,14.74833757827562,14.74833757827562,18.96988214778571,18.96988214778571
2018-09-20 22:45:00.000003,1.062487838606015,1.062487838606015,12.20863960574338,12.20863960574338,12.91556550961579,12.91556550961579,9.528526103464397,9.528526103464397,14.7160973190885,14.7160973190885,18.9628064437149,18.9628064437149
2018-09-20 22:59:59.999997,0.7319986408208201,0.7319986408208201,12.17314260921135,12.17314260921135,12.87249797139236,12.87249797139236,9.470892536182435,9.470892536182435,14.68309997665947,14.68309997665947,18.95531953768864,18.95531953768864
2018-09-20 23:15:00.000000,0.4087694844835414,0.4087694844835414,12.13787581511365,12.13787581511365,12.82932099475438,12.82932099475438,9.414172533063462,9.414172533063462,14.64980656608932,14.64980656608932,18.94754400792818,18.94754400792818
2018-09-20 23:30:00.000003,0.0883661525728775,0.0883661525728775,12.10268085921714,12.10268085921714,12.78607074571763,12.78607074571763,9.357836911392646,9.357836911392646,14.61634959697874,14.61634959697874,18.93956907785823,18.93956907785823
2018-09-20 23:44:59.999997,-0.225375856503118,-0.225375856503118,12.06777900906706,12.06777900906706,12.7430215247626,12.7430215247626,9.302353771694165,9.302353771694165,14.58295747174163,14.58295747174163,18.93147239031238,18.93147239031238
2018-09-21 00:00:00.000000,-0.5320417244210737,-0.5320417244210737,12.03331648775258,12.03331648775258,12.70039135716153,12.70039135716153,9.247881225474714,9.247881225474714,14.54981648998763,14.54981648998763,18.92331894157657,18.92331894157657
2018-09-21 00:15:00.000003,-0.8276072386762571,-0.8276072386762571,11.99953583989125,11.99953583989125,12.65840301176856,12.65840301176856,9.194931341782059,9.194931341782059,14.51690591971313,14.51690591971313,18.91504097437279,18.91504097437279
2018-09-21 00:29:59.999997,-1.109267174656352,-1.109267174656352,11.96675630972204,11.96675630972204,12.61744485089545,12.61744485089545,9.14404146224326,9.14404146224326,14.48462769542343,14.48462769542343,18.90673194698848,18.90673194698848
2018-09-21 00:45:00.000000,-1.370309742762301,-1.370309742762301,11.93566485771298,11.93566485771298,12.57823249293324,12.57823249293324,9.096467205811743,9.096467205811743,14.45358550910185,14.45358550910185,18.89855422933468,18.89855422933468
2018-09-21 01:00:00.000003,-1.609954437089384,-1.609954437089384,11.90728279454421,11.90728279454421,12.54164234613265,12.54164234613265,9.053715620180029,9.053715620180029,14.42432136351729,14.42432136351729,18.89065039621257,18.89065039621257
2018-09-21 01:14:59.999997,-1.812413403555859,-1.812413403555859,11.88211045953902,11.88211045953902,12.50843014391137,12.50843014391137,9.017010472879297,9.017010472879297,14.39748429426255,14.39748429426255,18.88314886784113,18.88314886784113
2018-09-21 01:30:00.000000,-1.987279529855551,-1.987279529855551,11.85967304061632,11.85967304061632,12.4784890441957,12.4784890441957,8.984913085835718,8.984913085835718,14.37314339301117,14.37314339301117,18.87612949394566,18.87612949394566
2018-09-21 01:45:00.000003,-2.123923159692721,-2.123923159692721,11.8404485766902,11.8404485766902,12.45235260459167,12.45235260459167,8.958582310342766,8.958582310342766,14.35169452790069,14.35169452790069,18.86967602674708,18.86967602674708
2018-09-21 01:59:59.999997,-2.219898301417805,-2.219898301417805,11.82482913153626,11.82482913153626,12.43051451473194,12.43051451473194,8.938854461869497,8.938854461869497,14.33362003064398,14.33362003064398,18.86388040792595,18.86388040792595
2018-09-21 02:15:00.000000,-2.267282674371715,-2.267282674371715,11.8133433898725,11.8133433898725,12.41359546650675,12.41359546650675,8.926510805821176,8.926510805821176,14.31932055913515,14.31932055913515,18.85883804374063,18.85883804374063
2018-09-21 02:30:00.000003,-2.25642041847829,-2.25642041847829,11.80670766440073,11.80670766440073,12.40241738486161,12.40241738486161,8.922807396516113,8.922807396516113,14.30936040225944,14.30936040225944,18.85466130875958,18.85466130875958
2018-09-21 02:44:59.999997,-2.181128510208603,-2.181128510208603,11.80556304187356,11.80556304187356,12.3977729638903,12.3977729638903,8.928768269299757,8.928768269299757,14.30433458345895,14.30433458345895,18.85147438560663,18.85147438560663
2018-09-21 03:00:00.000000,-2.040564210173072,-2.040564210173072,11.81027203720581,11.81027203720581,12.40020503219914,12.40020503219914,8.944750348393503,8.944750348393503,14.30468502760757,14.30468502760757,18.84939752460011,18.84939752460011
2018-09-21 03:15:00.000003,-1.837266940057871,-1.837266940057871,11.82094276122098,11.82094276122098,12.40998158033985,12.40998158033985,8.970612018446245,8.970612018446245,14.31065783612461,14.31065783612461,18.84853279130084,18.84853279130084
2018-09-21 03:29:59.999997,-1.590680579818211,-1.590680579818211,11.83685652175463,11.83685652175463,12.42657322403886,12.42657322403886,9.004241381527347,9.004241381527347,14.32198280199019,14.32198280199019,18.848921424389,18.848921424389
2018-09-21 03:45:00.000000,-1.30993691875756,-1.30993691875756,11.85754567850399,11.85754567850399,12.44935926618431,12.44935926618431,9.044720904888717,9.044720904888717,14.33822027273652,14.33822027273652,18.85054882553018,18.85054882553018
2018-09-21 04:00:00.000003,-1.008068326666009,-1.008068326666009,11.88372260521066,11.88372260521066,12.47835323221661,12.47835323221661,9.094398503529659,9.094398503529659,14.3594355141785,14.3594355141785,18.85340070945998,18.85340070945998
2018-09-21 04:14:59.999997,-0.7019591613813168,-0.7019591613813168,11.91198675332859,11.91198675332859,12.51086409057506,12.51086409057506,9.14481787807408,9.14481787807408,14.38352886416799,14.38352886416799,18.85726611753802,18.85726611753802
2018-09-21 04:30:00.000000,-0.3772252228620572,-0.3772252228620572,11.94267114613645,11.94267114613645,12.54671769230897,12.54671769230897,9.198470879887422,9.198470879887422,14.41030895406694,14.41030895406694,18.8620132518331,18.8620132518331
2018-09-21 04:45:00.000003,-0.05772272309800697,-0.05772272309800697,11.97444305474545,11.97444305474545,12.58456785133143,12.58456785133143,9.252461649139548,9.252461649139548,14.43888371618217,14.43888371618217,18.86748132689055,18.86748132689055
2018-09-21 04:59:59.999997,0.2624943855775652,0.2624943855775652,12.00707130155291,12.00707130155291,12.62389655724581,12.62389655724581,9.30703307241886,9.30703307241886,14.4687916638285,14.4687916638285,18.87352704099379,18.87352704099379
2018-09-21 05:15:00.000000,0.5923491739411576,0.5923491739411576,12.04087279129945,12.04087279129945,12.66479352102333,12.66479352102333,9.363282547916732,9.363282547916732,14.50000253617446,14.50000253617446,18.88005531024222,18.88005531024222
2018-09-21 05:30:00.000003,0.9126946635830095,0.9126946635830095,12.07481773649418,12.07481773649418,12.70627925082158,12.70627925082158,9.418793880289115,9.418793880289115,14.53184454580782,14.53184454580782,18.88694649083651,18.88694649083651
2018-09-21 05:44:59.999997,1.228944230575675,1.228944230575675,12.10908311762438,12.10908311762438,12.74827677879025,12.74827677879025,9.474094234727447,9.474094234727447,14.56409700640118,14.56409700640118,18.89410417523899,18.89410417523899
2018-09-21 06:00:00.000000,1.546851031487088,1.546851031487088,12.14362507321238,12.14362507321238,12.79067706803855,12.79067706803855,9.529690681963144,9.529690681963144,14.59671021584368,14.59671021584368,18.90146328205565,18.90146328205565
2018-09-21 06:15:00.000003,1.855899521503355,1.855899521503355,12.17786697589956,12.17786697589956,12.83292039772005,12.83292039772005,9.58427384912296,9.58427384912296,14.62930220142516,14.62930220142516,18.90894938744508,18.90894938744508
2018-09-21 06:29:59.999997,2.156384079446865,2.156384079446865,12.21158617440902,12.21158617440902,12.87469575714538,12.87469575714538,9.637624178417202,9.637624178417202,14.66162134202858,14.66162134202858,18.91649279639838,18.91649279639838
2018-09-21 06:45:00.000000,2.448308220403515,2.448308220403515,12.24474494749854,12.24474494749854,12.91589026820413,12.91589026820413,9.689720476694559,9.689720476694559,14.69352362479804,14.69352362479804,18.92403866189222,18.92403866189222
2018-09-21 07:00:00.000003,2.710942835540086,2.710942835540086,12.27602878146355,12.27602878146355,12.95526498115724,12.95526498115724,9.73771816433679,9.73771816433679,14.72420373727319,14.72420373727319,18.93147920902956,18.93147920902956
2018-09-21 07:14:59.999997,2.94974906756735,2.94974906756735,12.3053334363941,12.3053334363941,12.9924969043656,12.9924969043656,9.781895375578191,9.781895375578191,14.7533177242457,14.7533177242457,18.93871694016472,18.93871694016472
2018-09-21 07:30:00.000000,3.151717678875319,3.151717678875319,12.33176911155384,12.33176911155384,13.02667036923407,13.02667036923407,9.820452757286278,9.820452757286278,14.78021043671457,14.78021043671457,18.94563158735614,18.94563158735614
2018-09-21 07:45:00.000003,3.313263185906557,3.313263185906557,12.35463102942747,12.35463102942747,13.05688525179797,13.05688525179797,9.852512197635107,9.852512197635107,14.80425922766544,14.80425922766544,18.95208997538165,18.95208997538165
2018-09-21 07:59:59.999997,3.418514290424072,3.418514290424072,12.37277386912901,12.37277386912901,13.08187658495061,13.08187658495061,9.875840617429942,9.875840617429942,14.82453655285633,14.82453655285633,18.95792410626565,18.95792410626565
2018-09-21 08:15:00.000000,3.478772883709419,3.478772883709419,12.38627989567098,12.38627989567098,13.10143664110957,13.10143664110957,9.891373870080464,9.891373870080464,14.84077178359883,14.84077178359883,18.96300333439546,18.96300333439546
2018-09-21 08:30:00.000003,3.474240605894231,3.474240605894231,12.39386285683656,12.39386285683656,13.11431324512608,13.11431324512608,9.89635726641774,9.89635726641774,14.85210542152911,14.85210542152911,18.96716710962775,18.96716710962775
2018-09-21 08:44:59.999997,3.414059229675065,3.414059229675065,12.39555436989026,12.39555436989026,13.12024931329209,13.12024931329209,9.89157307545162,9.89157307545162,14.85824569721504,14.85824569721504,18.97029071168658,18.97029071168658
2018-09-21 09:00:00.000000,3.278370254732317,3.278370254732317,12.39016694926032,12.39016694926032,13.11804495262398,13.11804495262398,9.874438153853744,9.874438153853744,14.85834619578057,14.85834619578057,18.97221681033438,18.97221681033438
2018-09-21 09:15:00.000003,3.094705242664423,3.094705242664423,12.37884582056624,12.37884582056624,13.10843569873079,13.10843569873079,9.848261079758304,9.848261079758304,14.85274316088557,14.85274316088557,18.97287656774344,18.97287656774344
2018-09-21 09:29:59.999997,2.856099416743,2.856099416743,12.36146970678642,12.36146970678642,13.0913749958089,13.0913749958089,9.812460881104839,9.812460881104839,14.84141537881098,14.84141537881098,18.97222300144115,18.97222300144115
2018-09-21 09:45:00.000000,2.584676003714314,2.584676003714314,12.33928630407311,12.33928630407311,13.06798400521878,13.06798400521878,9.769920037825342,9.769920037825342,14.82505819492492,14.82505819492492,18.97028905471085,18.97028905471085
2018-09-21 10:00:00.000003,2.282046106454338,2.282046106454338,12.31285558954965,12.31285558954965,13.03897335454291,13.03897335454291,9.721323730550376,9.721323730550376,14.80419294977539,14.80419294977539,18.96714044184858,18.96714044184858
2018-09-21 10:14:59.999997,1.963363936047506,1.963363936047506,12.28329751503559,12.28329751503559,13.00553088956905,13.00553088956905,9.66888855068655,9.66888855068655,14.77966123347526,14.77966123347526,18.96289611163158,18.96289611163158
2018-09-21 10:30:00.000000,1.631373524409045,1.631373524409045,12.25123583579941,12.25123583579941,12.96849211426525,12.96849211426525,9.61341028433332,9.61341028433332,14.75212197524659,14.75212197524659,18.9576892849506,18.9576892849506
2018-09-21 10:45:00.000003,1.288847276059381,1.288847276059381,12.21711926059466,12.21711926059466,12.92849378496373,12.92849378496373,9.555483685436228,9.555483685436228,14.72210360900466,14.72210360900466,18.951651828928,18.951651828928
2018-09-21 10:59:59.999997,0.947279855662926,0.947279855662926,12.18186584038351,12.18186584038351,12.88655318626656,12.88655318626656,9.496838498473098,9.496838498473098,14.69035518544043,14.69035518544043,18.94493388662334,18.94493388662334
2018-09-21 11:15:00.000000,0.6051409953669533,0.6051409953669533,12.14594739021809,12.14594739021809,12.84333560535781,12.84333560535781,9.437742268962332,9.437742268962332,14.65738093876223,14.65738093876223,18.9376744823142,18.9376744823142
2018-09-21 11:30:00.000003,0.2732492880564809,0.2732492880564809,12.11012517494201,12.11012517494201,12.79972013922904,12.79972013922904,9.379708680775313,9.379708680775313,14.62385397511823,14.62385397511823,18.93002117871425,18.93002117871425
2018-09-21 11:44:59.999997,-0.05207208871429303,-0.05207208871429303,12.0744712133965,12.0744712133965,12.75601001189317,12.75601001189317,9.32250417064502,9.32250417064502,14.59010002318671,14.59010002318671,18.92209620675392,18.92209620675392
2018-09-21 12:00:00.000000,-0.3714928458438526,-0.3714928458438526,12.03905828961483,12.03905828961483,12.71241390780926,12.71241390780926,9.2660781330068,9.2660781330068,14.55632966205255,14.55632966205255,18.91399627175128,18.91399627175128
2018-09-21 12:15:00.000003,-0.6783607034732342,-0.6783607034732342,12.00436137876486,12.00436137876486,12.66945327726346,12.66945327726346,9.211372278453597,9.211372278453597,14.5229305549952,14.5229305549952,18.90581786117254,18.90581786117254
2018-09-21 12:29:59.999997,-0.9777711740160626,-0.9777711740160626,11.97031295367844,11.97031295367844,12.62720253290499,12.62720253290499,9.157902204331844,9.157902204331844,14.49001299884505,14.49001299884505,18.89763238097047,18.89763238097047
2018-09-21 12:45:00.000000,-1.263215950559549,-1.263215950559549,11.93732235043845,11.93732235043845,12.5860708628991,12.5860708628991,9.106550547025567,9.106550547025567,14.45786929408765,14.45786929408765,18.88951035770714,18.88951035770714
2018-09-21 13:00:00.000003,-1.529662697044986,-1.529662697044986,11.90642357704093,11.90642357704093,12.54690811827046,12.54690811827046,9.059108461597859,9.059108461597859,14.42699146158629,14.42699146158629,18.8815371356872,18.8815371356872
2018-09-21 13:14:59.999997,-1.778245474208872,-1.778245474208872,11.87791020780678,11.87791020780678,12.51008545865458,12.51008545865458,9.015790013455598,9.015790013455598,14.39765687923164,14.39765687923164,18.87378977309894,18.87378977309894
2018-09-21 13:30:00.000000,-2.002644906534783,-2.002644906534783,11.85154922842273,11.85154922842273,12.47569879630605,12.47569879630605,8.976303146055326,8.976303146055326,14.37008782002102,14.37008782002102,18.86633605795398,18.86633605795398
2018-09-21 13:45:00.000003,-2.195610458310401,-2.195610458310401,11.82777395262051,11.82777395262051,12.44429473114328,12.44429473114328,8.941674311581414,8.941674311581414,14.34477122681178,14.34477122681178,18.85926638855637,18.85926638855637
2018-09-21 13:59:59.999997,-2.349969021853511,-2.349969021853511,11.8071791998446,11.8071791998446,12.41656079579825,12.41656079579825,8.913246895751236,8.913246895751236,14.32233002102894,14.32233002102894,18.85269369697822,18.85269369697822
2018-09-21 14:15:00.000000,-2.465495300512289,-2.465495300512289,11.78996044732584,11.78996044732584,12.39284886793729,12.39284886793729,8.89076246209476,8.89076246209476,14.30295869274292,14.30295869274292,18.84670434894729,18.84670434894729
2018-09-21 14:30:00.000003,-2.522218146523516,-2.522218146523516,11.77724434480507,11.77724434480507,12.37432461596943,12.37432461596943,8.876663411204557,8.876663411204557,14.28744689328901,14.28744689328901,18.84142796771136,18.84142796771136
2018-09-21 14:44:59.999997,-2.531158908981814,-2.531158908981814,11.76897032650363,11.76897032650363,12.36118956490209,12.36118956490209,8.870080646766079,8.870080646766079,14.27602703035907,14.27602703035907,18.83696880007324,18.83696880007324
2018-09-21 15:00:00.000000,-2.473376892956434,-2.473376892956434,11.76613742693931,11.76613742693931,12.35448155620606,12.35448155620606,8.873261412413141,8.873261412413141,14.26944124726489,14.26944124726489,18.83346443458899,18.83346443458899
2018-09-21 15:15:00.000003,-2.347327530980917,-2.347327530980917,11.76928262889692,11.76928262889692,12.35493516761307,12.35493516761307,8.886815752401601,8.886815752401601,14.26826275883873,14.26826275883873,18.83104844372854,18.83104844372854
2018-09-21 15:29:59.999997,-2.158580364218797,-2.158580364218797,11.77840402600911,11.77840402600911,12.36274760785454,12.36274760785454,8.910280275329836,8.910280275329836,14.27271726884998,14.27271726884998,18.82983239199589,18.82983239199589
2018-09-21 15:45:00.000000,-1.914104374697099,-1.914104374697099,11.79323503296721,11.79323503296721,12.37777549490485,12.37777549490485,8.94282231216676,8.94282231216676,14.28276106728231,14.28276106728231,18.82988186226957,18.82988186226957
2018-09-21 16:00:00.000003,-1.628680374657314,-1.628680374657314,11.81310298868861,11.81310298868861,12.3994338114814,12.3994338114814,8.98263205513341,8.98263205513341,14.29797372963711,14.29797372963711,18.83120182471716,18.83120182471716
2018-09-21 16:14:59.999997,-1.315532534623858,-1.315532534623858,11.83725313286123,11.83725313286123,12.42681788915886,12.42681788915886,9.028202240505658,9.028202240505658,14.31770636688365,14.31770636688365,18.83373619752964,18.83373619752964
2018-09-21 16:30:00.000000,-0.9746337287886636,-0.9746337287886636,11.86711609946689,11.86711609946689,12.4604664630129,12.4604664630129,9.082178819348758,9.082178819348758,14.34190775743586,14.34190775743586,18.83743775310056,18.83743775310056
2018-09-21 16:45:00.000003,-0.6102730176442585,-0.6102730176442585,11.9005590637566,11.9005590637566,12.49900861628547,12.49900861628547,9.141131178230447,9.141131178230447,14.37035434469062,14.37035434469062,18.8422571612569,18.8422571612569
2018-09-21 16:59:59.999997,-0.2496187180966012,-0.2496187180966012,11.93583689976987,11.93583689976987,12.54056035884644,12.54056035884644,9.202428407229336,9.202428407229336,14.40173112538785,14.40173112538785,18.84803532214503,18.84803532214503
2018-09-21 17:15:00.000000,0.1313556893591879,0.1313556893591879,11.97361499672335,11.97361499672335,12.58532014468504,12.58532014468504,9.268494288889908,9.268494288889908,14.43603093448605,14.43603093448605,18.85466579383685,18.85466579383685
2018-09-21 17:30:00.000003,0.4702977261648204,0.4702977261648204,12.01005973121226,12.01005973121226,12.62981109799807,12.62981109799807,9.328068555876039,9.328068555876039,14.47023102344817,14.47023102344817,18.8618112220581,18.8618112220581
2018-09-21 17:44:59.999997,0.8282999290781955,0.8282999290781955,12.04747478951287,12.04747478951287,12.67543592053429,12.67543592053429,9.38963716329047,9.38963716329047,14.50528445252422,14.50528445252422,18.86937203787988,18.86937203787988
2018-09-21 18:00:00.000000,1.165487948679929,1.165487948679929,12.08451864876264,12.08451864876264,12.72103728517185,12.72103728517185,9.449075013741165,9.449075013741165,14.54040635154528,14.54040635154528,18.87720590485136,18.87720590485136
2018-09-21 18:15:00.000003,1.491634748248421,1.491634748248421,12.12094214185364,12.12094214185364,12.76615823982918,12.76615823982918,9.506871695721824,9.506871695721824,14.5752624642072,14.5752624642072,18.8851917385852,18.8851917385852
2018-09-21 18:29:59.999997,1.829499523057659,1.829499523057659,12.15788882630054,12.15788882630054,12.81167193642533,12.81167193642533,9.566053446011596,9.566053446011596,14.6103740282804,14.6103740282804,18.89329860232585,18.89329860232585
2018-09-21 18:45:00.000000,2.138503593496489,2.138503593496489,12.19340355737094,12.19340355737094,12.85594377733369,12.85594377733369,9.621636356068352,9.621636356068352,14.64472638555822,14.64472638555822,18.90141526017126,18.90141526017126
2018-09-21 19:00:00.000003,2.44664087354479,2.44664087354479,12.22846147278564,12.22846147278564,12.89959335871689,12.89959335871689,9.67660305602723,9.67660305602723,14.67857778703067,14.67857778703067,18.90949727388924,18.90949727388924
2018-09-21 19:14:59.999997,2.731134766447336,2.731134766447336,12.26197858459968,12.26197858459968,12.94167360681785,12.94167360681785,9.728289260615204,9.728289260615204,14.71134296678718,14.71134296678718,18.9174617959535,18.9174617959535
2018-09-21 19:30:00.000000,2.996116364692763,2.996116364692763,12.29387562161368,12.29387562161368,12.98195706372377,12.98195706372377,9.776853252653222,9.776853252653222,14.74276807833608,14.74276807833608,18.92523750594675,18.92523750594675
2018-09-21 19:45:00.000003,3.218737182528783,3.218737182528783,12.32264743461879,12.32264743461879,13.01898280818168,13.01898280818168,9.819155804669569,9.819155804669569,14.77190082671686,14.77190082671686,18.93269092663765,18.93269092663765
2018-09-21 19:59:59.999997,3.400844501982379,3.400844501982379,12.34789672931159,12.34789672931159,13.05212362437456,13.05212362437456,9.854945069916225,9.854945069916225,14.79818812347177,14.79818812347177,18.93969041502386,18.93969041502386
2018-09-21 20:15:00.000000,3.535681571729135,3.535681571729135,12.36903809655921,12.36903809655921,13.0805665086122,13.0805665086122,9.8833617816913,9.8833617816913,14.82102449165558,14.82102449165558,18.94609595993482,18.94609595993482
2018-09-21 20:30:00.000003,3.608141584354749,3.608141584354749,12.38461817126771,12.38461817126771,13.10286192055779,13.10286192055779,9.901667661436685,9.901667661436685,14.83942230949665,14.83942230949665,18.95173061642208,18.95173061642208
2018-09-21 20:44:59.999997,3.632026955562897,3.632026955562897,12.39494666671712,12.39494666671712,13.11896542282688,13.11896542282688,9.911315593242424,9.911315593242424,14.85319615277706,14.85319615277706,18.95646580636438,18.95646580636438
2018-09-21 21:00:00.000000,3.590986736480469,3.590986736480469,12.39906503708484,12.39906503708484,13.12791874182401,13.12791874182401,9.910197870135727,9.910197870135727,14.86166984564753,14.86166984564753,18.96015963420317,18.96015963420317
2018-09-21 21:15:00.000003,3.484268277916129,3.484268277916129,12.3965215075699,12.3965215075699,13.12909560455905,13.12909560455905,9.897828340652442,9.897828340652442,14.86433644081989,14.86433644081989,18.96267679961064,18.96267679961064
2018-09-21 21:29:59.999997,3.321292387085725,3.321292387085725,12.38766271816633,12.38766271816633,13.12261243879288,13.12261243879288,9.875370163594143,9.875370163594143,14.86117616460828,14.86117616460828,18.96393142106464,18.96393142106464
2018-09-21 21:45:00.000000,3.103376661686896,3.103376661686896,12.3727130705767,12.3727130705767,13.10859696978199,13.10859696978199,9.843286431665238,9.843286431665238,14.85222193630349,14.85222193630349,18.96386908453903,18.96386908453903
2018-09-21 22:00:00.000003,2.832712887254769,2.832712887254769,12.35176784740835,12.35176784740835,13.0871463289191,13.0871463289191,9.801807085584949,9.801807085584949,14.83753002638549,14.83753002638549,18.96246018839461,18.96246018839461
2018-09-21 22:14:59.999997,2.535135078864204,2.535135078864204,12.32637103495845,12.32637103495845,13.05967750884993,13.05967750884993,9.75439797695091,9.75439797695091,14.8179945995005,14.8179945995005,18.95976536906014,18.95976536906014
2018-09-21 22:30:00.000000,2.205154956095721,2.205154956095721,12.29678181874358,12.29678181874358,13.02669348834162,13.02669348834162,9.700902337663644,9.700902337663644,14.79403510342799,14.79403510342799,18.9558614043917,18.9558614043917
2018-09-21 22:45:00.000003,1.858535622251131,1.858535622251131,12.26407467323767,12.26407467323767,12.98932261825912,12.98932261825912,9.643510101071262,9.643510101071262,14.76644425085362,14.76644425085362,18.95086712262157,18.95086712262157
2018-09-21 22:59:59.999997,1.50486461143913,1.50486461143913,12.22922479928374,12.22922479928374,12.94869822688892,12.94869822688892,9.58390329685349,9.58390329685349,14.73607716191781,14.73607716191781,18.94493508936301,18.94493508936301
2018-09-21 23:15:00.000000,1.147640894815372,1.147640894815372,12.19285652945819,12.19285652945819,12.90566057419141,12.90566057419141,9.522923634827754,9.522923634827754,14.70361234360228,14.70361234360228,18.93822079588173,18.93822079588173
2018-09-21 23:30:00.000003,0.7944963621589013,0.7944963621589013,12.15579149749041,12.15579149749041,12.86119005595298,12.86119005595298,9.461872911700334,9.461872911700334,14.66978326324658,14.66978326324658,18.93088879714269,18.93088879714269
2018-09-21 23:44:59.999997,0.4515783239809922,0.4515783239809922,12.11887726162763,12.11887726162763,12.81629613769267,12.81629613769267,9.40197490100107,9.40197490100107,14.63532992481618,14.63532992481618,18.92310818155745,18.92310818155745
2018-09-22 00:00:00.000000,0.104726365840283,0.104726365840283,12.08153960617489,12.08153960617489,12.77074049735337,12.77074049735337,9.341521575046823,9.341521575046823,14.60024923676074,14.60024923676074,18.91498558106656,18.91498558106656
2018-09-22 00:15:00.000003,-0.2242746101449027,-0.2242746101449027,12.04479568110303,12.04479568110303,12.72542059442113,12.72542059442113,9.283105568599964,9.283105568599964,14.56497414767423,14.56497414767423,18.90651944925058,18.90651944925058
2018-09-22 00:29:59.999997,-0.5556709094367047,-0.5556709094367047,12.0079771212954,12.0079771212954,12.67998407155631,12.67998407155631,9.224538121550873,9.224538121550873,14.52948514982236,14.52948514982236,18.89780782201821,18.89780782201821
2018-09-22 00:45:00.000000,-0.869953627355635,-0.869953627355635,11.97206453071018,11.97206453071018,12.63535926186168,12.63535926186168,9.168196003712502,9.168196003712502,14.49451100819895,14.49451100819895,18.88902890901797,18.88902890901797
2018-09-22 01:00:00.000003,-1.163017915399598,-1.163017915399598,11.93768459782494,11.93768459782494,12.59229310632263,12.59229310632263,9.11503833687476,9.11503833687476,14.46065231358251,14.46065231358251,18.88034219886401,18.88034219886401
2018-09-22 01:14:59.999997,-1.446086158470332,-1.446086158470332,11.90478360946526,11.90478360946526,12.55082667044702,12.55082667044702,9.064306345585184,9.064306345585184,14.42795544396917,14.42795544396917,18.87183467757557,18.87183467757557
2018-09-22 01:30:00.000000,-1.69329367595999,-1.69329367595999,11.87533437636903,11.87533437636903,12.51259162903018,12.51259162903018,9.020237722484325,9.020237722484325,14.39738537303355,14.39738537303355,18.8636344734403,18.8636344734403
2018-09-22 01:45:00.000003,-1.923393959501779,-1.923393959501779,11.84814268552505,11.84814268552505,12.4769917817353,12.4769917817353,8.979705121843239,8.979705121843239,14.36877809660266,14.36877809660266,18.85579844554001,18.85579844554001
2018-09-22 01:59:59.999997,-2.133648388765314,-2.133648388765314,11.82300422421361,11.82300422421361,12.44394042951729,12.44394042951729,8.9425651613658,8.9425651613658,14.34215066487062,14.34215066487062,18.84836740062334,18.84836740062334
2018-09-22 02:15:00.000000,-2.305902356049398,-2.305902356049398,11.8008632681731,11.8008632681731,12.41433865683337,12.41433865683337,8.91144153415147,8.91144153415147,14.31825871856807,14.31825871856807,18.84143492366986,18.84143492366986
2018-09-22 02:30:00.000003,-2.448664437308588,-2.448664437308588,11.7815566970965,11.7815566970965,12.38820772448864,12.38820772448864,8.88508114458298,8.88508114458298,14.29706534326357,14.29706534326357,18.83505308138041,18.83505308138041
2018-09-22 02:44:59.999997,-2.551007052113938,-2.551007052113938,11.76562088023536,11.76562088023536,12.36610676454488,12.36610676454488,8.864682499544116,8.864682499544116,14.27892527824842,14.27892527824842,18.82929158566455,18.82929158566455
2018-09-22 03:00:00.000000,-2.589943977665857,-2.589943977665857,11.75442529210074,11.75442529210074,12.34942309205878,12.34942309205878,8.853232124701053,8.853232124701053,14.2648012808702,14.2648012808702,18.82427975339384,18.82427975339384
2018-09-22 03:15:00.000003,-2.581519288212061,-2.581519288212061,11.74774960027182,11.74774960027182,12.3382483288182,12.3382483288182,8.849340346839274,8.849340346839274,14.25487024101084,14.25487024101084,18.82012178532536,18.82012178532536
2018-09-22 03:29:59.999997,-2.496961028309804,-2.496961028309804,11.7470165733848,11.7470165733848,12.33399363673674,12.33399363673674,8.856370747063902,8.856370747063902,14.25011927165517,14.25011927165517,18.8169707329619,18.8169707329619
2018-09-22 03:45:00.000000,-2.346816328451913,-2.346816328451913,11.75234124227331,11.75234124227331,12.337074765678,12.337074765678,8.8736601727257,8.8736601727257,14.25093085882659,14.25093085882659,18.81495477146537,18.81495477146537
2018-09-22 04:00:00.000003,-2.130492035562509,-2.130492035562509,11.76388176629467,11.76388176629467,12.34779907128469,12.34779907128469,8.901307233648122,8.901307233648122,14.25759002612122,14.25759002612122,18.8141902010338,18.8141902010338
2018-09-22 04:14:59.999997,-1.86016353216879,-1.86016353216879,11.78116551315616,11.78116551315616,12.3658394572079,12.3658394572079,8.937930877797422,8.937930877797422,14.26993507152787,14.26993507152787,18.81473142069735,18.81473142069735
2018-09-22 04:30:00.000000,-1.562299508369854,-1.562299508369854,11.80288037360208,11.80288037360208,12.38999858418471,12.38999858418471,8.980226449437293,8.980226449437293,14.28712297527261,14.28712297527261,18.81654072919275,18.81654072919275
2018-09-22 04:45:00.000003,-1.226523706505332,-1.226523706505332,11.82997513641425,11.82997513641425,12.42055669274551,12.42055669274551,9.030621969189012,9.030621969189012,14.30909842602274,14.30909842602274,18.8195849662853,18.8195849662853
2018-09-22 04:59:59.999997,-0.8932965957032202,-0.8932965957032202,11.86031439649501,11.86031439649501,12.45548071177239,12.45548071177239,9.084077266204,9.084077266204,14.33451222617725,14.33451222617725,18.82371652312378,18.82371652312378
2018-09-22 05:15:00.000000,-0.5427495399229753,-0.5427495399229753,11.89340163053282,11.89340163053282,12.49418657195826,12.49418657195826,9.141275420166252,9.141275420166252,14.36321025666996,14.36321025666996,18.82883016566826,18.82883016566826
2018-09-22 05:30:00.000003,-0.1918852879100913,-0.1918852879100913,11.92804391310746,11.92804391310746,12.53540926206207,12.53540926206207,9.199678220101857,9.199678220101857,14.39417153285098,14.39417153285098,18.83476261276967,18.83476261276967
2018-09-22 05:44:59.999997,0.1573761946398778,0.1573761946398778,11.96402528487372,11.96402528487372,12.57861267803888,12.57861267803888,9.2618286035889,9.2618286035889,14.42756278876203,14.42756278876203,18.8414232545254,18.8414232545254
2018-09-22 06:00:00.000000,0.5124416987927185,0.5124416987927185,12.00094374471012,12.00094374471012,12.62325789886825,12.62325789886825,9.324109944668738,9.324109944668738,14.46207207486133,14.46207207486133,18.8486172876358,18.8486172876358
2018-09-22 06:15:00.000003,0.8658113310979755,0.8658113310979755,12.03819994092514,12.03819994092514,12.66868325761666,12.66868325761666,9.385300793741731,9.385300793741731,14.49702128400916,14.49702128400916,18.85618616096631,18.85618616096631
2018-09-22 06:29:59.999997,1.209909841639675,1.209909841639675,12.07558019239212,12.07558019239212,12.71450393711329,12.71450393711329,9.445598077784382,9.445598077784382,14.53224253086279,14.53224253086279,18.86402794681041,18.86402794681041
2018-09-22 06:45:00.000000,1.55255466154671,1.55255466154671,12.11303577415227,12.11303577415227,12.76054551725897,12.76054551725897,9.505718951256277,9.505718951256277,14.56768528537648,14.56768528537648,18.87206848981909,18.87206848981909
2018-09-22 07:00:00.000003,1.885405601065372,1.885405601065372,12.15007924384847,12.15007924384847,12.80629882875779,12.80629882875779,9.564646330010808,9.564646330010808,14.60301625698946,14.60301625698946,18.88022960852837,18.88022960852837
2018-09-22 07:14:59.999997,2.201100435336967,2.201100435336967,12.18608591260954,12.18608591260954,12.85109272682046,12.85109272682046,9.62123666546185,9.62123666546185,14.63779241015443,14.63779241015443,18.88842146317354,18.88842146317354
2018-09-22 07:30:00.000000,2.498789612423153,2.498789612423153,12.22078168323881,12.22078168323881,12.89453521598028,12.89453521598028,9.675048233746203,9.675048233746203,14.67158107161707,14.67158107161707,18.89654515735047,18.89654515735047
2018-09-22 07:45:00.000003,2.768627021635175,2.768627021635175,12.25337842979468,12.25337842979468,12.93578397040886,12.93578397040886,9.724661423278913,9.724661423278913,14.70381865548786,14.70381865548786,18.90448942530589,18.90448942530589
2018-09-22 07:59:59.999997,3.007354665709218,3.007354665709218,12.28345073451035,12.28345073451035,12.97428197591629,12.97428197591629,9.769399447299628,9.769399447299628,14.73403777743259,14.73403777743259,18.91214484002727,18.91214484002727
2018-09-22 08:15:00.000000,3.207931627173297,3.207931627173297,12.31025038302912,12.31025038302912,13.00916810918425,13.00916810918425,9.808089743786509,9.808089743786509,14.76164356118617,14.76164356118617,18.91938638439328,18.91938638439328
2018-09-22 08:30:00.000003,3.36527603354749,3.36527603354749,12.33319154292451,12.33319154292451,13.03972595696416,13.03972595696416,9.839794413275671,9.839794413275671,14.7860747709606,14.7860747709606,18.92608544062255,18.92608544062255
2018-09-22 08:44:59.999997,3.461719262597156,3.461719262597156,12.3510855194244,12.3510855194244,13.06465604878832,13.06465604878832,9.862140343428385,9.862140343428385,14.80638350282955,14.80638350282955,18.93207522728648,18.93207522728648
2018-09-22 09:00:00.000000,3.510785152686531,3.510785152686531,12.36391038820674,12.36391038820674,13.08365348722727,13.08365348722727,9.876061630718239,9.876061630718239,14.82229395332821,14.82229395332821,18.93722490748459,18.93722490748459
2018-09-22 09:15:00.000003,3.487004889595288,3.487004889595288,12.37015494342175,12.37015494342175,13.09524473731535,13.09524473731535,9.87821504495675,9.87821504495675,14.83278819953517,14.83278819953517,18.94136015814841,18.94136015814841
2018-09-22 09:29:59.999997,3.400185257886013,3.400185257886013,12.36979482425664,12.36979482425664,13.09909043540339,13.09909043540339,9.869350967621495,9.869350967621495,14.83749504492337,14.83749504492337,18.94433823996727,18.94433823996727
2018-09-22 09:45:00.000000,3.250765944946566,3.250765944946566,12.36281549613336,12.36281549613336,13.09500420307853,13.09500420307853,9.849638551487303,9.849638551487303,14.83619849159509,14.83619849159509,18.94604929609135,18.94604929609135
2018-09-22 10:00:00.000003,3.040380593854497,3.040380593854497,12.34924528900355,12.34924528900355,13.08289832571304,13.08289832571304,9.819306821676157,9.819306821676157,14.82878183547068,14.82878183547068,18.9464123399951,18.9464123399951
2018-09-22 10:14:59.999997,2.780439504273392,2.780439504273392,12.32966008890504,12.32966008890504,13.06324446021761,13.06324446021761,9.77979679198817,9.77979679198817,14.81551644095988,14.81551644095988,18.945399246389,18.945399246389
2018-09-22 10:30:00.000000,2.482443277396602,2.482443277396602,12.30495932534776,12.30495932534776,13.03693227922535,13.03693227922535,9.73287022094195,9.73287022094195,14.79697065923164,14.79697065923164,18.94304329856265,18.94304329856265
2018-09-22 10:45:00.000003,2.163160926141253,2.163160926141253,12.27642684462786,12.27642684462786,13.00528513160063,13.00528513160063,9.68107578083983,9.68107578083983,14.77406201230037,14.77406201230037,18.93944667933219,18.93944667933219
2018-09-22 10:59:59.999997,1.818350764577029,1.818350764577029,12.244360505092,12.244360505092,12.96887134807789,12.96887134807789,9.62434172116825,9.62434172116825,14.74727134620724,14.74727134620724,18.9347182978811,18.9347182978811
2018-09-22 11:15:00.000000,1.47036434432988,1.47036434432988,12.21019949327204,12.21019949327204,12.92916276025112,12.92916276025112,9.565736642412004,9.565736642412004,14.71764432055251,14.71764432055251,18.92901864328061,18.92901864328061
2018-09-22 11:30:00.000003,1.11051316800163,1.11051316800163,12.17404270358815,12.17404270358815,12.88658569363201,12.88658569363201,9.50467435446814,9.50467435446814,14.68561123204685,14.68561123204685,18.92248966411061,18.92248966411061
2018-09-22 11:44:59.999997,0.7508316061061521,0.7508316061061521,12.13680364781421,12.13680364781421,12.84213380185948,12.84213380185948,9.442858411515136,9.442858411515136,14.65188089493839,14.65188089493839,18.91528335145572,18.91528335145572
2018-09-22 12:00:00.000000,0.3908729359560071,0.3908729359560071,12.09893771272776,12.09893771272776,12.79645364989375,12.79645364989375,9.3806385911266,9.3806385911266,14.61695630350982,14.61695630350982,18.90754026472612,18.90754026472612
2018-09-22 12:15:00.000003,0.03385948796342809,0.03385948796342809,12.06070751339455,12.06070751339455,12.74998392985064,12.74998392985064,9.318472512967693,9.318472512967693,14.5812455751393,14.5812455751393,18.89938551817274,18.89938551817274
2018-09-22 12:29:59.999997,-0.3196382443282491,-0.3196382443282491,12.02230955920975,12.02230955920975,12.70306127374474,12.70306127374474,9.256555571361817,9.256555571361817,14.54505459350499,14.54505459350499,18.89092573865431,18.89092573865431
2018-09-22 12:45:00.000000,-0.6674960205359615,-0.6674960205359615,11.98401724718548,11.98401724718548,12.65606029219411,12.65606029219411,9.195276402919966,9.195276402919966,14.50868727472906,14.50868727472906,18.88225621534716,18.88225621534716
2018-09-22 13:00:00.000003,-1.001915579544475,-1.001915579544475,11.94641876231219,11.94641876231219,12.60962028184164,12.60962028184164,9.13578386808645,9.13578386808645,14.47261757345614,14.47261757345614,18.87348001038511,18.87348001038511
2018-09-22 13:14:59.999997,-1.321500324235232,-1.321500324235232,11.90992114899448,11.90992114899448,12.56423687236854,12.56423687236854,9.078613664223425,9.078613664223425,14.43722650815647,14.43722650815647,18.86469495087224,18.86469495087224
2018-09-22 13:30:00.000000,-1.61830345448669,-1.61830345448669,11.87605558043199,11.87605558043199,12.52115446530393,12.52115446530393,9.026456234734038,9.026456234734038,14.40323101436032,14.40323101436032,18.85602466481329,18.85602466481329
2018-09-22 13:45:00.000003,-1.898834120404049,-1.898834120404049,11.84441353064226,11.84441353064226,12.48032253151588,12.48032253151588,8.978040152445017,8.978040152445017,14.3707407455852,14.3707407455852,18.84755252190931,18.84755252190931
2018-09-22 13:59:59.999997,-2.159353879757439,-2.159353879757439,11.81472350064096,11.81472350064096,12.44175920135686,12.44175920135686,8.933152667185238,8.933152667185238,14.33997145617938,14.33997145617938,18.83935349727382,18.83935349727382
2018-09-22 14:15:00.000000,-2.388372256912817,-2.388372256912817,11.78758524319402,11.78758524319402,12.40611147922822,12.40611147922822,8.89341715720289,8.89341715720289,14.3115138130153,14.3115138130153,18.83152826963348,18.83152826963348
2018-09-22 14:30:00.000003,-2.589401229015174,-2.589401229015174,11.76298815042951,11.76298815042951,12.37352270506393,12.37352270506393,8.85807543325127,8.85807543325127,14.28540278917681,14.28540278917681,18.82414156553626,18.82414156553626
2018-09-22 14:44:59.999997,-2.754694377912155,-2.754694377912155,11.74136109537557,11.74136109537557,12.34446913774937,12.34446913774937,8.828008758467215,8.828008758467215,14.26194985373793,14.26194985373793,18.81726563877577,18.81726563877577
2018-09-22 15:00:00.000000,-2.87399744315416,-2.87399744315416,11.7234039225068,11.7234039225068,12.31971284000209,12.31971284000209,8.804627097920337,8.804627097920337,14.24170927526099,14.24170927526099,18.81099989013205,18.81099989013205
2018-09-22 15:15:00.000003,-2.940361897171297,-2.940361897171297,11.70976897808861,11.70976897808861,12.30003307636462,12.30003307636462,8.789044175453785,8.789044175453785,14.22527498509026,14.22527498509026,18.8054614038177,18.8054614038177
2018-09-22 15:29:59.999997,-2.951718944085809,-2.951718944085809,11.70087535657472,11.70087535657472,12.28601658387578,12.28601658387578,8.781768372995355,8.781768372995355,14.21311888113691,14.21311888113691,18.80076796509033,18.80076796509033
2018-09-22 15:45:00.000000,-2.890540019515909,-2.890540019515909,11.69782328996675,11.69782328996675,12.27884816749816,12.27884816749816,8.785079070881531,8.785079070881531,14.206100443361,14.206100443361,18.79707228965575,18.79707228965575
2018-09-22 16:00:00.000003,-2.766082528355689,-2.766082528355689,11.70064955257745,11.70064955257745,12.27883587287934,12.27883587287934,8.798311904027708,8.798311904027708,14.20453719394829,14.20453719394829,18.79449999442796,18.79449999442796
2018-09-22 16:14:59.999997,-2.566955487505038,-2.566955487505038,11.71002330555716,11.71002330555716,12.28673285539112,12.28673285539112,8.822849860560476,8.822849860560476,14.20899327654847,14.20899327654847,18.79318258633137,18.79318258633137
2018-09-22 16:30:00.000000,-2.30450793530934,-2.30450793530934,11.72575082169689,11.72575082169689,12.3025650969623,12.3025650969623,8.857633931733872,8.857633931733872,14.21955102200419,14.21955102200419,18.7932119379724,18.7932119379724
2018-09-22 16:45:00.000003,-2.007392267694042,-2.007392267694042,11.74638297932216,11.74638297932216,12.3250472617206,12.3250472617206,8.89912594713185,8.89912594713185,14.23539860885663,14.23539860885663,18.79457387953756,18.79457387953756
2018-09-22 16:59:59.999997,-1.676300047308803,-1.676300047308803,11.77144794148181,11.77144794148181,12.35354936329396,12.35354936329396,8.946729983387328,8.946729983387328,14.25601324792989,14.25601324792989,18.79721381669947,18.79721381669947
2018-09-22 17:15:00.000000,-1.336254988382559,-1.336254988382559,11.7995469097996,11.7995469097996,12.3865571828583,12.3865571828583,8.997432958244964,8.997432958244964,14.2803211123533,14.2803211123533,18.80099908060436,18.80099908060436
2018-09-22 17:30:00.000003,-0.9838191234996914,-0.9838191234996914,11.83228132518607,11.83228132518607,12.42452197708062,12.42452197708062,9.054537579274902,9.054537579274902,14.30811375961191,14.30811375961191,18.80581842160814,18.80581842160814
2018-09-22 17:44:59.999997,-0.6214747015609056,-0.6214747015609056,11.86705916081557,11.86705916081557,12.46559563334794,12.46559563334794,9.11370513315346,9.11370513315346,14.33851089489279,14.33851089489279,18.81151878019445,18.81151878019445
2018-09-22 18:00:00.000000,-0.2612562151315746,-0.2612562151315746,11.90295576948822,11.90295576948822,12.50863853798568,12.50863853798568,9.173452884377205,9.173452884377205,14.37067065808329,14.37067065808329,18.81793166307564,18.81793166307564
2018-09-22 18:15:00.000003,0.09807236684630033,0.09807236684630033,11.93968255374604,11.93968255374604,12.55312458907466,12.55312458907466,9.23377230185724,9.23377230185724,14.404225746275,14.404225746275,18.82492146281611,18.82492146281611
2018-09-22 18:29:59.999997,0.4435375196638185,0.4435375196638185,11.97660758206104,11.97660758206104,12.59837816136504,12.59837816136504,9.293567054614623,9.293567054614623,14.43902492730582,14.43902492730582,18.83239265935721,18.83239265935721
2018-09-22 18:45:00.000000,0.7999226809251595,0.7999226809251595,12.01418525026279,12.01418525026279,12.64445564080455,12.64445564080455,9.35423595933808,9.35423595933808,14.47432672553916,14.47432672553916,18.84020132541605,18.84020132541605
2018-09-22 19:00:00.000003,1.137050987331874,1.137050987331874,12.05225877922839,12.05225877922839,12.6911174330455,12.6911174330455,9.419789248922346,9.419789248922346,14.51160144605809,14.51160144605809,18.84839254590421,18.84839254590421
2018-09-22 19:14:59.999997,1.464518718923324,1.464518718923324,12.08923110680542,12.08923110680542,12.73691694965467,12.73691694965467,9.478780868742556,9.478780868742556,14.54742339574177,14.54742339574177,18.8566466639817,18.8566466639817
2018-09-22 19:30:00.000000,1.792770925050092,1.792770925050092,12.12587088927332,12.12587088927332,12.78229880478874,12.78229880478874,9.536938580364517,9.536938580364517,14.58262980475228,14.58262980475228,18.86490436051607,18.86490436051607
2018-09-22 19:45:00.000003,2.089541013295787,2.089541013295787,12.16061667342627,12.16061667342627,12.82588983315752,12.82588983315752,9.590777828083079,9.590777828083079,14.61658747781027,14.61658747781027,18.87307147417744,18.87307147417744
2018-09-22 19:59:59.999997,2.37836103858352,2.37836103858352,12.19428537654641,12.19428537654641,12.86816274622254,12.86816274622254,9.642902130786277,9.642902130786277,14.64952084353973,14.64952084353973,18.8810998638022,18.8810998638022
2018-09-22 20:15:00.000000,2.620543909489965,2.620543909489965,12.22483529251508,12.22483529251508,12.9072971028906,12.9072971028906,9.688432604631462,9.688432604631462,14.68027374594847,14.68027374594847,18.88885138860158,18.88885138860158
2018-09-22 20:30:00.000003,2.837093210436627,2.837093210436627,12.25272264146225,12.25272264146225,12.94335296020841,12.94335296020841,9.72939516064488,9.72939516064488,14.70873392373594,14.70873392373594,18.89622740205697,18.89622740205697
2018-09-22 20:44:59.999997,3.001192885299415,3.001192885299415,12.27646367192479,12.27646367192479,12.97491768456537,12.97491768456537,9.76238811947712,9.76238811947712,14.73394910339486,14.73394910339486,18.90307964368248,18.90307964368248
2018-09-22 21:00:00.000000,3.120963643561117,3.120963643561117,12.29589171845147,12.29589171845147,13.00153354223655,13.00153354223655,9.787920619803746,9.787920619803746,14.75553446362448,14.75553446362448,18.90927996639266,18.90927996639266
2018-09-22 21:15:00.000003,3.183009163226821,3.183009163226821,12.31008636021005,12.31008636021005,13.02220421769955,13.02220421769955,9.804179718656808,9.804179718656808,14.7727938161783,14.7727938161783,18.91468354627181,18.91468354627181
2018-09-22 21:29:59.999997,3.185057854964419,3.185057854964419,12.3184690871378,12.3184690871378,13.03616648129405,13.03616648129405,9.810352647409138,9.810352647409138,14.78504015292193,14.78504015292193,18.91913328761605,18.91913328761605
2018-09-22 21:45:00.000000,3.122582590603694,3.122582590603694,12.32053612454002,12.32053612454002,13.04277641243441,13.04277641243441,9.805690196489696,9.805690196489696,14.79176128594651,14.79176128594651,18.92248771469609,18.92248771469609
2018-09-22 22:00:00.000003,2.985580509700438,2.985580509700438,12.31540228567421,12.31540228567421,13.04103572542828,13.04103572542828,9.788635716572564,9.788635716572564,14.79225205811136,14.79225205811136,18.92459459961853,18.92459459961853
2018-09-22 22:14:59.999997,2.791403960872752,2.791403960872752,12.30364921313586,12.30364921313586,13.03120923219978,13.03120923219978,9.761155353417761,9.761155353417761,14.78658483137466,14.78658483137466,18.92536294709861,18.92536294709861
2018-09-22 22:30:00.000000,2.535681300641499,2.535681300641499,12.28521753518419,12.28521753518419,13.01323707271834,13.01323707271834,9.722911074070407,9.722911074070407,14.77467181354961,14.77467181354961,18.92472608774383,18.92472608774383
2018-09-22 22:45:00.000003,2.237511201488446,2.237511201488446,12.26115439733302,12.26115439733302,12.98802871313749,12.98802871313749,9.676395632462548,9.676395632462548,14.75706408915212,14.75706408915212,18.92269147464593,18.92269147464593
2018-09-22 22:59:59.999997,1.906135286989863,1.906135286989863,12.23237019555784,12.23237019555784,12.95655854773608,12.95655854773608,9.623239918737182,9.623239918737182,14.73443688614102,14.73443688614102,18.91932334252676,18.91932334252676
2018-09-22 23:15:00.000000,1.554692231270259,1.554692231270259,12.19996967503949,12.19996967503949,12.92003039902588,12.92003039902588,9.565518587414925,9.565518587414925,14.70765736363701,14.70765736363701,18.9147391590242,18.9147391590242
2018-09-22 23:30:00.000003,1.188706274389808,1.188706274389808,12.16471895737081,12.16471895737081,12.8794100223316,12.8794100223316,9.504385881398248,9.504385881398248,14.6774795245084,14.6774795245084,18.90908144565247,18.90908144565247
2018-09-22 23:44:59.999997,0.8091837281179498,0.8091837281179498,12.1271080018593,12.1271080018593,12.83540173510809,12.83540173510809,9.440318557115663,9.440318557115663,14.64446347888064,14.64446347888064,18.90249087283186,18.90249087283186
2018-09-23 00:00:00.000000,0.4345641048176684,0.4345641048176684,12.0885895672178,12.0885895672178,12.78950551956482,12.78950551956482,9.37605758246489,9.37605758246489,14.60963618847878,14.60963618847878,18.89514614025778,18.89514614025778
2018-09-23 00:15:00.000003,0.05457333966584155,0.05457333966584155,12.04892137437758,12.04892137437758,12.7417882746741,12.7417882746741,9.31054833065097,9.31054833065097,14.57302507152766,14.57302507152766,18.88705483671925,18.88705483671925
2018-09-23 00:29:59.999997,-0.3161884641980466,-0.3161884641980466,12.0089834629897,12.0089834629897,12.69321181467116,12.69321181467116,9.24570750225183,9.24570750225183,14.53544845522594,14.53544845522594,18.87839575717554,18.87839575717554
2018-09-23 00:45:00.000000,-0.6793383434131013,-0.6793383434131013,11.96913135889823,11.96913135889823,12.6443805608357,12.6443805608357,9.181737640379804,9.181737640379804,14.49752830760289,14.49752830760289,18.86938785119812,18.86938785119812
2018-09-23 01:00:00.000003,-1.036852086936038,-1.036852086936038,11.92949288896927,11.92949288896927,12.59561237481288,12.59561237481288,9.118547531542731,9.118547531542731,14.45960557569418,14.45960557569418,18.86019498927341,18.86019498927341
2018-09-23 01:14:59.999997,-1.37533009354267,-1.37533009354267,11.89108688571508,11.89108688571508,12.54789097477369,12.54789097477369,9.058209151584155,9.058209151584155,14.42234008851705,14.42234008851705,18.85096240157138,18.85096240157138
2018-09-23 01:30:00.000000,-1.69684866203072,-1.69684866203072,11.85524100499383,11.85524100499383,12.50230006730151,12.50230006730151,9.002563992402951,9.002563992402951,14.38631762887827,14.38631762887827,18.84181875358547,18.84181875358547
2018-09-23 01:45:00.000003,-2.001429815300643,-2.001429815300643,11.82140832093549,11.82140832093549,12.45876227348263,12.45876227348263,8.95040216186102,8.95040216186102,14.35168407124372,14.35168407124372,18.83285003940871,18.83285003940871
2018-09-23 01:59:59.999997,-2.281350720465567,-2.281350720465567,11.78979196268254,11.78979196268254,12.417703622627,12.417703622627,8.90290486200098,8.90290486200098,14.31907536255093,14.31907536255093,18.82416857130277,18.82416857130277
2018-09-23 02:15:00.000000,-2.534711755387748,-2.534711755387748,11.76046888226859,11.76046888226859,12.37934229018948,12.37934229018948,8.859511597765371,8.859511597765371,14.28854134867031,14.28854134867031,18.81584390425365,18.81584390425365
2018-09-23 02:30:00.000003,-2.767136947349248,-2.767136947349248,11.73324170330845,11.73324170330845,12.34359759416069,12.34359759416069,8.819514833279934,8.819514833279934,14.26001158826439,14.26001158826439,18.80791827979239,18.80791827979239
2018-09-23 02:44:59.999997,-2.964371226096489,-2.964371226096489,11.70876795874413,11.70876795874413,12.31109696107358,12.31109696107358,8.784551410997473,8.784551410997473,14.23391017784888,14.23391017784888,18.80046018107992,18.80046018107992
2018-09-23 03:00:00.000000,-3.123748524567315,-3.123748524567315,11.68744626874612,11.68744626874612,12.28233589004167,12.28233589004167,8.755210150496074,8.755210150496074,14.21062151763846,14.21062151763846,18.79354869415012,18.79354869415012
2018-09-23 03:15:00.000003,-3.246830770091972,-3.246830770091972,11.66941928665127,11.66941928665127,12.25757963114789,12.25757963114789,8.731470883360364,8.731470883360364,14.1903691470513,14.1903691470513,18.78725552310842,18.78725552310842
2018-09-23 03:29:59.999997,-3.307521968116621,-3.307521968116621,11.65605535171948,11.65605535171948,12.23817854514744,12.23817854514744,8.71651347677811,8.71651347677811,14.17409441390072,14.17409441390072,18.78171120275694,18.78171120275694
2018-09-23 03:45:00.000000,-3.315459419046085,-3.315459419046085,11.64741931360306,11.64741931360306,12.22446921845328,12.22446921845328,8.709721416600921,8.709721416600921,14.16214461463378,14.16214461463378,18.77702999811878,18.77702999811878
2018-09-23 04:00:00.000003,-3.251976225822112,-3.251976225822112,11.64453274856728,11.64453274856728,12.21753923001729,12.21753923001729,8.713348654053709,8.713348654053709,14.15531509302471,14.15531509302471,18.7733587185629,18.7733587185629
2018-09-23 04:14:59.999997,-3.107080701703172,-3.107080701703172,11.64838180773466,11.64838180773466,12.21855079270469,12.21855079270469,8.729046017252097,8.729046017252097,14.1544700396731,14.1544700396731,18.77086152273391,18.77086152273391
2018-09-23 04:30:00.000000,-2.89025074679392,-2.89025074679392,11.65904939159295,11.65904939159295,12.22787544959535,12.22787544959535,8.756117596816889,8.756117596816889,14.15994913492229,14.15994913492229,18.76968089305915,18.76968089305915
2018-09-23 04:45:00.000003,-2.602375815417909,-2.602375815417909,11.67653461409366,11.67653461409366,12.24565680445983,12.24565680445983,8.79442252055666,8.79442252055666,14.17194029076918,14.17194029076918,18.76992335651626,18.76992335651626
2018-09-23 04:59:59.999997,-2.279428096411386,-2.279428096411386,11.69919157369761,11.69919157369761,12.27047742887588,12.27047742887588,8.839693036341634,8.839693036341634,14.18953015311438,14.18953015311438,18.77157496090068,18.77157496090068
2018-09-23 05:15:00.000000,-1.914777608464716,-1.914777608464716,11.72672984328389,11.72672984328389,12.30182537181882,12.30182537181882,8.892072832933032,8.892072832933032,14.2123065521117,14.2123065521117,18.77459070906186,18.77459070906186
2018-09-23 05:30:00.000003,-1.545209234504393,-1.545209234504393,11.75729915658365,11.75729915658365,12.33787096699536,12.33787096699536,8.947108759110982,8.947108759110982,14.23894735389255,14.23894735389255,18.7788225188791,18.7788225188791
2018-09-23 05:44:59.999997,-1.164860907838978,-1.164860907838978,11.79179210826232,11.79179210826232,12.37853588957777,12.37853588957777,9.007186747992254,9.007186747992254,14.26901226683959,14.26901226683959,18.78413140237164,18.78413140237164
2018-09-23 06:00:00.000000,-0.7705098554347192,-0.7705098554347192,11.8294116385001,11.8294116385001,12.42305978947119,12.42305978947119,9.071298113999624,9.071298113999624,14.30203136094394,14.30203136094394,18.79038091795969,18.79038091795969
2018-09-23 06:15:00.000003,-0.3753468443107235,-0.3753468443107235,11.86862816846775,11.86862816846775,12.47002011012942,12.47002011012942,9.136738750352734,9.136738750352734,14.33711791413397,14.33711791413397,18.79740484384314,18.79740484384314
2018-09-23 06:29:59.999997,0.0210299184940465,0.0210299184940465,11.90888779227189,11.90888779227189,12.5186961351442,12.5186961351442,9.20294845022821,9.20294845022821,14.37371962436123,14.37371962436123,18.80505339238758,18.80505339238758
2018-09-23 06:45:00.000000,0.4010108731916852,0.4010108731916852,11.94895219719325,11.94895219719325,12.56776831550034,12.56776831550034,9.267499536514551,9.267499536514551,14.4109030817257,14.4109030817257,18.81314972803048,18.81314972803048
2018-09-23 07:00:00.000003,0.7735899499684878,0.7735899499684878,11.98880305707659,11.98880305707659,12.61691441901684,12.61691441901684,9.33108973002851,9.33108973002851,14.44831775503902,14.44831775503902,18.82155183865131,18.82155183865131
2018-09-23 07:14:59.999997,1.14961725364136,1.14961725364136,12.02967091734927,12.02967091734927,12.66717066432649,12.66717066432649,9.396588092290157,9.396588092290157,14.48711073828504,14.48711073828504,18.83027847996487,18.83027847996487
2018-09-23 07:30:00.000000,1.48875795718491,1.48875795718491,12.06874771433798,12.06874771433798,12.71598720930227,12.71598720930227,9.457149591006397,9.457149591006397,14.52499477182316,14.52499477182316,18.83911535531782,18.83911535531782
2018-09-23 07:45:00.000003,1.850692354772698,1.850692354772698,12.10862121022622,12.10862121022622,12.76521316334481,12.76521316334481,9.52129579795937,9.52129579795937,14.56323240073379,14.56323240073379,18.84804618100461,18.84804618100461
2018-09-23 07:59:59.999997,2.166661358247612,2.166661358247612,12.14704625580741,12.14704625580741,12.81306817266192,12.81306817266192,9.586203410152299,9.586203410152299,14.60210400420114,14.60210400420114,18.85707785222146,18.85707785222146
2018-09-23 08:15:00.000000,2.488282152771459,2.488282152771459,12.18430986866457,12.18430986866457,12.85958963183611,12.85958963183611,9.644698362615904,9.644698362615904,14.6387425838179,14.6387425838179,18.86592591802794,18.86592591802794
2018-09-23 08:30:00.000003,2.754232733351686,2.754232733351686,12.21787424246404,12.21787424246404,12.90249458500741,12.90249458500741,9.694830578172663,9.694830578172663,14.67254765709793,14.67254765709793,18.87443415691947,18.87443415691947
2018-09-23 08:44:59.999997,3.004784730483179,3.004784730483179,12.2492439536752,12.2492439536752,12.94269579494577,12.94269579494577,9.741552838771177,9.741552838771177,14.70417819527191,14.70417819527191,18.88255858305476,18.88255858305476
2018-09-23 09:00:00.000000,3.201188748232106,3.201188748232106,12.27648785822002,12.27648785822002,12.97847459807827,12.97847459807827,9.780231352304517,9.780231352304517,14.73262586428143,14.73262586428143,18.89016677627929,18.89016677627929
2018-09-23 09:15:00.000003,3.352619096733174,3.352619096733174,12.29941057909839,12.29941057909839,13.00933150923373,13.00933150923373,9.811339058406206,9.811339058406206,14.7574472917575,14.7574472917575,18.89713075574351,18.89713075574351
2018-09-23 09:29:59.999997,3.451904060539795,3.451904060539795,12.3175485903601,12.3175485903601,13.03462691564942,13.03462691564942,9.834075059473568,9.834075059473568,14.77812901123107,14.77812901123107,18.90332191730312,18.90332191730312
2018-09-23 09:45:00.000000,3.483111373420896,3.483111373420896,12.32948985840294,12.32948985840294,13.05296367584397,13.05296367584397,9.845711278519678,9.845711278519678,14.79371837577969,14.79371837577969,18.90857032923262,18.90857032923262
2018-09-23 10:00:00.000003,3.451074153320375,3.451074153320375,12.33499166603059,12.33499166603059,13.06381645628291,13.06381645628291,9.846444704468734,9.846444704468734,14.80373980057708,14.80373980057708,18.91272654384169,18.91272654384169
2018-09-23 10:14:59.999997,3.337357689526578,3.337357689526578,12.33280895792582,12.33280895792582,13.06588299921219,13.06588299921219,9.833730960892735,9.833730960892735,14.80726265953447,14.80726265953447,18.91561290636142,18.91561290636142
2018-09-23 10:30:00.000000,3.16294020064219,3.16294020064219,12.32371753816981,12.32371753816981,13.05952561309889,13.05952561309889,9.81005476744762,9.81005476744762,14.80436160503612,14.80436160503612,18.91712365959981,18.91712365959981
2018-09-23 10:45:00.000003,2.930981292688975,2.930981292688975,12.30803087004021,12.30803087004021,13.04499460897224,13.04499460897224,9.776060658381994,9.776060658381994,14.79516891094665,14.79516891094665,18.91720213572319,18.91720213572319
2018-09-23 10:59:59.999997,2.64316481482386,2.64316481482386,12.28592662376666,12.28592662376666,13.02248376671693,13.02248376671693,9.732036409608163,9.732036409608163,14.7797984406312,14.7797984406312,18.91582172374957,18.91582172374957
2018-09-23 11:15:00.000000,2.326574581283318,2.326574581283318,12.25906282285524,12.25906282285524,12.99352383961123,12.99352383961123,9.681668923744274,9.681668923744274,14.7592216015381,14.7592216015381,18.91305194019223,18.91305194019223
2018-09-23 11:30:00.000003,1.985114287041211,1.985114287041211,12.22832079398831,12.22832079398831,12.95920205053303,12.95920205053303,9.626143365990146,9.626143365990146,14.73426551721918,14.73426551721918,18.90901344674131,18.90901344674131
2018-09-23 11:44:59.999997,1.628641746271622,1.628641746271622,12.19456802401713,12.19456802401713,12.92057018743545,12.92057018743545,9.56700255203999,9.56700255203999,14.70570609888462,14.70570609888462,18.90384765821679,18.90384765821679
2018-09-23 12:00:00.000000,1.256894818790477,1.256894818790477,12.15817678705148,12.15817678705148,12.8782243837011,12.8782243837011,9.504548996583557,9.504548996583557,14.67406880780125,14.67406880780125,18.89769210085023,18.89769210085023
2018-09-23 12:15:00.000003,0.8810408289812969,0.8810408289812969,12.12007444506615,12.12007444506615,12.83320515081758,12.83320515081758,9.440480259014247,9.440480259014247,14.64012214896719,14.64012214896719,18.89070392702609,18.89070392702609
2018-09-23 12:29:59.999997,0.500136046652416,0.500136046652416,12.08080033699584,12.08080033699584,12.78624366979614,12.78624366979614,9.375167001076871,9.375167001076871,14.6044100350534,14.6044100350534,18.88303009459646,18.88303009459646
2018-09-23 12:45:00.000000,0.1208290658672046,0.1208290658672046,12.04084412520569,12.04084412520569,12.73800126855751,12.73800126855751,9.309534707129574,9.309534707129574,14.56748248793475,14.56748248793475,18.87481225338412,18.87481225338412
2018-09-23 13:00:00.000003,-0.2471581378013458,-0.2471581378013458,12.00098149733524,12.00098149733524,12.68937804833253,12.68937804833253,9.245073240513719,9.245073240513719,14.53004376541282,14.53004376541282,18.86620335450948,18.86620335450948
2018-09-23 13:14:59.999997,-0.6141869885214489,-0.6141869885214489,11.96098372631354,11.96098372631354,12.64041098334723,12.64041098334723,9.180710778585054,9.180710778585054,14.49223011821856,14.49223011821856,18.85731178844538,18.85731178844538
2018-09-23 13:30:00.000000,-0.9629250479439782,-0.9629250479439782,11.92183335208488,11.92183335208488,12.59206940664363,12.59206940664363,9.118670858682075,9.118670858682075,14.45472056711529,14.45472056711529,18.84826813292391,18.84826813292391
2018-09-23 13:45:00.000003,-1.293105710068849,-1.293105710068849,11.8840039065815,11.8840039065815,12.54497520146965,12.54497520146965,9.059474096913837,9.059474096913837,14.41800634762319,14.41800634762319,18.83919731936905,18.83919731936905
2018-09-23 13:59:59.999997,-1.612697545114608,-1.612697545114608,11.84821275027992,11.84821275027992,12.49967760725324,12.49967760725324,9.003779089823954,9.003779089823954,14.38235696228337,14.38235696228337,18.8302005019885,18.8302005019885
2018-09-23 14:15:00.000000,-1.89906620493153,-1.89906620493153,11.81542224530111,11.81542224530111,12.45723113334585,12.45723113334585,8.953974317827493,8.953974317827493,14.34857776516746,14.34857776516746,18.82140816692929,18.82140816692929
2018-09-23 14:30:00.000003,-2.162387661399381,-2.162387661399381,11.78508935455545,11.78508935455545,12.41759646065893,12.41759646065893,8.908889057467068,8.908889057467068,14.31703410966855,14.31703410966855,18.81293805906429,18.81293805906429
2018-09-23 14:44:59.999997,-2.401792857959966,-2.401792857959966,11.75703937879295,11.75703937879295,12.38073848953944,12.38073848953944,8.867683900659348,8.867683900659348,14.28764851906299,14.28764851906299,18.80485440508873,18.80485440508873
2018-09-23 15:00:00.000000,-2.603481722009726,-2.603481722009726,11.73194062393937,11.73194062393937,12.3473297576532,12.3473297576532,8.831894157366415,8.831894157366415,14.26084005764959,14.26084005764959,18.79724097548881,18.79724097548881
2018-09-23 15:15:00.000003,-2.771172299641325,-2.771172299641325,11.70989565497771,11.70989565497771,12.31761548632771,12.31761548632771,8.80134185858785,8.80134185858785,14.23681974421182,14.23681974421182,18.79017056397547,18.79017056397547
2018-09-23 15:29:59.999997,-2.900953008490226,-2.900953008490226,11.6911751429453,11.6911751429453,12.29193187835604,12.29193187835604,8.776534166846714,8.776534166846714,14.21585758968702,14.21585758968702,18.78371881170892,18.78371881170892
2018-09-23 15:45:00.000000,-2.975781907071136,-2.975781907071136,11.67676103436822,11.67676103436822,12.27127986998554,12.27127986998554,8.75963059910312,8.75963059910312,14.1986618829437,14.1986618829437,18.77799493502312,18.77799493502312
2018-09-23 16:00:00.000003,-2.994829326538521,-2.994829326538521,11.66711663196795,11.66711663196795,12.25630484008995,12.25630484008995,8.751130942525615,8.751130942525615,14.18574993051232,14.18574993051232,18.77311745855309,18.77311745855309
2018-09-23 16:14:59.999997,-2.944392776512919,-2.944392776512919,11.66317068797332,11.66317068797332,12.24804598747308,12.24804598747308,8.752864514135,8.752864514135,14.17788936924487,14.17788936924487,18.76923250667156,18.76923250667156
2018-09-23 16:30:00.000000,-2.821036940307353,-2.821036940307353,11.66551544169547,11.66551544169547,12.24729516625757,12.24729516625757,8.765620151450435,8.765620151450435,14.17570735753903,14.17570735753903,18.76648280856278,18.76648280856278
2018-09-23 16:45:00.000003,-2.625555672568876,-2.625555672568876,11.67444032896417,11.67444032896417,12.2545454053715,12.2545454053715,8.789550172285695,8.789550172285695,14.17962746458682,14.17962746458682,18.76500510175117,18.76500510175117
2018-09-23 16:59:59.999997,-2.358954845296846,-2.358954845296846,11.69010665464996,11.69010665464996,12.27011014945797,12.27011014945797,8.82466382331088,8.82466382331088,14.18992238547678,14.18992238547678,18.76490906445068,18.76490906445068
2018-09-23 17:15:00.000000,-2.052509347129811,-2.052509347129811,11.711115507033,11.711115507033,12.29281597710091,12.29281597710091,8.867277846428552,8.867277846428552,14.20585922830839,14.20585922830839,18.76619941487559,18.76619941487559
2018-09-23 17:30:00.000003,-1.697877728203841,-1.697877728203841,11.7374498373295,11.7374498373295,12.32248094497587,12.32248094497587,8.917877774399209,8.917877774399209,14.22723077250533,14.22723077250533,18.76886140285204,18.76886140285204
2018-09-23 17:44:59.999997,-1.327219524537219,-1.327219524537219,11.76759735727298,11.76759735727298,12.35757222693756,12.35757222693756,8.972844529459975,8.972844529459975,14.2529741469992,14.2529741469992,18.77278924498072,18.77278924498072
2018-09-23 18:00:00.000000,-0.9400305383048271,-0.9400305383048271,11.80315574339037,11.80315574339037,12.39849753140052,12.39849753140052,9.0353617176051,9.0353617176051,14.2828329465877,14.2828329465877,18.77788430120557,18.77788430120557
2018-09-23 18:15:00.000003,-0.530895015679489,-0.530895015679489,11.84171094696746,11.84171094696746,12.44361842207876,12.44361842207876,9.10168196400297,9.10168196400297,14.31609354195039,14.31609354195039,18.78401588559613,18.78401588559613
2018-09-23 18:29:59.999997,-0.1327841964803848,-0.1327841964803848,11.88133415942416,11.88133415942416,12.49093927916675,12.49093927916675,9.16779968335256,9.16779968335256,14.35139064296339,14.35139064296339,18.79098360201968,18.79098360201968
2018-09-23 18:45:00.000000,0.2632091722781639,0.2632091722781639,11.92173201019196,11.92173201019196,12.5397694027171,12.5397694027171,9.234140212944864,9.234140212944864,14.3881002873306,14.3881002873306,18.79860813611441,18.79860813611441
2018-09-23 19:00:00.000003,0.6445088687085554,0.6445088687085554,11.9622669798812,11.9622669798812,12.58936140440102,12.58936140440102,9.299710886872207,9.299710886872207,14.42599569707363,14.42599569707363,18.80676044293635,18.80676044293635
2018-09-23 19:14:59.999997,1.034244297491924,1.034244297491924,12.00376905016421,12.00376905016421,12.64014604044378,12.64014604044378,9.366749473873565,9.366749473873565,14.46500084705432,14.46500084705432,18.8153412253581,18.8153412253581
2018-09-23 19:30:00.000000,1.399096766133778,1.399096766133778,12.04438559110235,12.04438559110235,12.69038052553187,12.69038052553187,9.430575749923916,9.430575749923916,14.50357674090163,14.50357674090163,18.82414327078151,18.82414327078151
2018-09-23 19:45:00.000003,1.76498933113467,1.76498933113467,12.08541254622627,12.08541254622627,12.74089682594445,12.74089682594445,9.498367630823193,9.498367630823193,14.54324770143059,14.54324770143059,18.83318228295462,18.83318228295462
2018-09-23 19:59:59.999997,2.110027451864635,2.110027451864635,12.12554420544069,12.12554420544069,12.79059789508079,12.79059789508079,9.564622772836548,9.564622772836548,14.58283929732618,14.58283929732618,18.84233195656524,18.84233195656524
2018-09-23 20:15:00.000000,2.434676215573624,2.434676215573624,12.16369833113725,12.16369833113725,12.83838518408359,12.83838518408359,9.623950010388779,9.623950010388779,14.62030584328018,14.62030584328018,18.85134387264061,18.85134387264061
2018-09-23 20:30:00.000003,2.746145141120417,2.746145141120417,12.2003597502952,12.2003597502952,12.88444886142386,12.88444886142386,9.680502622078965,9.680502622078965,14.65627288169056,14.65627288169056,18.86016000776467,18.86016000776467
2018-09-23 20:44:59.999997,3.006993526487015,3.006993526487015,12.23360827428529,12.23360827428529,12.9270499858786,12.9270499858786,9.729806149508619,9.729806149508619,14.68974182351045,14.68974182351045,18.86864647198054,18.86864647198054
2018-09-23 21:00:00.000000,3.246418109789727,3.246418109789727,12.26425760806916,12.26425760806916,12.96654169262685,12.96654169262685,9.774948053914148,9.774948053914148,14.7208631700023,14.7208631700023,18.8767247650248,18.8767247650248
2018-09-23 21:15:00.000003,3.429182053354124,3.429182053354124,12.2905347663151,12.2905347663151,13.00128336608419,13.00128336608419,9.811670483561057,9.811670483561057,14.74856550532455,14.74856550532455,18.88424338771171,18.88424338771171
2018-09-23 21:29:59.999997,3.584033578609735,3.584033578609735,12.31346301895015,12.31346301895015,13.03182767664605,13.03182767664605,9.843227637767757,9.843227637767757,14.773049467376,14.773049467376,18.8911231256143,18.8911231256143
2018-09-23 21:45:00.000000,3.669647494210054,3.669647494210054,12.33068666060431,12.33068666060431,13.05614340419353,13.05614340419353,9.864061662795608,9.864061662795608,14.79303537908357,14.79303537908357,18.89719814454499,18.89719814454499
2018-09-23 22:00:00.000003,3.710658533740458,3.710658533740458,12.34283500034862,12.34283500034862,13.07440673027977,13.07440673027977,9.87669783635827,9.87669783635827,14.80847063552548,14.80847063552548,18.90235995722053,18.90235995722053
2018-09-23 22:14:59.999997,3.673819688130587,3.673819688130587,12.34807950192543,12.34807950192543,13.08492310844714,13.08492310844714,9.876885354042999,9.876885354042999,14.81822878880091,14.81822878880091,18.90643890880118,18.90643890880118
2018-09-23 22:30:00.000000,3.577264573043484,3.577264573043484,12.34676638395761,12.34676638395761,13.08765443811056,13.08765443811056,9.866358515533438,9.866358515533438,14.82212976064414,14.82212976064414,18.90931181969981,18.90931181969981
2018-09-23 22:45:00.000003,3.403693242020715,3.403693242020715,12.33791260151689,12.33791260151689,13.08161848583291,13.08161848583291,9.842932829130232,9.842932829130232,14.8194839445647,14.8194839445647,18.91083927410489,18.91083927410489
2018-09-23 22:59:59.999997,3.172340357160717,3.172340357160717,12.32234572170876,12.32234572170876,13.06728647638105,13.06728647638105,9.809026809194492,9.809026809194492,14.81046490201964,14.81046490201964,18.91094677160784,18.91094677160784
2018-09-23 23:15:00.000000,2.880109818730398,2.880109818730398,12.30007238973908,12.30007238973908,13.04467525663492,13.04467525663492,9.764481631450003,9.764481631450003,14.7950714513183,14.7950714513183,18.90958606383596,18.90958606383596
2018-09-23 23:30:00.000003,2.549608440320267,2.549608440320267,12.27236126506701,12.27236126506701,13.01494160292923,13.01494160292923,9.712208604848032,9.712208604848032,14.7740238260914,14.7740238260914,18.90679030556012,18.90679030556012
2018-09-23 23:44:59.999997,2.192607580410353,2.192607580410353,12.24036747095963,12.24036747095963,12.97933897035804,12.97933897035804,9.654255918992593,9.654255918992593,14.74819579231105,14.74819579231105,18.90265805766324,18.90265805766324
2018-09-24 00:00:00.000000,1.810558419162799,1.810558419162799,12.2046545255901,12.2046545255901,12.93866011444771,12.93866011444771,9.591244781218583,9.591244781218583,14.71821174833989,14.71821174833989,18.89730759663112,18.89730759663112
2018-09-24 00:15:00.000003,1.417935396483781,1.417935396483781,12.16622786139537,12.16622786139537,12.89396258352915,12.89396258352915,9.525211872899364,9.525211872899364,14.68467238690569,14.68467238690569,18.89076153323022,18.89076153323022
2018-09-24 00:29:59.999997,1.016267725778245,1.016267725778245,12.12566526623419,12.12566526623419,12.84607014472437,12.84607014472437,9.45683503084624,9.45683503084624,14.64835332859618,14.64835332859618,18.88320238555515,18.88320238555515
2018-09-24 00:45:00.000000,0.6116868902567032,0.6116868902567032,12.08383520530342,12.08383520530342,12.79603265521084,12.79603265521084,9.387325736832365,9.387325736832365,14.61011584543775,14.61011584543775,18.87487088835957,18.87487088835957
2018-09-24 01:00:00.000003,0.2099311330874198,0.2099311330874198,12.04141311350932,12.04141311350932,12.74473410777378,12.74473410777378,9.317717071175574,9.317717071175574,14.57068801710118,14.57068801710118,18.86597832558503,18.86597832558503
2018-09-24 01:14:59.999997,-0.1878468123053664,-0.1878468123053664,11.99867580752486,11.99867580752486,12.69267810831911,12.69267810831911,9.248324690484381,9.248324690484381,14.53053592456519,14.53053592456519,18.85668360937056,18.85668360937056
2018-09-24 01:30:00.000000,-0.5771245028172939,-0.5771245028172939,11.95607265215484,11.95607265215484,12.64045093311831,12.64045093311831,9.179874452145397,9.179874452145397,14.49012198298366,14.49012198298366,18.84711844134484,18.84711844134484
2018-09-24 01:45:00.000003,-0.9526874282265827,-0.9526874282265827,11.91413999945432,11.91413999945432,12.58870642183593,12.58870642183593,9.113254995734545,9.113254995734545,14.44994518411393,14.44994518411393,18.83740588509029,18.83740588509029
2018-09-24 01:59:59.999997,-1.312751993437305,-1.312751993437305,11.87331577932748,11.87331577932748,12.53799018020527,12.53799018020527,9.049042775720151,9.049042775720151,14.41042067601408,14.41042067601408,18.82765842422008,18.82765842422008
2018-09-24 02:15:00.000000,-1.651602215063824,-1.651602215063824,11.83519543483765,11.83519543483765,12.48957408711968,12.48957408711968,8.989917888759058,8.989917888759058,14.37224790905638,14.37224790905638,18.81800543032125,18.81800543032125
2018-09-24 02:30:00.000003,-1.964364257976687,-1.964364257976687,11.79991659188698,11.79991659188698,12.44393878974601,12.44393878974601,8.93628797708464,8.93628797708464,14.33600654719547,14.33600654719547,18.8085747356481,18.8085747356481
2018-09-24 02:44:59.999997,-2.254989725809491,-2.254989725809491,11.76697745429172,11.76697745429172,12.40101731773526,12.40101731773526,8.886975059805845,8.886975059805845,14.30192164071586,14.30192164071586,18.79946814843094,18.79946814843094
2018-09-24 03:00:00.000000,-2.512767727319229,-2.512767727319229,11.73670602916629,11.73670602916629,12.36121350982276,12.36121350982276,8.842520173175215,8.842520173175215,14.27019533639705,14.27019533639705,18.7907672794737,18.7907672794737
2018-09-24 03:15:00.000003,-2.738416474233321,-2.738416474233321,11.70926038159736,11.70926038159736,12.32480661093472,12.32480661093472,8.802959269043955,8.802959269043955,14.24102260876928,14.24102260876928,18.78254640155734,18.78254640155734
2018-09-24 03:29:59.999997,-2.928055154581426,-2.928055154581426,11.68492407772044,11.68492407772044,12.2921480406481,12.2921480406481,8.768819173473215,8.768819173473215,14.21467894224786,14.21467894224786,18.77488056259786,18.77488056259786
2018-09-24 03:45:00.000000,-3.076874899015859,-3.076874899015859,11.66407758178027,11.66407758178027,12.26368792225344,12.26368792225344,8.740793071412678,8.740793071412678,14.19151203365135,14.19151203365135,18.76785022959148,18.76785022959148
2018-09-24 04:00:00.000003,-3.179655996423435,-3.179655996423435,11.64717147425035,11.64717147425035,12.23995991218846,12.23995991218846,8.719669033866367,8.719669033866367,14.171926672216,14.171926672216,18.76154350785142,18.76154350785142
2018-09-24 04:14:59.999997,-3.226665421945644,-3.226665421945644,11.63490202045443,11.63490202045443,12.22174153107921,12.22174153107921,8.706798390989235,8.706798390989235,14.15649787940427,14.15649787940427,18.75606876397888,18.75606876397888
2018-09-24 04:30:00.000000,-3.211091269452234,-3.211091269452234,11.62789948385752,11.62789948385752,12.20979780753702,12.20979780753702,8.703265247931961,8.703265247931961,14.14581964847574,14.14581964847574,18.75154779126423,18.75154779126423
2018-09-24 04:45:00.000003,-3.12100619200842,-3.12100619200842,11.62708503873913,11.62708503873913,12.20517963025517,12.20517963025517,8.710777604386879,8.710777604386879,14.14066979672028,14.14066979672028,18.74812947902104,18.74812947902104
2018-09-24 04:59:59.999997,-2.952362731716273,-2.952362731716273,11.63312341411735,11.63312341411735,12.20875533217522,12.20875533217522,8.730211210522565,8.730211210522565,14.14171468013929,14.14171468013929,18.74596501884525,18.74596501884525
2018-09-24 05:15:00.000000,-2.708790068494686,-2.708790068494686,11.64613930653749,11.64613930653749,12.22087323983136,12.22087323983136,8.761362349927847,8.761362349927847,14.14929938840012,14.14929938840012,18.74518741939062,18.74518741939062
2018-09-24 05:30:00.000003,-2.404248748625785,-2.404248748625785,11.66559711523914,11.66559711523914,12.24117279130303,12.24117279130303,8.802650228828043,8.802650228828043,14.16324784036244,14.16324784036244,18.74586272000476,18.74586272000476
2018-09-24 05:44:59.999997,-2.05782490642477,-2.05782490642477,11.69046812133714,11.69046812133714,12.26871536500775,12.26871536500775,8.85157845653869,8.85157845653869,14.18291635187426,14.18291635187426,18.74797754701011,18.74797754701011
2018-09-24 06:00:00.000000,-1.68307618043741,-1.68307618043741,11.71973592051947,11.71973592051947,12.30239431255783,12.30239431255783,8.90614332678342,8.90614332678342,14.20749145746171,14.20749145746171,18.75145057953633,18.75145057953633
2018-09-24 06:15:00.000003,-1.294176423814421,-1.294176423814421,11.75256837828155,11.75256837828155,12.34107318109133,12.34107318109133,8.964788102114953,8.964788102114953,14.23607361276634,14.23607361276634,18.75614821770023,18.75614821770023
2018-09-24 06:29:59.999997,-0.8951549717566741,-0.8951549717566741,11.79021613466213,11.79021613466213,12.38493597987786,12.38493597987786,9.029901968978207,9.029901968978207,14.26830940257306,14.26830940257306,18.76194443462758,18.76194443462758
2018-09-24 06:45:00.000000,-0.4818662905533079,-0.4818662905533079,11.83016374447522,11.83016374447522,12.43221370375014,12.43221370375014,9.09758047019128,9.09758047019128,14.30338508530391,14.30338508530391,18.76868275045545,18.76868275045545
2018-09-24 07:00:00.000003,-0.07337444185056212,-0.07337444185056212,11.87121747341538,11.87121747341538,12.48152100983598,12.48152100983598,9.165637362772943,9.165637362772943,14.34030793177499,14.34030793177499,18.77618065299741,18.77618065299741
2018-09-24 07:14:59.999997,0.3248417910554021,0.3248417910554021,11.91253990301661,11.91253990301661,12.53179169078469,12.53179169078469,9.232842851830341,9.232842851830341,14.37824611862932,14.37824611862932,18.7842503020197,18.7842503020197
2018-09-24 07:30:00.000000,0.7085736179194864,0.7085736179194864,11.95348494377663,11.95348494377663,12.58214504048281,12.58214504048281,9.298363226636182,9.298363226636182,14.41650012502236,14.41650012502236,18.79271159583864,18.79271159583864
2018-09-24 07:45:00.000003,1.098805209582588,1.098805209582588,11.99541780581267,11.99541780581267,12.63360360084746,12.63360360084746,9.365678497952599,9.365678497952599,14.45596899781485,14.45596899781485,18.80153469515017,18.80153469515017
2018-09-24 07:59:59.999997,1.45276027373636,1.45276027373636,12.03593211099956,12.03593211099956,12.68404149199739,12.68404149199739,9.428892529411703,9.428892529411703,14.49509911590043,14.49509911590043,18.81055006428055,18.81055006428055
2018-09-24 08:15:00.000000,1.807115248142896,1.807115248142896,12.07580983940829,12.07580983940829,12.73369826355433,12.73369826355433,9.491022184414662,9.491022184414662,14.53345148624352,14.53345148624352,18.81960713673677,18.81960713673677
2018-09-24 08:30:00.000003,2.133667344053578,2.133667344053578,12.11395220766069,12.11395220766069,12.78158750767881,12.78158750767881,9.550027105821075,9.550027105821075,14.57069736537201,14.57069736537201,18.82859221355791,18.82859221355791
2018-09-24 08:44:59.999997,2.439280020745447,2.439280020745447,12.1515085909268,12.1515085909268,12.82849480232938,12.82849480232938,9.614048768245926,9.614048768245926,14.60907221539055,14.60907221539055,18.83762617967809,18.83762617967809
2018-09-24 09:00:00.000000,2.726519632151466,2.726519632151466,12.18650589167197,12.18650589167197,12.87275930403878,12.87275930403878,9.667781081182149,9.667781081182149,14.64422664579487,14.64422664579487,18.84634179110409,18.84634179110409
2018-09-24 09:15:00.000003,2.963114914458296,2.963114914458296,12.21760623261719,12.21760623261719,12.91297040705238,12.91297040705238,9.713229015846876,9.713229015846876,14.67607681233427,14.67607681233427,18.85459198429429,18.85459198429429
2018-09-24 09:29:59.999997,3.176466095519349,3.176466095519349,12.24580122933765,12.24580122933765,12.94966455938865,12.94966455938865,9.754072080810333,9.754072080810333,14.70517403353922,14.70517403353922,18.86232784215006,18.86232784215006
2018-09-24 09:45:00.000000,3.326996499741932,3.326996499741932,12.26905787914211,12.26905787914211,12.98100905984652,12.98100905984652,9.785450611827866,9.785450611827866,14.7304037617354,14.7304037617354,18.86940503543245,18.86940503543245
2018-09-24 10:00:00.000003,3.441479786953051,3.441479786953051,12.2882323849043,12.2882323849043,13.00737372600963,13.00737372600963,9.81031869348499,9.81031869348499,14.7518471845896,14.7518471845896,18.87573264301043,18.87573264301043
2018-09-24 10:14:59.999997,3.493122696500348,3.493122696500348,12.30181382738258,12.30181382738258,13.02741089062334,13.02741089062334,9.825138180632083,9.825138180632083,14.76863528219272,14.76863528219272,18.88117256975493,18.88117256975493
2018-09-24 10:30:00.000000,3.485751824247158,3.485751824247158,12.30944124981101,12.30944124981101,13.0405348337591,13.0405348337591,9.829834564652648,9.829834564652648,14.78027874411075,14.78027874411075,18.88559374286871,18.88559374286871
2018-09-24 10:45:00.000003,3.398220853872806,3.398220853872806,12.30967439150302,12.30967439150302,13.04528431918604,13.04528431918604,9.821432141075004,9.821432141075004,14.7857549341617,14.7857549341617,18.88882169076858,18.88882169076858
2018-09-24 10:59:59.999997,3.251251655081584,3.251251655081584,12.30319861904406,12.30319861904406,13.04192217438069,13.04192217438069,9.802293649145286,9.802293649145286,14.78507090355771,14.78507090355771,18.89074669136587,18.89074669136587
2018-09-24 11:15:00.000000,3.028285412954765,3.028285412954765,12.28921540459986,12.28921540459986,13.02966668475441,13.02966668475441,9.770502025903426,9.770502025903426,14.77767915078279,14.77767915078279,18.89124886406153,18.89124886406153
2018-09-24 11:30:00.000003,2.749332956291065,2.749332956291065,12.2684956866091,12.2684956866091,13.00904201808768,13.00904201808768,9.728319564344893,9.728319564344893,14.76383245585796,14.76383245585796,18.89027408640953,18.89027408640953
2018-09-24 11:44:59.999997,2.423382092953944,2.423382092953944,12.24184270958239,12.24184270958239,12.98083109447079,12.98083109447079,9.677257257759877,9.677257257759877,14.74401383386,14.74401383386,18.8878310677477,18.8878310677477
2018-09-24 12:00:00.000000,2.064281728927206,2.064281728927206,12.21032064332084,12.21032064332084,12.94612950676924,12.94612950676924,9.619428157125947,9.619428157125947,14.71897907916075,14.71897907916075,18.883992536037,18.883992536037
2018-09-24 12:15:00.000003,1.688022362506212,1.688022362506212,12.17528544737271,12.17528544737271,12.90639354796941,12.90639354796941,9.55737166571536,9.55737166571536,14.68975871536237,14.68975871536237,18.87889579839534,18.87889579839534
2018-09-24 12:29:59.999997,1.293137007841483,1.293137007841483,12.13717984849733,12.13717984849733,12.86235136898074,12.86235136898074,9.491385129022651,9.491385129022651,14.65698098654676,14.65698098654676,18.87268484731134,18.87268484731134
2018-09-24 12:45:00.000000,0.8905253234623397,0.8905253234623397,12.09691944498224,12.09691944498224,12.81505505467457,12.81505505467457,9.423125476002848,9.423125476002848,14.62143225824814,14.62143225824814,18.86552020736698,18.86552020736698
2018-09-24 13:00:00.000003,0.4815483222150183,0.4815483222150183,12.05519811124308,12.05519811124308,12.76538712561526,12.76538712561526,9.353276691318028,9.353276691318028,14.58375512038647,14.58375512038647,18.85756140771382,18.85756140771382
2018-09-24 13:14:59.999997,0.07277281136054974,0.07277281136054974,12.01254046272296,12.01254046272296,12.71406633272946,12.71406633272946,9.282805050907198,9.282805050907198,14.5445556629073,14.5445556629073,18.84896093490671,18.84896093490671
2018-09-24 13:30:00.000000,-0.3372069489244344,-0.3372069489244344,11.96910489083536,11.96910489083536,12.66146469878512,12.66146469878512,9.211717608310245,9.211717608310245,14.50420041603629,14.50420041603629,18.83984994227138,18.83984994227138
2018-09-24 13:45:00.000003,-0.7395216900569259,-0.7395216900569259,11.9255466311803,11.9255466311803,12.60832823959889,12.60832823959889,9.14127854303378,9.14127854303378,14.46325486501663,14.46325486501663,18.83036215092877,18.83036215092877
2018-09-24 13:59:59.999997,-1.124823328390068,-1.124823328390068,11.88271138108697,11.88271138108697,12.55560615081198,12.55560615081198,9.073019493108088,9.073019493108088,14.42242602598749,14.42242602598749,18.82064529689305,18.82064529689305
2018-09-24 14:15:00.000000,-1.49620825666109,-1.49620825666109,11.84133071736811,11.84133071736811,12.50403838710459,12.50403838710459,9.007731108193283,9.007731108193283,14.38220558800249,14.38220558800249,18.81083468699424,18.81083468699424
2018-09-24 14:30:00.000003,-1.837255832718076,-1.837255832718076,11.80329306907318,11.80329306907318,12.4552736737761,12.4552736737761,8.949197916066602,8.949197916066602,14.34368259702639,14.34368259702639,18.8011082560421,18.8011082560421
2018-09-24 14:44:59.999997,-2.154998910844117,-2.154998910844117,11.76776975462582,11.76776975462582,12.40921564629675,12.40921564629675,8.895531064766935,8.895531064766935,14.30723173251103,14.30723173251103,18.79160891564694,18.79160891564694
2018-09-24 15:00:00.000000,-2.440925169853195,-2.440925169853195,11.73487780196227,11.73487780196227,12.36617915212289,12.36617915212289,8.846683738515457,8.846683738515457,14.27304932492121,14.27304932492121,18.7824435878467,18.7824435878467
2018-09-24 15:15:00.000003,-2.696190293599934,-2.696190293599934,11.70469141516187,11.70469141516187,12.32638144968035,12.32638144968035,8.80252984727572,8.80252984727572,14.24129124457442,14.24129124457442,18.77369977113961,18.77369977113961
2018-09-24 15:29:59.999997,-2.916181260926131,-2.916181260926131,11.67751706721779,11.67751706721779,12.29019798789853,12.29019798789853,8.76365938754012,8.76365938754012,14.2122441179264,14.2122441179264,18.76546244864801,18.76546244864801
2018-09-24 15:45:00.000000,-3.095155027112481,-3.095155027112481,11.65378687401707,11.65378687401707,12.25812986957068,12.25812986957068,8.730887611557621,8.730887611557621,14.18629434553358,14.18629434553358,18.75782218918128,18.75782218918128
2018-09-24 16:00:00.000003,-3.23625575118924,-3.23625575118924,11.63357632954281,11.63357632954281,12.23037845918795,12.23037845918795,8.70402515156759,8.70402515156759,14.16362692966103,14.16362692966103,18.75085389240702,18.75085389240702
2018-09-24 16:14:59.999997,-3.32465580733122,-3.32465580733122,11.61768441117886,11.61768441117886,12.20775628461906,12.20775628461906,8.684879716519758,8.684879716519758,14.14481955813975,14.14481955813975,18.74465743031642,18.74465743031642
2018-09-24 16:30:00.000000,-3.364179081368469,-3.364179081368469,11.60622989560832,11.60622989560832,12.19054713610601,12.19054713610601,8.673296500336521,8.673296500336521,14.13014769246477,14.13014769246477,18.73932123126862,18.73932123126862
2018-09-24 16:45:00.000003,-3.337563472439121,-3.337563472439121,11.60015476104118,11.60015476104118,12.17972589415429,12.17972589415429,8.671391416003607,8.671391416003607,14.12031685294722,14.12031685294722,18.73496545306987,18.73496545306987
2018-09-24 16:59:59.999997,-3.232842983222914,-3.232842983222914,11.60045598167907,11.60045598167907,12.17642902553137,12.17642902553137,8.680993061526703,8.680993061526703,14.11617708525553,14.11617708525553,18.73174264315554,18.73174264315554
2018-09-24 17:15:00.000000,-3.055594782711918,-3.055594782711918,11.60741328979838,11.60741328979838,12.18119546565979,12.18119546565979,8.701887128129483,8.701887128129483,14.11816831214693,14.11816831214693,18.72978922880396,18.72978922880396
2018-09-24 17:30:00.000003,-2.79694595400484,-2.79694595400484,11.62164800607359,11.62164800607359,12.19477368896288,12.19477368896288,8.73522975819366,8.73522975819366,14.12686457456127,14.12686457456127,18.72924615919238,18.72924615919238
2018-09-24 17:44:59.999997,-2.478070342128212,-2.478070342128212,11.64238820066762,11.64238820066762,12.2166377036093,12.2166377036093,8.778714356413776,8.778714356413776,14.1420152872046,14.1420152872046,18.73017878255326,18.73017878255326
2018-09-24 18:00:00.000000,-2.111420629795306,-2.111420629795306,11.66888979903532,11.66888979903532,12.24610130117506,12.24610130117506,8.830594061619713,8.830594061619713,14.16313038733506,14.16313038733506,18.73258734838594,18.73258734838594
2018-09-24 18:15:00.000003,-1.713580202592979,-1.713580202592979,11.70005967442282,11.70005967442282,12.28202286976614,12.28202286976614,8.88858741676713,8.88858741676713,14.18940208527914,14.18940208527914,18.73639977533425,18.73639977533425
2018-09-24 18:29:59.999997,-1.299414411074041,-1.299414411074041,11.73500989676783,11.73500989676783,12.32324854737251,12.32324854737251,8.950957158565206,8.950957158565206,14.21991241263584,14.21991241263584,18.74148683374205,18.74148683374205
2018-09-24 18:45:00.000000,-0.8690918698233288,-0.8690918698233288,11.77545698535294,11.77545698535294,12.370289886781,12.370289886781,9.02104805080525,9.02104805080525,14.25447863261157,14.25447863261157,18.74773997798355,18.74773997798355
2018-09-24 19:00:00.000003,-0.4288480499556674,-0.4288480499556674,11.81817086236375,11.81817086236375,12.42085496167567,12.42085496167567,9.093286421793007,9.093286421793007,14.2920113696229,14.2920113696229,18.7549894284769,18.7549894284769
2018-09-24 19:14:59.999997,0.0118147928557303,0.0118147928557303,11.86232697874054,11.86232697874054,12.4738028351407,12.4738028351407,9.166597769928169,9.166597769928169,14.3316433026249,14.3316433026249,18.76305472258291,18.76305472258291
2018-09-24 19:30:00.000000,0.4432346701136658,0.4432346701136658,11.90695262413494,11.90695262413494,12.52797405830113,12.52797405830113,9.239335185247468,9.239335185247468,14.37249936193498,14.37249936193498,18.77174630107918,18.77174630107918
2018-09-24 19:45:00.000003,0.8543686529798946,0.8543686529798946,11.95098187431075,11.95098187431075,12.58211339600676,12.58211339600676,9.309691010094815,9.309691010094815,14.41363589983503,14.41363589983503,18.78086107412198,18.78086107412198
2018-09-24 19:59:59.999997,1.278140086693119,1.278140086693119,11.99609971447388,11.99609971447388,12.63735420579162,12.63735420579162,9.381830504201606,9.381830504201606,14.45552991313241,14.45552991313241,18.79031156117371,18.79031156117371
2018-09-24 20:15:00.000000,1.663321420626409,1.663321420626409,12.04018564171238,12.04018564171238,12.69206411034474,12.69206411034474,9.451045659561677,9.451045659561677,14.49807128366249,14.49807128366249,18.80004224156498,18.80004224156498
2018-09-24 20:30:00.000003,2.043988687615479,2.043988687615479,12.08334987649788,12.08334987649788,12.7458024023773,12.7458024023773,9.518246168372892,9.518246168372892,14.53971538636093,14.53971538636093,18.80984992399343,18.80984992399343
2018-09-24 20:44:59.999997,2.393938395544173,2.393938395544173,12.12439155205716,12.12439155205716,12.79741033465268,12.79741033465268,9.580829452958074,9.580829452958074,14.57970194310633,14.57970194310633,18.81955434438728,18.81955434438728
2018-09-24 21:00:00.000000,2.724235942990081,2.724235942990081,12.16384553840839,12.16384553840839,12.84711732652834,12.84711732652834,9.642236847964426,9.642236847964426,14.61871869296881,14.61871869296881,18.82911311648587,18.82911311648587
2018-09-24 21:15:00.000003,3.024316342988424,3.024316342988424,12.20199918446103,12.20199918446103,12.89510115269075,12.89510115269075,9.706276108386353,9.706276108386353,14.65810804263486,14.65810804263486,18.83859551614565,18.83859551614565
2018-09-24 21:29:59.999997,3.285747650816167,3.285747650816167,12.23608961943267,12.23608961943267,12.93891471825078,12.93891471825078,9.756911431132439,9.756911431132439,14.69314564163256,14.69314564163256,18.84758379531053,18.84758379531053
2018-09-24 21:45:00.000000,3.507960573451574,3.507960573451574,12.26640454558573,12.26640454558573,12.97837267000561,12.97837267000561,9.800471421001916,9.800471421001916,14.72453459612232,14.72453459612232,18.85596751220164,18.85596751220164
2018-09-24 22:00:00.000003,3.691092828120154,3.691092828120154,12.29280596430466,12.29280596430466,13.01324023452313,13.01324023452313,9.837336751458292,9.837336751458292,14.75240628809581,14.75240628809581,18.86368016486989,18.86368016486989
2018-09-24 22:14:59.999997,3.820382583851112,3.820382583851112,12.31429615928998,12.31429615928998,13.04253850293521,13.04253850293521,9.865444551016118,9.865444551016118,14.77615765064717,14.77615765064717,18.87061195151545,18.87061195151545
2018-09-24 22:30:00.000000,3.903917569956642,3.903917569956642,12.33093480376027,12.33093480376027,13.06610101131324,13.06610101131324,9.885504402955801,9.885504402955801,14.79559925783722,14.79559925783722,18.87667079803059,18.87667079803059
2018-09-24 22:45:00.000003,3.925468971976987,3.925468971976987,12.34171340085007,12.34171340085007,13.08293332066284,13.08293332066284,9.895336397043607,9.895336397043607,14.81004937512113,14.81004937512113,18.88173528151584,18.88173528151584
2018-09-24 22:59:59.999997,3.881628927326446,3.881628927326446,12.34601541828676,12.34601541828676,13.09226391936553,13.09226391936553,9.894086890060516,9.894086890060516,14.81891540008473,14.81891540008473,18.88567475641724,18.88567475641724
2018-09-24 23:15:00.000000,3.776083420780552,3.776083420780552,12.34375883855592,12.34375883855592,13.09381729798736,13.09381729798736,9.882013327993958,9.882013327993958,14.82192332252906,14.82192332252906,18.88838147836587,18.88838147836587
2018-09-24 23:30:00.000003,3.5992963940035,3.5992963940035,12.33427642017933,12.33427642017933,13.08688239074861,13.08688239074861,9.857787051673654,9.857787051673654,14.81855836735203,14.81855836735203,18.88974102265897,18.88974102265897
2018-09-24 23:44:59.999997,3.355049874143472,3.355049874143472,12.31752446722444,12.31752446722444,13.07123919719257,13.07123919719257,9.821707397336509,9.821707397336509,14.80859159704422,14.80859159704422,18.88965982532788,18.88965982532788
2018-09-25 00:00:00.000000,3.06109366278475,3.06109366278475,12.29462076955653,12.29462076955653,13.04773780653927,13.04773780653927,9.77643166871968,9.77643166871968,14.79248724733371,14.79248724733371,18.88811894113601,18.88811894113601
2018-09-25 00:15:00.000003,2.71888949657338,2.71888949657338,12.42387519101224,12.26791115979722,13.10850479368208,13.02033113136411,11.60914351070321,9.724536043613742,14.87567400603212,14.77786317545618,18.89980370158949,18.88854021903292
2018-09-25 00:29:59.999997,2.352469249466802,2.352464940569241,12.42795993324706,12.2385656649473,13.10799237462254,12.98987713650252,11.62993642987515,9.668424264305372,14.89464007713894,14.76260124987216,18.91161918415585,18.890302475822
2018-09-25 00:45:00.000000,1.95796547360703,1.95796793063693,12.40681660412299,12.20569080280625,13.0853358416981,12.95483534586164,11.58099443969092,9.606836809693895,14.88847650007697,14.74295351436228,18.92109923697458,18.89142682004037
2018-09-25 01:00:00.000003,1.565697679249594,1.565694136727183,12.37947758488269,12.17042353488356,13.05435702383283,12.91573863657728,11.52512123831495,9.543346022801181,14.87217820012312,14.71837051507877,18.92800977807786,18.89078589504319
2018-09-25 01:14:59.999997,1.146786200646363,1.146786360742768,12.34773807192934,12.1316066485587,13.01728275221982,12.8717423290904,11.46343305908568,9.4747655267349,14.84917242952174,14.68855529887743,18.93249878674327,18.88806165629235
2018-09-25 01:30:00.000000,0.742343780179545,0.7423342763905842,12.31437803461689,12.09151058385705,12.97693000071868,12.82494319473279,11.40157711263108,9.406422782341375,14.8221014098394,14.65522413738054,18.9349860104654,18.88348756257782
2018-09-25 01:45:00.000003,0.3299393710274489,0.329931484986575,12.27922505453306,12.04994460622518,12.93379510236809,12.77567696197493,11.33737110260891,9.336420518554913,14.79192123241601,14.61907117355739,18.93588775967021,18.87740426226268
2018-09-25 01:59:59.999997,-0.0763631308642632,-0.07631425581061599,12.24322363919096,12.00764429491111,12.88894882858179,12.7248616618585,11.27305837009318,9.266451947350177,14.7597144371605,14.58105264922036,18.9355946519665,18.87016743252617
2018-09-25 02:15:00.000000,-0.4627125469374464,-0.4627109602335306,12.20759002914837,11.96578001221415,12.84379025006651,12.67384023083676,11.21083014494844,9.1987006078572,14.72668024484169,14.54232351905575,18.93446967344231,18.86212463812817
2018-09-25 02:30:00.000003,-0.8454400096390609,-0.8454583367400765,12.17199180906285,11.92400083025429,12.79839565157885,12.62265997494789,11.14909308971665,9.131512200342707,14.69314026634464,14.50316362537448,18.93277278714877,18.85352668010001
2018-09-25 02:44:59.999997,-1.200225946882612,-1.200229860234446,12.13782601354773,11.88369375235037,12.75414361148343,12.57268111814696,11.09100420201308,9.068027806029585,14.66012428876333,14.46457616571963,18.93076006518505,18.84462463082935
2018-09-25 03:00:00.000000,-1.532588203604728,-1.532590882357497,12.10600715375658,11.84576611919702,12.71197561313439,12.52483056389268,11.03745607445242,9.00914504937136,14.62830239012273,14.42721595140307,18.92864876060864,18.83563212897022
2018-09-25 03:15:00.000003,-1.837394383638421,-1.837398537598874,12.07738216724382,11.81107262884783,12.67277526706614,12.47999169081452,10.98973794576677,8.95623381022765,14.59830777365848,14.39172898532414,18.92662793280136,18.82673821574872
2018-09-25 03:29:59.999997,-2.111656242936436,-2.111656864741292,12.05149871264482,11.77929248512072,12.63663206685903,12.43837354001133,10.94688856773451,8.909109792999033,14.57045267017309,14.35871361290844,18.92484479255261,18.8181156957424
2018-09-25 03:45:00.000000,-2.348755598616728,-2.348756445652517,12.02865592710676,11.75063369206247,12.6040152075311,12.40037957553844,10.90958409574203,8.867647485261164,14.54517921803436,14.32841796588977,18.9234359276646,18.80989339247416
2018-09-25 04:00:00.000003,-2.543246964831323,-2.543241999082707,12.00932026730335,11.72550175249723,12.57551657355031,12.36653554363645,10.87865670656684,8.832513588763943,14.52298412313859,14.30121450001145,18.92253450166289,18.80219202252969
2018-09-25 04:14:59.999997,-2.696971096647719,-2.696971177438649,11.99365494570499,11.7040319063647,12.55145767468028,12.33712514739491,10.85408743644522,8.803652266817787,14.50416294047645,14.27734570402297,18.9222528076807,18.79511230600678
2018-09-25 04:30:00.000000,-2.79725034415329,-2.797243739931543,11.98239768236505,11.68694958648183,12.53262655272255,12.31291757059583,10.83748665276395,8.782647097546445,14.48931442939677,14.25737896259928,18.9227163913902,18.78877359762188
2018-09-25 04:45:00.000003,-2.844991277403853,-2.844998496065848,11.97583547339601,11.67453336816315,12.51947260751627,12.2943503555535,10.82905294107994,8.769682695989145,14.4788280819927,14.24168700481201,18.92403988171949,18.78328586572678
2018-09-25 04:59:59.999997,-2.831723634073144,-2.831727513698209,11.97456325811028,11.66737147106397,12.51268391870829,12.28210077266835,10.82993385009397,8.765892440124697,14.47323488552228,14.23078252645307,18.92634404291674,18.77876426120405
2018-09-25 05:15:00.000000,-2.747576070410554,-2.747579998937422,11.97936219077122,11.66624437155893,12.51315578331215,12.2770636510624,10.84158530575838,8.772712742813294,14.47321713461324,14.22533795418098,18.9297668758877,18.77534981114158
2018-09-25 05:30:00.000003,-2.589855915499681,-2.589850083103644,11.99075547284865,11.67163907792509,12.52159608260166,12.2798984274664,10.86466079160699,8.790778810800385,14.47933640653507,14.22587750769399,18.93445123067122,18.77316625819119
2018-09-25 05:44:59.999997,-2.354219458081981,-2.354221928218937,12.0093285702467,11.68407522619247,12.53877162605082,12.2912874593598,10.89991829432999,8.820822758452373,14.49215647436375,14.23292619278051,18.94055241840892,18.77235208557419
2018-09-25 06:00:00.000000,-2.047132632877492,-2.047130482492445,12.03509061383384,11.7035092120063,12.56483524764001,12.31137256402864,10.94679453740257,8.86229038214122,14.51182150336809,14.24665474683779,18.94814904727668,18.77300827357832
2018-09-25 06:15:00.000003,-1.703981058689346,-1.703968648734062,12.06642052176194,11.72830841841981,12.59839872618284,12.33874440405109,11.00099470454693,8.910937197869936,14.53738836033526,14.26614363716169,18.95722319812514,18.77511719751448
2018-09-25 06:29:59.999997,-1.317837639368561,-1.317830611540123,12.10281061211714,11.75839330287037,12.63870380011323,12.37303511271861,11.06294284794475,8.967249621106701,14.56843440158286,14.29103762081518,18.96772097902291,18.77863625199232
2018-09-25 06:45:00.000000,-0.9101271665707323,-0.9101045652018223,12.14554920499513,11.79488153185056,12.68599897230492,12.41436171107235,11.13383176767449,9.032512488968367,14.60454630642381,14.32094308235917,18.97956707130521,18.78349403864135
2018-09-25 07:00:00.000003,-0.4808654936798226,-0.4808632346741782,12.19174568817457,11.83475585886182,12.73825154508091,12.46056753526723,11.20901419550751,9.101789369354858,14.64487938601662,14.35483426946023,18.99264182757635,18.78954955132374
2018-09-25 07:14:59.999997,-0.04009882877413068,-0.04008016121554451,12.24053050696241,11.87722866051411,12.79430420650482,12.51057189389497,11.28704176871411,9.174001898407175,14.68834999673921,14.39189225066552,19.00676447713824,18.79664475159325
2018-09-25 07:30:00.000000,0.3971721056594285,0.3971727275260716,12.29065822398505,11.92111688827993,12.85275488308952,12.56305308120016,11.36565356524056,9.24699040749703,14.73394488687829,14.43122628882248,19.02173999805132,18.8046035229506
2018-09-25 07:45:00.000003,0.8212160066650284,0.8212224047006981,12.34101890112941,11.96570470826537,12.91225218901323,12.61711240707119,11.44305610964241,9.319976646502544,14.78063707624316,14.47258336800422,19.03735558292248,18.81329642669945
2018-09-25 07:59:59.999997,1.251161196313817,1.251157086568485,12.39243770376764,12.01127922400618,12.97317165209951,12.67253333848786,11.52140939969158,9.393550989523016,14.82842597538245,14.51482413635842,19.05347595122509,18.82251734189562
2018-09-25 08:15:00.000000,1.65469896986429,1.654695127285681,12.44280878615732,12.05610251408924,13.03362924928489,12.72765023391896,11.59614316094324,9.465310453343104,14.87613833535055,14.55728055493444,19.06991020143136,18.83208806117912
2018-09-25 08:30:00.000003,2.050900361553246,2.050898721796137,12.492617589553,12.10130631477224,13.09363869071855,12.78311228373266,11.66956713059725,9.542086824902064,14.92362944697268,14.60150352365629,19.08652657182714,18.84202596826858
2018-09-25 08:44:59.999997,2.42402122813262,2.424014757958812,12.54108268228815,12.14455140428787,13.15239599338479,12.83689566550826,11.73986741419985,9.610070745584105,14.97030359026451,14.6436089153918,19.10318835223338,18.85195870644136
2018-09-25 09:00:00.000000,2.785176450534058,2.785173776919597,12.5884478479651,12.18645662828742,13.20991642749013,12.88921351886062,11.80813801320461,9.675271394700014,15.01608631345841,14.68434405081842,19.11980224088093,18.86179114626974
2018-09-25 09:15:00.000003,3.11675174947329,3.116746023428944,12.63382353968471,12.22628339848069,13.26534509201138,12.93934922994774,11.87225326624483,9.736119109775805,15.06035944979828,14.72342924075082,19.13625305495379,18.87143330189262
2018-09-25 09:29:59.999997,3.415325729803193,3.415321559610815,12.67652581598065,12.26338493553454,13.31785306856051,12.98651844014283,11.93132787502183,9.791786568163056,15.10254309825143,14.76036955598322,19.1524163735296,18.88077328047
2018-09-25 09:45:00.000000,3.680291283630877,3.68028568063397,12.71649514155517,12.29772234403788,13.36709575099861,13.03039818239811,11.98553733122429,9.842491326674503,15.14228374720566,14.79484155700647,19.16818042518515,18.88970633658924
2018-09-25 10:00:00.000003,3.910237065313887,3.910235874365478,12.75311132768157,12.32866899651638,13.41247829063238,13.07039644410779,12.03395022118812,9.887258963682662,15.17918805089849,14.82645991099887,19.18343868269362,18.89812928783028
2018-09-25 10:14:59.999997,4.088638266285454,4.088635231241551,12.78535321849315,12.35510457460527,13.45298986297533,13.10537741365404,12.07436081646359,9.923781796532262,15.21250539783316,14.85442927164482,19.1980589326109,18.90590603082746
2018-09-25 10:30:00.000000,4.231207023269378,4.231205081444134,12.81358987585648,12.37748683506003,13.48868362884619,13.13549636605459,12.10839320208801,9.953752804613044,15.24220486398234,14.87873389296928,19.21195521472323,18.91294966540373
2018-09-25 10:45:00.000003,4.314621312729439,4.31461918407369,12.83652255082027,12.39452683518382,13.51832348701442,13.15955680023007,12.13312069379611,9.974174929045109,15.2674761390686,14.89857521184175,19.22499850928814,18.91913298084406
2018-09-25 10:59:59.999997,4.330403375962772,4.330401143777196,12.85317159178618,12.40523273146342,13.54079207176459,13.17643728313405,12.14692890083872,9.983427593697712,15.2874847209756,14.91313283754653,19.2370326972374,18.92430325122022
2018-09-25 11:15:00.000000,4.303879969917233,4.303878035098786,12.86456521224874,12.41064683925342,13.55673477055675,13.1867865507897,12.15280170978097,9.98456923154834,15.30251037310774,14.92269647561855,19.24798399317777,18.92838876992036
2018-09-25 11:30:00.000003,4.191468430739854,4.191466373856172,12.86846150316691,12.40849467389099,13.56417823669774,13.18861378580655,12.14535506332949,9.972089386115298,15.31129055657872,14.92599556560875,19.25769097914877,18.93122868383306
2018-09-25 11:44:59.999997,4.023891623906453,4.02388958624027,12.89663126554151,12.39972786496544,13.57834748593994,13.18239832856116,12.24823303057419,9.949238348946858,15.32592015918181,14.92317138555178,19.267178972101,18.93273801903226
2018-09-25 12:00:00.000000,3.781167463422289,3.781165120320173,12.91127522672694,12.38340665083119,13.58225601310565,13.16729153282856,12.30420961681645,9.913655591804343,15.33326986493903,14.9136541000199,19.27549351543034,18.93280754399019
2018-09-25 12:15:00.000003,3.485839501760511,3.485837351677979,12.89798325810738,12.36048591701898,13.56778212922658,13.14396728210867,12.2684002678049,9.86803681341503,15.3261061323083,14.89779360336482,19.28168128209998,18.93140014434271
2018-09-25 12:29:59.999997,3.146752903567273,3.146750179495771,12.87599027607358,12.33194210149847,13.54355080983892,13.11331855307964,12.21928816952069,9.814235905686477,15.31085168077833,14.87615330227203,19.2860440560558,18.92854150605126
2018-09-25 12:45:00.000000,2.772531465635996,2.772528986408791,12.84868571206795,12.29863120323034,13.51231753725379,13.07628262676023,12.16292265854248,9.753735452742552,15.28984335682879,14.84937645999645,19.28885921951069,18.92430402889391
2018-09-25 13:00:00.000003,2.384928287249194,2.384923797124361,12.8179765364825,12.26208037378331,13.47610129084441,13.03448244608814,12.10271095977142,9.689548021728685,15.26460089885695,14.81858864095925,19.29035742561466,18.91883491633262
2018-09-25 13:14:59.999997,1.966349777319422,1.966345664268009,12.78355329731656,12.22187358054155,13.43503474084845,12.98790489311302,12.03694207409398,9.619884293403725,15.23540837795566,14.78395112174788,19.29068175572576,18.91223921514376
2018-09-25 13:30:00.000000,1.548897647937618,1.548896064611964,12.74724759421409,12.17982592655924,13.39088733719195,12.93829391925869,11.96976806912151,9.548883126054973,15.20348790822147,14.74664630950196,19.29002445723616,18.9046924872963
2018-09-25 13:45:00.000003,1.113346754955975,1.113341944289217,12.70866119878031,12.13553130084349,13.34367704563742,12.88565604964107,11.89935465197604,9.474684161291687,15.16903898101254,14.7068522112644,19.2885212777276,18.89632050339976
2018-09-25 13:59:59.999997,0.6881447467578911,0.6881496771837662,12.66944934811476,12.09070020912371,13.29501085165225,12.83162046104516,11.82924173307635,9.401022117335394,15.1331459763272,14.6656534572195,19.28635394126293,18.88729971739866
2018-09-25 14:15:00.000000,0.2602665557611827,0.2602894163222099,12.62946222559577,12.04531323406624,13.24514658137601,12.77650909397293,11.75795902506927,9.326844729655477,15.09611285008679,14.62338552358331,19.28366312913711,18.87777003052039
2018-09-25 14:30:00.000003,-0.149573224833664,-0.1496002032549888,12.58995349709207,12.00044986147375,13.19530957829988,12.72146067862839,11.68848416650727,9.254722099579768,15.05890495943177,14.58090242616548,19.2806653839681,18.8678968706761
2018-09-25 14:44:59.999997,-0.5401207965566736,-0.5401556369303392,12.55148664830685,11.95665626480311,13.14628185313276,12.66724826470279,11.62143364586069,9.185292556525892,15.02207154983071,14.53884738720811,19.27748016972312,18.85784213743344
2018-09-25 15:00:00.000000,-0.904234835930502,-0.904244742721871,12.51768926466864,11.91463817676676,13.10109110388355,12.61474020366012,11.57737435474117,9.119727215053773,14.99433542645542,14.49789967726212,19.27512938876573,18.84776964861167
2018-09-25 15:15:00.000003,-1.242414411534391,-1.242430876129768,12.48782438327777,11.87474156494439,13.05969686590418,12.56447584396263,11.54584995610423,9.058287328019656,14.97264704351453,14.4585159583083,19.27357718704738,18.83782396850646
2018-09-25 15:29:59.999997,-1.555151929264438,-1.555143326700241,12.45760125669789,11.83786919774864,13.01899376348781,12.517232907549,11.4949228310081,9.002240446505194,14.94313199835746,14.4211556322128,19.27138135137923,18.82813544550199
2018-09-25 15:45:00.000000,-1.829101808455687,-1.829101137931644,12.43043539291028,11.8049673000949,12.98141046012385,12.47400345634723,11.44894411804334,8.953461690037225,14.91418145548005,14.38653023055181,19.26917259053547,18.81884646706878
2018-09-25 16:00:00.000003,-2.073695925584236,-2.073690161528414,12.40618155334706,11.77528946322104,12.94725684044274,12.43457671836421,11.40794656585684,8.910569311251614,14.88752419936908,14.3549190238596,19.2673042252167,18.81007234614022
2018-09-25 16:14:59.999997,-2.281162406090453,-2.281160259586284,12.38521675947233,11.74896438381963,12.91701549541498,12.39919484508192,11.37285622572225,8.873475079001485,14.86377924467057,14.32642718978382,19.26595107221575,18.80189300789242
2018-09-25 16:30:00.000000,-2.450534104211249,-2.450531670957995,12.36775837824477,11.72611120308761,12.8910051921406,12.36806319255425,11.34397269061955,8.842267135104073,14.84328097246244,14.30118703347451,19.26522380431689,18.79437539658243
2018-09-25 16:45:00.000003,-2.572284296901525,-2.572284047281058,12.3544264254042,11.70730018616085,12.86989286241453,12.34179068618595,11.32260716020522,8.818145661220218,14.82654566253684,14.27962142331462,19.26523090488842,18.78760449891454
2018-09-25 16:59:59.999997,-2.641060601784666,-2.641067324082894,12.34576562562721,11.69304435874682,12.85432648113586,12.32098811396895,11.30970665205739,8.801985555178145,14.81409026976057,14.26219286328974,19.26608457390316,18.78167572196734
2018-09-25 17:15:00.000000,-2.65678181504289,-2.656784838943571,12.34203538369387,11.68358825957047,12.84470354747972,12.30603342637506,11.30551762896915,8.794005328412839,14.80626544683453,14.2492246647313,19.26788625220398,18.77668081677844
2018-09-25 17:30:00.000003,-2.593465263667723,-2.593447591908225,12.34471319590738,11.68036765535034,12.84249820686844,12.29836829349359,11.31343271266936,8.797429992111473,14.80413896566167,14.24172776363219,19.27079569969111,18.77277085245591
2018-09-25 17:44:59.999997,-2.46479954336797,-2.464847672328896,12.35373220560225,11.68330467310973,12.84795894008929,12.29822332994513,11.33236470720369,8.811181564874001,14.80800290975816,14.23997594417032,19.27493887615113,18.77006161383292
2018-09-25 18:00:00.000000,-2.255187785236564,-2.255188790448129,12.37000668843671,11.69329729866285,12.86207340997603,12.30657476944959,11.36427727592282,8.83714475545302,14.81857252889522,14.24465859180501,19.28046112249652,18.76869505860928
2018-09-25 18:15:00.000003,-1.978652511751223,-1.978630235236896,12.39320724208731,11.71001985822983,12.88475692402696,12.32333719356622,11.40777903465605,8.873970868240296,14.83589335987046,14.25582544451675,19.28745832116775,18.76876451671182
2018-09-25 18:29:59.999997,-1.658886190458223,-1.658874974718891,12.42218230132175,11.73235351225406,12.91503031459683,12.34755279918824,11.45979582608522,8.918736072861842,14.85928145698741,14.27283506826678,19.29593122364966,18.77027385556342
2018-09-25 18:45:00.000000,-1.283903073310861,-1.283893698051441,12.45751505841211,11.76087672479323,12.95313238878774,12.37946039213867,11.52203887355621,8.973113614535466,14.88877593227895,14.29572466853048,19.30588426942538,18.7732275591694
2018-09-25 19:00:00.000003,-0.8958712736478984,-0.8958748861255267,12.49885779848425,11.79526703963195,12.99814541006687,12.41816376960303,11.59228688775048,9.035017675139395,14.9234195202381,14.32358574799179,19.31722625634948,18.77753892808364
2018-09-25 19:14:59.999997,-0.4732957281244449,-0.4732946908045572,12.54440442324508,11.83374655973936,13.04875227732676,12.46236396801134,11.66866590249703,9.102660432185896,14.96260400893559,14.35583232319474,19.32984319772246,18.78309738720866
2018-09-25 19:30:00.000000,-0.03020326373892524,-0.03020635195143997,12.59341766545711,11.87564060139855,13.10407792672271,12.51123960880559,11.74969040387338,9.1748191433338,15.00565738720309,14.39195576768761,19.34360722084766,18.78979211419983
2018-09-25 19:45:00.000003,0.3987966299444802,0.3987941230292735,12.64352045837587,11.91895576982198,13.16177098305271,12.56285360317992,11.83011584216446,9.247342035092116,15.05093770976164,14.43095328309816,19.35829369723547,18.79746752475492
2018-09-25 19:59:59.999997,0.8254597375652779,0.8254597260419891,12.69444016575081,11.96298275436387,13.22110086088715,12.6160093048505,11.91051238464515,9.319596107020791,15.0978776735584,14.47127305014434,19.37467624861547,18.80587179314436
2018-09-25 20:15:00.000000,1.25433864221554,1.254333793064495,12.74643793654463,12.00826168049392,13.28200888684819,12.67083750770861,11.99152768964766,9.393844103289187,15.14605273083322,14.51310462703601,19.39109007728148,18.81487001987509
2018-09-25 20:30:00.000003,1.663419514603571,1.663418252427505,12.79781031993943,12.05392656755693,13.34289907571279,12.72643289827494,12.06979329021578,9.471562685156018,15.19442349191713,14.55699209408718,19.40761303004984,18.82441511162638
2018-09-25 20:44:59.999997,2.05717548901392,2.057172618449183,12.84832958436666,12.09826710997579,13.40318869735581,12.7811053710863,12.14579566921042,9.542285924565947,15.24249185590828,14.59953335697986,19.42427155698041,18.8341432956172
2018-09-25 21:00:00.000000,2.431502300522686,2.431500760141085,12.89761753767181,12.14120208879745,13.46234142943755,12.8344710440708,12.2189483840804,9.609605917600428,15.28980536370942,14.64095406883962,19.44097800904268,18.84390753277091
2018-09-25 21:15:00.000003,2.787449706122458,2.787446792074721,12.94546729253856,12.18266658364754,13.51999349103044,12.88628982643186,12.28916281662438,9.673974092970981,15.33605259141475,14.68123351041076,19.45762953493219,18.85361059661725
2018-09-25 21:29:59.999997,3.117984893987097,3.117981407996324,12.99141519084356,12.22223590018194,13.57560921014483,12.93606816557196,12.35549115809936,9.734510690436073,15.38079308674465,14.72000590691206,19.47411639173482,18.86314937072924
2018-09-25 21:45:00.000000,3.410447799791802,3.410442871095232,13.03437859773685,12.25884403248365,13.62805369100189,12.98268754736856,12.41593496090691,9.789253545740014,15.42325963726719,14.75653179836854,19.4902992342669,18.87238840298959
2018-09-25 22:00:00.000003,3.669578763751,3.669574092854899,13.07447066173206,12.29261300183026,13.67708983685804,13.02591864559174,12.47124006242994,9.83896853345899,15.46315190055028,14.79051874582809,19.5060626684291,18.881214067305
2018-09-25 22:14:59.999997,3.887690624898911,3.887688570941342,13.11075200094594,12.3226072121353,13.72185513349903,13.06490376959818,12.51965202448759,9.88190855744643,15.49990253031146,14.821409910135,19.52128196976659,18.88950360514526
2018-09-25 22:30:00.000000,4.062683782056028,4.062680940451306,13.14282748111732,12.3484393237629,13.76180867911066,13.09910819582673,12.56068021000697,9.917606075336206,15.53306789311114,14.84877262935549,19.53584000271906,18.8971413767415
2018-09-25 22:45:00.000003,4.197798922131049,4.197796478109175,13.17067395814614,12.37008424172557,13.79677476665012,13.12835344648107,12.59460855073988,9.946334759817733,15.56246236889757,14.87241576384007,19.54964639726978,18.90403721455146
2018-09-25 22:59:59.999997,4.266071477433194,4.266068325357412,13.19263616149441,12.38588960124423,13.82520185153651,13.15108244955435,12.61773999165384,9.964427414170274,15.58703583325781,14.89129835048731,19.56254997997818,18.91004104009858
2018-09-25 23:15:00.000000,4.276851051952702,4.276848145131316,13.2086469538976,12.3957662203846,13.84673950435199,13.16690284817584,12.63069794295086,9.972527462270508,15.60640524378559,14.90503164397058,19.57442314427227,18.91502335949284
2018-09-25 23:30:00.000003,4.241486088306681,4.2414827219204,13.21919142881289,12.40028514363785,13.86162554883395,13.17617865644165,12.63498244694318,9.972165537779981,15.62067742381565,14.91375337797476,19.58519324508471,18.91891546890082
2018-09-25 23:44:59.999997,4.125625596306019,4.125622755091668,13.22579699862271,12.39754636902387,13.87032144361925,13.17721757441149,12.62667498163588,9.95887570930505,15.62917987277598,14.91637882996321,19.59477527542489,18.9215746549831
2018-09-26 00:00:00.000000,3.955438016285752,3.955434499893966,13.22484922157833,12.38830452694245,13.87086484785124,13.17034301839734,12.60805913014882,9.935399949236233,15.63223783700272,14.91299569132093,19.60472951000833,18.92291897267521
2018-09-26 00:15:00.000003,3.714374376607425,3.714370762644321,13.16717798194594,12.37304008409701,13.83693834185908,13.15702921511185,12.16300225970491,9.901158986545985,15.59836473103881,14.90754314504412,19.61006344480051,18.92489409549638
2018-09-26 00:29:59.999997,3.423050413165786,3.423047137666088,13.14208261470014,12.35245073522262,13.81402863323356,13.13755998960718,12.10208172575754,9.858138680929898,15.58381989266658,14.89853411052863,19.61541004547832,18.92706382838717
2018-09-26 00:45:00.000000,3.076920254622937,3.076915119327264,13.11760463501455,12.3259862049744,13.78880221679134,13.11081428036063,12.04937043138995,9.805618988800699,15.56970872543018,14.88350576734615,19.62004443922653,18.92817418244486
2018-09-26 01:00:00.000003,2.702358044723131,2.702354609593622,13.08924554592847,12.29465437892009,13.75789788406519,13.07732969387123,11.9914372332258,9.746648829313338,15.5506882942443,14.86220683956517,19.62303041456964,18.92750076708299
2018-09-26 01:14:59.999997,2.302541356496922,2.302535008779838,13.05672377772243,12.25903050989593,13.72114400770446,13.0377912738928,11.92786913447977,9.682055615835548,15.52620705642887,14.8351874877141,19.624091014467,18.92488280225972
2018-09-26 01:30:00.000000,1.876119684423494,1.876116862163196,13.02008647395095,12.21939002838984,13.67885856500658,12.99271416957371,11.85835634607437,9.611987831914329,15.49667420717349,14.80308802652383,19.6233524970018,18.92044218367581
2018-09-26 01:45:00.000003,1.444988659673625,1.444985092484044,12.98073889628169,12.17722196902003,13.63252323524262,12.94366524142301,11.78588128504396,9.53955235402923,15.46331306478925,14.76720821744463,19.62105416142744,18.91445606844077
2018-09-26 01:59:59.999997,0.9996522570107651,0.9996513321353914,12.93889062075156,12.13263282195919,13.58264210449522,12.8911282337489,11.71019700047179,9.464118318266001,15.42671957752151,14.72816654268116,19.61743279662658,18.90718706069408
2018-09-26 02:15:00.000000,0.5589839173051798,0.5589932985419687,12.89601082622129,12.08707174999939,13.53071825140957,12.83660399095822,11.6340521358727,9.388416797387935,15.38798476841753,14.68707246916086,19.61276631345853,18.89891319116456
2018-09-26 02:30:00.000003,0.1179170037668975,0.1179266449933905,12.85234784032667,12.04076085176422,13.47732799788785,12.78064801144444,11.5573704144001,9.312234831919453,15.3477239932793,14.64450389972265,19.60729444111907,18.88986489759012
2018-09-26 02:44:59.999997,-0.3067991742299565,-0.3068032080874675,12.80896283269288,11.99473553497396,13.4236439386369,12.7244161765706,11.48248371785684,9.23780955077061,15.30688577580139,14.60137839701238,19.60125595102518,18.88027143582368
2018-09-26 03:00:00.000000,-0.7156029916127148,-0.7156048132669128,12.76632939792085,11.94945743638821,13.37039899270392,12.66863086923726,11.40980760636629,9.1655274540258,15.26612352801101,14.55833304490215,19.59486049345621,18.8703355227299
2018-09-26 03:15:00.000003,-1.094370314277298,-1.094367797484157,12.72555383777465,11.90600593526152,13.3188076694562,12.61448749731633,11.34150147347742,9.09746633866687,15.2263634544883,14.51627141100295,19.58832382471039,18.86026679012642
2018-09-26 03:29:59.999997,-1.446284201761511,-1.446285898965123,12.68730269946212,11.86503079626581,13.26966440839614,12.562767395627,11.27818401778848,9.034202454526149,15.18821137431944,14.47578421714159,19.58183469236554,18.85024937059296
2018-09-26 03:45:00.000000,-1.763002748198054,-1.763002107243677,12.65432163989605,11.82811214825369,13.22536034959786,12.51484579757403,11.22751441252975,8.97841141758049,15.15791612532851,14.43771233089623,19.57694021752695,18.84047187745913
2018-09-26 04:00:00.000003,-2.040470528067067,-2.040473304261265,12.62448102495905,11.79484876629672,13.18472067980168,12.47094449274358,11.18014118413196,8.929319399873027,15.12719784902354,14.40254849502319,19.57175284998119,18.83109380488639
2018-09-26 04:14:59.999997,-2.280875032085705,-2.280876783897694,12.59777026220952,11.76514739296667,13.14787546188925,12.43126030029564,11.13775734580709,8.88683190213378,15.09807833158185,14.37071397820212,19.56666528892885,18.82225829352475
2018-09-26 04:30:00.000000,-2.484843377485657,-2.484845978867761,12.57442400091344,11.73889319573752,13.11512373701731,12.39581223360405,11.10123256283751,8.850139898971749,15.07185376581664,14.34214872645537,19.56205698364406,18.81404781844057
2018-09-26 04:45:00.000003,-2.643115406929533,-2.643118613807753,12.55506600465702,11.71657238808011,13.08712210789347,12.36511759014388,11.07193258342933,8.820289277553414,15.04922141323408,14.31718203014066,19.55811571231357,18.80655019115628
2018-09-26 04:59:59.999997,-2.75269735278317,-2.752705064824624,12.54010598921684,11.69854114945107,13.06438152079029,12.33962312788072,11.05050591051979,8.79783560076345,15.03064363069211,14.29616036975353,19.5549672722101,18.79985307867197
2018-09-26 05:15:00.000000,-2.817308178103554,-2.817300953608024,12.52954983341825,11.68479363302777,13.04703825447728,12.31944315475009,11.0366423848247,8.782476341230982,15.01629091929355,14.27921838505228,19.55269833652387,18.79402820371557
2018-09-26 05:30:00.000003,-2.821567001694314,-2.821577280771492,12.52422936674333,11.67613224185038,13.03592462762201,12.3053786085551,11.03226987712177,8.776058800224204,15.00677938801525,14.2669202206468,19.55141895214117,18.78917187340126
2018-09-26 05:44:59.999997,-2.766243135504491,-2.76618840469958,12.52448574228072,11.67286997115199,13.03152023637154,12.2978900561585,11.03776403155786,8.778838123262492,15.00250982730956,14.25964390041905,19.55123252952867,18.78538111258404
2018-09-26 06:00:00.000000,-2.639115741862133,-2.639046177977289,12.53112878192276,11.67577855453831,13.03470158799457,12.29782015735138,11.05480816104143,8.792385179736277,15.00414068112507,14.25800574427818,19.55226354272242,18.78276948792781
2018-09-26 06:15:00.000003,-2.437230327922705,-2.437196869182507,12.54465900248699,11.68536469434908,13.0461428324544,12.30583692246969,11.08401226987803,8.81737921655241,15.01221802837254,14.26253103292095,19.55463969473146,18.78146067632946
2018-09-26 06:29:59.999997,-2.174707588391228,-2.174694675215838,12.56469733660781,11.70125166398632,13.06569234989112,12.32179056788872,11.12390591405514,8.85236066487178,15.026689555194,14.27317661568547,19.55843796655237,18.78152963798609
2018-09-26 06:45:00.000000,-1.855680826692088,-1.855692608402276,12.59091019638703,11.72311492920242,13.0930607748308,12.34539707437924,11.17377416359023,8.896657031928646,15.04738853775105,14.28978756605284,19.56369338420373,18.78301074459631
2018-09-26 07:00:00.000003,-1.485711879553614,-1.485721120824348,12.6230709823273,11.75074090844741,13.12804000342536,12.37645882887365,11.23287268035262,8.949571571004366,15.07409926037378,14.31216457539335,19.5704099159271,18.78590941696215
2018-09-26 07:14:59.999997,-1.091474941576736,-1.091486261619045,12.66141967754515,11.78438459160774,13.17018609415543,12.41454710856301,11.30076909038736,9.010742077283938,15.1061988528742,14.33971801586929,19.57852798436268,18.79016941071018
2018-09-26 07:30:00.000000,-0.6651205831871905,-0.6651338777698038,12.70484511841796,11.82295436137025,13.21854782536399,12.45872550233982,11.37608780721883,9.078860131634064,15.14313949762435,14.37192309715589,19.58795669638113,18.79570338220903
2018-09-26 07:45:00.000003,-0.2171041004927863,-0.2171109837019944,12.75190304909124,11.86504249935033,13.27184411908562,12.50773824180543,11.45624924777515,9.15147650506595,15.18413229840314,14.40802859185448,19.59856900018489,18.80238964676218
2018-09-26 07:59:59.999997,0.2336557667320696,0.2336535500053769,12.80112739806627,11.90926982488872,13.32851531911368,12.56010703487403,11.53837285340653,9.22598405679994,15.22805095597317,14.44704709070368,19.61018777094969,18.81006682011262
2018-09-26 08:15:00.000000,0.6751286637558622,0.6751216009032299,12.85120416787415,11.95478244582668,13.38704379456612,12.614826410515,11.6202074864634,9.30131804150184,15.27374319905128,14.48870760452183,19.6226009145943,18.81861579122873
2018-09-26 08:30:00.000003,1.11358644845272,1.113951374855769,12.90211375166728,12.00100766561828,13.44700537400206,12.67089000980066,11.70225466000849,9.376297692217689,15.32070212810826,14.53137747502395,19.63563004343917,18.82779304662399
2018-09-26 08:44:59.999997,1.535156811269387,1.535258915526905,12.95279950439798,12.04784960824588,13.50724993263219,12.72791390098234,11.7824703945148,9.455944184368443,15.36807737521396,14.57632798304365,19.64908543431549,18.83756366181808
2018-09-26 09:00:00.000000,1.937832301903302,1.937879984334213,13.00252244235447,12.09344292545095,13.56683836730724,12.78409935598627,11.8599599214347,9.529487642801833,15.41513696416683,14.620291335988,19.66278292715517,18.8475735472624
2018-09-26 09:15:00.000003,2.330495365173841,2.330532376290154,13.05147823610549,12.13800826516991,13.62570542445775,12.83932682576976,11.93567903359016,9.599815248205472,15.46171702527028,14.66318786185018,19.67659344141628,18.85764932014652
2018-09-26 09:29:59.999997,2.683525748225192,2.683539005865166,13.09780032102568,12.18002906418254,13.68214460651074,12.89211436292127,12.0052928094279,9.664441402011157,15.50667497882804,14.70434356525119,19.69033362391745,18.86763123062492
2018-09-26 09:45:00.000000,3.023903212005347,3.023907120369227,13.14250273636632,12.22051233849047,13.73670663037378,12.94305023568324,12.07203362262251,9.726492883169808,15.55018339522761,14.74404769370863,19.70390605026565,18.8774366897747
2018-09-26 10:00:00.000003,3.315829926961534,3.315826355269641,13.18371579396184,12.25755029302431,13.78766820874705,12.99040447958451,12.13157376129136,9.781519309182585,15.59112804109618,14.7812259418609,19.71714702634059,18.88691114708996
2018-09-26 10:14:59.999997,3.582239276743409,3.582236860946837,13.22225351593141,12.29195350432322,13.83533265164941,13.03448280103427,12.1866828174785,9.832267081234237,15.62953948566282,14.81590923642673,19.72995565520722,18.89595667136591
2018-09-26 10:30:00.000000,3.813569093035905,3.813569312999805,13.25746876869614,12.32307769236208,13.87914133983199,13.07473113099819,12.23589703871716,9.877279795610136,15.6650573441571,14.84774441529596,19.74223363911222,18.90447710125968
2018-09-26 10:45:00.000003,3.992161006732093,3.992159562505135,13.28805185485248,12.34962693564469,13.91782981183844,13.10989410478656,12.27651493424247,9.91390318771015,15.69682073854969,14.87588289608599,19.75384295401149,18.91233843610163
2018-09-26 10:59:59.999997,4.138449062252569,4.138450398889931,13.31470301443717,12.37229772633818,13.95175741660666,13.14032861469994,12.31084895173929,9.94442849297876,15.72494516734376,14.90043409458413,19.76470852180887,18.91946451741587
2018-09-26 11:15:00.000000,4.229195218365972,4.229195290893005,13.33621867304678,12.38995292455611,13.97984749614544,13.16504295197714,12.33597328292789,9.965984214633908,15.74871496106423,14.9207192063914,19.7747167823786,18.92574737634709
2018-09-26 11:30:00.000003,4.258026856629195,4.258026569803145,13.35174912968694,12.40171114925415,14.00113340372995,13.18302244920066,12.3505095219415,9.977239106403495,15.76740189464165,14.93602878827996,19.78373094918524,18.93105491446951
2018-09-26 11:44:59.999997,4.238871460759133,4.238870548390874,13.36175582239118,12.4079948372597,14.01580103413928,13.19439611239836,12.35604116266136,9.979760613016438,15.78101341312603,14.94635343280681,19.79168380476277,18.93530367486254
2018-09-26 12:00:00.000000,4.153208877000374,4.153206427866077,13.36524386830225,12.40780682729812,14.02293903050547,13.19823413544875,12.35019775642626,9.971214957954484,15.78893248675815,14.95106203322301,19.79849527102894,18.93838200474178
2018-09-26 12:15:00.000003,3.998149508462373,3.998147107488409,13.36157624045567,12.4005763547723,14.02175831673032,13.19383494500805,12.33214380969418,9.950795795543511,15.79056278204418,14.9496083125074,19.80397650683711,18.94017063675554
2018-09-26 12:29:59.999997,3.786740758831361,3.786736815727672,13.35124269015503,12.38679231501839,14.01250265740994,13.18145160681951,12.30343772199142,9.920025376558394,15.78596957612774,14.94205799636643,19.80805374626641,18.94060014090768
2018-09-26 12:45:00.000000,3.505676370373436,3.505671403280256,13.33357538138612,12.36579010615064,13.99456794420907,13.16047953449733,12.26244080253715,9.87730348837023,15.77474241455138,14.92800945073256,19.81065275167035,18.93958988338747
2018-09-26 13:00:00.000003,3.177530070897654,3.177525446105752,13.30979060215827,12.33877470479002,13.96887128236494,13.13182534892197,12.21223134209394,9.825672025449991,15.75739261393754,14.90795814460367,19.81177355436083,18.93713264711736
2018-09-26 13:14:59.999997,2.808633011202005,2.808629777669714,13.28067857597829,12.3065279484844,13.93622524114395,13.09629637887792,12.15418391721633,9.766473958401358,15.73447572942266,14.88245008991259,19.81146148254172,18.93327157459782
2018-09-26 13:30:00.000000,2.419777661082204,2.419771564108414,13.24769432411155,12.27047229893223,13.89815747599877,13.05538600819776,12.09120901508624,9.702541294686652,15.70704038635839,14.85249867358048,19.80984062533128,18.9281218513113
2018-09-26 13:45:00.000003,1.999013934136489,1.999007341347464,13.21051768341306,12.23050091774639,13.8547986265857,13.00933814927729,12.02157466409819,9.632809764165348,15.67532897599583,14.81839456405732,19.80700989338465,18.92178526900955
2018-09-26 13:59:59.999997,1.570175040546867,1.570173359986324,13.17074105533025,12.18803609447147,13.80763900696364,12.95957141436669,11.94902629442506,9.560413209805139,15.64036848459942,14.78112180849402,19.80312668445729,18.91441351351167
2018-09-26 14:15:00.000000,1.133840544583782,1.133834629807517,13.12897828612217,12.14364942184925,13.75751825320258,12.90690197275766,11.87427708884548,9.4859774448779,15.60285191767897,14.74136449411685,19.79834934264785,18.90616429605457
2018-09-26 14:30:00.000003,0.6888692662063391,0.6888726272614838,13.08559366974846,12.09770613567801,13.70499894597687,12.85189212582998,11.79743742398895,9.409670877673218,15.56321510462084,14.69957394046248,19.79282009076457,18.89717655907163
2018-09-26 14:44:59.999997,0.2481484560541609,0.2480929457761929,13.04162730159216,12.05120726533246,13.65117978831947,12.79561192736166,11.72056438890238,9.333366195044723,15.52226055794677,14.65650396499082,19.78669998491916,18.88760495443142
2018-09-26 15:00:00.000000,-0.1836621469437147,-0.1836849444885975,12.9980937960788,12.00465962312514,13.59720744626322,12.73878552510524,11.6476153071292,9.257927336404856,15.48203501327167,14.6127827145217,19.78029316224716,18.87760288162277
2018-09-26 15:15:00.000003,-0.6012628624748962,-0.6012949575222047,12.95608174298583,11.95864802856146,13.54430572464734,12.6821746275311,11.58189896726112,9.18427029316827,15.44451107979359,14.56901901256682,19.77400210212224,18.86732237124944
2018-09-26 15:29:59.999997,-0.9939210412703344,-0.9939286689284484,12.91450551982313,11.9140891496738,13.49191829672453,12.62682252905938,11.51194703206909,9.114078929238742,15.40465783108231,14.52599962805894,19.76735453712705,18.85693101796769
2018-09-26 15:45:00.000000,-1.358650635422325,-1.35866597539316,12.87476822821604,11.87170194002147,13.44131644789497,12.573594802025,11.44550887252664,9.048334213939226,15.36530114700286,14.48438386485063,19.76059323435077,18.84659221818936
2018-09-26 16:00:00.000003,-1.699227107969385,-1.699234451488965,12.83841375227502,11.83273816023483,13.39377127235776,12.52351690863766,11.38525768392142,8.988672164636304,15.3277227418963,14.44473890383298,19.75396047119719,18.83645675952365
2018-09-26 16:14:59.999997,-1.999500318120158,-1.999512637444612,12.80574858989897,11.79742161901176,13.35001485401784,12.47723683400438,11.33204367331616,8.93576456370209,15.29274962939669,14.40770917728657,19.74764829465821,18.82667508867404
2018-09-26 16:30:00.000000,-2.266706568144135,-2.266710836350396,12.77631304323029,11.76544560357723,13.31003561842715,12.43486721045565,11.28450034304498,8.889216973318005,15.26061586732967,14.37380992344808,19.74212987809902,18.81739087831982
2018-09-26 16:45:00.000003,-2.494469006673685,-2.49446603522567,12.75033212748941,11.73694521461423,13.27418332518278,12.39666603897669,11.24308376595816,8.84876441089159,15.2316621540551,14.34311657667651,19.73720442016879,18.80869733770728
2018-09-26 16:59:59.999997,-2.678043136316132,-2.678040391055378,12.72828342345031,11.71227986269081,13.24299569615182,12.3630829178625,11.20884422082164,8.81497984274798,15.206305530141,14.31591612961514,19.73272917931577,18.80068501337744
2018-09-26 17:15:00.000000,-2.811050681992002,-2.810963699776053,12.71069884008231,11.69193756710993,13.21708748136225,12.33468639314647,11.18280131782163,8.788777365841467,15.18504480690705,14.29263418832603,19.72896229156346,18.79345151329142
2018-09-26 17:30:00.000003,-2.897204536591156,-2.897177879802095,12.69764004449152,11.67596045865601,13.19666830781581,12.31166137580968,11.16471718738412,8.769898021272798,15.16810465993016,14.27346133131913,19.72605390044954,18.78707957995293
2018-09-26 17:44:59.999997,-2.923103677722029,-2.923182385854358,12.68987408538149,11.66508188606577,13.18252954079964,12.29476780063298,11.15633617269125,8.759967725928238,15.15608239606958,14.25894333525776,19.72413415300144,18.78167117166836
2018-09-26 18:00:00.000000,-2.88611870107,-2.886129833370206,12.68787798547952,11.65976877915578,13.17528150530175,12.28460550821188,11.1583479962472,8.759640703049078,15.14947630351435,14.24955087394537,19.72332244440929,18.77733405115202
2018-09-26 18:15:00.000003,-2.787454691394297,-2.787473067753591,12.69184221216073,11.66019194397872,13.17526520769263,12.2814949100516,11.1708067126757,8.768928074615443,15.14859093251532,14.24556593950931,19.72372107429169,18.77416235506675
2018-09-26 18:29:59.999997,-2.607564205099743,-2.607564418473045,12.70290714814849,11.66745263422526,13.18363552915696,12.28655958036111,11.1963135096841,8.790275220282414,15.15427705709982,14.247782831248,19.72547108251219,18.77228654315778
2018-09-26 18:45:00.000000,-2.359109335279972,-2.359107384649064,12.72094195006647,11.68142077761345,13.20052863538955,12.29993212451733,11.23375996745788,8.822607022172948,15.16671612662812,14.25638046001612,19.72867710990464,18.77180842253006
2018-09-26 19:00:00.000003,-2.059997066323308,-2.059994971028765,12.74507257486816,11.70125243002101,13.22524237691174,12.32092839189311,11.28080072916973,8.863725231962526,15.18545436659682,14.27094408624093,19.73336493733511,18.77275511746312
2018-09-26 19:14:59.999997,-1.703592707687394,-1.703577994790864,12.77540418048057,11.72705803382784,13.25779412112541,12.34956958416719,11.33792722179935,8.914134033532017,15.21044603263598,14.29143337290564,19.73955008333578,18.7751412608561
2018-09-26 19:30:00.000000,-1.325555930841605,-1.325557135090724,12.81022117102678,11.75723582158438,13.29657154435158,12.38430703582634,11.40058458945687,8.96983490472044,15.24054379000812,14.31679461622478,19.74713774633275,18.77888164472268
2018-09-26 19:45:00.000003,-0.9142788850013758,-0.9142799507814967,12.85188556130323,11.79407695901912,13.34261390442866,12.42615548102382,11.47391979588763,9.035579963371424,15.27589248569204,14.34715088797349,19.7560757942355,18.78392380139806
2018-09-26 19:59:59.999997,-0.4747203042998022,-0.4747234695545564,12.89753804085468,11.83475946605702,13.39403494469249,12.4732513901731,11.55276326459389,9.106369796859088,15.31565577793624,14.38170656203236,19.76625108154905,18.79015946954465
2018-09-26 20:15:00.000000,-0.03220162720772198,-0.0322048996165667,12.94553738769801,11.87770075804035,13.44908782222632,12.52389254483104,11.633808053752,9.179124791106991,15.35857722364706,14.41928491828858,19.77748423195428,18.79741971419634
2018-09-26 20:30:00.000003,0.4128843705650387,0.4128826626794414,12.99516981998116,11.92232013246166,13.5067651961877,12.57721565138023,11.71627074170533,9.253414870224912,15.40382243991542,14.4593002776929,19.78959224936673,18.80554975928193
2018-09-26 20:44:59.999997,0.8393507871107692,0.8393490100545542,13.04483071584898,11.9673752232138,13.56534326506261,12.63190096334093,11.79693697613663,9.326966028917338,15.45010933313165,14.50116042819434,19.80234583475486,18.81440115792919
2018-09-26 21:00:00.000000,1.273226033027131,1.2733405562923,13.09564529676338,12.01347494079121,13.62537823487328,12.68796061515348,11.87886534987011,9.401437951739045,15.49749692100629,14.54393236348067,19.81560633069611,18.82377662870073
2018-09-26 21:15:00.000003,1.669112023807933,1.669014345963741,13.14487865794582,12.05908707582909,13.68440853988457,12.74390156969961,11.9560161146802,9.479139967131365,15.54441449322212,14.58857843114544,19.82914504499671,18.83364146883448
2018-09-26 21:29:59.999997,2.068327880945901,2.068354798929406,13.19390542810161,12.10389555076376,13.7431949706322,12.79917906997177,12.03292309213878,9.550731184520183,15.59117160255598,14.63173058460997,19.84284942639214,18.84362578698033
2018-09-26 21:45:00.000000,2.424660174394587,2.424637545102259,13.2404884555699,12.14606655102766,13.79977557836547,12.85204198313157,12.10393112295345,9.615863086202621,15.63645819310032,14.67296330068586,19.85652932402815,18.85353835044061
2018-09-26 22:00:00.000003,2.769628848455873,2.769632812367187,13.28555271791114,12.1867000091063,13.85459032743908,12.90308485706185,12.172363226558,9.678493705745701,15.6804140199684,14.71277191911358,19.870080754248,18.86329986169909
2018-09-26 22:14:59.999997,3.076702777855267,3.076693393370024,13.32772318328686,12.22463380562538,13.90645689711259,12.9512613101455,12.23456430856806,9.735603290705866,15.72221650864395,14.75048705865545,19.88336216005236,18.87278964171528
2018-09-26 22:30:00.000000,3.342987444335914,3.34299319607678,13.3663471164314,12.25909486404964,13.95447468087439,12.99563537699829,12.29001195845076,9.786217940125981,15.76119475787941,14.78545905315694,19.8962251242885,18.88186835119487
2018-09-26 22:45:00.000003,3.572431105994966,3.572433003131838,13.40155221075176,12.29020000241704,13.99844742520901,13.03600717314928,12.33940975697776,9.831020620658746,15.7970829618407,14.81742694714403,19.90855169882832,18.89042204829433
2018-09-26 22:59:59.999997,3.766144347154197,3.766149851592698,13.43304589945319,12.31765783427791,14.03805369784504,13.07205870117621,12.38243135031708,9.86968485011397,15.82964789310507,14.84616369652909,19.92024496170104,18.89835661030691
2018-09-26 23:15:00.000000,3.904229314194827,3.904230235778736,13.45952569167204,12.34018294665906,14.07206216840338,13.1025716555074,12.41622183384674,9.899421881828767,15.85804032194307,14.87084761831278,19.93116711985046,18.90553935249887
2018-09-26 23:30:00.000003,4.010497868158229,4.010500352752168,13.48191059167572,12.35872235277967,14.10104163755191,13.12815663540669,12.44358056298306,9.923009158912757,15.88251539222997,14.89173627656985,19.94125762773964,18.91191087592012
2018-09-26 23:44:59.999997,4.056668397404033,4.056671403198695,13.49877355574095,12.37184963709818,14.1237562644029,13.14756992287679,12.46095596817288,9.936956387999363,15.90226628288231,14.90804710820475,19.95040336004698,18.91736307563695
2018-09-27 00:00:00.000000,4.043472588968922,4.04347355393951,13.50960450940926,12.37902176686201,14.13951650421732,13.16007289977933,12.46784223590997,9.940773887549096,15.91674575785773,14.91923211349943,19.95848515165194,18.92177818830685
2018-09-27 00:15:00.000003,3.988871461436311,3.988871518887916,13.4888347062963,12.38203624271464,14.1354015831138,13.16791984709576,12.16993880537025,9.937779443491252,15.91140943575279,14.92904346142317,19.96513375586532,18.92672756082101
2018-09-27 00:29:59.999997,3.85960270588079,3.859598896579052,13.48373080790977,12.37898963310042,14.1350257268822,13.16930395440455,12.14505291654795,9.923345552466897,15.91447745827277,14.93505873705728,19.97241959061426,18.93176904619669
2018-09-27 00:45:00.000000,3.667193544934571,3.667189070093547,13.4758369727073,12.36931120460781,14.12997014837014,13.16293082414873,12.11980911257738,9.897721283667229,15.91523833403723,14.93494868917072,19.97914439152797,18.9358136432332
2018-09-27 01:00:00.000003,3.422934433871462,3.422929438719551,13.46210390012533,12.3532139815865,14.11760049111066,13.14853035497927,12.08514862170914,9.8621909454403,15.91003935008375,14.92799400380689,19.98441593110163,18.93817844428192
2018-09-27 01:14:59.999997,3.11357970197383,3.113573250410101,13.44129651385192,12.33012783209953,14.09664803690083,13.12546034175181,12.0385481781422,9.81542957796693,15.89765529137655,14.91377331355212,19.98778024187355,18.93858941245244
2018-09-27 01:30:00.000000,2.76763752387067,2.767633404346026,13.41482964503167,12.30147579517379,14.06821033907103,13.09492371663089,11.98387922130826,9.761020629107948,15.87881150178374,14.89317319497664,19.98921936511971,18.93708364892424
2018-09-27 01:45:00.000003,2.390181500287382,2.390175453104461,13.38353856740401,12.26809612498962,14.03329368976318,13.0579581363613,11.92237992139792,9.70013835346851,15.85435693286646,14.86707184259906,19.98888853935986,18.93382787813443
2018-09-27 01:59:59.999997,1.985662632612532,1.985655254797526,13.34806924278952,12.23063074122358,13.99274171566495,13.01541688394374,11.85501827378938,9.63370306534956,15.82505024341351,14.83622857570889,19.98698588955271,18.92902253017727
2018-09-27 02:15:00.000000,1.55903925961314,1.5590363535385,13.30904069534638,12.1897002077218,13.94735510705024,12.96811049403251,11.78272307371783,9.562646145436846,15.7915815960672,14.8013425390242,19.98370965483697,18.92286851379304
2018-09-27 02:30:00.000003,1.134300328328356,1.134294565650386,13.2681388238641,12.14695382148596,13.89885668931908,12.91773970481976,11.70907327196448,9.490402999331854,15.75525157227272,14.76367520224172,19.97930758931757,18.91560727640408
2018-09-27 02:44:59.999997,0.6928115817501613,0.6928085772285684,13.22510704909259,12.10214100408416,13.84740238567093,12.8644623757576,11.63229130958279,9.41524336508854,15.7163262901472,14.7235014210315,19.97395771554743,18.90741740659628
2018-09-27 03:00:00.000000,0.2603292577133697,0.2603798036201787,13.18151340857228,12.05680931054688,13.79452284971559,12.80979935985401,11.55579992741472,9.340519210434323,15.67586429007103,14.68187039393255,19.96786874477269,18.89850538423107
2018-09-27 03:15:00.000003,-0.1634410861863395,-0.1633957791529994,13.13775420336351,12.01137599596557,13.74094212338604,12.75447345396587,11.47987328806446,9.266629406471454,15.63457194867564,14.63945069761692,19.96123529982928,18.88906105116651
2018-09-27 03:29:59.999997,-0.5776005689112147,-0.5776143847590541,13.09417465769703,11.96616283423939,13.68720922809034,12.69902659166948,11.40495213816171,9.193879411736768,15.5929587900117,14.59672746117412,19.95422551717877,18.87924808409039
2018-09-27 03:45:00.000000,-0.9690649669491073,-0.9690661780136556,13.05179999806922,11.92214129852788,13.6344171286976,12.64452300978956,11.33319935103628,9.12417644907325,15.55185289302495,14.55449275463105,19.94702045843229,18.86924238341286
2018-09-27 04:00:00.000003,-1.325853294216661,-1.325858258964241,13.01185993943122,11.88049685555674,13.58389405963422,12.5922580709842,11.26686180260449,9.059629177692091,15.51224593115763,14.51369741564268,19.9398221202554,18.85923991880812
2018-09-27 04:14:59.999997,-1.659424054094555,-1.659424139137309,12.97531896338707,11.84217025020438,13.53650493085863,12.54307775957066,11.2067147768853,9.000948181938345,15.47465872640848,14.47484040859633,19.93279957287913,18.84940501703925
2018-09-27 04:30:00.000000,-1.96116312189399,-1.961164861703854,12.94216734826565,11.80714526952612,13.49260832840118,12.49733164804958,11.15277850835202,8.948144693138778,15.43951205984844,14.43832927608807,19.92609487691342,18.83987576623842
2018-09-27 04:45:00.000003,-2.216923514466169,-2.216927512603025,12.91278851852901,11.77589271776236,13.45291657430982,12.45581732859127,11.10606402362831,8.902701321656505,15.4074731350965,14.40501824869919,19.91985986730164,18.83081900279956
2018-09-27 04:59:59.999997,-2.443915449073915,-2.443916704835738,12.88655982746363,11.74779776618031,13.41710309495014,12.41821610906564,11.0646206870587,8.862624176135984,15.37845639864808,14.37482238261243,19.91418532240857,18.82233106649518
2018-09-27 05:15:00.000000,-2.624331018565599,-2.624332045716588,12.86425431372279,11.72353365579068,13.38590442991096,12.38518222300858,11.03049297852687,8.829393800145336,15.35300267596997,14.34809050690806,19.90917863549101,18.81450613630094
2018-09-27 05:30:00.000003,-2.758636368613487,-2.758641390753926,12.84618235257434,11.70336396002085,13.35976338929387,12.35710669045199,11.00398566624029,8.80321003299065,15.33149304203672,14.32511762281276,19.90494354127384,18.80743165402271
2018-09-27 05:44:59.999997,-2.848062281482909,-2.848059424087523,12.83244187161154,11.68737333196354,13.33889201322074,12.33418315401908,10.98507158901979,8.784029232166125,15.31413843654178,14.30608692173368,19.90156459995244,18.80118520838351
2018-09-27 06:00:00.000000,-2.87288229627656,-2.872898841851005,12.82412577624253,11.67661419750637,13.32436871310365,12.31745899674717,10.97632146411241,8.774258316828199,15.3017297019629,14.29173274227928,19.89916682304091,18.79588394809675
2018-09-27 06:15:00.000003,-2.838238086196104,-2.838233025483303,12.82143563759868,11.67127414383468,13.31660103126629,12.30732302851437,10.97756794224281,8.773714498035476,15.29464053130728,14.28240285722546,19.89786140891872,18.79162952900226
2018-09-27 06:29:59.999997,-2.744235048095982,-2.744248520257954,12.82452646438031,11.67149175646875,13.3158760382864,12.30403961237478,10.9888833729287,8.782448435623538,15.29313135172663,14.27833462208227,19.89775974063747,18.78851283960591
2018-09-27 06:45:00.000000,-2.576801180837512,-2.576852897394401,12.83423198124956,11.67807422513745,13.32305004639711,12.30844499092352,11.01214553097744,8.802226116843755,15.29784105707289,14.2801260130238,19.89896864016591,18.78664217423531
2018-09-27 07:00:00.000003,-2.347557252630589,-2.347594668547178,12.85036104650112,11.69084078206231,13.3381460606057,12.32057365949916,11.04626681950157,8.831999608339734,15.30884523558668,14.28786680099845,19.90155977046539,18.78609886030695
2018-09-27 07:14:59.999997,-2.063993104130645,-2.063986105217383,12.872514800394,11.70941082398587,13.36085794922142,12.34013152892249,11.09018671254571,8.870792173198764,15.32595626928122,14.30139189387553,19.90556721723718,18.78691912589187
2018-09-27 07:30:00.000000,-1.721825420388312,-1.72179835945204,12.90085702268064,11.73394327060179,13.39131512695646,12.36724585200717,11.14433129916573,8.919004907623851,15.34922825881705,14.32075400941682,19.91102044382411,18.7891312988325
2018-09-27 07:45:00.000003,-1.357311716882212,-1.357305517236848,12.93363748000079,11.762746143437,13.42791585136246,12.40035519411937,11.2042090724078,8.972412997633334,15.37754569327429,14.34491787575783,19.91783752366335,18.79266119424957
2018-09-27 07:59:59.999997,-0.9563925256989718,-0.9563943299056099,12.97334868148348,11.79827565715668,13.47184794062857,12.44063416339579,11.27511573574753,9.03611750536977,15.41116239030555,14.37411569453768,19.92598533554956,18.79747430102546
2018-09-27 08:15:00.000000,-0.5310736511772666,-0.5310783877794814,13.01700474818551,11.83760155752052,13.52107893574817,12.48608247510705,11.35133259614406,9.104660123473861,15.44911213243651,14.40743647598991,19.93534954944398,18.80346210376012
2018-09-27 08:30:00.000003,-0.0875802105676399,-0.08758383535938444,13.0638078926139,11.8799595762566,13.57463681123792,12.535753957392,11.43173036617877,9.177023705464764,15.49067165376795,14.44419951456433,19.94579906865559,18.81049961742866
2018-09-27 08:44:59.999997,0.3529044702645108,0.3528987476370659,13.11221251022527,11.92404855346973,13.63091342821795,12.58829694602929,11.5131238416969,9.250723477812231,15.5346690465543,14.48368304545081,19.95714999764071,18.81844922141881
2018-09-27 09:00:00.000000,0.7845532609349859,0.7840452196632328,13.16123016654826,11.96898081847563,13.68866223895763,12.64259852614507,11.59405234823183,9.324477886778574,15.58011449010634,14.52511081987682,19.96920023161778,18.82715179356047
2018-09-27 09:15:00.000003,1.221890748415355,1.221813278484181,13.21143587304723,12.01586286612358,13.74806382359353,12.69915587514224,11.67595372947218,9.404693223618239,15.62690254057672,14.56934103317449,19.98181355926512,18.83656660063534
2018-09-27 09:29:59.999997,1.624927072476017,1.624808456735604,13.26041951672249,12.06137419997525,13.80685889213443,12.75502014440176,11.75366488389231,9.478816942551653,15.67351045997882,14.61305764621167,19.99476553672729,18.84634237847653
2018-09-27 09:45:00.000000,2.015351092478998,2.015348961824602,13.30841855844098,12.10561291563458,13.86482474627593,12.80979488244576,11.82903944257622,9.548810762557343,15.7195985165588,14.65561899632108,20.0078884699959,18.85624347561743
2018-09-27 10:00:00.000003,2.385873151022519,2.385847369845563,13.3550469537121,12.14840306621964,13.92145858077218,12.86313295137266,11.90133771420062,9.615616102321711,15.76476148140288,14.69707380755463,20.02104173603491,18.86614619409031
2018-09-27 10:14:59.999997,2.71772243835011,2.717723616856464,13.39894397422896,12.18849938583354,13.97538656866783,12.91376468722868,11.96772683978182,9.676765062749547,15.80801999501674,14.73664059780329,20.03404821159136,18.87589297497751
2018-09-27 10:30:00.000000,3.035112429193586,3.035097951630935,13.44105113850482,12.22684251065954,14.02715347987555,12.96225195152588,12.03107313544431,9.735029167506209,15.84957482254318,14.77454031218037,20.04681535405422,18.88539945712023
2018-09-27 10:45:00.000003,3.295188567389226,3.295178434370865,13.47898750681601,12.2610916828896,14.07462811471317,13.00648159547805,12.08578730006218,9.784992416368258,15.88804956708908,14.80944671654169,20.05915826713582,18.89449017830155
2018-09-27 10:59:59.999997,3.526283174486297,3.526270048116413,13.51370756721719,12.29219005092525,14.11819607709704,13.04683682181021,12.13516164238792,9.829878759366226,15.9235050669922,14.84141384328417,20.0709679521011,18.9030584083764
2018-09-27 11:15:00.000000,3.707948072171372,3.707939135261433,13.54398047864775,12.31893875599027,14.15676797766695,13.08225909982056,12.17632553207998,9.866906291775484,15.95522985743191,14.86975950026405,20.08210957418202,18.91097407427324
2018-09-27 11:30:00.000003,3.840609572217177,3.840605444240464,13.56933422530094,12.34090253447309,14.18975529425997,13.11215983874605,12.20863546119116,9.895660420883557,15.98273293067452,14.89401350877646,20.0924599711629,18.91811379567766
2018-09-27 11:44:59.999997,3.93423974550766,3.934232305286534,13.59031172240902,12.35848386971752,14.21747783211794,13.1367549946594,12.23355170683927,9.917347611069241,16.00608806707248,14.91421125782271,20.10196191485519,18.92440308809598
2018-09-27 12:00:00.000000,3.968864829485608,3.968857882802944,13.6055209191229,12.37052818252871,14.23859616735496,13.15497182653738,12.24843164142408,9.9293646820329,16.02452755175983,14.92967370976639,20.11047184691812,18.92973415222349
2018-09-27 12:15:00.000003,3.944692363767637,3.944686107410248,13.61460652968469,12.3765847664337,14.25259010317632,13.16618697874418,12.25285032880873,9.931293154815334,16.03757594061545,14.9399226227038,20.11787220146056,18.93399502135638
2018-09-27 12:29:59.999997,3.866948783526846,3.866943006935435,13.61769590557999,12.37675674337202,14.25942596984076,13.17033494898989,12.24736775875003,9.923686999621316,16.04511482200638,14.94482739766375,20.12408350088159,18.93710311527404
2018-09-27 12:45:00.000000,3.728951831730105,3.728948642312547,13.61437212331684,12.37063013087922,14.258674340295,13.16698597261926,12.23108552530646,9.905668770596838,16.04682209204245,14.94407039254888,20.12902609678687,18.93897781313928
2018-09-27 13:00:00.000003,3.531985243069979,3.531979463630532,13.6044533206309,12.35809163002368,14.250102402619,13.15593187271889,12.20377451350658,9.877244888684231,16.04251212107444,14.93746520212784,20.13263499970897,18.93955128785144
2018-09-27 13:14:59.999997,3.281856866265938,3.281856348473809,13.5887199146366,12.33946956853008,14.2343440995426,13.13737530453296,12.16805231398345,9.839272209912687,16.03311697706173,14.92508988887863,20.13495388224798,18.93878676118523
2018-09-27 13:30:00.000000,2.980292432955554,2.980287026038916,13.56792482080021,12.3150561843118,14.21210865841075,13.11154617261472,12.12585344160299,9.79229445917578,16.01961303855403,14.90706528417254,20.1360804818312,18.93667061775597
2018-09-27 13:45:00.000003,2.634265420825142,2.634263110246124,13.54076953442259,12.28523582891938,14.18222039215612,13.07885994706567,12.07107658913797,9.737118401354428,15.99899498346301,14.88366888936991,20.13577376828218,18.93321774571495
2018-09-27 13:59:59.999997,2.259334039188295,2.259325224127404,13.50875372480191,12.25109978548072,14.14600024588003,13.04040627015358,12.00894855320999,9.67596220176013,15.97272181426756,14.85561413224834,20.13407524955306,18.92850226100822
2018-09-27 14:15:00.000000,1.857517580629562,1.857515351798289,13.47268319548207,12.21318039738445,14.10441027486647,12.99688854393666,11.94094892228685,9.609499116717243,15.94186273492095,14.82344475357277,20.13111009678932,18.92261906087762
2018-09-27 14:30:00.000003,1.431516862960653,1.431512590911791,13.43303712972521,12.17186447714081,14.0580966691815,12.94884442215134,11.86775802230002,9.538270916422151,15.90703870775368,14.78760360861878,20.12700319195724,18.9156684996769
2018-09-27 14:44:59.999997,0.993938295324757,0.9939374701115474,13.39079561844493,12.12807157306468,14.00810772041736,12.89725353739104,11.7913717612147,9.46412588130933,15.86907400826125,14.74880769689667,20.12190235725432,18.90777790355163
2018-09-27 15:00:00.000000,0.5471088368641482,0.5471113005537463,13.34671249743811,12.0825276191851,13.95534607383951,12.84298336637045,11.71263233724511,9.38788495262861,15.82862456196743,14.70767239605566,20.1159546820953,18.89908142981832
2018-09-27 15:15:00.000003,0.09378318975009527,0.09382654098125301,13.30111469922879,12.03560992374798,13.9003661559102,12.78659891824479,11.63175888731141,9.310071042710783,15.78616718516576,14.66467476146511,20.10929317806641,18.8897059737485
2018-09-27 15:29:59.999997,-0.3498806421007934,-0.3498799808429044,13.25511754335152,11.98833188030883,13.84433697763263,12.72919920086468,11.55142345386012,9.232889233820906,15.74270453865608,14.62064435112482,20.10214086683895,18.87980606096071
2018-09-27 15:45:00.000000,-0.7870667793922689,-0.7870628044865389,13.20903795179337,11.94099010735097,13.78781896125728,12.67133833040351,11.47175788624575,9.156363785042343,15.69868283267662,14.57606984412437,20.09460221277449,18.86952384949378
2018-09-27 16:00:00.000003,-1.197786541673301,-1.197791172528794,13.16426608628093,11.89493322914457,13.73222628369783,12.61440469582499,11.39572709891377,9.083303290066937,15.6551035074745,14.53194348822862,20.08683451267823,18.85903852959934
2018-09-27 16:14:59.999997,-1.586461457683574,-1.586466154716924,13.12212295891129,11.85138679466228,13.67880334795584,12.5595563046728,11.32512110499357,9.015156161967736,15.61286158822842,14.48899778653672,20.07903271611561,18.84852556618391
2018-09-27 16:30:00.000000,-1.937946986109708,-1.937950123952117,13.08394577625919,11.81160602566227,13.62896903282586,12.50813069428302,11.26247886699682,8.954225551036485,15.573041819067,14.44817720145827,20.07141541218473,18.83817609981621
2018-09-27 16:45:00.000003,-2.263422122377411,-2.263427714219819,13.04858551485913,11.7746246164919,13.58232477303159,12.45988644348924,11.20471751635326,8.898326312305212,15.53558504275336,14.4097588482257,20.06411135687451,18.82813686324592
2018-09-27 16:59:59.999997,-2.544457772674257,-2.544465415407323,13.01672684290206,11.7411635673333,13.53963446062615,12.41563644781912,11.15376130682222,8.849465201280637,15.50110064791072,14.37443870251434,20.05726260160009,18.81856243593318
2018-09-27 17:15:00.000000,-2.784405177945285,-2.78440660719429,12.98857262888304,11.71132576358491,13.50130051316286,12.37570027314836,11.1095675138624,8.806952197854818,15.46996045125462,14.34238143600962,20.0509955740786,18.80956463807546
2018-09-27 17:30:00.000003,-2.988035564765163,-2.988041286256171,12.96401397628737,11.68496797931195,13.467359340314,12.34007344107335,11.07161753315298,8.770206186735397,15.44226704389801,14.31361736756278,20.04540181510738,18.80122237759945
2018-09-27 17:44:59.999997,-3.13187613733284,-3.13187278892884,12.94426001667003,11.66324927313003,13.43897373715416,12.30987508878321,11.04286779802666,8.742001426499183,15.41886777605861,14.28891640462347,20.04061619896132,18.79365775801929
2018-09-27 18:00:00.000000,-3.238174298618768,-3.238179173810988,12.92870043105281,11.64557062343604,13.41582365033866,12.28478600624507,11.02103467296977,8.72014746550253,15.39963062217323,14.26815593214123,20.03670898856551,18.78693848016931
2018-09-27 18:15:00.000003,-3.286547127938343,-3.28655101316077,12.91818260611119,11.63275278001611,13.39868983549331,12.26556667892797,11.0084214210274,8.706831135650646,15.38511758402928,14.25186023767444,20.03377746633555,18.78115586061981
2018-09-27 18:29:59.999997,-3.279926781936009,-3.279920226518937,12.91289689893934,11.62497382466051,13.38790432223908,12.25253557154512,11.00504290445593,8.702041874082854,15.37563474026151,14.24031583567629,20.03191159076448,18.77639370002534
2018-09-27 18:45:00.000000,-3.217160778382167,-3.217154060409014,12.91302149127165,11.62240361465259,13.38373632106723,12.24595302715125,11.01112247675745,8.705981821256602,15.3714208683682,14.23374853082883,20.03119048677599,18.77272682642443
2018-09-27 19:00:00.000003,-3.0762735985682,-3.076031449941226,12.91985651084998,11.62631002197451,13.38746304947419,12.24707318845054,11.02960043356779,8.72144261551148,15.37337885191254,14.23300893235332,20.03174223381147,18.77027647140743
2018-09-27 19:14:59.999997,-2.869851132897175,-2.869815759236705,12.93329285623628,11.63655715743809,13.39923592510886,12.25602285771368,11.05942893772784,8.747330391847848,15.38171120476507,14.23828118762869,20.03366724991953,18.76913934236303
2018-09-27 19:30:00.000000,-2.601010361024538,-2.600930658795995,12.95318303898891,11.65302413147252,13.4190149088804,12.27277727948247,11.10014027628219,8.783279297041197,15.39644179913828,14.24960232520808,20.03703012091981,18.76937865602994
2018-09-27 19:45:00.000003,-2.282047979025161,-2.282006449029765,12.97894105264871,11.6751403594637,13.44631030192227,12.29686114226715,11.15013859818912,8.827758214163632,15.41722738474464,14.26666123887721,20.04184193675563,18.77101127051581
2018-09-27 19:59:59.999997,-1.925866353997597,-1.925839984437034,13.00968845180673,11.7020597914055,13.48023721125542,12.32741185333204,11.20752225448364,8.879007182572105,15.44343326530297,14.28886659038483,20.04805490142667,18.77399221513607
2018-09-27 20:15:00.000000,-1.536886741808869,-1.536912335053136,13.04497946604189,11.73335814624807,13.52023867708695,12.36389134190563,11.27141479234996,8.93622223479395,15.47454718894274,14.31573998703782,20.05559363679846,18.77825157025753
2018-09-27 20:30:00.000003,-1.128531993478391,-1.128550515781054,13.08547771905647,11.76970207884903,13.56620635261599,12.4061955133148,11.34274863373499,9.000348557031492,15.5101688091221,14.34688173259625,20.06437518995802,18.78370220117472
2018-09-27 20:44:59.999997,-0.6932075413053568,-0.6932298038179898,13.13046565527606,11.81038408124618,13.61750820699641,12.45370341509646,11.42074681420351,9.070645249014492,15.54991623049523,14.38194241283632,20.07430065025978,18.79025274062213
2018-09-27 21:00:00.000000,-0.2431023713650377,-0.2431211225840002,13.17842957565796,11.85393561534541,13.67282891637213,12.50513334021029,11.50258535760137,9.144458155075137,15.59297715530893,14.42016704204859,20.08523417071384,18.79777808514222
2018-09-27 21:15:00.000003,0.2014850003222158,0.2014774937721114,13.22769072407213,11.89873455168641,13.73047218276063,12.55883232595308,11.58493069797919,9.218672957811982,15.63815137232505,14.46043072720183,20.09698831848745,18.80610214200912
2018-09-27 21:29:59.999997,0.6411191386479845,0.6411133691089955,13.27763063713969,11.94418872181549,13.78953137833447,12.61391825445231,11.66720254039336,9.292785773259581,15.68468137353991,14.50201484907689,20.10938213506661,18.81505173964464
2018-09-27 21:45:00.000000,1.065786526849462,1.06578541611943,13.32749210603791,11.98968395097541,13.84904502828971,12.66958284343658,11.74791731275622,9.3657095485375,15.7317618211328,14.54437904484404,20.12223043854628,18.82447062435779
2018-09-27 22:00:00.000003,1.476736025278154,1.476669279311728,13.37692103704826,12.03534791871231,13.90843601920764,12.72576740514791,11.82661411571901,9.438302729906882,15.77886755937243,14.58785371246929,20.13536943606435,18.83429176212404
2018-09-27 22:14:59.999997,1.855141193178012,1.855029865306246,13.42440858487954,12.07967819417628,13.96615983166415,12.78078687226127,11.90051850096945,9.510670706645215,15.82490326641464,14.63152283764205,20.1485975327509,18.84436249277594
2018-09-27 22:30:00.000000,2.231049550137873,2.231049593496509,13.47111061598267,12.12342587182171,14.02289483940088,12.83501211416837,11.97324672787226,9.582666779278455,15.87017293816876,14.67483183083705,20.16181825415077,18.85451755568191
2018-09-27 22:45:00.000003,2.547075922727186,2.547050564705188,13.51444559597307,12.16296191842718,14.07643040854534,12.88527417411835,12.03884334772603,9.642381095597763,15.91368226054709,14.71456955803928,20.1748873049843,18.86438965984892
2018-09-27 22:59:59.999997,2.860841985331844,2.860853419741443,13.55724020468787,12.20081633949105,14.12888043268445,12.93325198753874,12.10606786467635,9.699922303610991,15.95740372602076,14.75224324971411,20.18788038404713,18.87392912014714
2018-09-27 23:15:00.000000,3.100595473872567,3.100576436280188,13.59439421889093,12.23368793178623,14.17578197726406,12.97614757188119,12.15923401359544,9.746984970736257,15.99632041392617,14.78628617663281,20.20035143644161,18.88295246535861
2018-09-27 23:30:00.000003,3.325505114811299,3.325516929109569,13.62827612525168,12.26367963252254,14.21856325133379,13.01530343284602,12.20744378201513,9.790170487463808,16.03161366215847,14.81741488233292,20.2121851921672,18.89139946164749
2018-09-27 23:44:59.999997,3.474309781010111,3.474300136992195,13.65626042587217,12.2880355515755,14.25496025387176,13.04832768360072,12.2439381802416,9.822356424389488,16.06205562975572,14.84411238668412,20.22319901170394,18.89909012623627
2018-09-28 00:00:00.000000,3.610383689228135,3.610380209366416,13.68091931195247,12.30921420653022,14.28686051019739,13.07700856397568,12.27618162407623,9.8506551675747,16.08881742973537,14.86736208765736,20.23338011047109,18.90599725286681
2018-09-28 00:15:00.000003,3.684224285859235,3.684219741376119,13.64516298164085,12.32567968935173,14.28281965388692,13.10069939071714,11.72531547346242,9.869943675860013,16.07581862377963,14.88824447092762,20.23939398544251,18.9129631311411
2018-09-28 00:29:59.999997,3.723044585266105,3.723040055591123,13.64938845774007,12.33818424818613,14.29462111586502,13.11971878023059,11.7153091684998,9.882828237300252,16.08435325276736,14.90610500464143,20.24629320227493,18.9197515857756
2018-09-28 00:45:00.000000,3.705847506824934,3.7058438077021,13.65615694034177,12.34542725800457,14.3065242884757,13.13265973914683,11.71790774152752,9.886457236004885,16.09596970466652,14.91922347881994,20.25320906973391,18.92570882944589
2018-09-28 01:00:00.000003,3.635538978525797,3.635534388130476,13.65847167482515,12.34696694782772,14.31303484449099,13.13877583483533,11.71247915370702,9.880657391919664,16.10383119384147,14.92678143857829,20.25919862856907,18.93039061197869
2018-09-28 01:14:59.999997,3.518057689926868,3.518052728411145,13.6553829681876,12.34290526600358,14.31298677775154,13.13796186019346,11.69809437738193,9.86611840666976,16.10642680333543,14.92869571318663,20.26386526247968,18.93362236024645
2018-09-28 01:30:00.000000,3.334829233564192,3.334824437892011,13.64562398168138,12.33223973266677,14.30514424287905,13.12929963377053,11.67205506210769,9.840496539291872,16.10283161336838,14.9244434989211,20.26703663390871,18.93532293636576
2018-09-28 01:45:00.000003,3.084442508065306,3.084436281318553,13.62880610856873,12.3146666670414,14.28893384188203,13.11233238806232,11.63393969001298,9.803467718507758,16.09259411059862,14.91371403233039,20.26863035682237,18.93545062310789
2018-09-28 01:59:59.999997,2.798109642207047,2.798105640782901,13.60650461213059,12.29175776915517,14.26563193487659,13.08836629045761,11.58779958490994,9.75896884297822,16.07653545650771,14.89734797021804,20.26869442575857,18.93407043926391
2018-09-28 02:15:00.000000,2.460643967874674,2.460636594702566,13.57839562622662,12.26321034132663,14.23517276012598,13.0573607047112,11.53210962284973,9.70554921421013,16.05468496928246,14.87541255259253,20.2672687794012,18.93123226842161
2018-09-28 02:30:00.000003,2.098139005431839,2.098132464463672,13.54593611390433,12.23045285407346,14.19888982929844,13.0206396923663,11.47036814986359,9.646546064782202,16.02795975838605,14.84879588341257,20.26446561581711,18.92705102522417
2018-09-28 02:44:59.999997,1.719601022275674,1.719597690345593,13.51025612320157,12.19456097189138,14.15805502145108,12.97943375793047,11.40450917825091,9.583725956279268,15.9974319783946,14.81840956388885,20.26054154605402,18.92168068550081
2018-09-28 03:00:00.000000,1.320666669482651,1.320663419974683,13.47169255131482,12.15570564460322,14.11327092315681,12.9341864004255,11.3347378604881,9.516884064732642,15.96432711146302,14.78469459768702,20.25620899502792,18.91525791457022
2018-09-28 03:15:00.000003,0.9098997858773235,0.9099027357748681,13.43063984303512,12.11455806522637,14.06505603086854,12.88567130188679,11.2616067353461,9.447264090100582,15.9276237618311,14.74824053469115,20.25034808599801,18.90792295062685
2018-09-28 03:29:59.999997,0.4948630761800015,0.4948816596407155,13.38813611725334,12.0720617845918,14.01450689954538,12.83492261085235,11.18691076743049,9.376291388456774,15.8886232638646,14.7097614472365,20.24356734217875,18.89982684844182
2018-09-28 03:45:00.000000,0.0751570248737301,0.07523861110841612,13.34444012585998,12.02842901770922,13.9621142742157,12.78238633764983,11.11088580572535,9.304111008763323,15.84792432235377,14.66968573756387,20.23611184051645,18.89110223246766
2018-09-28 04:00:00.000003,-0.3311187012023441,-0.3311134239541746,13.30073678874316,11.9847835230391,13.90911200116859,12.72924873910703,11.03620012435927,9.23315999443074,15.80651108757632,14.62888665884742,20.22817500155046,18.88191287377819
2018-09-28 04:14:59.999997,-0.7204083879856022,-0.7204124724814475,13.257866646759,11.94182599462023,13.85655291322547,12.67642582996515,10.96432403423486,9.164401878007299,15.76538656274795,14.58809682992563,20.21995925940104,18.87242739438483
2018-09-28 04:30:00.000000,-1.085705644702687,-1.085712423257507,13.21653145304612,11.90030837693229,13.80532979917784,12.62484862903599,10.89612864877226,9.099040910924016,15.72515824113737,14.54804196920926,20.21163981961875,18.86281777264109
2018-09-28 04:45:00.000003,-1.429746497356495,-1.429753732864731,13.17721696734286,11.8607396632719,13.75604399920763,12.57514545945951,10.83197972754525,9.037498926386416,15.68624005608036,14.50919545178422,20.20336420006165,18.85323443688941
2018-09-28 04:59:59.999997,-1.734510089047317,-1.734514006408628,13.14203071051566,11.82519631219118,13.7104916308614,12.52910162048575,10.77595298629197,8.983701235561952,15.64973628273295,14.47264384539534,20.19532304126779,18.84386590495667
2018-09-28 05:15:00.000000,-2.004606655015617,-2.004615807067895,13.11031518717393,11.79302722625676,13.66870531510197,12.48675051135607,10.7262216914665,8.935863373003912,15.61596164402382,14.43870505303331,20.18766274451219,18.83485790270144
2018-09-28 05:30:00.000003,-2.235681199185194,-2.23568748134424,13.08210443320079,11.76437367151367,13.63098576979452,12.44849570869559,10.68287659394383,8.894620137038283,15.58525983522743,14.40794195663074,20.1805107024381,18.8263568663207
2018-09-28 05:44:59.999997,-2.404158933576144,-2.404156944501414,13.05871385240773,11.74047500562189,13.5986858403245,12.41563742944727,10.649014365086,8.862619675437584,15.55866550674286,14.38126121730351,20.17404340385622,18.81853461866219
2018-09-28 06:00:00.000000,-2.5372265957344,-2.53722726785039,13.03933823848336,11.72047827588854,13.57137504227781,12.38769212703366,10.62177098365457,8.836757941867432,15.53601361999037,14.35838034869237,20.16835719453454,18.81147631282482
2018-09-28 06:15:00.000003,-2.609649993347348,-2.609636864534962,13.02505289584377,11.70540270508165,13.55005227395033,12.36560673593216,10.60401510878654,8.819710031195813,15.51801855650672,14.33991958356382,20.16358032266116,18.80529499189239
2018-09-28 06:29:59.999997,-2.626312044605645,-2.626320911465094,13.01605891287966,11.69542926224732,13.53510391593046,12.34974483434802,10.59562070347405,8.811313925059467,15.50503582548921,14.32620108450022,20.15982476966714,18.80009448563014
2018-09-28 06:45:00.000000,-2.591170337149035,-2.591111173852091,13.01229109547385,11.69049566309124,13.52659645794629,12.34016958514428,10.59615907573055,8.81117311219479,15.49717042883785,14.31732639130412,20.15717064214717,18.79595144729594
2018-09-28 07:00:00.000003,-2.478105347469997,-2.478112726909611,13.01511239201671,11.69190998568166,13.52582867152934,12.33813901036774,10.60895846187483,8.822391068223807,15.49535613185651,14.31415924637244,20.15575439308106,18.79299049230773
2018-09-28 07:14:59.999997,-2.308665565345275,-2.308595978952955,13.0240275781871,11.69919740763266,13.53262062398955,12.34348133848315,10.63188648142943,8.842959695814079,15.49955036517994,14.31667193097345,20.15565663213108,18.79128974416118
2018-09-28 07:30:00.000000,-2.067372520297345,-2.067328057639083,13.03968080890953,11.71297545887434,13.54758513659703,12.35679094443266,10.666676408115,8.874496627304875,15.5102080676938,14.3252917453856,20.1569695536809,18.79093929958491
2018-09-28 07:45:00.000003,-1.777557378165705,-1.777520095536981,13.06121283484987,11.7324125070854,13.57007827298402,12.37743907340372,10.71068194720997,8.914501099471384,15.52692109158998,14.33964292179054,20.1597157145048,18.79196152420698
2018-09-28 07:59:59.999997,-1.449283037643055,-1.449289386596528,13.08787432200079,11.75678763731977,13.59934805035944,12.4046952739803,10.76225874082477,8.961443896291824,15.54911162198675,14.35919050472369,20.16385804573352,18.7943245166823
2018-09-28 08:15:00.000000,-1.081549844198228,-1.081547057124253,13.121273085636,11.78769443622985,13.63608893589844,12.43925254579477,10.82448405807872,9.018314870444534,15.5768624166046,14.38401280791194,20.16937657702276,18.79800885225037
2018-09-28 08:30:00.000003,-0.6932670265870262,-0.6932827108540387,13.15895849750432,11.82272970083884,13.6784349026926,12.47927441404776,10.8923513521556,9.080337303307834,15.60913358382944,14.41313104568675,20.17616036192791,18.80290994908915
2018-09-28 08:44:59.999997,-0.2564552264806965,-0.2564666314964154,13.20163608364508,11.86267959222316,13.72680922281993,12.52528616640326,10.96865835377357,9.150441837669709,15.64616747088306,14.44695286012211,20.18416443924433,18.8090014222035
2018-09-28 09:00:00.000000,0.1882023733508699,0.1881933446960117,13.24724212848081,11.90573487890851,13.77940728018375,12.57575535359625,11.04822010490797,9.224158249399713,15.68677763588984,14.48475647205113,20.19325469554527,18.81620445064789
2018-09-28 09:15:00.000003,0.6510790160775405,0.6510721695743479,13.29560611505476,11.95213066923381,13.83575114398376,12.63046838746421,11.13157778922412,9.30625843986801,15.73050764906905,14.52700847518983,20.20330965805424,18.82449701767926
2018-09-28 09:29:59.999997,1.119571143933902,1.120026787757801,13.34608370774661,12.00031469077373,13.89506830250445,12.68793055066964,11.21715759591552,9.387589272122137,15.77670066047236,14.57103223924386,20.21419430709464,18.83359768411889
2018-09-28 09:45:00.000000,1.570464886689323,1.570643808365241,13.39691796867776,12.04859525799719,13.95559275739239,12.74635501516789,11.30133040729508,9.46644842941002,15.82408850217604,14.61577146637872,20.22570969230249,18.84328000899523
2018-09-28 10:00:00.000003,2.033322929233629,2.033396913763188,13.4489667206919,12.09798517647441,14.0176910376446,12.80623137997911,11.38739027063614,9.546982442526993,15.87278353510938,14.66163547208391,20.23774309944342,18.85344548777175
2018-09-28 10:14:59.999997,2.465095874985683,2.465159490825803,13.49997685012908,12.1463375582549,14.07933609234477,12.86562665011962,11.46975312857043,9.623932872955107,15.92139887077381,14.70738782842214,20.25009687419276,18.86391422167637
2018-09-28 10:30:00.000000,2.872200775228384,2.872219237012349,13.54946148112275,12.19317652086283,14.13970742834761,12.92373432116671,11.54835941056619,9.697243033093205,15.96926298605103,14.75234610764687,20.26259514978613,18.87451007704195
2018-09-28 10:45:00.000003,3.265138614902935,3.265129874063187,13.59776942888161,12.23885479957223,14.19885150885691,12.9806075271158,11.62448846077223,9.76820706562159,16.01624844780673,14.79640873047738,20.27511715388828,18.88511093013815
2018-09-28 10:59:59.999997,3.603018482554589,3.603018572964179,13.64262148975172,12.28118041172314,14.25454120553624,13.03409179921538,11.69285726643292,9.83187073777555,16.06074675726712,14.83814602778389,20.28742542407756,18.89550903223934
2018-09-28 11:15:00.000000,3.91041477853746,3.910418088231958,13.68430287858709,12.32044203477573,14.30663194297287,13.08405807601964,11.75550664896818,9.890220249671616,16.10251807859706,14.87731684905648,20.29935496551146,18.90555154077877
2018-09-28 11:30:00.000003,4.177189420902492,4.177200146559532,13.72217730740246,12.35599943013971,14.35444623023781,13.12982442976283,11.81117039185997,9.941937796067743,16.14109277474116,14.91342326499526,20.31076252072505,18.91509651187061
2018-09-28 11:44:59.999997,4.400941849025923,4.400952128453367,13.75710574978915,12.38741257413521,14.39870115149853,13.17083655121777,11.86425978135072,9.986373793161366,16.17857530391881,14.94601387903126,20.32175534507842,18.92401499735872
2018-09-28 12:00:00.000000,4.589303798830834,4.589308124395725,13.7877823188822,12.415004920871,14.43807498570809,13.20726017119435,11.90857345777553,10.02451259970422,16.21193550250682,14.97509062897276,20.33206950016094,18.9322274671851
2018-09-28 12:15:00.000003,4.721415285025363,4.721417484854607,13.81268222961555,12.43746277340639,14.47103184625833,13.23783718873874,11.94136175707647,10.05356764881329,16.23980466897325,14.99988915047916,20.34145847792108,18.93961371454036
2018-09-28 12:29:59.999997,4.822675312112835,4.822678032329319,13.83313559689789,12.4558159082952,14.49849005031493,13.26325278461346,11.96710430416015,10.0765093459218,16.26310261228045,15.02073365555228,20.34987842619762,18.94612632658297
2018-09-28 12:45:00.000000,4.862190802841662,4.862199111585311,13.84774744787749,12.4685733872242,14.51930007706702,13.28225267466749,11.98224216470198,10.08955498970557,16.28126152677642,15.03682756843325,20.35724410841765,18.95166344136567
2018-09-28 13:00:00.000003,4.87454291809914,4.874549335237439,13.85807593361147,12.47721110695563,14.53461954588455,13.29592397410897,11.99113377746133,10.0967922555059,16.2950036308906,15.04876167832916,20.36356196749987,18.95621426507111
2018-09-28 13:14:59.999997,4.824239473268732,4.824247463148565,13.86249095753736,12.48012030055101,14.54315171708212,13.30297333084245,11.98941475737044,10.0939913928959,16.30353994577545,15.05575909545065,20.36875820105429,18.9597009504464
2018-09-28 13:30:00.000000,4.70650496509302,4.706505309878591,13.86012276249099,12.47645257289118,14.54392296819074,13.30243979419083,11.97572316870603,10.07987090304578,16.3061425492291,15.0571165767293,20.37272106129146,18.96201314608314
2018-09-28 13:45:00.000003,4.529635838047567,4.529640914363111,13.85107970234036,12.46633095102566,14.53681229253814,13.29420703368684,11.95080438137705,10.05525152475045,16.30263550368187,15.05265782896753,20.37536523571094,18.96306498805443
2018-09-28 13:59:59.999997,4.27726074268841,4.277262056275115,13.83433914443134,12.44876264076454,14.52083134664494,13.27730675871513,11.91237288994793,10.01795145086566,16.29232021034288,15.04171665757785,20.37657177495778,18.9627419856076
2018-09-28 14:15:00.000000,3.984301222114148,3.984304899633002,13.81158497464841,12.42537767539605,14.49724910207365,13.25297344430633,11.86497694534785,9.97229327307932,16.27594309082539,15.024983766748,20.3763348522727,18.9610320270362
2018-09-28 14:30:00.000003,3.637914724625308,3.637910598722215,13.78259044904326,12.39593143331337,14.46603205397236,13.22115376461535,11.80747855096824,9.917069505044816,16.25354069859866,15.00246259357417,20.37464968151788,18.95792608197762
2018-09-28 14:44:59.999997,3.2581494800305,3.258148908394073,13.74859833785407,12.36164102286254,14.42827527521326,13.18292473284055,11.74277683458983,9.85510201535535,16.22582883193544,14.97483955112275,20.37157823885783,18.9534807632289
2018-09-28 15:00:00.000000,2.852390513747868,2.852385564923211,13.71066632350679,12.32354385487572,14.38507094110289,13.13936479015593,11.6726666461135,9.788133588240635,16.1935711466149,14.94285911877681,20.36722529203445,18.94779657190937
2018-09-28 15:15:00.000003,2.438571721460191,2.438571485079102,13.6701180588927,12.2829348103235,14.3379130202522,13.09194788582926,11.59964325944248,9.718569748831786,16.15784680233374,14.90756844421614,20.36175373510255,18.94103037271946
2018-09-28 15:29:59.999997,2.002607521571944,2.00260103512227,13.62670355414967,12.23956483007257,14.28695369207882,13.0408222663934,11.52226766753514,9.645000594644314,16.11889963713401,14.86921198909319,20.35528786557227,18.93330323959596
2018-09-28 15:45:00.000000,1.565806629259473,1.565807241546111,13.58169379346278,12.19467323796699,14.23346266752363,12.98723810350453,11.4434409774175,9.570179003870905,16.077649533141,14.82867151872784,20.34798852363452,18.92477296287781
2018-09-28 16:00:00.000003,1.122851312826978,1.122848467829968,13.53527886741421,12.148426368414,14.17789001851953,12.93162054607053,11.36300646964958,9.49387282141247,16.03456513894475,14.7863720262042,20.34000053362796,18.91557589080298
2018-09-28 16:14:59.999997,0.6878697731424094,0.6878583429378007,13.48857475091888,12.10190659511558,14.1213869725002,12.87509386413499,11.28313495183181,9.418133161552186,15.99047697484306,14.74309727005944,20.33148774081846,18.90586793305809
2018-09-28 16:30:00.000000,0.2651573923232484,0.2651867372920056,13.44234633474468,12.05585740150229,14.06489069032488,12.81857734109067,11.20490850870077,9.34397194410908,15.94611076690357,14.69953959016919,20.32261607211629,18.89580839606695
2018-09-28 16:45:00.000003,-0.1494466792080274,-0.1494583379795203,13.39653090915387,12.01020517331208,14.0086087057507,12.76226704375891,11.12790063720616,9.27094580424511,15.90176001544258,14.65597970657516,20.31351560912522,18.88552303103258
2018-09-28 16:59:59.999997,-0.5341828526378478,-0.5341891344691536,13.35246346114014,11.96625290463647,13.95386379313306,12.70746314148044,11.05515429567448,9.201966044352398,15.85839544269054,14.61334185213432,20.3043568972545,18.87517480503519
2018-09-28 17:15:00.000000,-0.8980742716279007,-0.8980874839122523,13.31032005969306,11.92404916975693,13.90112795078572,12.65451398490037,10.98649236246883,9.13636278526546,15.81663089087769,14.57198462773626,20.29530298471039,18.8648993035329
2018-09-28 17:30:00.000003,-1.221642710653462,-1.221640850650797,13.27129461708337,11.88482113267938,13.85161683700054,12.60466302209242,10.92430387758347,9.076770796373113,15.777260743398,14.53278863365365,20.2865238941483,18.85486158381677
2018-09-28 17:44:59.999997,-1.506413004655656,-1.506412886708328,13.23630736271894,11.84950582919029,13.80627722651179,12.5588802324696,10.8696689937204,9.02432134435416,15.74088791491376,14.49641816928227,20.27817716247987,18.84522289711278
2018-09-28 18:00:00.000000,-1.75107499031126,-1.751076817788526,13.20593980878807,11.81868668309513,13.76578107659187,12.517845828023,10.8233128606213,8.979725302156218,15.70799571151798,14.46337385236716,20.27040346301479,18.83612754349051
2018-09-28 18:15:00.000003,-1.947558459714234,-1.947561010516637,13.18001918367196,11.79219151678026,13.73039682904337,12.48182799520131,10.78501633603909,8.942767715845356,15.67898634561387,14.43405826681996,20.26333090088353,18.82770193707742
2018-09-28 18:29:59.999997,-2.106414628347288,-2.106421551223878,13.15809214955089,11.76959009342991,13.69992786975639,12.4506502073802,10.75341250168048,8.912159977367311,15.65382627208341,14.40847358020747,20.25704049942537,18.82003063853315
2018-09-28 18:45:00.000000,-2.223254706927399,-2.223259172216004,13.14027775285605,11.75106128622487,13.67452250518892,12.42451688812065,10.7288931897356,8.888656968892821,15.63266024936788,14.38689327963122,20.25159738609681,18.81319334270427
2018-09-28 19:00:00.000003,-2.288496148071213,-2.288498595680924,13.12714437852797,11.73709755978655,13.65475321026965,12.40393990175549,10.71276348971364,8.873079500139939,15.61592254254685,14.36960500799085,20.24708389931513,18.80726395531825
2018-09-28 19:14:59.999997,-2.303317113246461,-2.303321250308298,13.11887702549631,11.72784324781407,13.6409102813907,12.38917081160624,10.70512910402747,8.865378905376973,15.60386940040506,14.35678497236086,20.24357294425424,18.80230744116229
2018-09-28 19:30:00.000000,-2.257837137693581,-2.257835701011286,13.11610010641927,11.72388810417757,13.63365524995488,12.38083659197413,10.70733345999027,8.866797328525553,15.59699909957778,14.34887381242983,20.24115834423924,18.79840527485496
2018-09-28 19:45:00.000003,-2.152777269059239,-2.152780098511573,13.11906244296563,11.72546578298329,13.63336650776568,12.37929899966627,10.71956772928543,8.877492200712418,15.59563554850408,14.34616974095057,20.23992912802159,18.79564039778452
2018-09-28 19:59:59.999997,-1.984492138795107,-1.984493184738933,13.12809851842948,11.73289759546143,13.64046076014918,12.38496179293826,10.74240581702131,8.897997401055722,15.60011509230426,14.34898796245152,20.23997085530256,18.79409271511883
2018-09-28 20:15:00.000000,-1.760885573135111,-1.760886383800418,13.14304488537244,11.74602461432427,13.65491501912948,12.39780243315901,10.77502749608818,8.927529726168618,15.61044074060203,14.35733600753389,20.24133877879245,18.79381544414506
2018-09-28 20:30:00.000003,-1.488116063309807,-1.488120699104111,13.1635551918653,11.76451049344661,13.67643777009823,12.41753445727516,10.81656307337756,8.96527329612374,15.62642269107885,14.37103872457802,20.24405129145462,18.79482648865945
2018-09-28 20:44:59.999997,-1.171121760051108,-1.171126107026568,13.19068877951663,11.78948751778022,13.70550227069874,12.44472092291976,10.86870172165917,9.013081316495263,15.64811059689484,14.39030456723848,20.24812356913863,18.79715542516008
2018-09-28 21:00:00.000000,-0.8252585758650159,-0.8252625399410144,13.22280534878687,11.81955729766966,13.74081165318711,12.47827979185165,10.9279787137351,9.068911029659155,15.67474877286381,14.41486774946959,20.25350013396642,18.80078804909658
2018-09-28 21:15:00.000003,-0.4488501301806254,-0.4488530163370946,13.25916347581747,11.85389484356605,13.78159571940115,12.51735569923509,10.99353098085039,9.131483627556058,15.70581577931388,14.44402054116919,20.26008438071351,18.80564044430267
2018-09-28 21:29:59.999997,-0.05256272653921926,-0.05256854668097206,13.29888265041953,11.89136664047287,13.82692980419995,12.5608050511084,11.0636519934291,9.197252776082383,15.74065133968001,14.47653843486794,20.26776282486608,18.81155318382901
2018-09-28 21:45:00.000000,0.3395206442841466,0.339517041431115,13.34021984396106,11.930355815547,13.87504621616208,12.606937223104,11.13468661597023,9.263673657811063,15.77798159618746,14.51137715243163,20.27635284532813,18.81834943294394
2018-09-28 22:00:00.000003,0.7415009853267978,0.7414979582031567,13.38326763284517,11.97099448910588,13.92563935243959,12.65548642572025,11.20785154204464,9.332076508753408,15.81744028018814,14.54825401401096,20.2857102000313,18.82589238247501
2018-09-28 22:14:59.999997,1.135487547382591,1.135808223848179,13.42714723018861,12.01245132561578,13.97773750743155,12.70551773701573,11.2808925396213,9.400361315229429,15.85823203295092,14.58642842027696,20.29567120972041,18.83402559328198
2018-09-28 22:30:00.000000,1.517265251157169,1.517360374206217,13.4710211077322,12.05387698031525,14.03033408875065,12.756022965814,11.35271288372109,9.467373945443342,15.89960326741662,14.62516179048071,20.30606538416659,18.84258375160767
2018-09-28 22:45:00.000003,1.883966856830805,1.884037366632358,13.51425870299976,12.09468290505768,14.08261722484525,12.80621707749351,11.42248059927253,9.532444419728316,15.94091782695959,14.66384957679588,20.31672911846315,18.85140822164803
2018-09-28 22:59:59.999997,2.227683187072224,2.227739564884974,13.55607683684291,12.13410267390494,14.13366914760467,12.85519763469553,11.48886012058566,9.594273521071228,15.981472023918,14.70181204296008,20.32749675333176,18.86033814098515
2018-09-28 23:15:00.000000,2.543802757998649,2.54381145240165,13.59590717993254,12.17158258402044,14.18276164120132,12.90224782193871,11.55090705989446,9.651969156811933,16.02064710771145,14.73845041850555,20.33820951958679,18.86921920201298
2018-09-28 23:30:00.000003,2.827133343229188,2.827145827883665,13.63308858986984,12.2064800093635,14.22908152119762,12.94656733234925,11.6076345366734,9.704607880150283,16.05782180091767,14.77316353439342,20.34871280858298,18.87789975202667
2018-09-28 23:44:59.999997,3.075126648503625,3.075119570980831,13.66759432632388,12.23840426619271,14.27243069053061,12.98761230003015,11.65997193128465,9.751611054215733,16.09326408419489,14.8054714674671,20.35893485527425,18.88624323152307
2018-09-29 00:00:00.000000,3.28219765202278,3.282197094667872,13.69911054584284,12.26673342828278,14.31240769075098,13.02464328669731,11.70787843529897,9.79203728274384,16.12708194342993,14.83483562097293,20.36882767594557,18.89411313669153
2018-09-29 00:15:00.000003,3.450568648795159,3.45056106847969,13.64213833446127,12.29120600641377,14.29980048985368,13.05706190059407,10.89711036430025,9.825958201572314,16.09754234810029,14.86052969831018,20.37156438067506,18.90122321958404
2018-09-29 00:29:59.999997,3.568015319725253,3.568013324439811,13.64629611205537,12.31096652248808,14.3128392545335,13.08401076589634,10.88542012165373,9.851626304442284,16.10175717052914,14.88208655751292,20.37510471823213,18.90748212910866
2018-09-29 00:45:00.000000,3.649850197423048,3.649845462420855,13.65844593220041,12.32652394567721,14.33053621481728,13.10583233652441,10.90127359715818,9.870680263245918,16.11466125016216,14.89979675563156,20.37918691613889,18.91291686852649
2018-09-29 01:00:00.000003,3.679904596102103,3.679901586665689,13.66775453903412,12.33710089943594,14.34486978807033,13.12185914112771,10.91125893189493,9.881172813052384,16.12641700961366,14.9132656109273,20.38301421238218,18.91749726288784
2018-09-29 01:14:59.999997,3.655447695948682,3.655441759704843,13.67201190943875,12.34223328289932,14.35350636247269,13.13154522558421,10.91197052366645,9.88240998948533,16.13426070826217,14.92206765086323,20.38615296092964,18.92114594233059
2018-09-29 01:30:00.000000,3.589975774526389,3.589974307311854,13.67143584388554,12.34248839296415,14.35635030047298,13.13524773106067,10.90471366773904,9.876035135985317,16.13774195499706,14.92633899307762,20.38841216118134,18.92381084261111
2018-09-29 01:45:00.000003,3.46578095690548,3.465776069759931,13.66500530333734,12.3369705857661,14.35245018920081,13.13218074554682,10.88709999834105,9.859850871850597,16.1361136311714,14.92555635360946,20.38963810431858,18.9254056772874
2018-09-29 01:59:59.999997,3.291771292998392,3.291772494368399,13.65291549858061,12.32591193391742,14.34178200134817,13.12238337838187,10.86006103328692,9.834799169883384,16.12923207124585,14.91965541385395,20.38973611726164,18.92586779352889
2018-09-29 02:15:00.000000,3.06122206711129,3.061218758561103,13.63485515874385,12.30902892974252,14.32399044661431,13.10554015829328,10.82286663478395,9.800194825303109,16.11679772869403,14.9083886156207,20.38862363339231,18.92513433590092
2018-09-29 02:30:00.000003,2.787194328209626,2.787194765178282,13.61136659934863,12.2868613709228,14.29948574545547,13.08207267561887,10.77705776524664,9.75752320292101,16.09903959809932,14.89198949732275,20.38627203368011,18.9231850486686
2018-09-29 02:44:59.999997,2.471346084086547,2.471340523345612,13.58276779289193,12.25972649230799,14.26862028268024,13.05234282545733,10.72309511042721,9.707213599114477,16.07618089133124,14.87068309736162,20.38268358785991,18.92002758942183
2018-09-29 03:00:00.000000,2.11905084543743,2.119047827836099,13.54948519344469,12.22804390214476,14.23184554871894,13.01680284631915,10.66183346672439,9.650077747812169,16.0485437308148,14.84478367707641,20.37788876384834,18.91569407945415
2018-09-29 03:15:00.000003,1.743588164726842,1.743583607471233,13.51249649434463,12.19276824544917,14.19014047762159,12.97641923802142,10.59531475925225,9.588052480937968,16.01681548094107,14.81495111019778,20.37196880774238,18.91026572791735
2018-09-29 03:29:59.999997,1.346486914195884,1.346484825674311,13.47237864633363,12.15432350666925,14.14423082726177,12.93177102572612,10.52467904661573,9.521682506333672,15.98176493488483,14.78166109802852,20.36504795166363,18.90383442548506
2018-09-29 03:45:00.000000,0.9306855909351377,0.930683198629597,13.42948260458578,12.11310884916511,14.09460402862682,12.8833807116852,10.45016770843832,9.451543565719952,15.9437022660045,14.74532788149359,20.35722154615601,18.89649472472522
2018-09-29 04:00:00.000003,0.511228518866007,0.5112351667552648,13.38506218554487,12.07038846712277,14.04250421319406,12.83251470020594,10.37410552334741,9.379950804871765,15.9034227848649,14.70678637771135,20.34861952311346,18.8883813342443
2018-09-29 04:14:59.999997,0.08072984103163998,0.08076918748232918,13.33903406397232,12.02609373973895,13.9881322102513,12.7793936639269,10.29581687008419,9.30625358347619,15.86118438122195,14.66631985965646,20.33934516024651,18.8796036374601
2018-09-29 04:30:00.000000,-0.340365663676224,-0.3403641515127639,13.29256254784855,11.98136498046338,13.93265930249668,12.72517777811824,10.21802601864785,9.233080666154635,15.81784357565562,14.62476987683346,20.32954568302214,18.87030658446876
2018-09-29 04:45:00.000003,-0.7504688262741205,-0.7504766345305862,13.24624656287823,11.93679133692944,13.87689626874522,12.67067378802236,10.1414853505911,9.16113703946227,15.7740682142059,14.58278867308372,20.31937373197773,18.86064048845046
2018-09-29 04:59:59.999997,-1.143724458736759,-1.143728351601211,13.2007577571102,11.89303529754814,13.82167318125024,12.616712633905,10.0672965075566,9.091454992809421,15.73052031988388,14.5410179863409,20.30898567000475,18.85075852639356
2018-09-29 05:15:00.000000,-1.508314642594397,-1.508319769532162,13.15769305471336,11.85165382019729,13.76847366023404,12.56475075894666,9.998366544434765,9.026805470519738,15.68818755961916,14.50040784860006,20.29856693129546,18.84084069371771
2018-09-29 05:30:00.000003,-1.841784338965436,-1.841786565010473,13.11832157037854,11.81388477321332,13.71855121206234,12.51601799918316,9.936526930484169,8.968920557949726,15.64791885032702,14.46177416696166,20.28830504560564,18.83106887812103
2018-09-29 05:44:59.999997,-2.1419732828281,-2.141981465816255,13.08204871836701,11.77914901221581,13.67198967538248,12.47060841065043,9.880396181279108,8.916486342727037,15.61006221307429,14.42548622178814,20.27834840178311,18.82159100234184
2018-09-29 06:00:00.000000,-2.398765230930704,-2.398768770684986,13.04932120606244,11.74799030785226,13.62943447890542,12.42926004636797,9.831051153468552,8.871138773113838,15.57520511626248,14.39234377455208,20.26884690769255,18.81257571489755
2018-09-29 06:15:00.000003,-2.610669698539339,-2.610673240589092,13.02050162576924,11.72070160250906,13.59142916099999,12.3924599368033,9.788954469125313,8.832902793514071,15.54383297082496,14.36269778188744,20.25994158228506,18.80415788616277
2018-09-29 06:29:59.999997,-2.776832874747426,-2.776834680966612,12.99585645213065,11.69747126315656,13.55839036413677,12.3605509345788,9.754391814233013,8.801688425814913,15.51631793145987,14.33676234243457,20.25175591900602,18.79644449369243
2018-09-29 06:45:00.000000,-2.888360578051967,-2.888365522909693,12.97599530909111,11.67886438467449,13.53100330248351,12.3341734785506,9.728623563251945,8.778628549286616,15.49320831544579,14.31500663246217,20.24441772948054,18.78954966977125
2018-09-29 07:00:00.000003,-2.955000150014773,-2.955001719335979,12.96071160997138,11.66467002338774,13.50925089006227,12.31329761270822,9.710679329408967,8.76278249765733,15.4745699284845,14.29748214317086,20.23801289967028,18.78355185660029
2018-09-29 07:14:59.999997,-2.962514129533086,-2.962520126984558,12.95071314077451,11.65556983907751,13.49383004022651,12.29859808059136,9.702291800093553,8.755782736119105,15.4609170555648,14.28466532153665,20.23264203508921,18.77854556875481
2018-09-29 07:30:00.000000,-2.92061929800231,-2.920625620785,12.94581579535759,11.65138272284396,13.48472237081963,12.29005593092395,9.702547640244132,8.756748668734108,15.45229952130867,14.27660714513233,20.22837359872513,18.77459632734007
2018-09-29 07:45:00.000003,-2.822807326962665,-2.822773306991963,12.94633093568914,11.65240877773141,13.48225254496572,12.28798345770344,9.712193339213227,8.766393406298187,15.44896529574961,14.273537483141,20.22527421227265,18.77176441806437
2018-09-29 07:59:59.999997,-2.664085900083471,-2.663902458094808,12.95266750777441,11.65904541383194,13.48686946683813,12.29282200303893,9.732028577653155,8.785462054889594,15.45126060115807,14.27578251763795,20.22341716816261,18.77011923357675
2018-09-29 08:15:00.000000,-2.452243961929501,-2.452156853233159,12.96460878850477,11.67106845153139,13.49847566986927,12.30446455473767,9.761224842442008,8.813133959825654,15.4591614283755,14.28331840091657,20.2228452113221,18.76970308871885
2018-09-29 08:30:00.000003,-2.194247252186361,-2.194294166290607,12.98181804253587,11.68815581554572,13.51679462862581,12.32264244184223,9.798841979935567,8.848541341151703,15.47245736213202,14.29595123557508,20.22356910250845,18.77052602693733
2018-09-29 08:44:59.999997,-1.895251748367002,-1.895309037934335,13.00385971367987,11.70989888448169,13.54136542820333,12.34691899967682,9.844045646968832,8.890931723828615,15.49083146662127,14.31339547694536,20.22556495982603,18.77256964203188
2018-09-29 09:00:00.000000,-1.557959367086871,-1.557960555017488,13.03057000096012,11.73614078461626,13.5719787867842,12.37708845400519,9.896389042192768,8.93989475642683,15.51404516596934,14.33542505271415,20.22880208017148,18.77580191712957
2018-09-29 09:15:00.000003,-1.19452971198118,-1.19455616898709,13.06244032374758,11.76737323841395,13.60856835636902,12.41309018611145,9.95643411988145,8.995990678279693,15.54180660854966,14.36176597963363,20.23322646632746,18.78017361599386
2018-09-29 09:29:59.999997,-0.79555451538276,-0.7955538906307574,13.09943868863012,11.80356308497342,13.65104354928408,12.45483575326795,10.02460201424459,9.059628506152164,15.57405415722583,14.39235590966675,20.2387955329308,18.78564332045757
2018-09-29 09:45:00.000000,-0.3743708513265459,-0.3743850620612638,13.14004084958227,11.84321969148847,13.69819737020581,12.50113918536504,10.09785325808609,9.127917215671001,15.61010212489927,14.4265491041402,20.24541949725581,18.79212595164543
2018-09-29 10:00:00.000003,0.05663178614245476,0.05662857024689156,13.18311063151014,11.8852489266334,13.74887176420257,12.55087457015103,10.17400923508173,9.198835231825905,15.64912817340634,14.46357829436135,20.25297237963452,18.79950370339558
2018-09-29 10:14:59.999997,0.4921329467654194,0.4921343986621203,13.22788658922832,11.9291884529415,13.80213087651219,12.60343620425472,10.25191246649837,9.272017131894463,15.69040373784825,14.5032941896242,20.2613139077984,18.80769470222876
2018-09-29 10:30:00.000000,0.9158129093155738,0.9160761998645798,13.27307801680952,11.97422649308757,13.85659623927997,12.65785209988209,10.32896278691461,9.348184649467994,15.73288673640636,14.54564435425766,20.27026166309015,18.81663146479226
2018-09-29 10:45:00.000003,1.344715074975204,1.344592448192572,13.31947816129752,12.02062205065006,13.91258874357427,12.71396500571441,10.40732810324777,9.426603107750012,15.77655265976344,14.58959193018881,20.27969998007526,18.82614514772079
2018-09-29 10:59:59.999997,1.744468300134006,1.744511831394939,13.36479626297033,12.0655111623031,13.96804493966635,12.76917891718327,10.48209538008131,9.498272536224388,15.82007719764027,14.63244646153372,20.28943512163006,18.83590431396255
2018-09-29 11:15:00.000000,2.138556687022638,2.138560832822492,13.40959007466041,12.1097066096162,14.02306124441342,12.82376235514733,10.555704428939,9.56838296982098,15.86336798704484,14.67472558344193,20.29933949778889,18.84578704351208
2018-09-29 11:30:00.000003,2.483515122621669,2.483512455858954,13.45149141170098,12.1510219474813,14.07547354701191,12.87570731740886,10.62236830215027,9.631765171402101,15.90491545913822,14.71522239329141,20.30919765042603,18.85560453763874
2018-09-29 11:44:59.999997,2.816056268520808,2.816054768064056,13.49164991740953,12.19062377193739,14.12583554573017,12.92560731174116,10.68617797468428,9.692452757233438,15.94491409584218,14.75418867241183,20.3188932667492,18.86525322600092
2018-09-29 12:00:00.000000,3.090892863307506,3.090889272448761,13.52777672761671,12.22628373671608,14.17210995098827,12.97147097131641,10.74134111653562,9.744872891540263,15.98196361232213,14.79030089657078,20.32822449008285,18.87454508168376
2018-09-29 12:15:00.000003,3.338357743835242,3.338351187412425,13.56063509277704,12.25875761269663,14.21454094282613,13.01354666070045,10.79103181212508,9.792131516056365,16.01608599342556,14.82358573327016,20.33706877070096,18.88336246468872
2018-09-29 12:29:59.999997,3.522682507830559,3.522679458665424,13.58848747188612,12.28634778138745,14.25146936246003,13.05020198867209,10.83096080056419,9.830093343288109,16.04612582067166,14.85293140242057,20.34524202308943,18.89152925186154
2018-09-29 12:45:00.000000,3.679819385234464,3.679814895975351,13.61249809408408,12.31025354292508,14.28363525567389,13.08224803747283,10.86495740545258,9.862499116558132,16.07245018181595,14.87871216210381,20.35266352306014,18.8989690913371
2018-09-29 13:00:00.000003,3.778404324524201,3.778403153449818,13.6311557253691,12.32894696090411,14.30976076768643,13.10836483367829,10.88912961688751,9.885571093569009,16.09422966964377,14.90012193838849,20.35920556626554,18.90556018126598
2018-09-29 13:14:59.999997,3.839671935671503,3.839667599901227,13.64516952341182,12.34309285234847,14.33024122304978,13.12889458472052,10.90583486707474,9.90158532016355,16.11161739253055,14.91728645257395,20.36480387669559,18.91123692246767
2018-09-29 13:30:00.000000,3.843081353659639,3.84307905489831,13.65349836936858,12.3516822061469,14.34416548771673,13.14294896750374,10.91247921458359,9.90804256118503,16.12401013304133,14.9296220166423,20.36936251490162,18.91590645544148
2018-09-29 13:45:00.000003,3.798988403711157,3.798983876411276,13.65635965251388,12.35493598305596,14.35155157806203,13.15055397757635,10.91007691717273,9.905938361745916,16.13134078848035,14.93706090122557,20.37281603826366,18.91950120681743
2018-09-29 13:59:59.999997,3.711102732749012,3.711099518673904,13.65400107429173,12.35310189704079,14.35257547093723,13.15189137031087,10.89923855219044,9.89586102785748,16.13369837413669,14.93969069799957,20.37513065555466,18.9219890250832
2018-09-29 14:15:00.000000,3.563049409864854,3.563046843351291,13.64550106111695,12.34528035434702,14.34643482476942,13.14617457903718,10.87774551696381,9.875674729745167,16.13055544672854,14.93700779384973,20.37623630804298,18.92330323725092
2018-09-29 14:30:00.000003,3.360341224741874,3.360338243188063,13.63087228650067,12.33148676131417,14.33298980450456,13.1332673919277,10.84604206285468,9.845822601774817,16.12175078703217,14.92885582722961,20.37607541880812,18.92338795785589
2018-09-29 14:44:59.999997,3.111053200513761,3.111051386410044,13.61069045365151,12.31228537070887,14.31264424147508,13.11356782722102,10.80551247578174,9.807636521738473,16.10749356877197,14.91543262397581,20.37462981153169,18.92222436593557
2018-09-29 15:00:00.000000,2.809727982728866,2.809724707780638,13.58471705007852,12.28744134313404,14.28524528265233,13.08692479821526,10.75545862900827,9.760435760979371,16.08770032038085,14.89665752609562,20.37187873040996,18.91979233424088
2018-09-29 15:15:00.000003,2.473689362096632,2.473685227184963,13.55391171662579,12.25789457802006,14.25165611491637,13.05418983178719,10.69813876149841,9.70639531403113,16.06290969323236,14.87304837038831,20.36785834066468,18.91612508529249
2018-09-29 15:29:59.999997,2.099793742275591,2.099787013600379,13.51843788767788,12.22380401634704,14.21218172799668,13.01566493946339,10.63349358244508,9.645442189483433,16.03337500325814,14.84485314564765,20.36261155522863,18.91126494802316
2018-09-29 15:45:00.000000,1.710305253258053,1.71030365050604,13.47971349576638,12.18655551225356,14.16818221891586,12.97269058095363,10.56468567809,9.580606735983054,16.00003533830379,14.81297299936189,20.35625277181057,18.90532085623018
2018-09-29 16:00:00.000003,1.296460534002825,1.296455772154244,13.43773811415645,12.14614341519352,14.11992995595324,12.92553337905475,10.49105993838913,9.511227536983794,15.96320565928124,14.77771375013539,20.34887947763711,18.89838822536738
2018-09-29 16:14:59.999997,0.8730541041860777,0.8730604661837802,13.39348803608189,12.10352141825579,14.06841706560029,12.87516973993822,10.41470773664656,9.439310448127278,15.92360388730907,14.73976659576644,20.34061813412469,18.89058829410549
2018-09-29 16:30:00.000000,0.4377263192607189,0.4377242696471608,13.3474447365771,12.05915953797577,14.01428384900551,12.82223166888062,10.33587396089727,9.365063727513597,15.88169784854595,14.69958581290165,20.33158787611437,18.88203806754783
2018-09-29 16:45:00.000003,-0.002414488638856886,-0.002407459641154474,13.30005369906308,12.01349073977354,13.95811541874093,12.76729435466261,10.25553166274021,9.289416738182661,15.83799267278712,14.65765930796725,20.32190949021565,18.87285473068231
2018-09-29 16:59:59.999997,-0.4352408899059623,-0.4352543148914279,13.25220959673807,11.96738506272766,13.90089009279979,12.7113195319899,10.17554331538872,9.21414105226104,15.79324338772481,14.61471448530397,20.31172680633321,18.86317748617369
2018-09-29 17:15:00.000000,-0.8601000369497639,-0.8601207388520904,13.20436257573122,11.9212892055681,13.84326063375175,12.65496020663868,10.09638563953158,9.139694793817633,15.74799431462181,14.57128763628992,20.30117916811925,18.85314298685689
2018-09-29 17:30:00.000003,-1.257951677789358,-1.257960955435411,13.15791108812714,11.87657088146588,13.78665636535116,12.59962759417524,10.02095914381277,9.068856124260689,15.70328003986513,14.52838000889504,20.29044810744877,18.84292749405206
2018-09-29 17:44:59.999997,-1.628420344691538,-1.628425065359925,13.11453694512844,11.8348684300316,13.73259114012272,12.5468045667925,9.951739663626052,9.003949101372363,15.66006374998341,14.48690920898172,20.27973023112647,18.83272158795368
2018-09-29 18:00:00.000000,-1.969703707531429,-1.969708122817262,13.07450159238438,11.79642358965102,13.68167792312025,12.49708046764118,9.888770595340095,8.944984798064912,15.61891194420685,14.44741447627723,20.26919553528343,18.82268676362851
2018-09-29 18:15:00.000003,-2.27286584977541,-2.272868982516702,13.03769527454032,11.76118349213079,13.63430624396933,12.45090228799499,9.83192366892543,8.892058820461619,15.58032744759037,14.41050805989222,20.25899777703358,18.81298587848699
2018-09-29 18:29:59.999997,-2.53850951688082,-2.538516907545711,13.00420457648579,11.72931627790421,13.59078481807484,12.40865152064791,9.781194390643577,8.845722349977793,15.54466607954122,14.37672288816512,20.24926893387685,18.80376929534156
2018-09-29 18:45:00.000000,-2.763090623659774,-2.763094059500557,12.97436429798404,11.70103358456661,13.55157156507956,12.37068455237923,9.73713443061529,8.805680900147948,15.51232003231255,14.34619795774588,20.2401303049895,18.79514140930397
2018-09-29 19:00:00.000003,-2.945076214522321,-2.945085021610249,12.9484265797369,11.67653406131125,13.51702669505504,12.33730537076436,9.700101784240792,8.772154738218644,15.48361572694287,14.31915564232329,20.23168771115018,18.78719337973272
2018-09-29 19:14:59.999997,-3.080331727751595,-3.080327426020192,12.92674596648595,11.65614577637665,13.48758498200865,12.30891841721365,9.67073390608086,8.745721304208509,15.45891440480214,14.29590850227878,20.22404170809321,18.78001430903903
2018-09-29 19:30:00.000000,-3.167361367107764,-3.167343633932441,12.90958620662822,11.64011740687837,13.46360540887624,12.28586638236037,9.649390371849279,8.726701981263977,15.43852137440063,14.27673620612998,20.21728275500589,18.77368838916772
2018-09-29 19:45:00.000003,-3.210529773906591,-3.21063780383927,12.89687412129543,11.62836459465854,13.44512402396106,12.26816985661484,9.635637122488362,8.71465785759385,15.42250870691173,14.26169823477497,20.21147440399523,18.76827193518025
2018-09-29 19:59:59.999997,-3.208378494804633,-3.208421125583414,12.88868210401005,11.62096953362506,13.43224689435921,12.25594071858836,9.629623264235065,8.709767564118449,15.41097826793803,14.25089692354014,20.20666728085833,18.76381376908688
2018-09-29 20:15:00.000000,-3.154268398178697,-3.154272344192046,12.88540456693841,11.61830770565787,13.42537029522816,12.24956165098927,9.632241534244503,8.71285106727035,15.40422540662904,14.2446068439977,20.20291924368287,18.76036816925912
2018-09-29 20:30:00.000003,-3.049549640967723,-3.04946080154688,12.88719161536539,11.62052606993226,13.42472143176246,12.24925529637949,9.643526991858954,8.723937851256737,15.40242815973249,14.24299753718563,20.20028195813855,18.75798574746964
2018-09-29 20:44:59.999997,-2.884726458800917,-2.88467838881814,12.89457306027952,11.62812356608639,13.43083890295174,12.25553488958542,9.664728960900646,8.744173448103878,15.40599941513497,14.24644688554103,20.19882727049059,18.75673134983504
2018-09-29 21:00:00.000000,-2.674780317904266,-2.67475827559091,12.90703109663134,11.64060260058401,13.44336952353468,12.26805994393169,9.694181934488297,8.771992421448518,15.41474061519708,14.25477834293466,20.19858192792412,18.75663248946097
2018-09-29 21:15:00.000003,-2.411322635994223,-2.41133852132785,12.9248397481414,11.65823373780273,13.4625325345029,12.28704975958555,9.732738869867296,8.808212817286979,15.42879323173008,14.2681285180579,20.19957628880369,18.75772044054563
2018-09-29 21:29:59.999997,-2.106080500344386,-2.106094133732196,12.94756632229555,11.68059790916568,13.48798450768941,12.31216831578553,9.779066068989437,8.851576626281139,15.44790894135141,14.28626734872696,20.20180758734631,18.75999191060612
2018-09-29 21:45:00.000000,-1.769610126418029,-1.769636879197973,12.97450375858875,11.70701192648479,13.5190184407477,12.34272611947409,9.831595600129122,8.900616043146742,15.47157488199151,14.3087178138959,20.20522842643312,18.76340394115311
2018-09-29 22:00:00.000003,-1.403937541158718,-1.403957355453318,13.00534286342751,11.73718297101505,13.555223310674,12.37832679539076,9.889820582793826,8.954879168197172,15.49941834319126,14.33513232398873,20.20977696678478,18.76789886975846
2018-09-29 22:14:59.999997,-1.015271369270984,-1.015278510118496,13.04184295408026,11.7728489872084,13.5973356317605,12.41969886679416,9.956745542821258,9.017271554596942,15.53149021686903,14.36555344126078,20.21541200530724,18.77343474635415
2018-09-29 22:30:00.000000,-0.6066233840403585,-0.6066275445026743,13.08160989951343,11.81165764455331,13.64373059709791,12.46524577477738,10.02813598969275,9.083740095409938,15.56703898403535,14.39927607068446,20.22203445233431,18.77992109403746
2018-09-29 22:45:00.000003,-0.1972554965587171,-0.1972543202752811,13.12313507238308,11.85215149930083,13.69288568345255,12.51348089868489,10.10102297367983,9.151520230714857,15.60500185426036,14.43530371536313,20.22949076312376,18.78721197350253
2018-09-29 22:59:59.999997,0.2056720502652497,0.2056727737437703,13.16543073006164,11.89338273955188,13.74362508494094,12.56326145955884,10.17382420382749,9.21917351424641,15.64446176972485,14.47278045834864,20.23760697484626,18.79514340986155
2018-09-29 23:15:00.000000,0.5984033773708924,0.5984026402012956,13.20781481603002,11.93469778541863,13.79502871801636,12.61369250239647,10.24562671745236,9.285882995094608,15.68467075035072,14.51100314512866,20.24620821227489,18.80354881582997
2018-09-29 23:30:00.000003,0.9729045850961725,0.9728990342502527,13.24950767736486,11.97569201901775,13.84613928142886,12.66423499835331,10.31505528327215,9.351242359232925,15.7248668453631,14.54993268519304,20.25511545587086,18.81232492528279
2018-09-29 23:44:59.999997,1.329346913904717,1.329432663628132,13.29039105639461,12.01651721820661,13.89655444681758,12.7147034155016,10.38202366497918,9.417551918792492,15.76458943134648,14.58970435963815,20.26417683359391,18.8214015301007
2018-09-30 00:00:00.000000,1.647795110145852,1.64780958420449,13.32875144469214,12.05528814399259,13.94460370679634,12.76321377102306,10.44333040079355,9.481245542079549,15.80272466434124,14.62886977256363,20.27319316968121,18.8305768336025
2018-09-30 00:15:00.000003,1.951900951654031,1.951921401421286,13.3652260264928,12.09161267996558,13.99039433570991,12.80901746035195,10.50150733501762,9.53729704111767,15.83892020697935,14.66485511012991,20.28186894305088,18.83935694599153
2018-09-30 00:29:59.999997,2.208454310797098,2.208426836043021,13.39808013806087,12.12417405255333,14.03237165844537,12.8508225051358,10.55231017265566,9.585692689984967,15.87225525311257,14.69760802785535,20.29006722158181,18.84761638503015
2018-09-30 00:45:00.000000,2.438278294144131,2.438284248073202,13.42796170987327,12.1537746909009,14.07085756680612,12.88910110203842,10.5980023249277,9.629177257628049,15.90294130670225,14.72766429553434,20.29778892543319,18.85538197754813
2018-09-30 01:00:00.000003,2.610837653457957,2.610829102506046,13.453180540839,12.17880054072809,14.10433113234013,12.92240476610162,10.6345670764428,9.663940014749711,15.93001068370159,14.75418464959657,20.30493746074276,18.86257801911863
2018-09-30 01:14:59.999997,2.755258240318512,2.755258493998128,13.4747829065259,12.20029380938468,14.13340824604362,12.95136071598721,10.66534889786539,9.69324910952718,15.95372945757721,14.77744744923541,20.31145549203177,18.8691535490944
2018-09-30 01:30:00.000000,2.846725059148064,2.846720814409536,13.49163388853183,12.21713561120268,14.15711206900149,12.97499294586507,10.68732994613842,9.714184995537643,15.9734078980103,14.79679044876707,20.31722840245194,18.87500014785489
2018-09-30 01:45:00.000003,2.898840342755274,2.898835103835247,13.50400363009325,12.22960673820676,14.17546057335642,12.99334283286264,10.70185363448101,9.72806984234561,15.98897875354389,14.81215503282775,20.32217143028369,18.88003649212162
2018-09-30 01:59:59.999997,2.904356018629572,2.904353552883429,13.51150774954346,12.23733876798622,14.18805985692468,13.0060359370903,10.70803640594912,9.73405635550283,16.00014542148793,14.82326370329755,20.32620005723562,18.88418302661349
2018-09-30 02:15:00.000000,2.865350126203251,2.865344926034055,13.51409259749889,12.2402819217447,14.19476761025559,13.01293597962309,10.70599497016043,9.732264882903156,16.00676064681479,14.82997770113339,20.32924712315601,18.88737581999646
2018-09-30 02:30:00.000003,2.773297490853838,2.773296353912093,13.51120350008069,12.23791623416085,14.19504045109354,13.0135377683444,10.69451678794567,9.721543654858033,16.0084303011243,14.83192814420412,20.33123455262001,18.88954129081553
2018-09-30 02:44:59.999997,2.637024600587534,2.637020408389643,13.50314867036773,12.23054852465718,14.18904137949763,13.00801073291965,10.67460281026142,9.702866216892792,16.00519555103871,14.82915986679123,20.33211730304043,18.89063726333995
2018-09-30 03:00:00.000000,2.453001188961338,2.453000731256836,13.48980382714349,12.21801011319527,14.1766584512191,12.99617959588329,10.64588600408546,9.67585601256971,15.99696399448475,14.82156602245171,20.33185770006169,18.89062610403804
2018-09-30 03:15:00.000003,2.222587879578982,2.222585369490405,13.47117376897019,12.20031189150848,14.15786574507572,12.97802267961758,10.60848280866241,9.640626522841593,15.98370381370946,14.80910984576618,20.33042923664429,18.88948062896113
2018-09-30 03:29:59.999997,1.946012719147594,1.946012679245368,13.44728947070999,12.177491407149,14.13268711870362,12.95357222684229,10.56244015703871,9.597225660727105,15.96541132921403,14.79178707568034,20.32781493310349,18.88718282005964
2018-09-30 03:45:00.000000,1.636677968832473,1.636675792241096,13.41893273816639,12.15031505536715,14.10181697786488,12.92351576682107,10.50962014499638,9.547441220203387,15.94254216932543,14.7700344852822,20.32404501533926,18.88375976323852
2018-09-30 04:00:00.000003,1.291808195146085,1.291807990134741,13.38620972558292,12.11888592804137,14.06547412175406,12.88807040140308,10.44994582988365,9.491185077670423,15.91529728814817,14.74404705918055,20.31915605211183,18.87924670313553
2018-09-30 04:14:59.999997,0.9306435390991326,0.9306408557847677,13.35032815729396,12.08438683607139,14.02479822984173,12.8483636645676,10.38614603877598,9.431074186178247,15.88446041070399,14.71458168111765,20.31323909627722,18.87373246106666
2018-09-30 04:30:00.000000,0.5516842127897956,0.5516888424757702,13.3118527458466,12.04736745062002,13.98051096933057,12.8051051454515,10.31865121857628,9.367494974678573,15.85055778047071,14.68214551376953,20.30639914563436,18.86731748095926
2018-09-30 04:45:00.000003,0.1616615685229685,0.1616298756071844,13.27130851430273,12.00833747505702,13.93327039692327,12.75894217886481,10.24848042512131,9.301410665784452,15.81412533736243,14.64725639697052,20.2987482927712,18.8601112532604
2018-09-30 04:59:59.999997,-0.2338269692185949,-0.2338422146806229,13.22921404559889,11.96780935159509,13.88373486569449,12.71053187465685,10.17658786051326,9.23373591286555,15.77570805916502,14.61044418331726,20.29040689535009,18.8522306584865
2018-09-30 05:15:00.000000,-0.6293324044140501,-0.629362945885762,13.18615809609541,11.92635246915766,13.83262270334709,12.66057980766362,10.10397609022476,9.165405277173486,15.73587588495301,14.57225928322097,20.28150212344822,18.84379951906659
2018-09-30 05:30:00.000003,-1.016760812087145,-1.016772872965844,13.14290582895623,11.8847126346952,13.78081664735844,12.6099515893297,10.03202518269197,9.097739755314635,15.6953076233365,14.5333568783805,20.27217561616897,18.83495531010259
2018-09-30 05:44:59.999997,-1.386986886743173,-1.387010583174596,13.10053541022893,11.84393945018994,13.72944499677292,12.55975407133232,9.962636309236373,9.032557690856594,15.65481128892821,14.49452193905432,20.26258795089505,18.82585403486368
2018-09-30 06:00:00.000000,-1.733744641597177,-1.733748742047706,13.06101606108117,11.80596056827866,13.68018446768707,12.51163704795929,9.899082397217972,8.972970900090832,15.61540969019237,14.45673084422147,20.25292796185458,18.81667696056141
2018-09-30 06:15:00.000003,-2.049845929248336,-2.049857645994651,13.02423082364099,11.77065281540314,13.63353207596617,12.46609134206708,9.840946445552381,8.918548324935992,15.57772259308233,14.42058999851007,20.24336576685081,18.80759055513489
2018-09-30 06:29:59.999997,-2.332416972077518,-2.332418128718851,12.9902047434622,11.73818325550238,13.58989342535802,12.42365516006901,9.788140644641372,8.869974625344321,15.54221901942042,14.38685960750403,20.23405392383499,18.79877118103395
2018-09-30 06:45:00.000000,-2.57377281927004,-2.57377562059158,12.95947931166273,11.70899944335131,13.54996743312203,12.38495531454571,9.741746524005634,8.8277003402065,15.50950045509465,14.3559592806421,20.22514537135013,18.79036456834562
2018-09-30 07:00:00.000003,-2.776961985394014,-2.776968539286734,12.93221055758066,11.68318211818316,13.51410723516263,12.35027014045899,9.701654279787455,8.791299686324264,15.47990608980743,14.32807508434003,20.2167688102618,18.78248224213114
2018-09-30 07:14:59.999997,-2.933433044707564,-2.933433061935149,12.90895460427198,11.66124539661665,13.48294745637927,12.32019068995999,9.669031468811127,8.761823984886265,15.45395031449569,14.30364622449746,20.20905268915342,18.77523925279574
2018-09-30 07:30:00.000000,-3.044172764166948,-3.044181216912994,12.889929612417,11.64338847446546,13.45685153482136,12.29505760622193,9.644002212867997,8.73936219287687,15.43196303053579,14.28296958543965,20.20210742792623,18.76873702363063
2018-09-30 07:45:00.000003,-3.105878566065899,-3.105885278289841,12.87544858892414,11.62991019886637,13.43622291506929,12.27525918831105,9.627091684730345,8.724399785277726,15.41428098643409,14.26635788039083,20.19603342717839,18.76306940569885
2018-09-30 07:59:59.999997,-3.120908672281092,-3.120904283823182,12.86556312245867,11.62085658275736,13.42122295784449,12.26094831455144,9.618143978490792,8.716778629087143,15.40106723279883,14.25396387880264,20.19090803124012,18.75830878055474
2018-09-30 08:15:00.000000,-3.083038085243427,-3.08301146029246,12.86065877884816,11.61660162925487,13.41227022217437,12.25253480981501,9.617984229417939,8.717275879977064,15.39264455120626,14.24609321169548,20.18681048245279,18.75453179098481
2018-09-30 08:30:00.000003,-2.996994974331199,-2.996985222697996,12.86067814623888,11.61708154538874,13.40941060319287,12.250054853313,9.626190812378553,8.725473355254657,15.3890893445362,14.2428141637734,20.18379708216412,18.75178967563622
2018-09-30 08:44:59.999997,-2.857771619129884,-2.857598034430576,12.86588951560061,11.62256414044622,13.41292678420312,12.25378942489609,9.643374432240167,8.74197367566932,15.39061587665335,14.24433275464794,20.18192116460555,18.75013354688452
2018-09-30 09:00:00.000000,-2.667981298449327,-2.667957596744727,12.87629054887555,11.63303189863776,13.42288139533633,12.26379213456283,9.66933489329778,8.766526974083254,15.39729817894488,14.25071573377366,20.18122535155103,18.74960578371211
2018-09-30 09:15:00.000003,-2.434293055129542,-2.434358919202213,12.89156757009841,11.64818779168138,13.43901723973128,12.27981289080761,9.7032233892611,8.798371252313563,15.40897228143806,14.26181338431887,20.18172282608059,18.75021865353701
2018-09-30 09:29:59.999997,-2.158348612707611,-2.158380379211077,12.91158903120373,11.66791476578779,13.46119542353996,12.3017258044215,9.744727006429509,8.837234550577652,15.42550310076514,14.27750730833259,20.18340872566062,18.751969557682
2018-09-30 09:45:00.000000,-1.844251764650456,-1.844286587082148,12.93604619433127,11.69190714940628,13.48908447153203,12.32920067320302,9.793234074837144,8.88252846952267,15.44666224093575,14.29757926289903,20.18626069802189,18.75483607268773
2018-09-30 10:00:00.000003,-1.496925741979221,-1.49694489971851,12.96470537353586,11.71994863456651,13.52243148572102,12.36200168096116,9.848064255320166,8.933629178586921,15.47218673713895,14.32179090545556,20.19024195631802,18.7587875863047
2018-09-30 10:14:59.999997,-1.120169754721179,-1.120179172107764,12.99881491301059,11.75326987295135,13.56173944451877,12.40062397604051,9.911448526129924,8.992691271460268,15.50211520645543,14.35017350338316,20.19532754903712,18.76379770760327
2018-09-30 10:30:00.000000,-0.7097336693516044,-0.7097396127423078,13.03768034180764,11.79118064362292,13.60656562781566,12.44462622324893,9.982328697361163,9.058688112775377,15.5362790644869,14.38256245287321,20.20148152714239,18.7698311381899
2018-09-30 10:45:00.000003,-0.2909517127549957,-0.2909456519470637,13.07916555378784,11.83160760839556,13.65513184756359,12.49227183010792,10.05615681044058,9.127341946999707,15.57358591815669,14.41794353124288,20.20858335402854,18.77677662566785
2018-09-30 10:59:59.999997,0.1329558882144539,0.1329588946688126,13.12245369868694,11.87376927153623,13.7064243925562,12.54257662927425,10.13184288860485,9.197686148987625,15.61324858165156,14.45558517245185,20.21649250887998,18.78450256227026
2018-09-30 11:15:00.000000,0.5555791546778793,0.555583855579376,13.16681071447835,11.91695700752507,13.75954200008901,12.59466139913387,10.20819134213212,9.268600517499419,15.65456252511777,14.49481505165638,20.22506048555758,18.79286694038852
2018-09-30 11:30:00.000003,0.9642182701547056,0.9644634872145292,13.21119027914345,11.96049148165037,13.81331610044851,12.64775419967639,10.28317186439978,9.339042722750698,15.69662988681744,14.53541948876839,20.23411392153286,18.80176601846217
2018-09-30 11:44:59.999997,1.370491618791428,1.370366841652824,13.25609641776269,12.00472421394963,13.86784901497844,12.7018520225634,10.35820593890702,9.409802991616536,15.73929600455267,14.5770251116295,20.24352932655659,18.81108875108137
2018-09-30 12:00:00.000000,1.74698691470439,1.747055616797659,13.29953838469812,12.04858150301344,13.9213042837531,12.75576008397215,10.42927650640356,9.484579693559121,15.78139026753513,14.6203394010478,20.25312182109633,18.82081455574528
2018-09-30 12:15:00.000003,2.113634085853514,2.113653561434095,13.34199766405685,12.09085047738019,13.97374467666994,12.80821719565173,10.4984345770672,9.551818105694787,15.8227964359166,14.66165543703944,20.26276637368576,18.83055577460407
2018-09-30 12:29:59.999997,2.42241926624748,2.422417232288369,13.38080810083,12.12922288273232,14.02274919877251,12.85696805380111,10.55922880204766,9.609716054829661,15.86183855188411,14.70000586283997,20.27223537377648,18.8400627847407
2018-09-30 12:45:00.000000,2.720038598288326,2.720039349593706,13.41759388291853,12.16552717160452,14.06924706541089,12.90313048694914,10.61700534157867,9.664621014594461,15.89893826645302,14.73627771408994,20.28142380513567,18.84926167965314
2018-09-30 13:00:00.000003,2.957414611183098,2.957405680768107,13.45001545743926,12.19754062535822,14.11122055848612,12.94478893722944,10.66564681217876,9.710776319664626,15.93273159996489,14.76929869139767,20.29014214757934,18.85798773312132
2018-09-30 13:14:59.999997,3.169514785021402,3.169509190131175,13.47912816027379,12.22631978713363,14.14919291771399,12.98248647715675,10.70896811709207,9.75191694191103,15.96342879156549,14.79930264269843,20.29829235799006,18.86615143615642
2018-09-30 13:30:00.000000,3.324619730568001,3.324611394349279,13.50334170107909,12.25031517890624,14.18174438296293,13.01483529494752,10.74301001137236,9.784229304201359,15.9900878394925,14.82539782205691,20.30572522672617,18.87361453157791
2018-09-30 13:45:00.000003,3.458012321241176,3.458008501297661,13.52422972323921,12.27107359543701,14.20995187798334,13.04290367973428,10.77222438579357,9.812023276030375,16.01327885942118,14.84813335880437,20.31239898510026,18.88033603427489
2018-09-30 13:59:59.999997,3.521052317664965,3.52104862112526,13.53922722914361,12.28608423656088,14.23170570831153,13.06461370379387,10.79013746570049,9.829056178351838,16.03166976586675,14.86623338278952,20.31816500968742,18.88617523234541
2018-09-30 14:15:00.000000,3.558478954840536,3.558473175369233,13.55008813859208,12.29707046049522,14.24820155953432,13.0811495636093,10.80199745078759,9.840414897897134,16.04589542729321,14.88030703293979,20.32299064074861,18.89109977800529
2018-09-30 14:30:00.000003,3.525560577014716,3.525555207731385,13.55468038103723,12.30194475057861,14.25768608941327,13.09078325687,10.80222962735359,9.84071828763984,16.05484878164484,14.88929214062352,20.32675273600364,18.89499249555942
2018-09-30 14:44:59.999997,3.454657789380072,3.454652947394159,13.55418204344651,12.30185603216371,14.26090669232544,13.09423876696293,10.79451212067578,9.833532449473575,16.05888542038543,14.8935218364726,20.32940921099902,18.89781018134228
2018-09-30 15:00:00.000000,3.331910213480508,3.331905266166143,13.54813478914235,12.29635820605108,14.25750610869985,13.09116994215096,10.77742729629615,9.817478791385419,16.05778418754939,14.89278287170923,20.33091118549236,18.89950514336192
2018-09-30 15:15:00.000003,3.15874808652348,3.158745940474578,13.5365086816333,12.28543083534361,14.24736281550616,13.08147051405887,10.75109422471638,9.792682944480658,16.05142418798749,14.88696300747175,20.33121616722539,18.90003653703152
2018-09-30 15:29:59.999997,2.935511795906952,2.935506125224468,13.51924049894032,12.26907020186608,14.23038469815863,13.06513198319888,10.71547259382078,9.759133015596769,16.03972533792101,14.87601249859288,20.33028950143294,18.89937467119403
2018-09-30 15:45:00.000000,2.670203771707493,2.670202855940511,13.49676302007654,12.24761868676139,14.20694300247678,13.04241365339874,10.67161703275296,9.717810388731799,16.0229100505755,14.86012246651987,20.32812933797383,18.89751665748742
2018-09-30 16:00:00.000003,2.36991450631673,2.369908447304135,13.46968839685452,12.22167745216077,14.17765453456235,13.01392059231608,10.62070435575123,9.669832540215927,16.00138357111028,14.83967201637333,20.32477100395985,18.89449349982003
2018-09-30 16:14:59.999997,2.031478331446734,2.031477895827733,13.43804353846009,12.19128274956822,14.14266594527864,12.97981135647313,10.56251761797022,9.61498457277529,15.97529368081382,14.81480667010474,20.32024801786782,18.89033876769175
2018-09-30 16:30:00.000000,1.670972536763281,1.670967987032184,13.40283397816723,12.15741626937288,14.10293972431648,12.94103305889218,10.49931197538551,9.555425813064419,15.94530110462818,14.78615702913515,20.31464372294766,18.88512846572989
2018-09-30 16:45:00.000003,1.285713132916596,1.285712403167798,13.36425839589292,12.12027381265637,14.05884260172366,12.89795276980808,10.43111011063973,9.491160945109424,15.91174464520024,14.75405527302357,20.30803700206498,18.8789414344026
2018-09-30 16:59:59.999997,0.8823222537727778,0.8823081455431264,13.32286560961966,12.08039164609399,14.01098335003381,12.85117262510971,10.35894785861845,9.42317458814239,15.87508074021029,14.71894472874175,20.30051941695802,18.87186755181187
2018-09-30 17:15:00.000000,0.4686591126732097,0.4686489312654998,13.2795581974617,12.03865255461326,13.96030157425961,12.80161693111974,10.28429454521248,9.352870694729912,15.83594039885348,14.6814366161125,20.29220370456246,18.86401450294784
2018-09-30 17:30:00.000003,0.04735791369925709,0.04739982396495474,13.23467659310525,11.99539088950719,13.90731968152306,12.74980634858703,10.20770413673254,9.280765729010422,15.79479705808143,14.64198861904346,20.28320354036951,18.85549337126995
2018-09-30 17:44:59.999997,-0.3707522597433153,-0.3707373740331206,13.18899898455039,11.95136128450884,13.85290659386985,12.69659453676878,10.13079690688859,9.208392391303617,15.7523284222156,14.60125227922732,20.27365130110656,18.84643224176323
2018-09-30 18:00:00.000000,-0.7777903557648677,-0.7777766791268138,13.14334807322939,11.90736472646146,13.79802202972377,12.64292448426446,10.05502208553279,9.137128057871767,15.70928168554483,14.5599487145218,20.26369766977483,18.83697708624349
2018-09-30 18:15:00.000003,-1.167274769531433,-1.167274974901416,13.09850194280959,11.86415587012341,13.74360289033262,12.58971486845063,9.981655594640221,9.068174063706683,15.66639025853461,14.51878490418024,20.25350331719176,18.82728368963514
2018-09-30 18:29:59.999997,-1.529317944351559,-1.529324303223466,13.05606938802989,11.82330753178586,13.69113908547777,12.53843229939821,9.91352219323069,9.00422263123956,15.62463754864553,14.47870700969265,20.24325486491678,18.81753292782473
2018-09-30 18:45:00.000000,-1.858226446542754,-1.858228800492392,13.01731838000948,11.7860588724758,13.6419329193428,12.49035725536507,9.852557310746038,8.947128186598148,15.58492603833917,14.4405914768364,20.23314733280429,18.8079129591743
2018-09-30 19:00:00.000003,-2.157725950594618,-2.157729334785502,12.9814434365418,11.75167388488809,13.59588201620834,12.44544824425629,9.796779917141462,8.895243018035345,15.54748205333677,14.40478573903042,20.2233216354578,18.79857430840114
2018-09-30 19:14:59.999997,-2.416913742410068,-2.41691696178606,12.94886428930917,11.7206358325116,13.55356595070315,12.40434911704713,9.747307024642573,8.850042175048754,15.51283701737877,14.37196221604779,20.21391901106402,18.78967349720379
2018-09-30 19:30:00.000000,-2.637820944305312,-2.637827934828621,12.91974875621453,11.69300070527406,13.51533118866804,12.36731344360228,9.704141674932941,8.810787020237116,15.48132826929397,14.34222743055169,20.20506021537404,18.78131730546601
2018-09-30 19:45:00.000003,-2.816380509297604,-2.816380365066269,12.89443994610387,11.66905479302009,13.48161982225309,12.33472178814102,9.66789349273916,8.77794530964733,15.45333158089462,14.31584883256793,20.19685854089997,18.7736010615072
2018-09-30 19:59:59.999997,-2.959178483538222,-2.95919221014482,12.87277440320016,11.64862484235396,13.45240347035228,12.30652826117526,9.637877438809234,8.750842515187829,15.42889398028544,14.29284945538395,20.18938784497209,18.76659189268645
2018-09-30 20:15:00.000000,-3.060379309999111,-3.060377070185991,12.85503258280863,11.63197714474528,13.42797585831799,12.2830101084324,9.614772161593748,8.730118983669591,15.4082473689696,14.27343651806192,20.18271688529491,18.76035131118553
2018-09-30 20:30:00.000003,-3.119388508232261,-3.119374487901352,12.84137976305201,11.6192689826637,13.40855867964774,12.26438189010286,9.5987896421415,8.715962513178264,15.39158152841975,14.25778750579762,20.1769067610912,18.75493730914584
2018-09-30 20:44:59.999997,-3.140992395946321,-3.140985817973659,12.83166191147884,11.61034778196898,13.39407188679876,12.25056059161564,9.589391034792516,8.707860167870505,15.37886939506352,14.24587512087319,20.17199115194265,18.75038079703332
2018-09-30 21:00:00.000000,-3.111335512007721,-3.111225872596974,12.82655554520402,11.60587248649173,13.38513909879917,12.24215829496593,9.588287506263672,8.707436000511768,15.37055199672412,14.23811333352542,20.16803417064883,18.74674269501668
2018-09-30 21:15:00.000003,-3.041510994840801,-3.041320996513404,12.82577404276899,11.60555674726258,13.38161620059653,12.23902468170821,9.594370687614145,8.713620474665419,15.3665751572428,14.23444864037109,20.16506978724457,18.7440520953575
2018-09-30 21:29:59.999997,-2.914893104330994,-2.914913856462142,12.83008461540671,11.61013159704499,13.38420739961573,12.2418382104067,9.609626208051484,8.72825312581529,15.36743558501242,14.23533819268175,20.16316539345008,18.74237288922479
2018-09-30 21:45:00.000000,-2.738517383087458,-2.738522321620537,12.83944612392478,11.61957122286996,13.39300853246374,12.2507035787231,9.633510704272728,8.750857110532467,15.37325267728781,14.24090503335217,20.1623736865733,18.74175567665374
2018-09-30 22:00:00.000003,-2.518141882045445,-2.518147483538959,12.85358912221191,11.63361055185006,13.40782242601451,12.26542669476694,9.665272301493735,8.78070346044463,15.3839135782744,14.25104681348677,20.16271751699122,18.74222420436627
2018-09-30 22:14:59.999997,-2.245535633585691,-2.245552280146991,12.87291306366352,11.65263585877951,13.42901916698283,12.28636740771206,9.705876684572477,8.818708720622201,15.39964683401434,14.26597734667847,20.16423451202662,18.74381342226124
2018-09-30 22:30:00.000000,-1.938427139026985,-1.938435328230691,12.89663654457064,11.67589082815477,13.4559364713405,12.31287972947243,9.753212827345411,8.862879816014818,15.4200272534019,14.28530351871683,20.16690870732567,18.74651007083545
2018-09-30 22:45:00.000003,-1.593748079064567,-1.593759338998631,12.92475093886139,11.7033736255595,13.48848705239708,12.34488439354678,9.807397408471738,8.913346074821462,15.44490710253757,14.30888990628865,20.17071905492373,18.75029569476378
2018-09-30 22:59:59.999997,-1.226734438253059,-1.226730265254395,12.95738590278157,11.7352266751701,13.52639238142164,12.38211632506418,9.868191745533975,8.969920118059136,15.47390277812231,14.33638025897616,20.17561331482443,18.75512192199309
2018-09-30 23:15:00.000000,-0.8428934541823128,-0.8428980151023692,12.99427385100968,11.77119207605027,13.56916409163625,12.42409576261357,9.935050064407333,9.032105487168069,15.50657044564511,14.36735490526008,20.18151543152019,18.76091542002312
2018-09-30 23:30:00.000003,-0.4440456423443011,-0.4440443668074416,13.03380042345256,11.80969898767481,13.61552021015865,12.46957072132258,10.00533484786953,9.097441542545289,15.54219346917163,14.40115103417048,20.1883102419929,18.76756909714053
2018-09-30 23:44:59.999997,-0.0539204508100395,-0.05391868529505529,13.07428425156565,11.84912033274457,13.6637735509708,12.51689540974649,10.07557973739938,9.162662092453086,15.57958900205327,14.43665418953599,20.19582431938157,18.77492013661355
2018-10-01 00:00:00.000000,0.3354956713180205,0.335492210020134,13.1155091731641,11.88925354266073,13.71336734839762,12.56552850112772,10.14621545576767,9.228218967137211,15.61823776155586,14.4733676389638,20.20390523746384,18.78282180057046
2018-10-01 00:15:00.000003,0.6989976057911979,0.6990012155057373,13.15604358540657,11.9287134435161,13.76299862792022,12.61420253012849,10.21389284730187,9.290945460057973,15.65795105291142,14.51116082442512,20.21340339371075,18.79212970641746
2018-10-01 00:29:59.999997,1.064956471509949,1.064720403115714,13.19702319768665,11.96905942452795,13.81329846883061,12.6640518954985,10.28195452882759,9.355179192661337,15.69866586831692,14.55085375379332,20.22392524190931,18.80253957598628
2018-10-01 00:45:00.000000,1.382732636871795,1.383032526769334,13.23562272162406,12.00714591197289,13.86167094388127,12.7121131144637,10.3436378676048,9.413257110884796,15.738174196526,14.58948017584535,20.23465026161744,18.81320520327551
2018-10-01 01:00:00.000003,1.69516689680788,1.695022914344557,13.27306157149942,12.04502454358136,13.90865525598698,12.75955928735148,10.40350712560543,9.476827783554231,15.77642997796834,14.62896041781771,20.24512627282251,18.82382957137291
2018-10-01 01:14:59.999997,1.957196627147337,1.957258019110306,13.30703752654423,12.07903809024046,13.95218130962287,12.8032591524408,10.45588289082688,9.528459907007,15.81201496451361,14.66478241144201,20.25506211477999,18.83390110719728
2018-10-01 01:30:00.000000,2.194770544363123,2.194695512870869,13.33817212860346,12.10991788874085,13.99238783593219,12.84335303450321,10.50341588173412,9.573800333658443,15.84489288658554,14.69723592405167,20.26434882008505,18.84326897431727
2018-10-01 01:45:00.000003,2.392302813949376,2.392347572185504,13.36571985750193,12.13719945367624,14.02854858681023,12.87933741464663,10.54422329904564,9.612562443068066,15.87457225127984,14.72636976314553,20.27290775394182,18.85188442186104
2018-10-01 01:59:59.999997,2.542817600764351,2.542784301385915,13.38888625008761,12.16016842442264,14.05977583361349,12.9104086134909,10.57697832711858,9.643625468850278,15.90044700044853,14.75175363010286,20.2806486448789,18.8596824370191
2018-10-01 02:15:00.000000,2.653600241041072,2.653623943011592,13.40775662351367,12.17894565347723,14.08593543438153,12.93647433331012,10.60238897605815,9.66775149059136,15.92236443883359,14.77328906350644,20.28750635908659,18.86661018273607
2018-10-01 02:30:00.000003,2.729234562456925,2.729225203902391,13.42256304985597,12.1937549069532,14.10714772923496,12.95765474276033,10.621125157874,9.685565495514886,15.94037904334251,14.79103485021206,20.29344934488839,18.87263882604408
2018-10-01 02:44:59.999997,2.762815026485731,2.762825872580779,13.43295578602066,12.20426476895354,14.12309283560417,12.97364708532578,10.63231294875791,9.696243429002841,15.95427160893488,14.8047912894738,20.29843617775445,18.87773320006893
2018-10-01 03:00:00.000000,2.751621872266956,2.751625512452668,13.43859418351544,12.21014141317106,14.13339625794609,12.984083263695,10.63540224589851,9.699256594464883,15.96378203385303,14.81431024999507,20.3024194939654,18.88184917909761
2018-10-01 03:15:00.000003,2.698726103096676,2.698722071408988,13.43952103336544,12.21142763654619,14.13801299378724,12.98891876993183,10.63069594517272,9.69490416751164,15.96884574324879,14.8195279599603,20.30536575013606,18.88495253147427
2018-10-01 03:29:59.999997,2.593395348720834,2.59341088437367,13.43510271139428,12.20751122694017,14.13635297261356,12.98758129733208,10.61671757366788,9.68177482898503,15.96905156224236,14.82005678462296,20.30721680653432,18.88699337198787
2018-10-01 03:45:00.000000,2.44552188795529,2.445512859077338,13.42566762317692,12.19870988133324,14.12859084260801,12.98023923755918,10.59457289749482,9.660932453144676,15.96446142086655,14.81595166942006,20.30794331141673,18.8879408271392
2018-10-01 04:00:00.000003,2.251346718508967,2.251359669569694,13.41107429566998,12.18488909653411,14.11460004966343,12.96677101978207,10.56387199667951,9.632008454817335,15.95498818911246,14.80713003997642,20.30751935281132,18.88776992413857
2018-10-01 04:14:59.999997,2.010327656560086,2.010318411796649,13.39124550751096,12.16597048171468,14.09428932621747,12.94708452826911,10.52448008016299,9.594864564667972,15.94054956625164,14.79351096352252,20.30592150595513,18.88645805579952
2018-10-01 04:30:00.000000,1.729243026000963,1.729249006297377,13.36654902051292,12.1423171750722,14.06796645374522,12.92148571968307,10.4773068526065,9.550384336268083,15.92133115306295,14.77527341399813,20.30315332499441,18.88400813802997
2018-10-01 04:45:00.000003,1.416841843861907,1.416833551737536,13.33759769435016,12.11452502907966,14.03621956296691,12.89055278089682,10.42370036936821,9.49984721987166,15.89774708230579,14.75281469430772,20.29925360520054,18.88045757667119
2018-10-01 04:59:59.999997,1.077874737997365,1.07787782087651,13.30490766881115,12.08309790380488,13.99962401308854,12.85485230281782,10.36457861593268,9.444126691902925,15.87022861023626,14.72654982378782,20.2942852375492,18.87586630242123
2018-10-01 05:15:00.000000,0.7234291532935099,0.7234155241428886,13.26944919430258,12.04898104756869,13.95917153542351,12.81535953673003,10.30176934982785,9.384957104066373,15.83946565811989,14.69714211728794,20.28834972587032,18.8703319432748
2018-10-01 05:30:00.000003,0.3567672258513393,0.3567686799821198,13.23186034922259,12.01279894025041,13.91564098756022,12.77284351590794,10.23614455540397,9.323162650356732,15.80604404745122,14.66515887025992,20.28156239275135,18.86396684532834
2018-10-01 05:44:59.999997,-0.0185630188951561,-0.0186386440864365,13.19249185875578,11.97488306991132,13.86955601472999,12.72781155764676,10.1683220464175,9.259305383766684,15.77043422186073,14.63104995392715,20.27403780380718,18.85688061081058
2018-10-01 06:00:00.000000,-0.3963100341813645,-0.3963447736577762,13.15191094051032,11.93579488223089,13.82159809460579,12.68094272700722,10.09933787992991,9.194388096562838,15.73317748358712,14.59534351620331,20.26589766261544,18.84919256062649
2018-10-01 06:15:00.000003,-0.7672383874758166,-0.7672730043231947,13.11093560098265,11.89632760867519,13.77268877885982,12.63314069450274,10.03072152998833,9.129857229689652,15.69497299141844,14.55871711813733,20.25728128735838,18.84103902733922
2018-10-01 06:29:59.999997,-1.131269648182334,-1.13128612864244,13.0699568090452,11.85686066596539,13.72340629154446,12.58497361645729,9.962856162502655,9.066061547102969,15.65631018253355,14.52164177591791,20.24832155668996,18.83254864391785
2018-10-01 06:45:00.000000,-1.474422717930203,-1.474429589596443,13.03044702654438,11.81883205828967,13.67511228420439,12.53778186518571,9.89859343408566,9.005719206243255,15.61809906048834,14.48499137907327,20.23918206779075,18.82387969868536
2018-10-01 07:00:00.000003,-1.788162547160574,-1.788166674024004,12.99412624557486,11.78392073838829,13.62939934059855,12.49313026208993,9.840822746143125,8.951575050798468,15.58138478477393,14.44976744875768,20.23005600606132,18.81521748122593
2018-10-01 07:14:59.999997,-2.073864074446361,-2.073865409965703,12.96038894221798,11.75157288838003,13.58635738699645,12.45115062633641,9.787942284069093,8.902310906079595,15.54652344775399,14.41641912609145,20.22109349965319,18.80671732999285
2018-10-01 07:30:00.000000,-2.322850757531917,-2.322852720907965,12.92958649117961,11.72222303375336,13.54656528734867,12.41250403450969,9.74075841234241,8.85917703321504,15.51404751125559,14.38565942273908,20.212441128944,18.79854433413785
2018-10-01 07:45:00.000003,-2.530659582995395,-2.530659240462844,12.90218831428136,11.69621824373697,13.51065280006304,12.37772020471996,9.700083835650593,8.822192359537775,15.48451091597056,14.35779476110091,20.20424479513319,18.79082755201808
2018-10-01 07:59:59.999997,-2.701980674278738,-2.701981000169886,12.87822887610575,11.67354845541003,13.47884224890517,12.34697145652352,9.665552782075906,8.7908957543523,15.45815172450592,14.33297199142516,20.19661712231462,18.78366708755501
2018-10-01 08:15:00.000000,-2.831081730652724,-2.831090837092149,12.85807027658897,11.65454837554656,13.45156320266003,12.32065679812455,9.637916706277549,8.765972793601668,15.43532774877391,14.3115009853522,20.18966348891301,18.77715762400751
2018-10-01 08:30:00.000003,-2.918886435359447,-2.918902261498753,12.84184997479503,11.63934368592897,13.42905751433123,12.29900282058072,9.617229299031159,8.747458110649712,15.41626608926244,14.29358708692751,20.18347087440257,18.77137906190775
2018-10-01 08:44:59.999997,-2.964331639224159,-2.964324949957313,12.82971740028885,11.62807654296852,13.41154225305911,12.28221745621689,9.60368957143751,8.735534796767249,15.40115926129693,14.27940923966451,20.17811092737555,18.76639864999035
2018-10-01 09:00:00.000000,-2.968041034248617,-2.968036788101764,12.82173733370433,11.62080606146046,13.39914583413548,12.2704222715063,9.597290166143392,8.73018688686272,15.39012870884252,14.26908097022734,20.17364035058771,18.76226998512571
2018-10-01 09:15:00.000003,-2.920060951253245,-2.920050882523174,12.81847334580192,11.618076476156,13.39242810532599,12.26416155955948,9.599340729593047,8.732646134084193,15.38358750686442,14.2629869071293,20.17013241850412,18.75906113986881
2018-10-01 09:29:59.999997,-2.831007586882378,-2.831007498799895,12.81962805383566,11.61959333138746,13.39123196974579,12.26327645605645,9.608745630228452,8.741859026416433,15.38147476097867,14.26107126959367,20.16762715196997,18.75681017535836
2018-10-01 09:45:00.000000,-2.691404040734593,-2.691439795625622,12.82560324829108,11.62575000404197,13.39593110068584,12.26813500678121,9.626562187996376,8.758832430222267,15.38405633819445,14.26358447003546,20.16617495984836,18.75556469113151
2018-10-01 10:00:00.000003,-2.505573197309815,-2.505570076785819,12.83635529173818,11.63650353601767,13.40655561207525,12.27876615062505,9.652452174670394,8.78324691477722,15.39138534574064,14.27057945203585,20.16581215193202,18.75535994061168
2018-10-01 10:14:59.999997,-2.277759534300183,-2.277786516979015,12.85172254847252,11.65169455469278,13.423000498997,12.29506591231611,9.68586626519022,8.814571446939992,15.40337922841486,14.28198109576945,20.1665551843409,18.75621297197583
2018-10-01 10:30:00.000000,-2.003635761767844,-2.003632167670869,12.87184517006394,11.67146300315981,13.4453713523683,12.31714024157273,9.727268174749478,8.85326057574132,15.42011898189487,14.29786648397844,20.16842222369766,18.75814079870405
2018-10-01 10:45:00.000003,-1.695490508667307,-1.69550068382218,12.89624350415902,11.69534348471424,13.47326664182293,12.34459684957065,9.775207138964491,8.897938089481734,15.44129586817443,14.31794962594476,20.17139720704204,18.76112948164745
2018-10-01 10:59:59.999997,-1.350554721269096,-1.350551361044825,12.92490540775682,11.72333010436583,13.50657109303918,12.37732753156983,9.829903514773154,8.948837992139218,15.46679835399319,14.34212938035911,20.17546017375984,18.76516146342368
2018-10-01 11:15:00.000000,-0.9756808384511525,-0.9756825452409528,12.95975122995183,11.75731610220193,13.54625595520991,12.41629041781848,9.89444316732451,9.0089447983943,15.49683713728776,14.37060915530169,20.18061171215823,18.77023570941747
2018-10-01 11:30:00.000003,-0.5726927944584174,-0.5726965708882933,12.99834392041121,11.79490369448889,13.59078606451649,12.45997237378045,9.964455044053594,9.074058434946666,15.53078474978235,14.40279204890243,20.18679055658632,18.7762949043253
2018-10-01 11:44:59.999997,-0.1603928464366805,-0.160393594031396,13.03940259028427,11.83485944096729,13.6388549649027,12.50710220930261,10.03735928678219,9.141780133282683,15.56773066322294,14.43782808199056,20.19388137708338,18.78323193978811
2018-10-01 12:00:00.000000,0.2523736282261024,0.2523723468191764,13.0819453255541,11.87623922990952,13.68933257788472,12.5565806570937,10.11144487524649,9.210535598958069,15.60680546901357,14.474902557935,20.20173827281518,18.79090917177508
2018-10-01 12:15:00.000003,0.6612140834130624,0.6612119499241427,13.12526859302682,11.91840711153064,13.74130709794941,12.6075650639377,10.18569455088199,9.279502568376524,15.64727558630042,14.51340585985029,20.21020380785275,18.79918632441056
2018-10-01 12:29:59.999997,1.064364319133762,1.064905160464442,13.16907833619996,11.96161511442645,13.79424197795087,12.66013020713764,10.25971914218646,9.349657549429203,15.68863258906064,14.55385680420414,20.21913548852274,18.80802632464675
2018-10-01 12:45:00.000000,1.446882140827574,1.44700284557722,13.21228070227507,12.00414971604518,13.84696704315636,12.71244039069931,10.33124831234262,9.417473062166488,15.72999430625366,14.59426520108977,20.22836114003868,18.81719991670756
2018-10-01 13:00:00.000003,1.810606802037789,1.810646112276955,13.25432239386678,12.04650323230496,13.89871840460153,12.76456466472274,10.39994846325797,9.489595452372146,15.77077276711469,14.63615941147673,20.23772298918143,18.82670377351748
2018-10-01 13:14:59.999997,2.150002176159227,2.150051028561016,13.2945958013886,12.0864660552143,13.94874406433636,12.81450388332282,10.46483097067821,9.552032886789716,15.81037934567452,14.67548271120098,20.24706786518976,18.83613385686026
2018-10-01 13:30:00.000000,2.45315891269945,2.453175313308325,13.33217724279697,12.12354658681642,13.99603058585202,12.86148820144496,10.52403510990768,9.6082844276872,15.84801899996237,14.71237991158063,20.25622866843812,18.84532724842388
2018-10-01 13:45:00.000003,2.729813948447861,2.729823011771935,13.36713779545157,12.15800051508853,14.04037225497244,12.90547899715991,10.57846625879048,9.659915371672023,15.8834632148079,14.74700850692566,20.26508107194182,18.85419035102224
2018-10-01 13:59:59.999997,2.952906784172905,2.952908295839032,13.39791208309267,12.18834942270899,14.08028073594101,12.9450688438499,10.62443427189801,9.703468196419763,15.91563790345413,14.77843709863465,20.27344917467254,18.86257031124856
2018-10-01 14:15:00.000000,3.145113960578743,3.145112741376046,13.42509656798414,12.21519282254914,14.1159466407944,12.98046464547176,10.66436888029503,9.741324316536883,15.94455758524828,14.80670246253239,20.28122529367276,18.87036725548881
2018-10-01 14:30:00.000003,3.283519461469561,3.283518577654912,13.44746352856312,12.23733562283111,14.14622286056069,13.01054487791798,10.69534571754159,9.770674196771084,15.96944023123315,14.83106238890473,20.28827051904793,18.87745080708996
2018-10-01 14:44:59.999997,3.39884010156962,3.398836459222635,13.46635344766507,12.25609523560284,14.1720398805123,13.0362343151779,10.72118287326666,9.795208402341734,15.99078813076115,14.85200190379363,20.29454068114136,18.8837791837224
2018-10-01 15:00:00.000000,3.45587026905011,3.455871189166738,13.48011721263526,12.26985639980026,14.19203346783921,13.05618645438024,10.73752695800184,9.810727572276349,16.00772855609121,14.86868197878892,20.29993022788993,18.88924959992055
2018-10-01 15:15:00.000003,3.478081693321428,3.478079432436207,13.4894193679113,12.27927521976752,14.20658806015232,13.0707869865219,10.74675655599734,9.819544507010013,16.02042816604293,14.88126539150578,20.30438691719794,18.8938135801143
2018-10-01 15:29:59.999997,3.440362303720049,3.440359677129309,13.49298407542643,12.28310438155687,14.21459492319313,13.07894433429098,10.74568389034847,9.818590491128274,16.02815747793794,14.88905215644422,20.30781249291407,18.89737698279015
2018-10-01 15:45:00.000000,3.362665737481401,3.36266456678348,13.49154055137389,12.28206075875366,14.21649148628603,13.08109188243621,10.73660940902604,9.810096868809842,16.03110915011265,14.89222563247572,20.31016393706502,18.89989751940296
2018-10-01 16:00:00.000003,3.234608278698118,3.234605299576772,13.48473115108952,12.2757934855532,14.21196549369881,13.07692135077421,10.71848171722936,9.793042533233521,16.0290704150381,14.89058002950342,20.3113939337043,18.90132895958428
2018-10-01 16:14:59.999997,3.054853563473273,3.054852983303591,13.47231823581637,12.26407186392033,14.20074028973649,13.06616116993092,10.69093518655488,9.767084041924074,16.02182669529988,14.88390887202287,20.31145248007958,18.901623231285
2018-10-01 16:30:00.000000,2.828183408803094,2.828180753382381,13.45445043424051,12.2470413938489,14.1828874255183,13.04888167008713,10.65449692234972,9.732730907011886,16.00939450905862,14.8722263947387,20.3103097201271,18.90075079521724
2018-10-01 16:45:00.000003,2.56268733078732,2.56268756828102,13.43167162010351,12.22523460469491,14.15889482633679,13.02556473440486,10.61036259365079,9.691128485174138,15.99207140856425,14.85581795275448,20.30797260664863,18.89871769863467
2018-10-01 16:59:59.999997,2.257340391659529,2.257334982321368,13.40412155162491,12.198786835298,14.12897543044435,12.99642040272878,10.55859804368421,9.642327266316594,15.97001863647398,14.83483939578379,20.30446024284489,18.8955426143833
2018-10-01 17:15:00.000000,1.925254910786694,1.925255122945822,13.37263972763088,12.16851841590719,14.09393362131529,12.96224125301813,10.50107924650885,9.588125103211725,15.94378825354616,14.80982130952709,20.29983343404124,18.89128333377414
2018-10-01 17:30:00.000003,1.571468854471294,1.571463575430281,13.33784249567558,12.13502624028339,14.05448510290969,12.92372776209218,10.43884359301235,9.529495650335177,15.91392642642262,14.78128689854425,20.29417960600791,18.8860226220595
2018-10-01 17:44:59.999997,1.197841880221271,1.197841888342122,13.30008918758492,12.09866005568538,14.01111918037404,12.88136189874776,10.37239606820639,9.466910884588621,15.88084502058958,14.74963483771745,20.28758972133675,18.87984913604859
2018-10-01 18:00:00.000000,0.8075965807238024,0.8075992296913018,13.25982022767207,12.05984998370941,13.96437095596416,12.83567215203511,10.30238911674484,9.400984713585306,15.84495078141899,14.71526014772859,20.2801566069666,18.87285409649122
2018-10-01 18:15:00.000003,0.4135686616676694,0.4135971649731205,13.21814708586732,12.01968257574176,13.91535684268446,12.78775880026765,10.23090448101894,9.333702882195617,15.80700327624746,14.67889457667461,20.27200690195151,18.86515947988491
2018-10-01 18:29:59.999997,0.01067615652672997,0.01068096073993834,13.17502854457249,11.97810924537894,13.86429520772717,12.73783101398255,10.15750411093131,9.264619270832545,15.76728986659088,14.64081467980365,20.26324446100449,18.85686609520968
2018-10-01 18:45:00.000000,-0.3857407763501905,-0.3857394960145781,13.13139938924322,11.93604368166054,13.81214480133113,12.68683487222251,10.0843071562769,9.19576535732727,15.72652556231435,14.60171104621167,20.25399976329334,18.84810070860206
2018-10-01 19:00:00.000003,-0.7712166972361383,-0.7712202475848842,13.08793286504017,11.89413983057264,13.75973829631741,12.63558821845367,10.01235150887379,9.128115244576785,15.68537171639236,14.56222116424484,20.24441441953698,18.83900018482829
2018-10-01 19:14:59.999997,-1.138590045743821,-1.138592543105805,13.04538298723218,11.85313182866859,13.70796885614081,12.58496966489812,9.942930724907857,9.062892908196433,15.64452270172912,14.52301538912084,20.23464004991206,18.82971165357981
2018-10-01 19:30:00.000000,-1.482381797053482,-1.482387188989567,13.00489793394656,11.81413960595656,13.65795735107598,12.53608089123543,9.877928402792076,9.001883332125733,15.60474420708381,14.48483039071063,20.22483913887074,18.82039246193215
2018-10-01 19:45:00.000003,-1.794144689947695,-1.794147710124931,12.96801867706156,11.77866972656331,13.61112245251679,12.49031770919102,9.819968400423711,8.947587040499078,15.56695810541422,14.44855593738949,20.21519174412805,18.81121728580586
2018-10-01 19:59:59.999997,-2.077405557574846,-2.077407722785887,12.93397390567766,11.74601812382068,13.56737002287568,12.44764230306385,9.767133790033052,8.89844805592516,15.53138835989391,14.41453438840482,20.20582971911248,18.80232661394824
2018-10-01 20:15:00.000000,-2.328898125740238,-2.328903254267701,12.9027744957699,11.71626735647408,13.52692067893933,12.40834583815148,9.719496110667237,8.854881385109415,15.49830814923471,14.38318583680553,20.196865131094,18.79384791665054
2018-10-01 20:30:00.000003,-2.540188525332249,-2.540189975727541,12.87494264129177,11.68982718306509,13.49037548660579,12.37293737467698,9.678188423018602,8.817307462650554,15.4682067367072,14.35477810997454,20.18841494793823,18.78588410233449
2018-10-01 20:44:59.999997,-2.721950068255348,-2.72195018976446,12.85020603898624,11.66638947557674,13.45764656147127,12.34128484319127,9.642126221345501,8.78457630477355,15.44110179376655,14.32924658194488,20.18055560962071,18.77849935985164
2018-10-01 21:00:00.000000,-2.870157620595431,-2.87017864500469,12.82870558093408,11.64607623541912,13.42889264180627,12.31352412936485,9.611703502612832,8.757043759385198,15.41713605453919,14.30669918386608,20.17334885083326,18.77174735489099
2018-10-01 21:15:00.000003,-2.979736768134328,-2.979721428803937,12.81077507456701,11.62920668689363,13.40446416742855,12.28998992801631,9.587644443178323,8.735390051516298,15.39658528084153,14.28738466215279,20.16685875211609,18.76568547426488
2018-10-01 21:29:59.999997,-3.060080928708358,-3.060121910478384,12.79608423660602,11.61545137861521,13.38413829964502,12.27045463300966,9.56889586346278,8.718598618038499,15.37933260434904,14.27118890137946,20.16111536648111,18.76034045475255
2018-10-01 21:45:00.000000,-3.099081747641568,-3.099105724260459,12.78514986979557,11.60531661924988,13.3683697582496,12.25536576380648,9.556861575902326,8.708014544639664,15.36569402981607,14.25840748400077,20.15616499309833,18.755755976012
2018-10-01 22:00:00.000003,-3.098779656822054,-3.098720619473088,12.77808104723465,11.59890576104235,13.35734189340274,12.24489982967115,9.551524020442635,8.703607077400273,15.35583062362323,14.24919036636224,20.15205246732648,18.75197355617454
2018-10-01 22:14:59.999997,-3.048389325329719,-3.0484420944543,12.77549672876426,11.5968026860243,13.35167420419006,12.23965049980658,9.554304558568871,8.706677028306604,15.35019714049329,14.24395745194414,20.14884786924408,18.74905826732523
2018-10-01 22:30:00.000000,-2.943503670920306,-2.943670491879985,12.77789028059698,11.59948626788377,13.35194773974153,12.24018284966263,9.566048561903486,8.718020828831493,15.34924769432152,14.24313198372234,20.14663443511019,18.74708583009566
2018-10-01 22:45:00.000003,-2.777484877036805,-2.77747504234683,12.78583814370938,11.6075269503146,13.35883180041607,12.24716196346428,9.587821811208622,8.73866581534714,15.35350524433974,14.24721468693813,20.14551345363698,18.7461537513096
2018-10-01 22:59:59.999997,-2.555061964058915,-2.555046875196789,12.79937373225632,11.62094037632419,13.37251599753561,12.26076452036037,9.619283068661993,8.768221950299559,15.36316774276704,14.25639281996053,20.14556471481824,18.74634119864367
2018-10-01 23:15:00.000000,-2.28543394959413,-2.285420938545544,12.81815386152217,11.63939254869551,13.39279534289831,12.28078484977989,9.659287179026483,8.805621949570316,15.37810672159289,14.27054798225021,20.1468316827296,18.74768739058618
2018-10-01 23:30:00.000003,-1.971712404365688,-1.971673374931482,12.84189442956496,11.66261580893733,13.41938885993837,12.30695559199802,9.707285766365635,8.850368184029147,15.39813520931713,14.28951332800929,20.14932237296787,18.75020382580983
2018-10-01 23:44:59.999997,-1.633799897441828,-1.633782592910013,12.86957370020516,11.68962486393298,13.45133442427995,12.33834114146368,9.76066153556386,8.900007372572716,15.42252475171488,14.31261615536688,20.1529775876796,18.75383756037691
2018-10-02 00:00:00.000000,-1.276840588635455,-1.276817983416753,12.90097742447611,11.72022895849891,13.48806456466289,12.37439586083401,9.819137747165898,8.954346945404605,15.45072129683532,14.33934543642074,20.15770943420419,18.75850723061055
2018-10-02 00:15:00.000003,-0.9055389769204574,-0.9055502671214278,13.0702643615613,11.75622440583242,13.60506857822481,12.41691395434319,11.2301611607246,9.015877806859477,15.57528402748449,14.37287566861343,20.17500215266262,18.76572762839642
2018-10-02 00:29:59.999997,-0.523489499805712,-0.5235018147478315,13.13763749079143,11.79509067176252,13.67730029668335,12.46388079904985,11.36209841273194,9.080284898467216,15.64505728291232,14.41094632791542,20.19172499160308,18.77505268622615
2018-10-02 00:45:00.000000,-0.1458112382570307,-0.145814586983744,13.18703230984572,11.83511416047784,13.73645640916831,12.51299180032902,11.44068463523959,9.14497317852411,15.69717312120851,14.45064870447684,20.20728229524396,18.78535183563642
2018-10-02 01:00:00.000003,0.2198817037684054,0.2198651400282027,13.23282746943456,11.87502701518301,13.79215052238855,12.56249244913031,11.51293517010676,9.208274033348129,15.74425271205492,14.49025652739422,20.22206536996703,18.7958286733745
2018-10-02 01:14:59.999997,0.572454734167055,0.5724558926191452,13.27701019280487,11.91421521969996,13.84609209391544,12.61142564252481,11.5822052683628,9.26967128400473,15.78899783712719,14.52904101746359,20.23622787410999,18.80610902794544
2018-10-02 01:30:00.000000,0.9135879360115121,0.9135758312222592,13.31990016161881,11.95275539248611,13.8985556029074,12.65968786204798,11.64894480016654,9.329893499871948,15.83207216120454,14.56729649172753,20.24985242616664,18.81611625562223
2018-10-02 01:45:00.000003,1.218665283729086,1.218668837373811,13.3604653174692,11.98946703661721,13.94855545430556,12.70612775533383,11.71039809421457,9.385809972668127,15.87295426027115,14.6042886252069,20.26293802423599,18.82579203035993
2018-10-02 01:59:59.999997,1.513537009586327,1.51353901961174,13.39939448064922,12.02490580799684,13.99649868531388,12.75088652321829,11.76935775386605,9.44160443842334,15.91202589009997,14.64022001446657,20.27552434467979,18.83513179147125
2018-10-02 02:15:00.000000,1.772174737570889,1.772160535114623,13.43544438137898,12.05815806979516,14.04130353342255,12.79313656264297,11.82264934924468,9.495869279173721,15.94865476848789,14.67511578498138,20.28757864841826,18.84413493510011
2018-10-02 02:30:00.000003,2.009817700464547,2.00981262359348,13.46901809915345,12.08843594004005,14.08313237176087,12.83207341134136,11.87178537220204,9.541192642751332,15.98289465450114,14.70647677322413,20.29908661026715,18.85257141133217
2018-10-02 02:44:59.999997,2.211570327699768,2.211567399858029,13.49936294408499,12.11536899726226,14.12129744159076,12.86722673163866,11.91494852809931,9.580191260770441,16.01430981633556,14.73469110916587,20.30999953206614,18.86039318424592
2018-10-02 03:00:00.000000,2.372319166646887,2.372324688402597,13.52589675631124,12.138545207229,14.15514488659394,12.89808876173648,11.95110331542884,9.612453517593277,16.04240803728731,14.75961017218983,20.32024357842601,18.86755019412204
2018-10-02 03:15:00.000003,2.498362321530591,2.498358603718099,13.54869015386014,12.15806679875288,14.18457157079626,12.92459391094776,11.98089168041946,9.638644205723725,16.06708093927266,14.78119728611649,20.32976050628304,18.87399708373531
2018-10-02 03:29:59.999997,2.587201971426616,2.587205040254112,13.56756814094373,12.17377024767219,14.20935168224542,12.94652840246861,12.00400741050759,9.65847725912625,16.08815651713814,14.7993015388695,20.33849741777869,18.87968611354149
2018-10-02 03:45:00.000000,2.634208520628753,2.634203358042251,13.58215900902081,12.18529124619588,14.22908715133153,12.96349920429886,12.01972717630609,9.671254016343806,16.10534228779547,14.81364317261618,20.34639410708957,18.88455989430482
2018-10-02 04:00:00.000003,2.645047985098105,2.64504877952365,13.59262403901825,12.1927910401887,14.24382433064102,12.97555397679215,12.0286741266923,9.677589686953361,16.1186266004809,14.82421257292932,20.35341193091925,18.88858129901617
2018-10-02 04:14:59.999997,2.601918373338675,2.601914078966959,13.59794784490266,12.19527207597215,14.2526433894051,12.98178292207257,12.02845450082439,9.675160566594286,16.12739036228258,14.83041054694752,20.35947041024935,18.8916730992186
2018-10-02 04:30:00.000000,2.510797030587685,2.510794374951665,13.5980883156351,12.19269634957391,14.25533224117439,12.98197829527303,12.0194757378981,9.664376859731536,16.13141778078506,14.83202721345535,20.36450006772507,18.89376753814012
2018-10-02 04:45:00.000003,2.379286028415279,2.379283938058204,13.59342120469682,12.18543232947636,14.25214066349752,12.97638531352437,12.00276734967767,9.646241619773113,16.13083179655321,14.82917873534033,20.36847003612504,18.89483219325851
2018-10-02 04:59:59.999997,2.201254525224296,2.20125308975148,13.58368485921005,12.17322218953541,14.24284893668513,12.96478610349592,11.97762506315953,9.620064832823017,16.12548716879759,14.82172395281184,20.37134501701847,18.89483292915084
2018-10-02 05:15:00.000000,1.977162511240784,1.977159982441826,13.56882399516509,12.15601445156097,14.22737369090124,12.94710063309437,11.94399879160539,9.585809014684502,16.11529693271084,14.80958134019946,20.3730957029298,18.89374155958815
2018-10-02 05:30:00.000003,1.718219567652448,1.718217791877814,13.54945229569976,12.13441642453454,14.2062369704961,12.92384881073499,11.90337853507986,9.54494469150592,16.10058283293653,14.79306977078866,20.3737333199753,18.89156890635172
2018-10-02 05:44:59.999997,1.429567453193275,1.429564049893053,13.52607162693994,12.10891362510312,14.17996806792597,12.89554792551549,11.85673747841157,9.498375217498701,16.08173805794134,14.77256070707029,20.37329951151952,18.88835368409807
2018-10-02 06:00:00.000000,1.114436799623193,1.114434768490209,13.49906950077956,12.07989111818292,14.14902981482935,12.86265897843222,11.8046711805306,9.446719060219952,16.05910411101155,14.74840028722591,20.37185057151483,18.88415144028896
2018-10-02 06:15:00.000003,0.7884667091320298,0.788457329178882,13.46960288653235,12.04847863190438,14.11456340169226,12.82630695600229,11.74959026490274,9.392253712063773,16.03347964419361,14.72135086921833,20.36949313995383,18.87906560664557
2018-10-02 06:29:59.999997,0.4409185231073898,0.440906706544639,13.43761922086758,12.01461754395721,14.07675628067194,12.78667015893811,11.6905692144868,9.334050166888652,16.00506018260284,14.69159568347125,20.36631064667777,18.87317571211977
2018-10-02 06:45:00.000000,0.08795497957219996,0.08802912354793131,13.40391138614011,11.97911818542871,14.03643849824156,12.74458274510506,11.62949583964518,9.274101280211147,15.97447727551566,14.65975241597974,20.36241311544614,18.86658895137507
2018-10-02 07:00:00.000003,-0.2662665586121562,-0.2662462372610339,13.36905342628731,11.94253578993534,13.99432678262369,12.70074755263414,11.56728672373956,9.213260952289478,15.94230813190732,14.62637764859797,20.35791985600358,18.8594222958517
2018-10-02 07:14:59.999997,-0.6188214771415267,-0.6188151342414818,13.33353863093027,11.90532239422743,13.95104805928674,12.65577018382854,11.50477293820101,9.152162214342226,15.9090610011497,14.59195641374239,20.35295384072073,18.85179357874444
2018-10-02 07:30:00.000000,-0.954507637537886,-0.9545092643973643,13.29849669751835,11.86857582965984,13.90778755046851,12.61081445707815,11.44426930311579,9.093006321582232,15.8756090699465,14.55732817681408,20.34767056730775,18.84385272752028
2018-10-02 07:45:00.000003,-1.273109049964238,-1.273116291160284,13.26446407857783,11.83281609158601,13.86528540803488,12.56660713227723,11.38634903407463,9.036317979916994,15.84255816948214,14.52307790980436,20.34222114146745,18.83574660781956
2018-10-02 07:59:59.999997,-1.565945147693204,-1.56594903122077,13.23297000220246,11.79953998793969,13.82490431127329,12.52449062495442,11.33369846833353,8.984661619694558,15.81077817196402,14.49004306602949,20.3367763083272,18.82764097155629
2018-10-02 08:15:00.000000,-1.830385969665775,-1.830397945913486,13.20449668358737,11.7692120159338,13.78736492526365,12.48516945040284,11.28685461039791,8.938527452262006,15.780875099736,14.45880641638207,20.33149421537306,18.8196879190374
2018-10-02 08:30:00.000003,-2.064768764382761,-2.064772463418453,13.17872375310295,11.74157898075134,13.75281599948465,12.44885199711726,11.24502794041638,8.897483905402611,15.75315915851118,14.42980657749941,20.32650318973907,18.81202585573847
2018-10-02 08:44:59.999997,-2.261886915618504,-2.261895269137284,13.15605242039429,11.71706439533959,13.72180418587566,12.41611378718166,11.20908556589825,8.862478199805306,15.72810711672267,14.40357593815542,20.32192943863194,18.80478957810889
2018-10-02 09:00:00.000000,-2.427246298911085,-2.427248939718962,13.13642210166643,11.69552794356287,13.69444151800925,12.38699506511821,11.17853167121618,8.832530652059678,15.70588899127871,14.38011684732561,20.31787112551191,18.79806386658584
2018-10-02 09:15:00.000003,-2.553490385801473,-2.553491503736016,13.12025160027085,11.677346914863,13.6711888167141,12.36191594590783,11.15429708401994,8.808448240079311,15.68686671609084,14.35971322880359,20.31442060777628,18.79193188389831
2018-10-02 09:29:59.999997,-2.649513456608888,-2.649514965308811,13.1072944100802,11.66226824766753,13.65193976070625,12.34075423684392,11.13544270625414,8.789321268455762,15.67101931121445,14.3423267946938,20.31163739257659,18.78644540782015
2018-10-02 09:45:00.000000,-2.706100470149672,-2.706097818731516,13.09795729796728,11.65068265004342,13.63708069307348,12.32388089197539,11.12303327532569,8.776156568479273,15.65863371152826,14.328219093892,20.30958458860949,18.78166193122248
2018-10-02 10:00:00.000003,-2.722305728170332,-2.72231180933204,13.09246155387218,11.64279968756103,13.62689220768815,12.31156455162404,11.11738068074419,8.769234412299857,15.64994428251668,14.31760642913064,20.30832276373703,18.77763750709025
2018-10-02 10:14:59.999997,-2.699765523309728,-2.699759229444977,13.09083877906113,11.63864854565079,13.62147771683451,12.30390396522335,11.11837090280305,8.768443632677988,15.64505606144444,14.31058760713088,20.30789959247599,18.77441686009967
2018-10-02 10:30:00.000000,-2.624410304257315,-2.624439274610994,13.09384954492429,11.63896291197986,13.62157454692754,12.30161711688024,11.12781785133265,8.775485556967793,15.64450176480194,14.30766014797878,20.30839370714765,18.7720742934053
2018-10-02 10:45:00.000003,-2.503657582536245,-2.503601746271321,13.10143438524564,11.6436846817586,13.62727543171442,12.30479244751318,11.14511812807676,8.789787514352117,15.64840529502611,14.30894198347348,20.30986513077632,18.77066419114268
2018-10-02 10:59:59.999997,-2.333376332023444,-2.333389312983815,13.1138651078207,11.65307203932226,13.63889978753712,12.31374019463474,11.17078342047187,8.811807866922733,15.65699677924354,14.31465055945611,20.31237329717127,18.77024543682809
2018-10-02 11:15:00.000000,-2.107527309747679,-2.107561171164724,13.13156516958879,11.6675362612336,13.65690592870231,12.32890783428753,11.20570136243565,8.842392072694942,15.67063397831175,14.32512344414311,20.31598895674149,18.77088468483413
2018-10-02 11:30:00.000003,-1.843315048523266,-1.843324856202768,13.15385792898938,11.68642353209305,13.68078191110352,12.34979785045662,11.24787065466428,8.879647837513012,15.68900446618064,14.34007605741431,20.32072750503767,18.77259905472305
2018-10-02 11:44:59.999997,-1.527285934155357,-1.527300921062921,13.18133856432301,11.71031323307433,13.71104559641335,12.3769184281826,11.29877324381826,8.92498172497752,15.71238844823858,14.35977148188446,20.32662648758516,18.77542424284787
2018-10-02 12:00:00.000000,-1.181212895962887,-1.181220114036787,13.21441628589895,11.73962226679511,13.74767474580682,12.41025518367327,11.35825468339017,8.978281546408736,15.74056613482659,14.3840094349738,20.33368471247424,18.77936061235796
2018-10-02 12:15:00.000003,-0.7973673461309894,-0.7973762352562059,13.25266764755012,11.77392833908876,13.7903544403843,12.44949434559848,11.42594094655788,9.039185842978213,15.77339551514761,14.41265302014084,20.34188498904138,18.7843915863019
2018-10-02 12:29:59.999997,-0.3932867155349299,-0.3932936123150232,13.29451924921188,11.8117027988623,13.8377683432407,12.49334942790173,11.49856584463304,9.104614735605743,15.81007787615557,14.44495596045639,20.35114379847142,18.79043985977275
2018-10-02 12:45:00.000000,0.01620253930720498,0.01620264067287222,13.33859214345225,11.85161395843477,13.88852272188366,12.54046202245579,11.57345987043651,9.172080641789234,15.84962654308924,14.47999543780476,20.36132487016413,18.79737773612075
2018-10-02 13:00:00.000003,0.433423807237538,0.4334207911350536,13.38447451539361,11.8935216676573,13.94193807538328,12.5904577775695,11.65044366424972,9.24209703377889,15.89146730988254,14.51772645302222,20.37229383958712,18.80512639003454
2018-10-02 13:14:59.999997,0.8334247814767954,0.8334267844090307,13.43048794186704,11.93573583208291,13.99631742604418,12.64163475542955,11.72588288574502,9.310937992776182,15.93436800734697,14.55686538072526,20.38385497554751,18.81351182835168
2018-10-02 13:30:00.000000,1.243756175525769,1.243740959830352,13.4777766207615,11.97988964689732,14.05228246675537,12.69492502601727,11.8028516296719,9.386352952490036,15.97849639683176,14.59859107076425,20.39590235958762,18.8225189869368
2018-10-02 13:45:00.000003,1.617766555141196,1.617741564014415,13.52363692979276,12.0225435794425,14.10741266551735,12.74734729323378,11.87529752468115,9.455842534457746,16.02228525565108,14.63975793303158,20.40822518194607,18.83182833252313
2018-10-02 13:59:59.999997,1.988214663075434,1.988197579959236,13.56896443836234,12.06433846878631,14.16204650637722,12.79899335029946,11.94669167066769,9.522143158055805,16.06577837427118,14.67991644519497,20.4206986135578,18.84123671155409
2018-10-02 14:15:00.000000,2.315365477875426,2.315335368110888,13.61167962141012,12.10347083076282,14.21428621425776,12.84816082139134,12.01190573512375,9.582277056004521,16.10764814572764,14.71829930898675,20.43312342402691,18.85057080102906
2018-10-02 14:30:00.000003,2.624600868845243,2.624606955598893,13.65242494137734,12.14066120137499,14.26431387558611,12.89511399829485,12.07356240936314,9.639055830431184,16.14785506460009,14.75503167488442,20.4453743122589,18.85972298547712
2018-10-02 14:44:59.999997,2.892299456391427,2.892280878169958,13.68998251519248,12.17472584749508,14.31097345489172,12.93873108944688,12.12873603264575,9.689614804615124,16.18558664227081,14.7893583452058,20.45729750034482,18.86855233476347
2018-10-02 15:00:00.000000,3.132191701965807,3.132195536052857,13.7245958454836,12.20591866209947,14.35421504234801,12.97897764329247,12.17875190663296,9.735292383782395,16.2207047551771,14.82116375644467,20.46878364844855,18.87695640636786
2018-10-02 15:15:00.000003,3.323702336170923,3.323694113208185,13.7550442772641,12.23303559690673,14.39286508787525,13.01469130802954,12.22089108781422,9.773415992011431,16.25241819945049,14.84967190028889,20.47969224451592,18.8847985717894
2018-10-02 15:29:59.999997,3.492640190359571,3.492634243879423,13.78250871536249,12.25724195220327,14.42767879111832,13.04662221021773,12.25850139751289,9.807252945214428,16.28109286135589,14.87523199839907,20.48996815713268,18.8920242527367
2018-10-02 15:45:00.000000,3.608510452726326,3.60850686728816,13.80532179604916,12.27689794188744,14.45728961454272,13.07342048665892,12.28745078008227,9.832779960922641,16.3058734741063,14.89701846331453,20.49949710007514,18.89852399681354
2018-10-02 16:00:00.000003,3.701607820406311,3.701602780566451,13.82469437292603,12.29319594268059,14.48253291256752,13.09591315730035,12.31131243515537,9.853484782052334,16.32720776595279,14.91546111826408,20.50825055079431,18.90426776049543
2018-10-02 16:14:59.999997,3.738286581075695,3.738284092745427,13.83899598689745,12.30453449460462,14.50206202749915,13.11277101307452,12.32587566303261,9.865270264325698,16.34424465224504,14.92973961970225,20.51613085426596,18.9091626859784
2018-10-02 16:30:00.000000,3.730416136067189,3.730411632794559,13.84834437733527,12.3110332457378,14.5157516854284,13.12387223860714,12.33212958373819,9.86911995120876,16.3568022924924,14.93967684127014,20.52306308212451,18.91313497529323
2018-10-02 16:45:00.000003,3.681651253478815,3.681646341512561,13.8529398249794,12.3128919145512,14.52370084389423,13.12931908754168,12.33064182979522,9.865585888526068,16.36490367389798,14.94529665224064,20.52900105328843,18.91614153100288
2018-10-02 16:59:59.999997,3.577891516389772,3.577886540453879,13.8519688180756,12.30930969613345,14.5251750662359,13.12838293534832,12.31950691327717,9.852817818743365,16.36805646460759,14.94612000171555,20.53387018492733,18.918108609642
2018-10-02 17:15:00.000000,3.423707147983869,3.42370040053783,13.84539574440233,12.30025516036455,14.51999854419578,13.12089285130175,12.29904210062384,9.831136445520999,16.36608088348311,14.94197342276434,20.53760888086862,18.91897637476434
2018-10-02 17:30:00.000003,3.21682483573279,3.216821066667173,13.83312598646996,12.28563651840558,14.50799032276879,13.10667014804113,12.26908985437357,9.80039191937979,16.35880524213914,14.93268927487948,20.54016125360132,18.91869026036281
2018-10-02 17:44:59.999997,2.967824340249419,2.967817252152223,13.81571068665734,12.2659964354204,14.48956575497743,13.08612723370922,12.2310750505583,9.761968922106892,16.34646409256784,14.9184947185384,20.54151276434954,18.91723558829925
2018-10-02 18:00:00.000000,2.678324293307461,2.678320798614723,13.79336478851727,12.24154419582195,14.46499192153459,13.05952694650634,12.18531650516249,9.716165832807109,16.32925095724082,14.89957564863884,20.54167084670392,18.91461905490849
2018-10-02 18:15:00.000003,2.35589116629493,2.355886229512465,13.76667242532179,12.21285105360064,14.43486714638975,13.02745788772178,12.13295412608373,9.664077725564066,16.30755873401664,14.87630937878406,20.54067471938068,18.91087751046289
2018-10-02 18:29:59.999997,2.009397547289708,2.009395522274858,13.73635864875306,12.18063106226667,14.39996191827225,12.99068327032093,12.07539601582448,9.607088385237127,16.28193846805384,14.84924035199514,20.53859928098651,18.90608385917066
2018-10-02 18:45:00.000000,1.642652874609827,1.642648617161037,13.70295083141473,12.1454089665323,14.36092701491455,12.9498540444693,12.01342208994384,9.54598146898051,16.25288206409448,14.81886249047441,20.53553514111228,18.90032815240707
2018-10-02 19:00:00.000003,1.260710395086864,1.260707544168394,13.66696284670676,12.10768499370036,14.31838624472946,12.90558434565979,11.94794101678429,9.481615475102469,16.22089218187425,14.78566269884338,20.53158523175206,18.89371089491422
2018-10-02 19:14:59.999997,0.8691936772235032,0.8691806319890376,13.62900818027799,12.06805505810877,14.27305170326445,12.85857305469548,11.88000228203866,9.414971957793934,16.18651809423118,14.75016575520818,20.52686315596302,18.88634220561488
2018-10-02 19:30:00.000000,0.4757168589293238,0.4757188320977365,13.5899685271663,12.02741116617065,14.22589358071517,12.80978941767931,11.8109134415108,9.347428779701998,16.15044377689297,14.7130315396082,20.52150044122273,18.87835050234074
2018-10-02 19:45:00.000003,0.09603056438940334,0.09587886577081221,13.55094587649628,11.98682214075467,14.17812782757999,12.76042243136435,11.74301650436976,9.281224021401789,16.11361546237352,14.67516404087497,20.51566464967243,18.86989502300739
2018-10-02 19:59:59.999997,-0.2777174308629883,-0.27775376684246,13.51197759541901,11.94630560980506,14.13008264991029,12.71079523690657,11.67586114660363,9.215772999040734,16.07640193593735,14.63692441160666,20.50949268247332,18.86111058684096
2018-10-02 20:15:00.000000,-0.6301494865261758,-0.6301832465304048,13.47406966037207,11.9068254635407,14.08281435326482,12.66193545681158,11.61160697980621,9.15309451079247,16.03958947631574,14.59906407573438,20.50314287659526,18.85215020035803
2018-10-02 20:30:00.000003,-0.9651779712458999,-0.9651929316470803,13.43744654709966,11.86860029283301,14.036780013157,12.61429287487129,11.55015812525256,9.093085800068085,16.00359880587281,14.56199131352097,20.49675235647316,18.84314747667954
2018-10-02 20:44:59.999997,-1.278633592336854,-1.278639204312184,13.4025592332659,11.83206909703973,13.99253451486574,12.56841305963762,11.49225059446549,9.036443722668645,15.96886835931599,14.52613060897184,20.4904469977759,18.83422511977718
2018-10-02 21:00:00.000000,-1.56279337891708,-1.562802865457906,13.370807980195,11.79860370856708,13.95126750814259,12.52546816087721,11.44038800300278,8.985564743397985,15.93613193296446,14.49218793423174,20.48436948419549,18.8255220534645
2018-10-02 21:15:00.000003,-1.82910446791915,-1.829102272255832,13.34184105928792,11.76785577220578,13.91289832233861,12.48537427259423,11.3931804585066,8.939095133099359,15.90543241766548,14.46020454525366,20.47860942620697,18.81712410829766
2018-10-02 21:29:59.999997,-2.066044880579695,-2.066046974301968,13.31554783604108,11.73975984028866,13.87759857385423,12.44834691131496,11.35080882818305,8.897434286376273,15.87702892213859,14.43052974416417,20.47324769182971,18.80912049014009
2018-10-02 21:45:00.000000,-2.270423224729616,-2.270419179039382,13.29215751083827,11.71460567113479,13.84571629560249,12.4147939560136,11.31371855491504,8.8613585911732,15.85124033592372,14.40361279754844,20.46836717795024,18.80160769618327
2018-10-02 22:00:00.000003,-2.447092090442164,-2.447092517237009,13.27154636415676,11.6921842279569,13.81724548143507,12.38463660849881,11.28141002289632,8.82979249411354,15.82813142296933,14.37933911332693,20.46402788133478,18.79463423702289
2018-10-02 22:14:59.999997,-2.586559375877732,-2.586599822603078,13.25420072828726,11.67293349728343,13.79266887794211,12.358310914448,11.25505570100631,8.803763236462409,15.8080576830409,14.3579749031161,20.46029900084569,18.78825872220224
2018-10-02 22:30:00.000000,-2.668561875962868,-2.66854037975724,13.24136955892124,11.65805186743997,13.77323623927655,12.33702038612043,11.23746480668554,8.78590435858872,15.79193558597858,14.34035364486582,20.45730879388316,18.78259528587126
2018-10-02 22:45:00.000003,-2.726463861060485,-2.726515328330227,13.2318558396507,11.64636156650994,13.75810083964412,12.31992178523738,11.22492163998103,8.772649632049568,15.77928631856655,14.32602280808837,20.45509235608748,18.77767646124106
2018-10-02 22:59:59.999997,-2.754440305625677,-2.7544897547275,13.22557523374303,11.63779075299185,13.74711274881375,12.30687443080873,11.2176357548672,8.764244820729708,15.76998361973696,14.3148687709192,20.45366316153192,18.77351642497926
2018-10-02 23:15:00.000000,-2.713766659194456,-2.713791492208329,13.22448178485117,11.63423019007126,13.74202769522981,12.29958909539312,11.22055003663826,8.765353397130932,15.76524070560748,14.30801719304553,20.45314167933848,18.77022468498972
2018-10-02 23:30:00.000003,-2.632665840539405,-2.632667136059729,13.22788739029449,11.63500397305671,13.74252088614519,12.29774239201551,11.23091786088706,8.773331247382957,15.76494770221579,14.30537069088921,20.45358778857102,18.76785857988892
2018-10-02 23:44:59.999997,-2.472867004015454,-2.472862757143365,13.23756220833586,11.64182425173101,13.75023228933119,12.30293145725727,11.2532982767444,8.792489369445875,15.77025659984081,14.30800245018674,20.45514836073875,18.76655448191793
2018-10-03 00:00:00.000000,-2.249163081366654,-2.249155250594286,13.25353200122992,11.65471158161594,13.76552128779199,12.3155069321064,11.2866372084853,8.821787459054931,15.78151337868678,14.31624595253655,20.45794549582133,18.76643021342798
2018-10-03 00:15:00.000003,-1.974667293115234,-1.974654725450128,13.14350497040179,11.67294087416539,13.71446399350772,12.33482514444344,9.988130770484156,8.859475701171947,15.70910155875337,14.32946591331027,20.4519555762785,18.76736811157047
2018-10-03 00:29:59.999997,-1.655707896969835,-1.655695539305441,13.14297282635892,11.69616083700239,13.71909727944652,12.36057961999635,9.976644910821463,8.904687505451191,15.70114676389966,14.34758586905216,20.44985393432659,18.76942840517352
2018-10-03 00:45:00.000000,-1.306864723789935,-1.30686483033926,13.16612559046551,11.72381988752683,13.74491717389755,12.39217037958846,10.02526826808939,8.956014983179399,15.71736407635876,14.37031705271254,20.45115802622406,18.7726810380058
2018-10-03 01:00:00.000003,-0.9376454613095816,-0.9376476460869607,13.1985197730378,11.75708019500679,13.7808572896811,12.42989383576774,10.0872376810081,9.015279001569695,15.74318819583976,14.39749480360523,20.45466680967449,18.77712968745416
2018-10-03 01:14:59.999997,-0.5561937498481837,-0.5561976179114397,13.23444588477605,11.7929247996362,13.82199753788535,12.47155911846102,10.15301151466511,9.077204267015548,15.77398756523024,14.42803194220182,20.45970984037816,18.78265204057136
2018-10-03 01:30:00.000000,-0.1553453313612587,-0.1553428993338857,13.27343647617076,11.83143996178587,13.86732691271806,12.51685772258937,10.22297632891777,9.142766115453718,15.80849356648912,14.46156717018797,20.46594815045104,18.78912749955921
2018-10-03 01:45:00.000003,0.2070669082478097,0.2070644871131803,13.31192556885677,11.86944016785672,13.91344236529118,12.56282520588276,10.28902270568053,9.204759295222926,15.84420462299481,14.49627553193646,20.4730070754655,18.79631580364626
2018-10-03 01:59:59.999997,0.5807539370138589,0.5807488113306767,13.351367775297,11.90859966769417,13.96094634359008,12.61037888034112,10.35651756492389,9.268808599493825,15.88119166528619,14.532695226653,20.48068430426602,18.8041113408711
2018-10-03 02:15:00.000000,0.9347875531669838,0.9347856784323406,13.39034469305426,11.94767161068734,14.00849580312083,12.65823744199129,10.42182340337426,9.334027563737527,15.91847924968203,14.5702602546353,20.48876924194032,18.81237782211311
2018-10-03 02:30:00.000003,1.270628126283906,1.27061784616436,13.42863270214126,11.98612762595808,14.05556776530765,12.70565659763282,10.48473451765626,9.397155685813535,15.95549214118364,14.60771305192615,20.49708191554511,18.82089938112061
2018-10-03 02:44:59.999997,1.629183951172058,1.629101255775172,13.46803277113764,12.02526599758062,14.10356741779445,12.75363162176179,10.550463000747,9.460269173111683,15.99313551103502,14.64492898975039,20.50559508813342,18.82954731121594
2018-10-03 03:00:00.000000,1.954506046917104,1.954478250188042,13.50593248319043,12.06278460184408,14.15037951872396,12.80025473630428,10.6120745886627,9.519064580394499,16.03008715774914,14.68117319504806,20.51417008511554,18.83820483662929
2018-10-03 03:15:00.000003,2.263219299094597,2.2632170651668,13.54241210998832,12.09885909531151,14.19574581736964,12.84536791719269,10.67079269133242,9.575041501274736,16.06601763418256,14.7163275740799,20.52269543857125,18.84678461185121
2018-10-03 03:29:59.999997,2.538042156415077,2.538026324194824,13.57643349377123,12.13250319139697,14.23861950602258,12.88797638087955,10.72430332829677,9.626018711965818,16.1001604926355,14.74971060446786,20.53103296174053,18.85516489347183
2018-10-03 03:45:00.000000,2.771477353758277,2.771476790964736,13.60705681337481,12.16281471228158,14.2779136854567,12.92702917218137,10.77108340885978,9.67057394622327,16.13170728290925,14.78056459033131,20.53902333045479,18.86319815369315
2018-10-03 04:00:00.000003,2.971082599026505,2.971074284737502,13.63437366047785,12.18989293290246,14.31345521200775,12.96236796468142,10.8118303045962,9.70939971491108,16.16039115623369,14.80864259035469,20.54654201970412,18.87076776525166
2018-10-03 04:14:59.999997,3.12999007846813,3.129988524006149,13.6578116758954,12.21318220414897,14.3445938184397,12.99335882483324,10.84555467428674,9.741552982486168,16.18575704734223,14.83350927424903,20.55346842459069,18.87775911173616
2018-10-03 04:30:00.000000,3.253974466736447,3.253966951814919,13.67745579822455,12.23276653914638,14.37124336826803,13.01991775687446,10.87283281267571,9.7675964196518,16.20767986689447,14.85504049109384,20.55971801236246,18.8840887357936
2018-10-03 04:45:00.000003,3.328045397188139,3.328042202335078,13.69239438742447,12.24775826908865,14.3925271723882,13.04118653851685,10.89160851649267,9.78555626197557,16.22554395086987,14.87264725344047,20.56517822412987,18.8896502169281
2018-10-03 04:59:59.999997,3.343177124427056,3.343174123596088,13.70172449553833,12.25727734347922,14.40745378834315,13.05619066019857,10.90025671392446,9.793886607625383,16.23861208495363,14.88562034929919,20.56971362499574,18.89431329512725
2018-10-03 05:15:00.000000,3.316041015788475,3.316037013851607,13.70602232815009,12.261892699704,14.41631069423294,13.06521813500178,10.90069361071103,9.794451417113013,16.24696887164153,14.89403999426536,20.57324766636383,18.89800355532643
2018-10-03 05:30:00.000003,3.254695823925788,3.254693622533097,13.70590412661253,12.26220645143231,14.4196252328061,13.06878871597097,10.89428246892684,9.78855482527601,16.25094299238003,14.89821949715583,20.57576039586447,18.90069976493177
2018-10-03 05:44:59.999997,3.129205109226105,3.129201032026052,13.69980061132162,12.25668353343149,14.41607712081108,13.06560397093009,10.87709577413301,9.772407844733564,16.2496897745731,14.89735127398058,20.57716145682187,18.90231722966273
2018-10-03 06:00:00.000000,2.976399047703017,2.976396926663739,13.68931630522061,12.24689877494872,14.40687657543958,13.05685971473403,10.85359722126223,9.750332717126382,16.24390962811633,14.89210649531861,20.57745930778442,18.90286225966251
2018-10-03 06:15:00.000003,2.795477220743902,2.795473751352322,13.67493668227571,12.23332240349164,14.39261467277578,13.04313586230984,10.82434752996095,9.722839720722295,16.23405367638018,14.88291704282171,20.57669766059845,18.9023761521396
2018-10-03 06:29:59.999997,2.547981964806578,2.547978461226086,13.65464205482212,12.21397662025761,14.37165145235502,13.02281453397245,10.78418820219029,9.684953801316006,16.21907914734317,14.868782734392,20.57480868882441,18.90079542711903
2018-10-03 06:45:00.000000,2.300240040098262,2.300237190090169,13.63162353905798,12.19198869771018,14.34656817742439,12.99844199438926,10.74150260320879,9.644774784041385,16.20058203312658,14.85123560940352,20.57189739220999,18.89821905765328
2018-10-03 07:00:00.000003,1.996173833999511,1.99617169794257,13.60372012892333,12.16523162265476,14.3158637061371,12.96852730456986,10.68983043696687,9.596028106171373,16.17773063503985,14.82947461201996,20.56795024180524,18.89463415436647
2018-10-03 07:14:59.999997,1.677847680343234,1.677846302288797,13.57269010506872,12.13543592202094,14.2809245855648,12.9344482246518,10.63408948233177,9.543480722282442,16.15137535985142,14.80432040321538,20.56303841951673,18.89010907479459
2018-10-03 07:30:00.000000,1.346768109462188,1.346764823559308,13.5392184918294,12.1032691659153,14.24257520399348,12.89701975099925,10.57522846925029,9.488015627154663,16.12216502961899,14.77640089436801,20.55726292430008,18.88474168586824
2018-10-03 07:45:00.000003,0.993459419515903,0.9934589061567335,13.50306086340186,12.06849114347265,14.2008020672539,12.856229875766,10.5122042708938,9.428615494425477,16.09017721133359,14.74579879639021,20.55069169703062,18.87860042444703
2018-10-03 07:59:59.999997,0.6433533516649214,0.6433492148251642,13.46582167913016,12.03267168259053,14.1570820124274,12.81353382074938,10.44856359667423,9.368686424626086,16.05638706818761,14.71345054251237,20.54345698132467,18.87181231204289
2018-10-03 08:15:00.000000,0.2907934435242774,0.290820534750186,13.4277395336238,11.99603869961932,14.11191955640748,12.76942339221179,10.38412254454971,9.308028566699653,16.02125240261465,14.67979761302037,20.53568089931367,18.86449529858855
2018-10-03 08:30:00.000003,-0.0544771467461955,-0.05450630325162256,13.38944352022654,11.95919584454535,14.06605637078569,12.72462138996361,10.32023899538893,9.247913705977666,15.98537541252406,14.64541695879796,20.52749456962008,18.85677639010964
2018-10-03 08:44:59.999997,-0.3924628065248285,-0.392472528474509,13.35124162354872,11.92245272578591,14.01997758126499,12.67961221497151,10.25719781102676,9.188629250018002,15.94917939514808,14.61072210212282,20.5190186215783,18.84877313084014
2018-10-03 09:00:00.000000,-0.7115971539051761,-0.7115782825917262,13.31400040014837,11.88665087757693,13.97461656027281,12.63531295979879,10.1967463553641,9.131832760627754,15.91336350123803,14.57638745138222,20.51039278994089,18.8406209446292
2018-10-03 09:15:00.000003,-1.004944766399327,-1.004943200390376,13.27850541812603,11.85255210758205,13.93089759473144,12.59263017084321,10.14021379006675,9.078776370005453,15.87864546767283,14.54310393840986,20.50176912369319,18.83246710474754
2018-10-03 09:29:59.999997,-1.275417853882238,-1.275411617446373,13.24498569808626,11.82037982082257,13.88925568277109,12.55199250292322,10.0875722058755,9.029421028392703,15.84541532997466,14.51125047711592,20.49327782767921,18.82443819634749
2018-10-03 09:45:00.000000,-1.513535762121859,-1.5135350811681,13.214654740872,11.79132339017068,13.85077455570299,12.51446941669518,10.04109275674062,8.985940272316792,15.81437673663082,14.48150556771283,20.4850622759243,18.81667417486941
2018-10-03 10:00:00.000003,-1.728414383260858,-1.728415225216911,13.18743559059867,11.76530557780497,13.81557743942569,12.48018040171398,9.99996870050886,8.947539790971287,15.78568751627071,14.45402160435093,20.47722375968626,18.80927267640156
2018-10-03 10:14:59.999997,-1.90826655441046,-1.908268771743078,13.16333420259519,11.74232842630282,13.7839403714432,12.44939770435315,9.964571347521241,8.914589265851472,15.75968572125357,14.42913446145907,20.46985727036091,18.80232806486707
2018-10-03 10:30:00.000000,-2.060127380434346,-2.060133105326689,13.14211680725326,11.72223427610281,13.75581957983765,12.42214550307521,9.934077167506745,8.886694761659987,15.73641841682621,14.40704399247765,20.46302929170504,18.79591952934971
2018-10-03 10:45:00.000003,-2.179716417703147,-2.179722453257099,13.12396037452615,11.70516372599398,13.73142313899437,12.3986079455242,9.908949063011168,8.864007856953025,15.71606920616215,14.38785948296751,20.4568003535988,18.79010584050693
2018-10-03 10:59:59.999997,-2.266636001110138,-2.26663208477818,13.10897328548512,11.69117513083247,13.71090826498111,12.37889426747658,9.889330793267643,8.846450486265855,15.6987868347419,14.37162921494033,20.45122256606703,18.78492884992918
2018-10-03 11:15:00.000000,-2.318878576294257,-2.318844825955872,13.09732758018081,11.68041846849766,13.69448302213975,12.36318799224791,9.87553331866407,8.834283200456527,15.68474293423589,14.35848243231109,20.44634468509948,18.78043041179774
2018-10-03 11:30:00.000003,-2.32076530430197,-2.320777548585247,13.08991864092895,11.67374981967662,13.68302292797838,12.35233113627566,9.869640582776116,8.829449714625742,15.67457002378235,14.34899532059094,20.44225547324909,18.77669019115338
2018-10-03 11:44:59.999997,-2.27883527057009,-2.278797865856488,13.08678765377075,11.67120803043894,13.67674306183057,12.34653147927456,9.871218928446186,8.831526222258654,15.66848718857823,14.34337360940109,20.43902867882461,18.77377684069101
2018-10-03 12:00:00.000000,-2.164290967141573,-2.164232044301712,13.08948311450867,11.67428319812784,13.67714929173379,12.34724916229468,9.883960550450139,8.843979073943657,15.66757527113428,14.3426194037733,20.43681024334371,18.77182276680045
2018-10-03 12:15:00.000003,-1.986837900742421,-1.986814579319695,13.0981577312958,11.68311441374689,13.68468566133819,12.35491247387926,9.907320072495002,8.866243625642891,15.67226040606837,14.34713664144738,20.43572925714715,18.77095261871526
2018-10-03 12:29:59.999997,-1.75858184120995,-1.758588620273867,13.11240447407891,11.69731023365677,13.69915927687747,12.36933655897517,9.93983764690807,8.89694383251621,15.68244866770811,14.35684950198577,20.43585947544987,18.77123908889027
2018-10-03 12:45:00.000000,-1.467957214585228,-1.467960834272714,13.13272567057373,11.71735851585217,13.72105020432008,12.39098992414787,9.982819740118297,8.937325010845012,15.69848129049819,14.37207955845337,20.43728004396425,18.77275668940216
2018-10-03 13:00:00.000003,-1.144874389224231,-1.144884920048862,13.15932837416019,11.74348628679115,13.75015730813729,12.41969017947764,10.03530464128935,8.986520190649369,15.7199744280341,14.39248443438277,20.44000071000385,18.77552058773845
2018-10-03 13:14:59.999997,-0.7863774439828702,-0.7863830394021034,13.19110479931324,11.77466724350121,13.78560353563663,12.45464312702223,10.09560385194737,9.04309063912313,15.74644091452698,14.41772807220578,20.44398037967935,18.77950436718639
2018-10-03 13:30:00.000000,-0.4006084593936885,-0.4006218447794501,13.22693492618489,11.80996522921167,13.82636697782062,12.49502839908596,10.16172904651672,9.105519909693141,15.77723412792656,14.44750335130563,20.44913749279672,18.78466573247342
2018-10-03 13:45:00.000003,0.008417335686463951,0.008417212439355243,13.26626587432817,11.84885687783607,13.87177593517551,12.54014696617556,10.23282624981907,9.174081386777374,15.81184102820238,14.48138508463814,20.45537645087093,18.79093247309909
2018-10-03 13:59:59.999997,0.4072035742637015,0.4072009632460832,13.30690980293224,11.8892780814302,13.91970654976761,12.58797265334464,10.30407106410265,9.244345779187084,15.84877615057901,14.51809394111525,20.46250651092294,18.79813679159476
2018-10-03 14:15:00.000000,0.8044422150549242,0.804442598580679,13.34849605511047,11.93037649290258,13.96938548163634,12.63734394982752,10.37573777499979,9.312927023979823,15.88733370987054,14.55587332582413,20.47034558209918,18.80601436658547
2018-10-03 14:30:00.000003,1.196729311983503,1.196719075230767,13.39083758106967,11.97212212658437,14.02034457753157,12.68788635537229,10.44746836017175,9.381276734061553,15.92700676140319,14.59455833666665,20.4787327278924,18.81440936850208
2018-10-03 14:44:59.999997,1.562303102552651,1.562302564335178,13.4322078672769,12.01289128132579,14.07086654766927,12.73796607880374,10.51583745382628,9.446343076610106,15.9666022273592,14.63313058720095,20.48745818984139,18.8231277630125
2018-10-03 15:00:00.000000,1.921208021691886,1.921203233229376,13.47303811158293,12.05312382124434,14.12095997847532,12.78760992227329,10.58295121668063,9.510216274090705,16.0059821745501,14.67148904081855,20.49637969720245,18.83203599827086
2018-10-03 15:15:00.000003,2.255413077864989,2.255413690160563,13.51233566614967,12.09185696807795,14.16964523467794,12.83586285550641,10.64647856119569,9.570655929328199,16.04443985276381,14.70896247711509,20.50534369911351,18.84098838647735
2018-10-03 15:29:59.999997,2.572462678933034,2.572427559862726,13.55016721708858,12.12915753482431,14.2167697088196,12.88257390219621,10.70705022895663,9.628285505230556,16.0817527466533,14.74533105947031,20.51423604567399,18.84987230924025
2018-10-03 15:45:00.000000,2.856435349190314,2.856442965127512,13.5855191802418,12.16403958343884,14.26132338915365,12.92675243606986,10.76248192855971,9.68102010705059,16.11720719102129,14.77990979249685,20.52292004118332,18.85855581146051
2018-10-03 16:00:00.000003,3.119108763861493,3.119093583565065,13.61866851876421,12.19677486734949,14.30332829885834,12.96842229734498,10.8139786450023,9.73002693570369,16.15071228828219,14.81261804293103,20.53130222695485,18.86695269365585
2018-10-03 16:14:59.999997,3.342768163697631,3.342768596690409,13.6485393447762,12.22631236803958,14.34175575010394,13.00656982768453,10.85914964394205,9.773014174091742,16.18157556980995,14.84277839533459,20.53926009980639,18.87493986382966
2018-10-03 16:30:00.000000,3.547986907206586,3.547977271077353,13.67612363893576,12.25362377222277,14.37720724621654,13.04178654822477,10.90079948735359,9.812692342873348,16.21006909497953,14.87064507002864,20.54674146310024,18.8824634818293
2018-10-03 16:45:00.000003,3.700377941217766,3.700374849366109,13.69938728563581,12.27671792878497,14.40798601999305,13.07240071090073,10.93402233889987,9.844335256762365,16.23511854847817,14.8951878014572,20.55361502816286,18.88939784962178
2018-10-03 16:59:59.999997,3.834751264601963,3.834747832170199,13.71969375239257,12.29693458699687,14.43500251093795,13.09931370928705,10.96292394368167,9.871925567343181,16.25719799223196,14.91686128987268,20.55984337339182,18.89570515794698
2018-10-03 17:15:00.000000,3.917062736196967,3.917058596569907,13.73543088459649,12.3126941183809,14.45692151390885,13.12120872158493,10.98328665876245,9.89138615462252,16.2754588011197,14.93485007759432,20.56532423006388,18.90128843517316
2018-10-03 17:30:00.000003,3.945223833550588,3.94521945212714,13.74588217246743,12.32329917849254,14.47288116202286,13.1372366927434,10.99413588184836,9.901807852011236,16.2892335241465,14.94850969859288,20.56993526791115,18.90602914336247
2018-10-03 17:44:59.999997,3.933931648579225,3.933926771581974,13.75160318053633,12.32929637554307,14.48315823251868,13.14767198160997,10.99726511393064,9.904932668829716,16.29860601352382,14.9579173134928,20.57360805630317,18.90985935445533
2018-10-03 18:00:00.000000,3.859677732326634,3.859673788661726,13.75130758366859,12.32942625268006,14.48659888167226,13.15137608075191,10.98957342834552,9.897770343701595,16.30280303779647,14.96232714699989,20.57622782645555,18.91266852413063
2018-10-03 18:15:00.000003,3.728714957703673,3.728712051639917,13.74486904153859,12.32357058215907,14.48286499074208,13.14802057425003,10.97140231209121,9.880674616652765,16.30150237890469,14.96142989670102,20.57769485910911,18.91436064740197
2018-10-03 18:29:59.999997,3.537576683285986,3.53757131931754,13.7319658751327,12.31141424059591,14.47155089976098,13.13720352216883,10.94221607472187,9.853134554795384,16.29437642388635,14.95490583026851,20.57791659003633,18.91484411253258
2018-10-03 18:45:00.000000,3.298948568751065,3.29894840767656,13.71324063494901,12.29359010327662,14.45308632726747,13.11935277822799,10.90376099452392,9.816838962504919,16.28163973789006,14.94296086488279,20.57685259759608,18.91407965378548
2018-10-03 19:00:00.000003,3.013491739906669,3.0134875376817,13.68903531641608,12.27042934792545,14.42777128071564,13.09476016680941,10.85659148363671,9.772307643402561,16.26347380598553,14.9257650964195,20.57449330521373,18.91205562637296
2018-10-03 19:14:59.999997,2.697079147566803,2.697077148172402,13.66027940573468,12.24284058467251,14.39651251628665,13.06431958740467,10.80280785638117,9.721555159635868,16.24049864709116,14.90391423176284,20.57088696167989,18.90881727317009
2018-10-03 19:30:00.000000,2.354764978627199,2.354759233246473,13.62768144785055,12.21150959207813,14.36015026977028,13.02885022962737,10.74349138790727,9.665596725341308,16.21331541529526,14.8779851149878,20.56611642538634,18.90444443758946
2018-10-03 19:45:00.000003,1.986489125906007,1.986489023997428,13.59152674410901,12.17671703251466,14.31913958350723,12.98880641076095,10.67889636781625,9.604662858583744,16.18231572049275,14.84835723476428,20.56027100953179,18.89902270393361
2018-10-03 19:59:59.999997,1.609271341089068,1.609267000834662,13.55298193218221,12.13960734015073,14.27466258425353,12.94536197963254,10.61151152206497,9.541137040728554,16.14835019243153,14.81585595449012,20.55348156898957,18.89268038812299
2018-10-03 20:15:00.000000,1.218765164904128,1.218761145080696,13.51224616749136,12.1003701489433,14.22715809342822,12.89894629452001,10.54120839998862,9.474871617173157,16.11184025993209,14.78088955521886,20.54586905808699,18.88553412456688
2018-10-03 20:30:00.000003,0.8207689887381567,0.8207585003949399,13.46986910854908,12.05954210788744,14.17727285882226,12.85019664383817,10.46892699478821,9.406759581665835,16.07327962093487,14.74393739656397,20.53755216455612,18.87770094276386
2018-10-03 20:44:59.999997,0.4335191762204423,0.4335098484451398,13.42733379546364,12.01857082552159,14.1264866330116,12.80056699583222,10.39754571633491,9.339552587890726,16.03368330816617,14.70597589792884,20.52869724774464,18.86934099813146
2018-10-03 21:00:00.000000,0.04929057942528011,0.04927223125035578,13.38459338596346,11.97740141981256,14.07508675927803,12.75033346797653,10.3264179024221,9.27259889501545,15.99341712850863,14.66735800666851,20.51943965461437,18.86058612347399
2018-10-03 21:15:00.000003,-0.3186637649505107,-0.3186877372312311,13.34247611350189,11.93684436067073,14.02397179248003,12.7003824132414,10.25735850102379,9.207642226249787,15.95317259798393,14.6287529006117,20.50992739550145,18.85158012567507
2018-10-03 21:29:59.999997,-0.6687434255319331,-0.6687609080746194,13.30146397121596,11.89736771553875,13.97380512543009,12.65136655355667,10.19096600672304,9.145239236731673,15.91349719771249,14.59069401074394,20.50030247988705,18.84246213163691
2018-10-03 21:45:00.000000,-1.000887553016266,-1.000896285867809,13.26182822252327,11.85923305353197,13.92502693892292,12.60371724525333,10.12746703222598,9.08558904902508,15.8747799752735,14.553554201888,20.49069111738922,18.83335406529571
2018-10-03 22:00:00.000003,-1.312714148118914,-1.31272082638462,13.22394507163362,11.82280765282825,13.87809778447314,12.55788906985589,10.06742497095908,9.029223464567771,15.83738568052838,14.51768729195729,20.48120435571163,18.82436490968982
2018-10-03 22:14:59.999997,-1.60341988870075,-1.603426018840634,13.1889097125925,11.78916445417726,13.83387741217404,12.51472660512307,10.01256939469125,8.977795033579353,15.80179273411095,14.48355033169548,20.47195307350542,18.81560086662402
2018-10-03 22:30:00.000000,-1.866023226845118,-1.866027258625929,13.1569391792277,11.75851171714142,13.79279911177083,12.47465589529748,9.963316501481925,8.931692408866741,15.76841031307739,14.45153908054803,20.46303914505523,18.80716119272899
2018-10-03 22:45:00.000003,-2.108823625615026,-2.108826620465681,13.1272618532538,11.73013221253621,13.7544913640879,12.43735219852738,9.917802682974546,8.889299089220309,15.73713756105309,14.4216464525816,20.45451961845746,18.79911063989467
2018-10-03 22:59:59.999997,-2.317384179910014,-2.317387420838729,13.10042452395321,11.70463985004886,13.7194974944138,12.40342575176867,9.87759241517926,8.852582974229222,15.70839205332131,14.39444538449226,20.44647111278433,18.79154223804659
2018-10-03 23:15:00.000000,-2.496732483096813,-2.496740004977549,13.07641233452236,11.68192647287546,13.68792796203831,12.37291005125559,9.842338140963916,8.820547759892088,15.68232529318187,14.36988981298854,20.43895706981997,18.78450748677839
2018-10-03 23:30:00.000003,-2.641918010388365,-2.641915904460864,13.05552849235928,11.66224898261909,13.66012502424312,12.34609910750163,9.812679216566654,8.793707980180953,15.65920517938019,14.34815787039999,20.43204297913984,18.77805936421755
2018-10-03 23:44:59.999997,-2.74177808490275,-2.741780290519392,13.0384798338743,11.646277366672,13.63681666269201,12.32368611788304,9.79017721925095,8.77350883946718,15.63958041041294,14.32973880568934,20.42581895259167,18.77227785334044
2018-10-04 00:00:00.000000,-2.800920753216017,-2.800920928164675,13.02533452956237,11.63406938250297,13.61822251141383,12.30587597451207,9.77455745979154,8.759667927313712,15.62367305504999,14.3148343720616,20.42036217789161,18.7672333255957
2018-10-04 00:15:00.000003,-2.804002977608212,-2.804003451497471,13.01683251116599,11.62633836474643,13.60500742461369,12.29331175235894,9.767665945602456,8.753929889030127,15.61171885627862,14.30364376842389,20.41560841822976,18.76285543524851
2018-10-04 00:29:59.999997,-2.74342955422619,-2.743409267873634,13.01376475013305,11.62384575702382,13.59810401991619,12.28690169624199,9.77092145226249,8.757603713721103,15.60458814785243,14.2969918557222,20.41172541781313,18.75930430882344
2018-10-04 00:45:00.000000,-2.61371795950794,-2.613694239037526,13.01685697911911,11.62728521329364,13.59845780170999,12.2875609758384,9.785449561264413,8.77171609498688,15.60317977499743,14.29572803830046,20.40896216567442,18.75681762176297
2018-10-04 01:00:00.000003,-2.406182676215948,-2.406152497745123,13.02694714612488,11.63746596794082,13.60709446916597,12.29629216077129,9.812694300854007,8.797601924322933,15.60833573623292,14.30065191939305,20.40753845769457,18.7556084467936
2018-10-04 01:14:59.999997,-2.135506543330289,-2.135486308007731,13.04372833865269,11.65408526385267,13.6239955247468,12.31307405544469,9.851165965165944,8.833829539993888,15.62011607281003,14.31182807018866,20.40757813435429,18.75579661973244
2018-10-04 01:30:00.000000,-1.812657594470434,-1.812661231775879,13.06657370627422,11.67653895518702,13.64864214136234,12.33740271848226,9.899294155317985,8.878931192463714,15.63817750382775,14.32894432691771,20.40911442993769,18.75741718605528
2018-10-04 01:45:00.000003,-1.456479931837661,-1.456502959897592,13.09443521940406,11.70381965264054,13.68003249424478,12.36830557144182,9.954464627167212,8.930468725834775,15.66172965358035,14.35127060860631,20.41209238923403,18.7604212830073
2018-10-04 01:59:59.999997,-1.085942836253162,-1.085949219385527,13.12767071493957,11.73631387493017,13.71766091335666,12.4053080630917,10.01695552214994,8.988815013892784,15.69001991141884,14.3781151861546,20.4164021872894,18.76470889729149
2018-10-04 02:15:00.000000,-0.6938214688551485,-0.6938397331461269,13.16479045399652,11.77255361479345,13.76028321144238,12.44718195649309,10.08475357540847,9.052036997919545,15.72233048286198,14.40878706123832,20.42190525587278,18.77014622450384
2018-10-04 02:30:00.000003,-0.2998450405282621,-0.2998509245742382,13.20397797041975,11.81077890852473,13.80616147107171,12.49223065007583,10.15435779431783,9.116851556990271,15.75748901352855,14.4421834397616,20.42841031211028,18.77655226831898
2018-10-04 02:44:59.999997,0.0938892703385239,0.0938866726946742,13.2444800392037,11.85029285493382,13.85426198149339,12.53947687554874,10.22489592873062,9.182547509877775,15.79466333436803,14.47757012511116,20.43572645907943,18.78374978799461
2018-10-04 03:00:00.000000,0.4739771297599356,0.4739819346900766,13.28513778603131,11.89039222366934,13.9032680974537,12.58811006732091,10.29419157777226,9.248142595309911,15.83284135687387,14.51481311184366,20.44364427361062,18.79162145717544
2018-10-04 03:15:00.000003,0.8482511026890583,0.8482494362010391,13.32586600444377,11.93098484069177,13.95276712328676,12.63760052007414,10.36282314499309,9.316361269245773,15.87159127086244,14.5535667975456,20.45199384063227,18.8000386081455
2018-10-04 03:29:59.999997,1.209627840363465,1.209524900928077,13.36640439258064,11.97145512153816,14.00231073557665,12.68721121229644,10.43002828838781,9.383267937121387,15.91044789338365,14.59258135034528,20.46062647670997,18.80879069779038
2018-10-04 03:45:00.000000,1.545494953230413,1.545438972393004,13.40549289762139,12.01015224613819,14.05063164787996,12.73532771020371,10.49360855808061,9.444115696488463,15.94855342297955,14.63011118111676,20.4693715252149,18.81761084242103
2018-10-04 04:00:00.000003,1.88624884653849,1.886224656677886,13.44441101597541,12.04855972806767,14.09858359699574,12.78294594265327,10.55732231333126,9.504795459960423,15.98636201445413,14.66709003167887,20.47816410643356,18.82644290679787
2018-10-04 04:14:59.999997,2.188468919293412,2.188445829291381,13.48099814210008,12.08464778876717,14.14433015983969,12.8283374685061,10.61564831649781,9.56025246864159,16.02267946197387,14.70255455331268,20.4868532318751,18.83515864641202
2018-10-04 04:30:00.000000,2.49195744447522,2.491964252945265,13.51686251109845,12.12002376694388,14.18898642415656,12.8726364485511,10.6732480705262,9.615055807864293,16.05807293280242,14.73709853989985,20.49539933855856,18.84372625417178
2018-10-04 04:45:00.000003,2.748368861369699,2.74835561310999,13.54960025410044,12.15233524439441,14.23052445920532,12.9138484165143,10.72403054873899,9.66332305391542,16.0912614403715,14.76950337782006,20.50366044746712,18.85201322954312
2018-10-04 04:59:59.999997,2.990121194995704,2.990131011961033,13.58032020605467,12.18268223455161,14.26958861027621,12.9526210995922,10.77154828947142,9.708526472915137,16.12248971352671,14.80000983055957,20.51157180241103,18.85995781091483
2018-10-04 05:15:00.000000,3.191010729059202,3.191006719290094,13.60768332751695,12.20975096246117,14.30498911552285,12.98778178688794,10.81255805742467,9.747526600034874,16.15100519323136,14.8278959752454,20.5190213434479,18.86745430325323
2018-10-04 05:30:00.000003,3.3543356019208,3.354332955362609,13.63138291379922,12.23324576921091,14.3362368657607,13.01884946134832,10.84696156843603,9.780258550803456,16.17639454715988,14.85276210198182,20.52590451690431,18.87440006717312
2018-10-04 05:44:59.999997,3.483036356610427,3.483033747379004,13.65155923959478,12.25330895887693,14.36325660049958,13.04575528083468,10.87532720803865,9.807278419332974,16.19851574784468,14.87447250990373,20.53214050709054,18.88071781684274
2018-10-04 06:00:00.000000,3.56269581177882,3.562691790738852,13.66710020232294,12.26885293899246,14.38504967591974,13.06751719769577,10.89525323949487,9.826278752280748,16.21670428502073,14.89238956617526,20.53761737063792,18.8863003723011
2018-10-04 06:15:00.000003,3.597272693386421,3.597273187797063,13.67786053117509,12.27973800168247,14.40128834435421,13.08381171381381,10.90692498104645,9.837457865469359,16.23065630782353,14.90621682938423,20.54224025796247,18.89105441055427
2018-10-04 06:29:59.999997,3.571127544444733,3.571125401221883,13.68278111853316,12.28492925048672,14.41092250639823,13.09360450073516,10.90807503232352,9.838639949473496,16.23962599424437,14.91523549314312,20.54588065876603,18.89485641204333
2018-10-04 06:45:00.000000,3.498415814195132,3.498413654113238,13.68227227169479,12.28483203392593,14.41408232256411,13.09702590098802,10.90025931579979,9.83134305109443,16.24359433316937,14.91942392608052,20.54845748638432,18.89762686559742
2018-10-04 07:00:00.000003,3.355778088812752,3.355775720407259,13.6750269856923,12.27816787018069,14.4095634727765,13.09288925911966,10.88038535671398,9.812589942924419,16.2417389164784,14.91799044341537,20.54984413885019,18.89924357846783
2018-10-04 07:14:59.999997,3.166642366213316,3.166637070952845,13.66202594764058,12.26590045413165,14.39795987296079,13.0817820133514,10.8513723275014,9.785211192751097,16.2343238147879,14.9111852838495,20.54998579177479,18.89965188137159
2018-10-04 07:30:00.000000,2.914503551399599,2.914500665484588,13.64252300217453,12.24729753824171,14.37864821048088,13.06308751960423,10.81123455192472,9.747284594755202,16.22094410502621,14.89861633465599,20.54880933015975,18.89877986557973
2018-10-04 07:45:00.000003,2.63046616464122,2.630460904028623,13.61805612123128,12.2238667704536,14.35289611069419,13.03805798163803,10.76392175675863,9.702619514093538,16.20237332583749,14.88102716491336,20.54633836100554,18.89664906660537
2018-10-04 07:59:59.999997,2.315231690327722,2.315229222435887,13.58924080972919,12.19620723176975,14.32146201849443,13.00744051464335,10.71017516273202,9.6519004137048,16.17916897593083,14.85895441897544,20.54263721308896,18.89332069655154
2018-10-04 08:15:00.000000,1.970879609567866,1.970877830205187,13.55645179999506,12.16468211359913,14.2848620566527,12.97174275018052,10.65050057799887,9.595596222100072,16.1517481286736,14.83280039259785,20.53778200697868,18.88886834790776
2018-10-04 08:30:00.000003,1.620829783986471,1.620829466422187,13.52126105938816,12.13082654911809,14.24464609897283,12.93249097628601,10.58831372658047,9.536978568842882,16.12120431678971,14.80361724509781,20.53192119082356,18.88343427438355
2018-10-04 08:44:59.999997,1.251320187399341,1.251318147117657,13.48346846057299,12.0944386643575,14.20096554172598,12.88983105724824,10.52234216107748,9.474790184541298,16.08779201569567,14.77165297159811,20.52516896141283,18.87712953587773
2018-10-04 09:00:00.000000,0.8817640052434664,0.88176971203805,13.44426383853725,12.05668260160297,14.15500081056308,12.84492717799281,10.45522915114153,9.411570645452239,16.0523513476687,14.73771891453031,20.51767247856226,18.87009728019697
2018-10-04 09:15:00.000003,0.5114190939813572,0.5114058958333405,13.40427281592573,12.01816704816634,14.10756111173826,12.79857596150777,10.38751013628619,9.347801635476866,16.01548760993151,14.70240075664116,20.50957720287917,18.86247944558875
2018-10-04 09:29:59.999997,0.1471758109814738,0.1473081483821822,13.36403253709968,11.97942296359223,14.05935184123724,12.75147754515954,10.32022546438099,9.284496866142199,15.97779754783273,14.66627952286034,20.50102836245391,18.85441709774479
2018-10-04 09:45:00.000000,-0.1996855280955837,-0.199656477825458,13.32443112904731,11.94129461114309,14.01137552105703,12.70460231120172,10.25514957658106,9.223292997077136,15.94006544916813,14.6301026389769,20.49218744006453,18.84606623901583
2018-10-04 10:00:00.000003,-0.5407629622622333,-0.5407588819318507,13.28521781138537,11.90354638601848,13.96367471441937,12.65799959295814,10.19107322377148,9.163042501016935,15.90243970891545,14.59402160070707,20.4831688406359,18.83753940179838
2018-10-04 10:14:59.999997,-0.8600249264766585,-0.8600272856140153,13.24732120107913,11.86708570199443,13.91717036481702,12.61257723639299,10.13012564490158,9.10578814607714,15.86558682000386,14.55868057943561,20.47410584884424,18.82896646609623
2018-10-04 10:30:00.000000,-1.1655449329913,-1.165550654496224,13.21068055451871,11.83184900943295,13.87201566790075,12.56848383470714,10.07161091799743,9.050838215937693,15.82970039440639,14.52426841744859,20.46509902957656,18.82044610626933
2018-10-04 10:45:00.000003,-1.452299398424826,-1.452303743811815,13.17596422478553,11.79849214192318,13.82880017592778,12.52630184559537,10.01676262484877,8.999378012411304,15.79515574407527,14.49115051634757,20.45624466238947,18.81207300978197
2018-10-04 10:59:59.999997,-1.713829528300795,-1.713843108429278,13.14436769288184,11.7681835249489,13.78852161707897,12.48701027797457,9.967707317881885,8.953438326137217,15.76255581697081,14.45990290535131,20.44765361179563,18.80395265474877
2018-10-04 11:15:00.000000,-1.953876044684799,-1.953879197316959,13.11515885559705,11.74020125461717,13.75093605079622,12.45036861912184,9.922760193263395,8.911385062989092,15.73194851275175,14.43057497477217,20.43939922142098,18.79615732657063
2018-10-04 11:30:00.000003,-2.160140166788336,-2.160147804729109,13.08876392857053,11.71504588064843,13.71657308060243,12.41698060331223,9.883101460216004,8.874798133597876,15.70376970094383,14.4037662265462,20.43156939660625,18.78878834137256
2018-10-04 11:44:59.999997,-2.343129269228738,-2.343128372800898,13.06485285579336,11.69238251615629,13.68527777137446,12.38669033039536,9.847614429755634,8.842457895595633,15.67799557838442,14.37943388240352,20.42421908006829,18.78190461177363
2018-10-04 12:00:00.000000,-2.483770315949881,-2.483770208795571,13.04432153517013,11.673018534952,13.65789152694674,12.36026521780053,9.818591801263931,8.81619399032487,15.65523083305655,14.35802153752119,20.4174393788275,18.77558444189686
2018-10-04 12:15:00.000003,-2.587475270411089,-2.587479091022518,13.02728078114353,11.65702999448402,13.63469004274936,12.33794000544452,9.795777125626666,8.79567564020037,15.63573921994778,14.33972364362546,20.4113126190454,18.76989604667609
2018-10-04 12:29:59.999997,-2.63676513127809,-2.636751985068448,13.0147090987243,11.64535810614562,13.61666155297699,12.32067256743585,9.781439216888623,8.78302965363386,15.62025301391492,14.3252134206406,20.40595336551028,18.76494670590256
2018-10-04 12:45:00.000000,-2.623512136443383,-2.623508261073085,13.00744588150187,11.63880190213762,13.60478806625355,12.30940622716674,9.777059895407753,8.779614456836011,15.60954644070471,14.31520503041448,20.40150945454619,18.76087026621331
2018-10-04 13:00:00.000003,-2.546957970907113,-2.54684674971806,13.00592957173694,11.63778786024016,13.59971256214169,12.30477338127613,9.783102378746602,8.785852850095413,15.60416182466872,14.31021607062804,20.39811851242677,18.75779979032668
2018-10-04 13:14:59.999997,-2.377397667858784,-2.377365472112806,13.01195680174464,11.64403692513886,13.60327542754573,12.30855264742232,9.803571508966042,8.805471833761395,15.60544636831788,14.3114958074736,20.3959891622285,18.75592712231436
2018-10-04 13:30:00.000000,-2.141739963514822,-2.141694794199211,13.02493834208472,11.65697787291769,13.61533608631914,12.3206076903497,9.835837118299294,8.835962095006995,15.61345413760665,14.31910994212355,20.39525885986142,18.75538605515126
2018-10-04 13:45:00.000003,-1.839240472484937,-1.839226032474808,13.04480344824308,11.67654592205154,13.63591821442147,12.3409682140023,9.879712143108536,8.877159431044747,15.6282425923185,14.33312912724937,20.39602029024071,18.75627041801768
2018-10-04 13:59:59.999997,-1.489382579194374,-1.489377767724902,13.07072914666464,11.70194950152108,13.66434943750764,12.36898072852103,9.932768218222458,8.926793999309819,15.64930370309111,14.35309041871748,20.39828745179154,18.75859575856117
2018-10-04 14:15:00.000000,-1.113055066546281,-1.113064405490463,13.10293317430963,11.73342828958205,13.70014587610082,12.40418444945139,9.994856862820667,8.984788629694268,15.67598628356957,14.37838862260507,20.40200579944294,18.76231420114881
2018-10-04 14:30:00.000003,-0.7119481871458917,-0.7119606602947675,13.13990510587637,11.76950655594792,13.74196281373578,12.44526115731569,10.06353957134176,9.048845109317742,15.70745325283907,14.40823445193832,20.40706100821387,18.76731824637271
2018-10-04 14:44:59.999997,-0.3035441064525056,-0.303553360171662,13.17961875480924,11.8082192257511,13.78790883976253,12.49036377591378,10.13504388836246,9.115426919862523,15.74245591975291,14.44145845550763,20.41326987525531,18.77343620897817
2018-10-04 15:00:00.000000,0.1149626487565962,0.1149544778779503,13.22159763200812,11.84952231432849,13.83717393681849,12.53916839321088,10.20920677785208,9.185474248372197,15.78030687233355,14.47821818706391,20.42045984534249,18.78058225449759
2018-10-04 15:15:00.000003,0.5213185646523308,0.5213220537139044,13.26426057615007,11.89186171781211,13.88809501615097,12.58993318594302,10.28274444686367,9.257697351912133,15.8197845265667,14.51739619655735,20.42841409791652,18.78858117302038
2018-10-04 15:29:59.999997,0.9259078756969674,0.9255963845642782,13.30753444342275,11.93486857343707,13.94021933558965,12.64197179254562,10.35641453342472,9.3302404886375,15.86041325168441,14.55789200046038,20.43695548586257,18.79720958093182
2018-10-04 15:45:00.000000,1.323105315437667,1.323299536643381,13.35129873756536,11.97809335300144,13.99319875889658,12.6946353831704,10.42972164611708,9.400338697047427,15.9017672923167,14.59847425617882,20.44593289840368,18.80623186036442
2018-10-04 16:00:00.000003,1.696714650203659,1.69660469724492,13.39399892293093,12.02013297255411,14.04550168624838,12.74649472401454,10.49990244625062,9.467034490253317,15.94283469459666,14.63855702756766,20.45515944921225,18.81547187928754
2018-10-04 16:14:59.999997,2.07192067986316,2.071920036104552,13.4365459956721,12.06200653983546,14.09762546424358,12.7981428804688,10.56991342565395,9.533594233750149,15.98381711559283,14.67849860489362,20.46453804291434,18.8248462559527
2018-10-04 16:30:00.000000,2.409749813759115,2.409735720766396,13.47697956855695,12.10180179072516,14.14784800455094,12.84790102194595,10.63477260213963,9.595190955105997,16.02353407682176,14.71720473012679,20.47389982819364,18.83420197335994
2018-10-04 16:45:00.000003,2.752268180155474,2.752263706355474,13.5169591492081,12.14115271165477,14.1973021303428,12.89689279091582,10.6994312825479,9.656641246334466,16.0626023167098,14.75527264681697,20.4831998145731,18.84349299723853
2018-10-04 16:59:59.999997,3.054974255601377,3.054965118136325,13.55449145923703,12.17811078968879,14.24434814547459,12.94350681622647,10.75847204246576,9.712711141696461,16.09993602067308,14.79166487617177,20.49230717855515,18.85259649835129
2018-10-04 17:15:00.000000,3.338477662288832,3.338472362376715,13.58991158207898,12.21300965959019,14.28896728780375,12.98772893255311,10.81381711018753,9.765289806251591,16.13544087403707,14.82629117065034,20.50113377250268,18.86142727718794
2018-10-04 17:30:00.000003,3.588319791169291,3.588311193903567,13.62267955424432,12.24532376137684,14.33052945670877,13.02894106776014,10.86409165825538,9.8130531284915,16.1686289536295,14.85868285806308,20.50957826034321,18.86988782581827
2018-10-04 17:44:59.999997,3.806959084883932,3.806955921035457,13.65236805730103,12.27463658557887,14.36856719806709,13.06668393874724,10.90883706343015,9.85557594942237,16.19916002257296,14.88851169628042,20.5175460144878,18.8778863306156
2018-10-04 18:00:00.000000,3.978849874096894,3.978846864343633,13.67787489950231,12.29987080044018,14.40200062088626,13.09989304214532,10.94572974304869,9.890631303531832,16.22627424665033,14.91504525701401,20.52490949754426,18.8853002706442
2018-10-04 18:15:00.000003,4.113457056951306,4.11345223096628,13.69933132917072,12.32115466617355,14.43071724020218,13.12845528507667,10.97566540509439,9.919085594424612,16.24979313513554,14.93810259386962,20.53157435224795,18.89203671357569
2018-10-04 18:29:59.999997,4.191951637522484,4.191947620883939,13.71557565147275,12.33735285035379,14.45359772958316,13.15126779814157,10.99604564491273,9.938445337416466,16.26893712543511,14.95693241920409,20.53740998163497,18.89796933452658
2018-10-04 18:45:00.000000,4.213661308843359,4.213656678690499,13.72609365025793,12.34797176097097,14.46995061128999,13.16765596723872,11.00628205185438,9.948196886839783,16.28314446763992,14.97100138278943,20.54228456881899,18.90297095835994
2018-10-04 19:00:00.000003,4.18492003133042,4.184916013496006,13.73099510165242,12.35312346414783,14.47967496415229,13.17752449683821,11.0070590801064,9.949014851653113,16.29225780328383,14.98015839685604,20.54610059762237,18.90694662066435
2018-10-04 19:14:59.999997,4.081237708464267,4.081237282756083,13.72877308979584,12.35133654056345,14.48135777517433,13.17948331040344,10.99495180766673,9.937615266581647,16.29530575867247,14.98347136213003,20.54870876267692,18.90975282822867
2018-10-04 19:30:00.000000,3.91512287825128,3.915120186095662,13.71957947323109,12.34276166281161,14.47484451400596,13.17338049440934,10.97109677716019,9.915103767179096,16.29205741604231,14.98071076685919,20.54999559672221,18.91127830702926
2018-10-04 19:45:00.000003,3.687157118985016,3.687157697427733,13.70341194124378,12.32739054885303,14.46002337331656,13.15910027415456,10.93563608918295,9.88158279594575,16.28238129970559,14.97173491282668,20.54987658027969,18.91143932106143
2018-10-04 19:59:59.999997,3.400001440568126,3.399997625399953,13.68039338621283,12.30538090790897,14.436934371621,13.13673213827959,10.88895799851513,9.837463525192954,16.26626298991249,14.95654687245142,20.54829687826767,18.91018344610414
2018-10-04 20:15:00.000000,3.07764457255787,3.077643431924493,13.65215658112934,12.27830848439725,14.40694304073335,13.10759469531232,10.8348168579971,9.786347534968638,16.24455018203702,14.93595846459941,20.54529667829621,18.90754880928688
2018-10-04 20:30:00.000003,2.728115224642814,2.728110085023154,13.6196342098385,12.24704049343514,14.37112997252461,13.07269374660689,10.77476275121946,9.72967493953177,16.21804662575143,14.91072243120639,20.54097161402102,18.9036232644347
2018-10-04 20:44:59.999997,2.358007051383943,2.358002827728584,13.58362057638778,12.2123623478352,14.33049483942699,13.03302518555856,10.7099943397191,9.668578315517472,16.18749876153277,14.88155716979139,20.53544800966937,18.89852805251434
2018-10-04 21:00:00.000000,1.96857743254523,1.968574622095453,13.54455393879304,12.17470694629712,14.28569598739873,12.98924708650376,10.64099966433403,9.603508955105706,16.15345616610905,14.84899600392756,20.52885535763287,18.89238783464018
2018-10-04 21:15:00.000003,1.576633315320088,1.576631230242444,13.50366810519273,12.13528186534139,14.23803701854421,12.94264855428636,10.57030657344391,9.536883342164169,16.11687916590828,14.81396664449416,20.52136177478722,18.88536459801725
2018-10-04 21:29:59.999997,1.165847302578714,1.165842412107667,13.4605060057258,12.09363876237919,14.18741542013383,12.89313208440129,10.49615610281006,9.466984658526904,16.07785221020853,14.77655929600208,20.51307971218304,18.87757088151498
2018-10-04 21:45:00.000000,0.7642161100594125,0.7641971712615001,13.41671713015314,12.05139059123124,14.13536787948129,12.84221167784434,10.42232600455162,9.397443619730067,16.03742193747462,14.73778111640186,20.50417478913962,18.86916497198239
2018-10-04 22:00:00.000003,0.3654918480842428,0.3654704956446035,13.37269879903201,12.00892509774039,14.08255123767672,12.7905366029171,10.34871863329073,9.328136641883248,15.99612488585607,14.698154579942,20.49479673376126,18.86029404018497
2018-10-04 22:14:59.999997,-0.02682979164452773,-0.02683575604339454,13.32868619178347,11.9664749503645,14.02938904275955,12.73853208764464,10.27578981594234,9.259492820399897,15.954377757982,14.6580869174779,20.48507674701369,18.85108685678381
2018-10-04 22:30:00.000000,-0.40611234294601,-0.4061145353955873,13.28522677111734,11.92457369369268,13.97653377349151,12.68684167180314,10.20458676284091,9.192509672423489,15.91270596917268,14.61808825634295,20.47514490305866,18.84167101447792
2018-10-04 22:45:00.000003,-0.7669328260681014,-0.7669365384395734,13.24291301274951,11.88379404549056,13.92469716018051,12.6361604507468,10.13611579398452,9.128135721324437,15.87167360047184,14.57870246346427,20.46513467998178,18.83217621514116
2018-10-04 22:59:59.999997,-1.116255032612801,-1.116263834322595,13.20164136600575,11.84403081118993,13.87397763508426,12.5865816596115,10.06968460003081,9.065690576303325,15.8314325568388,14.54007790806754,20.45514342897432,18.82269799336243
2018-10-04 23:15:00.000000,-1.447020943473763,-1.447024624594389,13.1621904376536,11.80604633397304,13.82505010860547,12.53876943047009,10.00681368548269,9.006633675317204,15.7924121929756,14.50262805870384,20.4452707935121,18.81333337971569
2018-10-04 23:30:00.000003,-1.750326317978202,-1.750327736471869,13.12613511810095,11.77138176219299,13.77920518943171,12.49399311508912,9.95035235557744,8.953688237882972,15.75537923130609,14.46708659297424,20.43564391741785,18.80420396586982
2018-10-04 23:44:59.999997,-2.034842415787715,-2.034843409812302,13.09242381548686,11.73899918820563,13.73599918724156,12.45181155579633,9.897781498842935,8.90441299908811,15.72027515555444,14.43340131058052,20.42633470697026,18.79538008690695
2018-10-05 00:00:00.000000,-2.28934900409614,-2.289354197928357,13.06129328299727,11.70925110204917,13.69578432873497,12.41269117443885,9.849967238604657,8.860248063283633,15.68742202304185,14.40213631234839,20.41742104581609,18.78696164194973
2018-10-05 00:15:00.000003,-2.508647501298371,-2.508651781537197,13.03302860274946,11.68237561699179,13.65883865025802,12.37687547438886,9.807596241010279,8.821576770012056,15.65681764031856,14.37320373605334,20.40881509649087,18.77886210012014
2018-10-05 00:29:59.999997,-2.695847431205359,-2.695850604437901,13.00771788727818,11.65838674049659,13.62540100557496,12.34453359453112,9.770528023838567,8.78787586255537,15.62883403495407,14.34682172873658,20.4006307484898,18.77118074907228
2018-10-05 00:45:00.000000,-2.835661557765494,-2.83568259511821,12.98627823992607,11.63814639797494,13.59644580223061,12.31658861017923,9.740831860532712,8.76103278645418,15.6043494386901,14.32377331748548,20.39308142666039,18.76411649245363
2018-10-05 01:00:00.000003,-2.928108121988362,-2.928106859512498,12.96912100385366,11.62203969807119,13.57257137180769,12.29361011706827,9.718935523295224,8.741408828684623,15.58391461621097,14.30456051577629,20.38634133653012,18.75783209808792
2018-10-05 01:14:59.999997,-2.960073549575161,-2.960028959646559,12.95713222647995,11.61091598230214,13.55474848152744,12.27653632150822,9.706676815343197,8.730715085207757,15.56826403107021,14.28986392663844,20.3805643059002,18.75247087784971
2018-10-05 01:30:00.000000,-2.926546644838544,-2.926510012726911,12.9509664848041,11.60540139036076,13.54379581888617,12.26616074564043,9.705081894290238,8.72988260669365,15.55803640695013,14.2802793122185,20.37589088021024,18.74816398357195
2018-10-05 01:45:00.000003,-2.812343227179558,-2.812282356311786,12.9517285897376,11.60656110670231,13.54093463996887,12.26367061754245,9.716372433817803,8.740992980466174,15.55414911941642,14.27666529207551,20.37248489741264,18.74506576888502
2018-10-05 01:59:59.999997,-2.617080044803203,-2.617075521141666,12.95994726366381,11.61489648510418,13.54693161563921,12.2698074768208,9.741094105553959,8.764513201687757,15.55723794555574,14.27962031015871,20.37050487811839,18.74332604948564
2018-10-05 02:15:00.000000,-2.350404953173942,-2.350400539455625,12.97545802703754,11.63025024020714,13.56187051810593,12.28465520121205,9.778250379370856,8.799499984843116,15.5674335749661,14.28927764635095,20.37006155273194,18.74305171032241
2018-10-05 02:30:00.000003,-2.023358663559735,-2.023382606198835,12.99773421473669,11.65211337660499,13.58536074636368,12.30783460727299,9.826372594525653,8.844573204496147,15.58449148882202,14.30542136891116,20.37120459388926,18.7442941645722
2018-10-05 02:44:59.999997,-1.663391477601014,-1.663399926784436,13.02528120881964,11.67904977731752,13.61601046269781,12.33799586608326,9.881757104914854,8.896282578789387,15.60739527675655,14.32711784418734,20.37387334210829,18.74700114658748
2018-10-05 03:00:00.000000,-1.283927762670235,-1.283934709686362,13.05722003896832,11.71022126623295,13.65260947815317,12.37396262736072,9.94275614298039,8.953120061279146,15.63514460784344,14.35342964328155,20.37794017931384,18.75105427193473
2018-10-05 03:15:00.000003,-0.8929158387607772,-0.8929234239966289,13.09433173314402,11.74640936737339,13.69498185944479,12.41557130675061,10.01082796416591,9.016535185210893,15.66717015052345,14.38381997050712,20.38326747239509,18.75632353055441
2018-10-05 03:29:59.999997,-0.4845578382080291,-0.4845650927513376,13.13426999415422,11.78531470642562,13.74140174476705,12.46112612997807,10.08242128936301,9.083147821375512,15.70260939697393,14.41746542756822,20.38968723537358,18.76264728608533
2018-10-05 03:45:00.000000,-0.07754008685607693,-0.07754121155669444,13.17577296504425,11.82572053601436,13.7904325499299,12.50922595452209,10.15513219127534,9.150724305084232,15.74039727921398,14.4533623547298,20.39700203733386,18.76983760106024
2018-10-05 04:00:00.000003,0.3247547854420102,0.3247525693969937,13.21809323887411,11.86703975128591,13.84107944134923,12.55905003695596,10.22792366500759,9.21865802001517,15.77971573484128,14.49099550493385,20.40501819963609,18.77773428690536
2018-10-05 04:14:59.999997,0.714004845270284,0.7140016168760069,13.26036157182974,11.90865230213011,13.89227536085448,12.6098200128143,10.29935880507014,9.286101567776326,15.81972344510814,14.53000111870669,20.41353971527543,18.78620397028453
2018-10-05 04:30:00.000000,1.105722263953632,1.105987919986391,13.30325079408069,11.95175125691216,13.94430650367214,12.66215699767603,10.37135629239058,9.360517851721324,15.86042204255132,14.57157112905128,20.42244376503687,18.79524746903334
2018-10-05 04:45:00.000003,1.470580673951575,1.47071068276852,13.34506005597031,11.99323449543042,13.99561240681093,12.71337552969676,10.44000219720169,9.426751721628262,15.90075801894918,14.61162264175721,20.43155651762324,18.80446462253426
2018-10-05 04:59:59.999997,1.832070698905357,1.832114530410237,13.38640797061638,12.03401143091474,14.04643345926964,12.76386301899669,10.50776495413393,9.491258156017498,15.94077677354316,14.65084115502331,20.44077536802744,18.81373470063299
2018-10-05 05:15:00.000000,2.174820544481999,2.174867219446485,13.42653325025427,12.07352037608243,14.09605790351433,12.81307763941486,10.57278188696652,9.55302320383225,15.97998627845037,14.68912485874658,20.44999054150235,18.82297379502713
2018-10-05 05:30:00.000003,2.500993414549824,2.500997011583077,13.46532313880622,12.11170094750046,14.14424679837428,12.86083960238977,10.63506216832233,9.61216120551618,16.018129051742,14.72632789385228,20.45911125658187,18.83210716134037
2018-10-05 05:44:59.999997,2.810757143943693,2.810767626663538,13.50263480346633,12.14843151360103,14.19077556483134,12.90694947521811,10.69452889139713,9.668631430477742,16.05502680167844,14.76230832476255,20.46806516720391,18.84107046296175
2018-10-05 06:00:00.000000,3.073113488509134,3.073109819460937,13.53663174474615,12.18192093792211,14.23395190228288,12.94974716595143,10.74687114326467,9.718292619618998,16.08949932221757,14.79594185669667,20.47670056151327,18.84972117615576
2018-10-05 06:15:00.000003,3.319807439959462,3.3198085278491,13.56835450847945,12.21319674529957,14.27434168022274,12.98980031851144,10.79566370574973,9.76462468962767,16.12180906031092,14.8274850640723,20.48494651376665,18.85799200578654
2018-10-05 06:29:59.999997,3.504778711502405,3.504773629260294,13.59555584189918,12.24006031948737,14.3099080912378,13.02510180449232,10.83526686201183,9.802190960289805,16.15058880607623,14.85562410891434,20.4926317009298,18.86571970652435
2018-10-05 06:45:00.000000,3.653042563546407,3.653041793913095,13.61861856833279,12.26289171941034,14.34065137028752,13.05565417541463,10.86781805677036,9.833091467001546,16.1757008888775,14.8802225346071,20.49963961888876,18.87279032844724
2018-10-05 07:00:00.000003,3.745232479498786,3.745231368263997,13.63643895291105,12.28061196321965,14.36550791615627,13.08041027870816,10.89078464520004,9.85488863928798,16.19639999626453,14.90056227894363,20.50582709539684,18.87906615539627
2018-10-05 07:14:59.999997,3.784960450597741,3.78495863530134,13.64877027668942,12.29298367366327,14.38402599238195,13.09892716225906,10.9041989498762,9.867636165440501,16.21228329601607,14.91625352459905,20.51106912566493,18.88442560341386
2018-10-05 07:30:00.000000,3.753511605209361,3.753508696688483,13.65432536829556,12.29875005477016,14.39492165917278,13.10994069822273,10.90532231525761,9.868711187611533,16.22243356016471,14.92641288006011,20.51520455401781,18.88871239370915
2018-10-05 07:45:00.000003,3.664866503321591,3.664865631122555,13.65340618878842,12.29821159361665,14.39817756721755,13.11343720455348,10.89558974250326,9.859519149306394,16.22671003760082,14.93090191024793,20.5181207008614,18.89181773915788
2018-10-05 07:59:59.999997,3.513042673747983,3.513039561777075,13.6456672908152,12.29103042511919,14.3933982407279,13.10902718494097,10.87427719264204,9.839362033648284,16.22480412186166,14.92942124988999,20.51971760120831,18.89364326361348
2018-10-05 08:15:00.000000,3.297334240893473,3.297335048206722,13.63094460085398,12.27704814330471,14.38031187668047,13.09644375014111,10.84122389764244,9.808093739640496,16.21647141851534,14.92173376891792,20.51990984417745,18.894105582051
2018-10-05 08:30:00.000003,3.02418969135456,3.024187243934541,13.60962630639599,12.25667850377145,14.35913688415462,13.07594831508296,10.79746577217379,9.766726873484714,16.20178808559126,14.907923354836,20.51865028999236,18.8931591259398
2018-10-05 08:44:59.999997,2.711765889765492,2.711764400475294,13.58277831892738,12.23093342621996,14.3308513097193,13.04846735040736,10.74547592743902,9.717620806392434,16.18139681885537,14.88860080344682,20.51596558760729,18.89082871926562
2018-10-05 09:00:00.000000,2.372449355213698,2.372445672190556,13.55156544905526,12.20092160238627,14.29668735005311,13.01517394941226,10.68740488678663,9.662804687981566,16.15615392284579,14.86457457602962,20.51194835675348,18.88720076552616
2018-10-05 09:15:00.000003,2.005440088813942,2.005440263152446,13.51639510179817,12.16704610969254,14.25727831023244,12.97669899752301,10.62358554682764,9.602575670452728,16.12658965821007,14.83635390948784,20.5067050417018,18.88237663250944
2018-10-05 09:29:59.999997,1.630531540133473,1.630527492867339,13.4786626026115,12.13067544882053,14.2140598125091,12.93446560995896,10.5569422399748,9.53973095389935,16.0937387123747,14.80493681611987,20.50039331821542,18.87650746010154
2018-10-05 09:45:00.000000,1.240014214381839,1.240012854707681,13.43847021416419,12.09190671480733,14.16744751798405,12.88888420045021,10.48697377282591,9.47376064337126,16.0580345513859,14.77074449099832,20.4931537484917,18.86972893581156
2018-10-05 10:00:00.000003,0.843853050155899,0.8438498741685062,13.39658280087041,12.05149136879248,14.11829253336429,12.84080117715576,10.41515296397223,9.406071346272304,16.02011718404482,14.73440188193179,20.48512858574354,18.86218242889705
2018-10-05 10:14:59.999997,0.4484838942552595,0.4484878193012212,13.35390229241415,12.01031024863637,14.06760298888726,12.79120936509377,10.34283301413359,9.33794533407891,15.9807068021282,14.69660430376145,20.47647385909755,18.85401814328122
2018-10-05 10:30:00.000000,0.05183203470228823,0.05180557357569898,13.31051107850764,11.96844359402896,14.01570802378203,12.7404387680352,10.26991124219635,9.269262707086005,15.94016703239697,14.65770752050022,20.46731823208447,18.84536273674386
2018-10-05 10:45:00.000003,-0.3323574470965746,-0.3323577114045701,13.26729137989785,11.926757505099,13.96354492476018,12.68941768649307,10.19832717032004,9.201891960233656,15.89921308224536,14.61840529681147,20.45780754787766,18.83635843714116
2018-10-05 10:59:59.999997,-0.7108490801207026,-0.710859700125086,13.2242560526513,11.88525447840057,13.91136298733418,12.6383841507175,10.12754455192953,9.135284038681904,15.85812105584259,14.57896522182647,20.44805810576694,18.82711938423967
2018-10-05 11:15:00.000000,-1.074857868630984,-1.074863274981475,13.1820072158775,11.84452196451211,13.85981920294861,12.58798304608312,10.05880243058319,9.070629374237125,15.81738826828723,14.53986744111688,20.43818879290861,18.81776141153188
2018-10-05 11:30:00.000003,-1.419586205965467,-1.41959337605999,13.1413652272447,11.80536034428175,13.80973018253797,12.5390179476171,9.993483855416446,9.009238687130111,15.77758583180482,14.50166289127051,20.42832396332416,18.80840617702442
2018-10-05 11:44:59.999997,-1.746071593453107,-1.746075259256277,13.1035946486103,11.76900615035402,13.76210594604756,12.49247807777377,9.93345497709725,8.952887112551158,15.73927952057619,14.46488960155163,20.41858940286722,18.79917261483765
2018-10-05 12:00:00.000000,-2.048109038330221,-2.048112527952674,13.0682709577381,11.73504041083267,13.71703473012345,12.44845398324564,9.877911743648216,8.900797173343292,15.70275723548341,14.4298367777976,20.40908663514874,18.79016149421516
2018-10-05 12:15:00.000003,-2.325142792999325,-2.325147385388499,13.03524779544844,11.70345205155043,13.67462532012891,12.40718203966468,9.826518710657504,8.853333242090022,15.6682199897407,14.39698039373094,20.39990080819515,18.7814820777651
2018-10-05 12:29:59.999997,-2.567152556671228,-2.567157274609867,13.00506545278102,11.67471197250251,13.63547443641189,12.3692076007647,9.780559770468807,8.811321913489461,15.63615410680137,14.36667623833743,20.39113250020248,18.77323197665246
2018-10-05 12:45:00.000000,-2.779232499239108,-2.77923745473056,12.97773681647501,11.64876050214303,13.59975055607942,12.334628727326,9.739655191419027,8.774033761784295,15.6067447815813,14.33895870720763,20.38286278695748,18.76547747395189
2018-10-05 13:00:00.000003,-2.953918350301408,-2.953920159329787,12.95368381116826,11.62598281628354,13.56791377834679,12.30386654211289,9.70475176869965,8.742323027499143,15.58035398547249,14.31412616969972,20.3751761294991,18.75829223966565
2018-10-05 13:14:59.999997,-3.078189535918799,-3.078185695171985,12.93376787468861,11.60720117043787,13.54086462997148,12.27778589583462,9.677711890357243,8.717915995921938,15.55766581731842,14.2928000750806,20.36818817831089,18.75178057837693
2018-10-05 13:30:00.000000,-3.154358294573769,-3.15435170667911,12.91825434451375,11.59266168490051,13.51904702890548,12.25680918084056,9.658633032290506,8.700865647961423,15.53907531215152,14.27534096304819,20.36200804800642,18.74604218613167
2018-10-05 13:45:00.000003,-3.163978696779468,-3.1639718201819,12.90824815744071,11.58343029773507,13.50361077663865,12.2420555525096,9.649983634574557,8.6934847592858,15.52544405121428,14.26255309025406,20.35678028625319,18.74121314614614
2018-10-05 13:59:59.999997,-3.096636326574008,-3.096621765793837,12.90478965213545,11.58050621102661,13.49576620458429,12.23469982797623,9.653607333399203,8.697475106994267,15.5177118987356,14.25531562779854,20.35268291223845,18.73745947342711
2018-10-05 14:15:00.000000,-2.945960130517872,-2.945960471037615,12.90869303644098,11.58466970074294,13.49655171058867,12.23575099656243,9.67077118408292,8.713992466792321,15.51671827424604,14.25441862391345,20.349901575401,18.73495752573532
2018-10-05 14:30:00.000003,-2.702441703537657,-2.702489423951164,12.92086440928658,11.59679323256132,13.50707629209722,12.24628882922758,9.70304521942472,8.744490770193542,15.52334778697412,14.26069656351245,20.34863372223369,18.73389558504401
2018-10-05 14:44:59.999997,-2.387990169185315,-2.387980947674591,12.94065941163572,11.61625081147131,13.52703746761182,12.26601717036612,9.748073395829312,8.78673043396136,15.53750376227564,14.27407215188127,20.34899635580176,18.7343868787481
2018-10-05 15:00:00.000000,-2.026055747740804,-2.026057416600952,12.96677853097317,11.64179089775435,13.55530689107101,12.29384060496229,9.802546779815831,8.837627821515106,15.55838680498309,14.2938239181161,20.35099001874928,18.73644037019147
2018-10-05 15:15:00.000003,-1.625635240374103,-1.62564137207337,12.99835648909928,11.67258462528503,13.59091928124257,12.32882291022744,9.864825083036813,8.895668907769283,15.58523826089617,14.3192442529772,20.35455099279999,18.7399987883218
2018-10-05 15:29:59.999997,-1.213286113041487,-1.21329329115289,13.03471375393051,11.70799704615445,13.6326714692572,12.3698006388292,9.933005107312123,8.959117435036836,15.61694916291976,14.34929641204076,20.35953642402453,18.74493001817123
2018-10-05 15:45:00.000000,-0.7893654843042955,-0.7893709678152154,13.07552861030083,11.74772569133918,13.67974994252203,12.41598127110176,10.00699489961754,9.027939359077445,15.65275344519816,14.38325302647422,20.36578163842852,18.75107636667914
2018-10-05 16:00:00.000003,-0.3465009048780995,-0.3465093901707882,13.11936397853488,11.79036207916261,13.73094961245839,12.46618078634647,10.0850058733466,9.100440004356813,15.69198280177937,14.42047401606218,20.37312088997073,18.75827848842989
2018-10-05 16:14:59.999997,0.09285602870592288,0.09285386801418255,13.16469137318725,11.83442842025887,13.78469264168137,12.51885922030859,10.16388300738346,9.173665106306268,15.73351137811961,14.45990004380718,20.38135175095274,18.7663438948712
2018-10-05 16:30:00.000000,0.5267307788279817,0.5267297412726164,13.21075524809179,11.87919979938112,13.83994382374437,12.57300882013049,10.24272798201841,9.246813272766104,15.77649168907721,14.50072989850763,20.39027402615152,18.77508130728954
2018-10-05 16:45:00.000003,0.9388625743866891,0.939219746172206,13.25625317467052,11.92385405167262,13.89527396258592,12.6277226803485,10.31897449632116,9.31859866542272,15.81983096801293,14.54276913126692,20.39966607303546,18.78436012617686
2018-10-05 16:59:59.999997,1.366356310930493,1.366251333995252,13.3030920490401,11.97033757449912,13.95195834979212,12.68427688581864,10.39752126510628,9.39578205552282,15.8641214530436,14.5868876582537,20.40944213891746,18.7941547573622
2018-10-05 17:15:00.000000,1.755104394730901,1.755134187759132,13.3482140544562,12.01551770143299,14.00741120845462,12.73995515493673,10.47118064143491,9.470621204631392,15.90776435331001,14.6311803967625,20.4194004776936,18.80425306848036
2018-10-05 17:30:00.000003,2.152592597951284,2.15260510706248,13.39335643640768,12.06016079991876,14.06272348845559,12.79505536970838,10.54538975183332,9.541726078605334,15.95129487244805,14.67417861373306,20.429467400882,18.81439949299164
2018-10-05 17:44:59.999997,2.509932058694055,2.509928040515878,13.43627960802006,12.10242840095594,14.11603039505022,12.84796111649055,10.61411904038882,9.607012677486814,15.99346722181726,14.71544459346773,20.43948342303002,18.82444668788012
2018-10-05 18:00:00.000000,2.869558227551264,2.869559654657349,13.47858084360936,12.14403280977789,14.16838589869857,12.89984859436866,10.68229871299313,9.671741001979468,16.03484030658981,14.75581026350225,20.44940186401163,18.83437071214889
2018-10-05 18:15:00.000003,3.185643928276622,3.185638383785609,13.51810644975193,12.18290519114164,14.21799137856829,12.94899261831126,10.74424014897094,9.730482858708578,16.07424132803552,14.79423155852913,20.45908453126649,18.84405301888313
2018-10-05 18:29:59.999997,3.479033482079495,3.479029552468184,13.55528642038904,12.21948400244324,14.26485315805719,12.99541932008863,10.80206413457748,9.78533223256966,16.11155609204499,14.8306211279908,20.46843658511084,18.85340649752264
2018-10-05 18:45:00.000000,3.723320746986227,3.723314503074564,13.58870390254947,12.252388328594,14.30760447133369,13.03778854283506,10.85241251051223,9.833062337714873,16.1458296137914,14.8640680005894,20.4773100776014,18.86229192812766
2018-10-05 19:00:00.000003,3.935957539987678,3.93595489557097,13.61853250396635,12.28179462153363,14.34617588351433,13.07603924132923,10.8966454655358,9.875014441269531,16.17693231643537,14.89445339665341,20.48560106094537,18.87061081282373
2018-10-05 19:14:59.999997,4.089327170968988,4.089324897227797,13.64319025266563,12.30615662450096,14.37908733466519,13.10871453388564,10.93107223197569,9.907636044165486,16.20384543989407,14.92079604860336,20.49315177942387,18.87821268346558
2018-10-05 19:30:00.000000,4.192647960014114,4.19264416986401,13.66259912741227,12.32539892715581,14.40596918228518,13.13544880848177,10.95632655306036,9.93154569184228,16.22619012637503,14.94271911380388,20.49983089053815,18.88496845095566
2018-10-05 19:45:00.000003,4.232722329323546,4.232719714450139,13.67584074569815,12.3386307150234,14.42585405261945,13.15529447399086,10.97052121030278,9.94496997478902,16.24325672915313,14.95954678738664,20.50549143422857,18.89073595116665
2018-10-05 19:59:59.999997,4.201730065552345,4.201727032090341,13.68203725133362,12.34500239992516,14.43773530525219,13.16726778648189,10.97215637922604,9.946503055420036,16.25427679351555,14.97054724562593,20.50997150896164,18.89536064395407
2018-10-05 20:15:00.000000,4.116581169702426,4.116578415615159,13.68179653458524,12.34511049380491,14.44189492378328,13.17164640524179,10.96325288535483,9.938103689123805,16.25931858040737,14.97578036224025,20.51317768019568,18.89874822576995
2018-10-05 20:30:00.000003,3.94775806216856,3.947757446105525,13.67347423797032,12.33734878258572,14.43685114033828,13.16697433357547,10.93987845530661,9.915983056666384,16.25738452247041,14.97428925930878,20.51495755151298,18.90075492121742
2018-10-05 20:44:59.999997,3.721855846386756,3.721852633472785,13.65802819738942,12.32266525919616,14.4231615898353,13.15381665065271,10.90509351066676,9.883075065164661,16.24870927208336,14.96628653355603,20.51523889318926,18.90130747463938
2018-10-05 21:00:00.000000,3.433781087320087,3.43377934437753,13.63542913218887,12.30105975630745,14.40081856461513,13.13220657011569,10.85859617127973,9.839112538543667,16.23328173239866,14.95177936545429,20.51397367158911,18.90036068401637
2018-10-05 21:15:00.000003,3.102312266738588,3.102308497615901,13.60695651520697,12.2737098538046,14.37088572534153,13.10309222617837,10.80333067635094,9.78689235832379,16.21175577458227,14.93137003338268,20.51118925976762,18.89793749613797
2018-10-05 21:29:59.999997,2.742234297870055,2.742232538356769,13.5738520021887,12.24183579511777,14.33465275328553,13.06774964204346,10.74172281775644,9.728723443970848,16.18504770326621,14.90593263101103,20.50698259156562,18.89412893202417
2018-10-05 21:45:00.000000,2.355341738409535,2.355334759227783,13.53671006895709,12.2060241956834,14.29297740752097,13.02703484490712,10.67438387824806,9.665166633324517,16.15381921676873,14.87610554488192,20.50147403939033,18.88904916965894
2018-10-05 22:00:00.000003,1.961773523112735,1.96177133645919,13.49700607530291,12.16772032245545,14.24741332206361,12.98248582232795,10.6043459697068,9.599121118292667,16.11920313575326,14.8429828631049,20.49484105722609,18.8828687770444
2018-10-05 22:14:59.999997,1.545839548516192,1.54583679008254,13.45444906819004,12.12663537194812,14.19807282855828,12.93421307878589,10.53004505817732,9.529049854866713,16.08143605251061,14.8067980795062,20.48721668440946,18.87571753498318
2018-10-05 22:30:00.000000,1.136321262575011,1.136315669534349,13.41069424915894,12.08438925784092,14.1465467694171,12.88378828862506,10.45535742972141,9.458676058848544,16.04165639702212,14.76865141412927,20.47878733558507,18.86777695800648
2018-10-05 22:45:00.000003,0.7161393536356481,0.7161322391619102,13.36553166135158,12.04077399139511,14.09299189622391,12.8313664322024,10.37870922568379,9.386452773558922,16.00009648797844,14.72877307808535,20.46968888416289,18.85918089779494
2018-10-05 22:59:59.999997,0.3068530025111345,0.3068513440490268,13.32030582074598,11.99710540123082,14.03871788792214,12.77823952264154,10.30303469291675,9.315198339119918,15.95766325370094,14.6880387480115,20.46008848664664,18.85009091319822
2018-10-05 23:15:00.000000,-0.1020789195875742,-0.1021129770666004,13.27477215072916,11.95314291621602,13.9838084225434,12.72449625574861,10.22727977856644,9.243868159861842,15.91457934532042,14.64666904342267,20.45010976659862,18.84062925429831
2018-10-05 23:30:00.000003,-0.4956351125625804,-0.4956525076153194,13.22979877831832,11.90973926656683,13.9291526688998,12.67101621581249,10.1534384226731,9.174390757706554,15.87151017767879,14.60530961873428,20.43989140558388,18.83093129868264
2018-10-05 23:44:59.999997,-0.8756673062151515,-0.8756785186759477,13.18567415984013,11.86716731920594,13.87522685806873,12.61826156919702,10.08165655901206,9.106875666145987,15.82887489418817,14.56436534244391,20.4295584329868,18.82111931016036
2018-10-06 00:00:00.000000,-1.240102938110117,-1.240113942330819,13.14273325420845,11.82574989421012,13.82247408547856,12.56666336779609,10.012402776679,9.041762100659035,15.7870360499517,14.52418494569227,20.4192229064048,18.81130185984743
2018-10-06 00:15:00.000003,-1.585387434288692,-1.585386067879235,13.10211604149534,11.78660657410332,13.77168415624326,12.51700012175738,9.947668415301708,8.980963085708419,15.74614434739849,14.48490425961217,20.40882389856725,18.80141708359088
2018-10-06 00:29:59.999997,-1.909323912689962,-1.909324873479483,13.06425009704311,11.75015055241778,13.72341956619112,12.46982266740836,9.887999496617004,8.924980500390264,15.70678215897186,14.44708775186876,20.39850742217446,18.79160733375496
2018-10-06 00:45:00.000000,-2.208938692396087,-2.208938750221261,13.02871881932116,11.71602413934505,13.67778035511272,12.42528597634321,9.832513363524807,8.873187816291185,15.66937094742048,14.41126393263201,20.38846622641828,18.78207260283891
2018-10-06 01:00:00.000003,-2.480771161285973,-2.480772566751388,12.9956777570831,11.6844713631706,13.63507904102928,12.38378500214749,9.78156776130174,8.826487803472956,15.63427461427787,14.37798738721019,20.37884734086561,18.77297998639985
2018-10-06 01:14:59.999997,-2.716959103274788,-2.716965196065263,12.96567152367975,11.65591193810241,13.5959320468174,12.34583635078214,9.736281306787811,8.78515241606654,15.60196743395639,14.3474820983353,20.36976643988822,18.7644300692465
2018-10-06 01:30:00.000000,-2.912613193583099,-2.912609006200948,12.93918037751825,11.6307639173271,13.56091390449577,12.31195013929495,9.697514373908838,8.749875162930886,15.5729010343248,14.32008331316862,20.36132347598897,18.75650547962026
2018-10-06 01:45:00.000003,-3.056884035741604,-3.056882866973059,12.91697638816375,11.6097582252739,13.53087159938856,12.28293337200001,9.666844823380465,8.722112237419866,15.54771613258059,14.29636577762292,20.35363276967133,18.74930872989914
2018-10-06 01:59:59.999997,-3.147125035238634,-3.147120102962527,12.89954828755416,11.59335901084215,13.5064516756872,12.25940687065833,9.644949711028337,8.70247712457758,15.52693299445681,14.2768104587588,20.34681103683977,18.74294699203341
2018-10-06 02:15:00.000000,-3.169537733694505,-3.169528015753025,12.88785484368803,11.58248632983103,13.4887081633074,12.24239138293989,9.63381374008386,8.692809968605488,15.51135705564642,14.26216337661129,20.34100291770136,18.73755411879278
2018-10-06 02:30:00.000003,-3.11349617763732,-3.113614090233403,12.88289784834229,11.57809329825958,13.47880959391837,12.23301182999528,9.635241472959096,8.694759387466283,15.50189534100839,14.25326618047003,20.33638438600859,18.73329247958806
2018-10-06 02:44:59.999997,-2.970515167005573,-2.970567130691523,12.88559224970943,11.58107779556847,13.47788064314063,12.23238173852141,9.650757090821491,8.709763364516578,15.49943822153085,14.25096909628848,20.33314047386426,18.73034181307526
2018-10-06 03:00:00.000000,-2.728573351787877,-2.72852306427934,12.89700372644491,11.59246161501431,13.48718729775504,12.24172881694359,9.68229391231521,8.739609323276357,15.50498538872567,14.25621153656867,20.33148246269016,18.7289010469906
2018-10-06 03:15:00.000003,-2.410747206393353,-2.410711109979517,12.91648810867469,11.61160562949036,13.50645691572644,12.2607745881372,9.7274028289967,8.78194106993247,15.51847025199918,14.26894276208915,20.33153705092817,18.7290931963726
2018-10-06 03:29:59.999997,-2.037441595762254,-2.037378780520517,12.94293257067459,11.63744546135418,13.53475364721428,12.28861655109186,9.783196340626333,8.834076206330808,15.53923630168553,14.28856641738761,20.33332506677963,18.73094437896939
2018-10-06 03:45:00.000000,-1.626906404770759,-1.626872352383808,12.9750642215812,11.66875417149658,13.57077399954665,12.32398610867482,9.846916651069773,8.893438462674734,15.56630668700767,14.31417431917898,20.33677487104787,18.73439090059025
2018-10-06 04:00:00.000003,-1.214057671030859,-1.214035830525851,13.01161290277025,11.70432859075066,13.61272886026588,12.36514967520374,9.915386410306978,8.957111469480466,15.59814985225682,14.34433875600618,20.34170036168074,18.73926072075213
2018-10-06 04:14:59.999997,-0.7853471755917693,-0.7853493717863836,13.05279936719358,11.74439447338771,13.66016618633788,12.41166853513123,9.990155742479237,9.026625399457917,15.6341934633008,14.37850994266206,20.34792896329351,18.74538765731931
2018-10-06 04:30:00.000000,-0.3436826825185446,-0.3436933718751274,13.09672512642417,11.78709480799041,13.71151310048904,12.46199912679293,10.06817974417356,9.099091668194301,15.67354151646275,14.41583522968565,20.35526720203976,18.75258644938364
2018-10-06 04:45:00.000003,0.09519036489923377,0.09517901713214003,13.14209465918458,11.83117945262365,13.76533357575753,12.51474080101107,10.14705451674527,9.172275085170439,15.71513398047661,14.45531505435632,20.36350220390802,18.76065402285775
2018-10-06 04:59:59.999997,0.5328683173244013,0.5328599330351418,13.18842565407243,11.87618724022072,13.82084399737635,12.56913028522232,10.22647510530908,9.24592921032975,15.75829425799081,14.4963055515923,20.3724422756274,18.76940579384007
2018-10-06 05:15:00.000000,0.9501575811282824,0.9501465747282088,13.23434668241913,11.92129842696716,13.87659478896442,12.6243269595351,10.30357632508915,9.318657376043989,15.8019322276108,14.53877832496933,20.38187049677305,18.77873314914009
2018-10-06 05:30:00.000003,1.380108010673971,1.380089643880618,13.28152335114517,11.96828199884373,13.93366554695672,12.68140890464328,10.38266347178143,9.397678925964676,15.84651235561977,14.58355694868783,20.39169394247197,18.78861248132911
2018-10-06 05:44:59.999997,1.783277712279632,1.783260291482917,13.32765839535368,12.01427392960004,13.99010326304837,12.73792677619185,10.4584976428282,9.473281236725816,15.89084497120485,14.62817790462208,20.40174327413014,18.7987816878739
2018-10-06 06:00:00.000000,2.187402390119102,2.187392643513433,13.37360738737949,12.0596220416336,14.04633003734314,12.79385321760851,10.53406641154314,9.545470184168545,15.93506732586394,14.6717121999679,20.4119278891245,18.80902505590638
2018-10-06 06:15:00.000003,2.559817331874011,2.559805747084265,13.41779891421837,12.1030881735808,14.10097972865761,12.8480456373139,10.60525444735512,9.613043121884886,15.9782214486567,14.71387926916144,20.42210521217458,18.81921725534429
2018-10-06 06:29:59.999997,2.926238821410438,2.92623607431251,13.46109150996007,12.14563264877298,14.15452787996889,12.90108840623006,10.67494309443478,9.679155749839358,16.02050536941761,14.75510612893604,20.43220577793445,18.82931202262472
2018-10-06 06:45:00.000000,3.256666770461209,3.256662567171634,13.5019348915117,12.18576820706198,14.20560276683669,12.95166570715081,10.73929781215201,9.740161077931653,16.06101250158776,14.79458477674797,20.44210200885816,18.83919724451762
2018-10-06 07:00:00.000003,3.553689542813607,3.553687708067823,13.5400649997601,12.22325105480643,14.25362717636363,12.99922339049162,10.79842565759501,9.796202685876262,16.09923466305446,14.83184263087289,20.45166838988613,18.84875595968008
2018-10-06 07:14:59.999997,3.80731127164939,3.807308928929596,13.57445994255731,12.25708684468268,14.29756329838587,13.04274596058267,10.85039527670965,9.845439429569847,16.13443751663344,14.86617964526329,20.46075912300208,18.8578505214076
2018-10-06 07:30:00.000000,4.017802181001763,4.017799869537138,13.60466306655575,12.28683314812786,14.33678200598552,13.08161660393757,10.89476998477061,9.88747464737709,16.16611363824857,14.89710734162289,20.46923813169709,18.86634909801009
2018-10-06 07:45:00.000003,4.170421882807287,4.170419928737029,13.62954778136341,12.31139057433032,14.37010854180858,13.11468081244275,10.92928035500205,9.92012690802545,16.19340677588793,14.92379979066991,20.47694145387218,18.87409526184026
2018-10-06 07:59:59.999997,4.270088139700492,4.270086350446576,13.64892555197876,12.33057851842071,14.39710654341909,13.14151136151654,10.95414882126174,9.943627649131496,16.21590504665971,14.9458564430793,20.48373017859462,18.88095394218406
2018-10-06 08:15:00.000000,4.292753694249601,4.292751634784099,13.66118967667287,12.34283471526708,14.41619420248594,13.16055628226899,10.96590503575852,9.954692735659318,16.23249153788029,14.96221347619745,20.48941689069122,18.88674447360922
2018-10-06 08:30:00.000003,4.251489786920689,4.251487461780675,13.66646034810818,12.3482861726158,14.42713228315347,13.17158819269037,10.96571928628671,9.954483342746757,16.24285381575427,14.97257303882946,20.49385590709468,18.8913269767687
2018-10-06 08:44:59.999997,4.144236345382007,4.144234057166774,13.66454162360183,12.34674228131571,14.42960084129304,13.17429251979115,10.95334336414387,9.942764506915324,16.2467071528983,14.97665799017232,20.49692944635822,18.89458549944428
2018-10-06 09:00:00.000000,3.952938459004228,3.952936204949463,13.65420401795996,12.33707243816509,14.42240042985979,13.16758704139197,10.92612266163898,9.917014788507233,16.24320393829611,14.97368186011522,20.49848583432857,18.89637885833044
2018-10-06 09:15:00.000003,3.706520079547486,3.706517112605472,13.63668085854529,12.32038245816911,14.40636437342503,13.15216264687478,10.88762664241425,9.880601671546241,16.2327718428706,14.96400910188864,20.49846986172631,18.89664841413086
2018-10-06 09:29:59.999997,3.395861084748389,3.395859169853705,13.61181565418731,12.29651492647047,14.38142532396507,13.12793816527095,10.83710626467034,9.832806671520519,16.21538167155182,14.94760004375217,20.49684196833971,18.89535262251601
2018-10-06 09:45:00.000000,3.04483422479711,3.044831359499363,13.58118438532856,12.26702592640131,14.34890497929513,13.09623305055885,10.77821462006092,9.777146040715984,16.19185492846806,14.92524360394513,20.49364995893643,18.89253506887504
2018-10-06 10:00:00.000003,2.666637408857496,2.666634592070195,13.54599941991314,12.2331011869674,14.31013713106094,13.05836700029906,10.71317478527108,9.71572848851812,16.16316160062758,14.89787245157813,20.48900938419026,18.88830287324512
2018-10-06 10:14:59.999997,2.268442416184743,2.268437021958212,13.50719544192156,12.19565410543572,14.26629834694577,13.01550382865975,10.6433759213772,9.649859679135488,16.1301852550945,14.86634155529701,20.48307126184467,18.88280182044595
2018-10-06 10:30:00.000000,1.858302173906544,1.858301540027239,13.46567843453403,12.15556873672334,14.21850512696086,12.96874570009059,10.57031594483279,9.580955710611276,16.09379802691192,14.83149538845092,20.47600914148656,18.87620031882064
2018-10-06 10:45:00.000003,1.436658031196582,1.43665442011525,13.4218882276685,12.11327225743715,14.16745137823504,12.91877744483574,10.49442726180574,9.509407048319405,16.05460754607349,14.793925144205,20.46798723334089,18.86865946540266
2018-10-06 10:59:59.999997,1.014583101476892,1.014584897029808,13.37672621584477,12.06964435552267,14.11415645665077,12.86660404205871,10.41745351278051,9.4368754678449,16.01340760958476,14.75439897849884,20.45917995580091,18.86034898906448
2018-10-06 11:15:00.000000,0.5882443213181663,0.5882491799218539,13.33056706883915,12.02504959590824,14.05920715471751,12.81280276624829,10.33939167040728,9.36333382258097,15.970663425197,14.71336850184338,20.44973717889644,18.85141488294959
2018-10-06 11:30:00.000003,0.1672075251346213,0.1671997708411955,13.2841058363352,11.98016574422543,14.00340478766734,12.7581642473708,10.26163212271393,9.290104314047152,15.92700036395704,14.6714397040584,20.43980893885258,18.84200381438692
2018-10-06 11:44:59.999997,-0.2515987790832815,-0.2516002074747006,13.2373715453674,11.93502729588334,13.94700109732073,12.70294783902771,10.18395013643835,9.21696377357704,15.88271771479151,14.62890818531813,20.429515883535,18.83223464186408
2018-10-06 12:00:00.000000,-0.6597500895930816,-0.6597656151716914,13.19095209112231,11.89020390434097,13.89064883402743,12.64779318869717,10.10756254068141,9.14506935803493,15.83832352233048,14.58626572083666,20.41898052433191,18.82222757605726
2018-10-06 12:15:00.000003,-1.055220438555198,-1.055226159872962,13.14525345144897,11.84608877689365,13.83488212963875,12.59322250580951,10.03302704751311,9.074945551409717,15.79425472919744,14.54393480962869,20.40831947911718,18.81209650497182
2018-10-06 12:29:59.999997,-1.431569377079429,-1.431575712508024,13.10117694900517,11.8035599370289,13.78056249788604,12.54008100497265,9.961951602845692,9.008119457119097,15.75109902917666,14.50248053573722,20.39765809651884,18.80196343735266
2018-10-06 12:45:00.000000,-1.788689285552894,-1.788696338821094,13.06016301362361,11.76402581542747,13.72883172946539,12.48948790728004,9.896539102149497,8.94668559942304,15.70949156805555,14.46250771486385,20.38712705580559,18.79195273494608
2018-10-06 13:00:00.000003,-2.12048240823224,-2.120493009272197,13.02168806487663,11.72697973509095,13.67975367581347,12.44151976982979,9.835759191495502,8.889678682949814,15.66972770311964,14.42433315415036,20.37683270440709,18.78217076854412
2018-10-06 13:14:59.999997,-2.425080607656555,-2.42508565038229,12.9856476110691,11.69246422928518,13.6334766819217,12.3964616307188,9.779432444803028,8.837732002586046,15.63205048271502,14.38850139514259,20.36686661417734,18.77273679457164
2018-10-06 13:30:00.000000,-2.697853454403428,-2.697856073009373,12.95235305573757,11.66070206397075,13.5904080417094,12.35465311446482,9.72819347616578,8.790848897304315,15.59681305455071,14.35518833497352,20.35732193130453,18.76373823165762
2018-10-06 13:45:00.000003,-2.936064389866133,-2.936069544539995,12.92211400553608,11.63192189641086,13.55094909504237,12.31641763673568,9.682559588314794,8.749200243320482,15.5643597459518,14.32457852693591,20.34829000872301,18.75524899326132
2018-10-06 13:59:59.999997,-3.128353934037728,-3.128353251671215,12.89566676767216,11.60681166414897,13.51588407805564,12.28249160079917,9.644119157723164,8.71423060600632,15.53529644690355,14.29719390320849,20.33988366605221,18.74736809956769
2018-10-06 14:15:00.000000,-3.271457496598086,-3.271464857603448,12.87353953045423,11.58587089627451,13.48588007837014,12.25351199942197,9.61363231294078,8.686629126465329,15.51015136950864,14.27351790913738,20.33222148305245,18.74020349017342
2018-10-06 14:30:00.000003,-3.353866784805771,-3.353877927955797,12.85655554672968,11.56988960298189,13.46186266072383,12.23037457275753,9.592777972097885,8.667957230425632,15.48964955500451,14.25422439843047,20.32544332231119,18.73388537987038
2018-10-06 14:44:59.999997,-3.362319715072961,-3.362293641670341,12.84574106922205,11.55985198661557,13.44499214954438,12.21420397175902,9.583610679158362,8.660114057638614,15.47471099512623,14.24016922403947,20.31972123505772,18.72857416055413
2018-10-06 15:00:00.000000,-3.289880289069193,-3.290127835042281,12.84192566278402,11.55654016902085,13.43631171099204,12.2060017214119,9.587472584221072,8.66429555033039,15.46618462043837,14.23214074987712,20.31523990210199,18.7244427203317
2018-10-06 15:15:00.000003,-3.124438036193155,-3.124585000519146,12.84617055726623,11.56099909116881,13.43707133665565,12.20700308934301,9.60629880818211,8.682361892531054,15.46504853316921,14.23107209676942,20.3122030628697,18.72168578142922
2018-10-06 15:29:59.999997,-2.862850766695976,-2.862931091278306,12.85931412964066,11.57402777264094,13.44836331797612,12.21826825674917,9.641081075830018,8.715173164033374,15.47213265257292,14.23774663406377,20.31081474944591,18.72049788880923
2018-10-06 15:45:00.000000,-2.536238878274025,-2.536201015259127,12.88005024194968,11.59436171381198,13.46926745036525,12.23890027926304,9.688066204199815,8.75920397282137,15.4869436160544,14.25172571153348,20.31115826848609,18.72096421207287
2018-10-06 16:00:00.000003,-2.154236916124283,-2.154182102908351,12.9075800982244,11.62122844661484,13.49901113507318,12.26814472302543,9.745523687207418,8.812831009193543,15.50890204346779,14.27247365022966,20.31323723635061,18.72309271272276
2018-10-06 16:14:59.999997,-1.737639313250825,-1.737598912623724,12.94055996292951,11.65333355781596,13.5362160786501,12.30465906374878,9.810495314412954,8.873303244706738,15.5369909867616,14.29904246649141,20.3169634157838,18.72680344579782
2018-10-06 16:30:00.000000,-1.308346412180533,-1.308339367319728,12.97758365701439,11.68932895864686,13.57924178909225,12.3468490291471,9.879998894913,8.937859895751565,15.56989927898717,14.33020598968345,20.32216326674371,18.73193446332926
2018-10-06 16:45:00.000003,-0.863789954981247,-0.8637825402471562,13.0205282228993,11.73107732562922,13.62855917475891,12.39519152693615,9.95800360057071,9.010362054878701,15.60734313327064,14.36569000788186,20.32869327709957,18.73834738738438
2018-10-06 16:59:59.999997,-0.4108544249916337,-0.4108591124761793,13.06585478569227,11.77510660412623,13.68162214867349,12.44718260225601,10.03825571029179,9.084841139258272,15.64803930337894,14.40427992360543,20.33634285350497,18.74584161248976
2018-10-06 17:15:00.000000,0.05024751236476246,0.05023787217297029,13.11319335731905,11.82107145083186,13.73764422640943,12.50205905357007,10.12083057833525,9.16143244111478,15.69130228033609,14.44532494326386,20.34492372864437,18.7542369011268
2018-10-06 17:30:00.000003,0.50110417811836,0.5010956875369418,13.16117953803077,11.86765291778084,13.79517792614999,12.55840859152037,10.20291386764062,9.23749995609759,15.7360571809023,14.48781256824952,20.35422415078246,18.76333126464891
2018-10-06 17:44:59.999997,0.9372857416383876,0.9371632065324759,13.2089924772335,11.91406642120463,13.8531492219978,12.61519067493141,10.28334482565186,9.312005336197757,15.78142325556034,14.53092764974577,20.36403441878326,18.77292573039445
2018-10-06 18:00:00.000000,1.383820376431815,1.383603186827825,13.25803529020844,11.96233792433939,13.91245134413214,12.67402750104904,10.36556317638627,9.389872586784296,15.82775264721188,14.5762716299202,20.37425507733998,18.78304627614991
2018-10-06 18:15:00.000003,1.801192953614535,1.801135900604906,13.30590410801885,12.01033317849389,13.97101502383615,12.73288660352327,10.44418328308118,9.470761932413522,15.87376769098128,14.62320448984923,20.38470503306242,18.79361402035106
2018-10-06 18:29:59.999997,2.210644975451204,2.210629341957707,13.35302889854162,12.05720606881673,14.02886306030313,12.79076471711834,10.52124457211684,9.546511692763685,15.91933244659299,14.66887482339787,20.39526223600885,18.80429311310954
2018-10-06 18:45:00.000000,2.58572854209496,2.585707518550327,13.39803935562496,12.10158803314921,14.08472441633454,12.84630264483085,10.59333323634737,9.615184968804103,15.96351608691878,14.7123212544657,20.40576733709733,18.81485475721198
2018-10-06 19:00:00.000003,2.951488024536634,2.951485562161114,13.44180327125435,12.14461897301237,14.13907480012975,12.90019355070011,10.6633238110203,9.681588704937472,16.0065126688517,14.75433244921162,20.41613897284122,18.82524163717775
2018-10-06 19:14:59.999997,3.28120604294375,3.281200137133293,13.48293928989786,12.18504057288085,14.19068256733924,12.9513190484778,10.72782649210616,9.742708988381931,16.04751487221964,14.79432881374369,20.42625168825933,18.83535387000286
2018-10-06 19:30:00.000000,3.580731348167161,3.580723028504758,13.52147430692393,12.22291036542127,14.23925070785942,12.99942064130512,10.78750593000312,9.799249626029354,16.086196902474,14.83204822150879,20.43599660345315,18.84509587760538
2018-10-06 19:45:00.000003,3.831067882210382,3.83106020971283,13.55591364581442,12.25677658132732,14.28338498588276,13.04313890175445,10.83921987464512,9.848209489095318,16.12161862301301,14.86660516643926,20.44521947780844,18.85432522129504
2018-10-06 19:59:59.999997,4.0356221077994,4.035616703644259,13.58585239436409,12.28625054911206,14.32245703801797,13.08186161632034,10.8827996258484,9.889457720366426,16.1532539028182,14.89749767117918,20.4537788170601,18.86290623176879
2018-10-06 20:15:00.000000,4.18488818206077,4.184885144853402,13.61049237050388,12.31055395186948,14.35556980083881,13.11470838037562,10.91675700193285,9.921561213006305,16.18042302906146,14.92406922612375,20.46152299800924,18.87069401705921
2018-10-06 20:30:00.000003,4.268893811149818,4.268887604143425,13.62886502788035,12.32874502172119,14.38164335481122,13.14062011498033,10.93933991632577,9.942858028657607,16.20231080597485,14.94553645013465,20.46828400331926,18.87752704302557
2018-10-06 20:44:59.999997,4.277905162235513,4.277901831267044,13.63994291530396,12.33983171670052,14.39949971321998,13.15844688332878,10.94877652590571,9.951706764045582,16.21802225032953,14.96104999306075,20.47387597232473,18.88322730745052
2018-10-06 21:00:00.000000,4.215440346658904,4.215435206063273,13.64346366093013,12.34356392219821,14.4086118901153,13.1676746978028,10.94513116457803,9.948196409296294,16.22707413708821,14.97014596159604,20.47813949224198,18.88764043245835
2018-10-06 21:15:00.000003,4.086537287545707,4.086534491675674,13.63952123264549,12.34004056581662,14.40887118248822,13.1682049955514,10.9289922974518,9.932903722503562,16.22930172776922,14.97266567055613,20.48095822702772,18.89065337366125
2018-10-06 21:29:59.999997,3.872201170022872,3.872199913959201,13.62692640898757,12.32816227763415,14.39914177010146,13.15901039807306,10.89769417947228,9.90326728088083,16.22390973254792,14.96786423967174,20.48218636650349,18.89212886208916
2018-10-06 21:45:00.000000,3.605333871663314,3.605330493509875,13.60717417165963,12.3092839040592,14.38050715610529,13.14101531696798,10.85538070890722,9.863233756579596,16.21149611422073,14.95627349787438,20.48178759729755,18.892026534214
2018-10-06 22:00:00.000003,3.278233875407179,3.278233391697043,13.58035108627845,12.28349542938019,14.35314660292351,13.11439507198203,10.80171613749792,9.812470239135784,16.19220625086137,14.93802212264995,20.47974993818044,18.8903304593854
2018-10-06 22:14:59.999997,2.91191515632776,2.911911565862493,13.54790399658698,12.25222497588013,14.31833629373614,13.08042441820741,10.73994272097884,9.754090736919967,16.16686168453836,14.91390037187526,20.47613714960639,18.88710007049613
2018-10-06 22:30:00.000000,2.524337677650939,2.524336712053667,13.51128075960079,12.21689018398444,14.27765725500085,13.04066966412177,10.6728170893364,9.690717942002648,16.13659902994132,14.88500464257476,20.47109163807887,18.88247097064589
2018-10-06 22:45:00.000003,2.116312821814051,2.116307854028261,13.47114989433558,12.17814075647947,14.23208300897601,12.99609064720491,10.60101596902969,9.622966762473908,16.10220036889438,14.85209095400146,20.46477135383319,18.87659480153866
2018-10-06 22:59:59.999997,1.698118992957621,1.69811869083627,13.42847651895693,12.13692088380823,14.18276066316023,12.94782239217408,10.52624960754873,9.552461977534179,16.06454998126137,14.81601789375835,20.45735617078193,18.86964763307649
2018-10-06 23:15:00.000000,1.265900642876072,1.265896112461104,13.38344788839052,12.09340832454878,14.13015771438803,12.89632303851672,10.44837015827064,9.479035439255211,16.02411392988331,14.77723807682048,20.44900077374406,18.86177996672012
2018-10-06 23:30:00.000003,0.8345608930053756,0.8345516193669439,13.33715568928463,12.04867057697436,14.0754222269516,12.84272591230388,10.36959514129324,9.40480672185843,15.98173974232972,14.73657172594348,20.43987872225683,18.8531612417401
2018-10-06 23:44:59.999997,0.4008951632210284,0.4008908150350287,13.29007511196708,12.00317131031818,14.01923811987443,12.7877051680087,10.29008046604831,9.329900910437521,15.93795241096201,14.69452870782903,20.43014434021216,18.84394214763077
2018-10-07 00:00:00.000000,-0.02935949256928385,-0.02935105647539946,13.24257079151714,11.95726748521971,13.9621412314674,12.73179392404314,10.21060411042197,9.255055120249962,15.89324429383089,14.65158826896596,20.4199384519443,18.83426025876752
2018-10-07 00:15:00.000003,-0.4552984579122298,-0.4553020083356765,13.19476405774881,11.91107973772847,13.90432386000963,12.67518608427589,10.13131837495316,9.180414391023742,15.84757491335116,14.60770822882419,20.40920771591288,18.82406165343489
2018-10-07 00:29:59.999997,-0.8702193982754608,-0.8702232112034491,13.14724263721637,11.8651778827921,13.84647608866854,12.61855774607512,10.05334217941832,9.107040043779316,15.80162701782651,14.5635527618187,20.39811350008318,18.81350488380544
2018-10-07 00:45:00.000000,-1.269895962644129,-1.269903514481916,13.1006528078125,11.82018811913607,13.78939022392865,12.56268475832618,9.977691699026037,9.035884859852787,15.75615557884254,14.5198536789213,20.38688705370874,18.80281684314643
2018-10-07 01:00:00.000003,-1.651110713379543,-1.651113449130649,13.0566591702048,11.77773966504287,13.73442597375015,12.50890417725697,9.907071404689578,8.969524388653303,15.71198686553599,14.47740442811427,20.3757341521514,18.7921981811319
2018-10-07 01:14:59.999997,-2.011609472329771,-2.011613137301433,13.01538635917055,11.73794614495727,13.68202176208865,12.45764181433618,9.841378441122934,8.90783741770423,15.66953516962369,14.43660243670342,20.36479505096289,18.78178394902575
2018-10-07 01:30:00.000000,-2.346195718372404,-2.346197605400829,12.9764821133634,11.700584134186,13.63227003752769,12.40911241689409,9.780002843180872,8.850835799382946,15.62904921223042,14.39795016923832,20.3541676861153,18.77169418272426
2018-10-07 01:45:00.000003,-2.655977606896584,-2.655980323919028,12.93989350469985,11.66560715881121,13.58527125305458,12.36342715071541,9.72276420856084,8.79834688676402,15.59068278736304,14.36161676853165,20.34392458797379,18.76201082481243
2018-10-07 01:59:59.999997,-2.931373563059475,-2.931374882139117,12.9061654933296,11.63344533150246,13.54160204669366,12.32106485854391,9.67091793629609,8.750948611957853,15.55487507371095,14.3278138567378,20.33415096159474,18.75280218136665
2018-10-07 02:15:00.000000,-3.167509703898928,-3.167518674430449,12.87578845640181,11.60453368942001,13.5018422292031,12.28254800786187,9.625338011085844,8.709367662878261,15.52209144720016,14.29690518682856,20.32494233756169,18.74414822840777
2018-10-07 02:30:00.000003,-3.361622652841142,-3.361630708826491,12.8491921264408,11.57927443083207,13.46653498378176,12.24838882502821,9.58662771530839,8.674142294501214,15.4927521186856,14.26926284186894,20.3163967268603,18.73613584668659
2018-10-07 02:44:59.999997,-3.50046779753229,-3.500477492264969,12.82720512209064,11.55845897925185,13.43657878875532,12.21945110391277,9.556606782484652,8.64697355686145,15.46755746401951,14.2455325381166,20.30863931585164,18.72887967867467
2018-10-07 03:00:00.000000,-3.572201363050688,-3.572182067508603,12.810788741245,11.54299651824913,13.41306224857043,12.19677575916878,9.537201418888824,8.629601361761083,15.44739110944475,14.22650854566501,20.30182914359855,18.72252465556242
2018-10-07 03:15:00.000003,-3.571872433881266,-3.5718417146803,12.80061761337959,11.533549344121,13.39686266547624,12.18123170188063,9.529401415959809,8.62298350127322,15.43294626816855,14.21288007226046,20.29612818410007,18.71722594004546
2018-10-07 03:29:59.999997,-3.479565807582298,-3.479633074643233,12.79804696844445,11.53143892685584,13.38946273748211,12.17428111374998,9.536015617554988,8.62977011515958,15.42533921041627,14.20572484685396,20.29173927999035,18.71317836236578
2018-10-07 03:45:00.000000,-3.285322673474485,-3.285322493155094,12.80420422270442,11.53776802021443,13.39224001604086,12.17728650014849,9.558927004655734,8.651730898708948,15.42566106001009,14.20609516771685,20.28888901447876,18.71060134955925
2018-10-07 04:00:00.000003,-2.999801090680218,-2.999812808211639,12.81931525930248,11.5526877640144,13.40578308715427,12.19075565820204,9.597543495035351,8.688083392410586,15.43448884064731,14.21443207964907,20.28777370393432,18.7096754972226
2018-10-07 04:14:59.999997,-2.643430890665738,-2.643445452185953,12.84251358893084,11.57535098556285,13.42950726601138,12.2141019322276,9.649275718605923,8.736409075723317,15.45150320850195,14.23043572045067,20.28848723249182,18.7104892132606
2018-10-07 04:30:00.000000,-2.239053159765864,-2.239146477903756,12.8723302910824,11.60438257840122,13.46202798554128,12.24602192855756,9.710715369823314,8.793641827190633,15.47567539038442,14.25323624171717,20.2909965032699,18.71302201079366
2018-10-07 04:45:00.000003,-1.80433367698353,-1.804334194500935,12.90731031025312,11.63839152750648,13.501769200805,12.28499258460962,9.779003450580607,8.857137028496306,15.50583676291747,14.28174656719743,20.29517755796556,18.71716295408691
2018-10-07 04:59:59.999997,-1.361953542311561,-1.36195667638703,12.94584847109938,11.67582431894693,13.54693527339048,12.32926105532085,9.850751099353873,8.923706832294288,15.54054572582185,14.31460800057835,20.30082426098184,18.72271935029613
2018-10-07 05:15:00.000000,-0.9109213840064374,-0.9109258386307905,12.98989105518146,11.71860905560693,13.59793594578201,12.37923754753227,9.930129894621622,8.997410435498312,15.57944455108795,14.35146964685898,20.30776648672511,18.72952674527835
2018-10-07 05:30:00.000003,-0.4467800998389861,-0.4467797891421544,13.03660653484728,11.76396056640817,13.65276290709404,12.43294033616283,10.01258335150131,9.073891504487392,15.62156458515423,14.39140519864116,20.31580329066158,18.73739196291378
2018-10-07 05:44:59.999997,0.01877637268779426,0.01877574326016124,13.08492659731562,11.81084932829988,13.71017265245193,12.4891563639919,10.09638108596781,9.151556061540175,15.66598756706469,14.43354560753089,20.32473127268228,18.74611971208827
2018-10-07 06:00:00.000000,0.4809410462439603,0.4809418383519291,13.13413079789156,11.85858487050169,13.76920841353974,12.54695612202557,10.18049037971609,9.22946670544921,15.71193816538047,14.47715753265018,20.33435691246429,18.75552432042122
2018-10-07 06:15:00.000003,0.9186872925528671,0.9186870199158577,13.18264224281344,11.90564451276155,13.82821760514459,12.60472968249908,10.26167255096502,9.304594499171472,15.7581919518423,14.5210907461882,20.34445048214335,18.7653873877596
2018-10-07 06:29:59.999997,1.371251888178263,1.371241097304895,13.23244661012639,11.95411666976585,13.88852196830586,12.66394533265258,10.34505615175441,9.382197462549158,15.80534994216503,14.56618989006521,20.35492290693806,18.77564756716403
2018-10-07 06:45:00.000000,1.795790018752687,1.795770255942232,13.28115321148767,12.00206660272821,13.94812178600649,12.72310511725985,10.42502124599701,9.457872390320363,15.85219500054766,14.61209123658371,20.36560541518312,18.7862344809661
2018-10-07 07:00:00.000003,2.209105706989247,2.209091451186475,13.32893454517711,12.05023793777463,14.00683555180004,12.7823449730277,10.50300616203084,9.540078273160596,15.89847102260219,14.65989373995076,20.37637214355385,18.79717209739119
2018-10-07 07:14:59.999997,2.592927685323821,2.592918172904271,13.37481241997009,12.09585296353865,14.06371247554698,12.8392684808154,10.57661142872572,9.611871446097283,15.94344857360453,14.70495117118141,20.38707970991216,18.80801834345518
2018-10-07 07:30:00.000000,2.963518910669651,2.963522942579687,13.41928663030886,12.13968890178185,14.11895584832358,12.89419042007195,10.64766445595891,9.679486266100627,15.98716100826988,14.74792088952254,20.39764255702744,18.81864371385887
2018-10-07 07:45:00.000003,3.294030431241407,3.294020306415137,13.46083466636686,12.18053923778759,14.17116934151377,12.94597063967228,10.71260017372093,9.74102543166002,16.02868107133981,14.7885087453026,20.40792108925702,18.8289464628738
2018-10-07 07:59:59.999997,3.583877607909204,3.583880623787228,13.49904777462898,12.21809796120397,14.21963429082258,12.99399637460322,10.77112968245205,9.796444700975854,16.06739006989499,14.82629597332482,20.4177723696076,18.83880996525917
2018-10-07 08:15:00.000000,3.821506038793931,3.821507466547878,13.53268827033569,12.25117939684285,14.26310116615439,13.03706858511023,10.82095561579434,9.843581251357978,16.10240708989851,14.86048420062316,20.42702658099387,18.8480810016487
2018-10-07 08:30:00.000003,4.008125684472928,4.008126932241103,13.56129509523096,12.27934727269852,14.30089352264069,13.07453837687323,10.86171056029574,9.882117593507603,16.13317161726953,14.8905518175476,20.43552715181377,18.85661452774315
2018-10-07 08:44:59.999997,4.140152272373573,4.140154518999856,13.58439935140303,12.30214642959626,14.33239026634131,13.1057977740803,10.89271853212069,9.91141330028083,16.15917899938509,14.9160141070522,20.44313123018878,18.86427282662102
2018-10-07 09:00:00.000000,4.203400604456778,4.20340825087581,13.60089240923847,12.3184976576486,14.3564320423147,13.12971045436239,10.9117620851551,9.929344321924905,16.17957980508669,14.93605466043121,20.44967116212016,18.87089599561607
2018-10-07 09:15:00.000003,4.189393442830269,4.189396704083782,13.60978192246005,12.32744243571271,14.37186816592342,13.14515322694793,10.91718787903576,9.934381289704147,16.19349541733231,14.94983984285386,20.45496340366047,18.87630859947588
2018-10-07 09:29:59.999997,4.093928404853033,4.093927303093633,13.61035789054499,12.32829451580448,14.3777847009553,13.15123191090469,10.9079872818468,9.925589384105448,16.20019076553031,14.95666565456211,20.45882695819896,18.88033550341217
2018-10-07 09:45:00.000000,3.937815026098524,3.937817831314714,13.60349829299484,12.32191380988986,14.37469585704622,13.14845631807608,10.88679563845482,9.905489189342786,16.19988192059918,14.95673114293597,20.46116768708105,18.88288590535091
2018-10-07 10:00:00.000003,3.689365016274608,3.689369175350254,13.58752210852088,12.30665067440038,14.36112814529491,13.13536855875016,10.84947316647318,9.870081363404344,16.19159031826866,14.94908760281971,20.46183566512382,18.8838133874296
2018-10-07 10:14:59.999997,3.395604582428403,3.395606687963025,13.5646327977991,12.28470117372718,14.33874291533049,13.11365917567874,10.80199031776344,9.825153676893326,16.17627388305026,14.93466942125008,20.46082430693196,18.88311095077021
2018-10-07 10:30:00.000000,3.0443677462038,3.0443702108333,13.53503726353262,12.25623750593803,14.30788437884506,13.0836330938245,10.74391370527496,9.770242939014256,16.15420370792198,14.91373259951998,20.45815109505492,18.88079504445395
2018-10-07 10:45:00.000003,2.662521877682636,2.662523560387421,13.50030163051841,12.22275090503342,14.27006535560175,13.04672567021433,10.67880454783224,9.708742741913767,16.12641277757808,14.8872507849915,20.45391790537337,18.87696005975149
2018-10-07 10:59:59.999997,2.253729656024133,2.253725973985412,13.46126729201245,12.18506885571409,14.22638682589086,13.00402890438456,10.60773356213099,9.641648055008678,16.0937338490943,14.8560226572447,20.44826432732526,18.87173877267533
2018-10-07 11:15:00.000000,1.834652737909983,1.834657505559379,13.41930368359122,12.14453559997787,14.17835845553093,12.95704135652208,10.53334540086341,9.571480659778986,16.05728921419649,14.82113259150294,20.44137699662808,18.86531087198705
2018-10-07 11:30:00.000003,1.40302737197227,1.403026815105255,13.37484974886349,12.10157744892867,14.1267344545709,12.90650910862579,10.45588624601067,9.498442895322503,16.01775530072207,14.78323769408093,20.43343505005978,18.85785074933577
2018-10-07 11:44:59.999997,0.9566423359865276,0.9566428499423139,13.32805979926004,12.05634465082773,14.07190473259614,12.85281809590193,10.37525553824057,9.422425317976682,15.97551693028649,14.74271463845328,20.42458567347462,18.8495022588078
2018-10-07 12:00:00.000000,0.5181395469680375,0.5181565385122346,13.28061983680793,12.01048800735878,14.01550974446881,12.79758848676483,10.29485157587807,9.34668067425136,15.93168783975891,14.70063940415814,20.41502132874747,18.84045241949754
2018-10-07 12:15:00.000003,0.07269005813294743,0.07269892452094495,13.23219097136848,11.96367429176561,13.95760342711898,12.74087701492246,10.21315722998362,9.26971955964142,15.88647736168263,14.65721964634555,20.40487816250497,18.83083488514134
2018-10-07 12:29:59.999997,-0.3623327031405866,-0.3623411999975573,13.18367536764066,11.91678691741821,13.89911618575299,12.68360614976593,10.13238162795546,9.193663250929749,15.84059839865735,14.61314707841815,20.39430814548636,18.82079780177445
2018-10-07 12:45:00.000000,-0.7938709488350659,-0.7938672317491396,13.13508839670922,11.86983723514294,13.84030117893418,12.62602199730885,10.05199249704861,9.117984730632182,15.79433422499751,14.56869890897311,20.38343191389115,18.81046017347644
2018-10-07 13:00:00.000003,-1.212445522393665,-1.212447133965101,13.08709921876354,11.82347384524589,13.78186763844768,12.56881789867136,9.97337291104527,9.043999247258549,15.7482145638578,14.52438494111727,20.37237388849258,18.79994319972258
2018-10-07 13:14:59.999997,-1.614806472859593,-1.614808062787627,13.04125070233645,11.77920655426532,13.72506122111812,12.51321859514903,9.899060716207885,8.974123699644684,15.70295837775692,14.48089411492923,20.36127345528526,18.78938191767055
2018-10-07 13:30:00.000000,-1.9952110128343,-1.995212948529256,12.99823370330349,11.73770489022834,13.67070131334836,12.46002574958031,9.830092694026824,8.90933162605235,15.6591746761013,14.43880975427248,20.35026771002368,18.77890740930958
2018-10-07 13:45:00.000003,-2.355247683132248,-2.355252726127589,12.95725990474481,11.69832510703864,13.61859487365581,12.40917972076913,9.764735775728026,8.848592532114466,15.61697991654922,14.39852513120949,20.33945337441271,18.76864071628341
2018-10-07 13:59:59.999997,-2.688649624662526,-2.688652131463229,12.91852132981075,11.66126266005757,13.56905602947695,12.3610056291718,9.703578035932036,8.792473583248,15.57669124859119,14.36037026252765,20.32892431214957,18.75868526293286
2018-10-07 14:15:00.000000,-2.987216344742483,-2.98722032498726,12.88259103513517,11.62696808521504,13.52272493040571,12.31603915931539,9.647830340347976,8.741470613772236,15.53882312768547,14.32461784287461,20.31878853074963,18.74913081971277
2018-10-07 14:30:00.000003,-3.255806705084242,-3.255811290306635,12.84951216774796,11.59544252358948,13.47979894998413,12.27442803502358,9.597147604520032,8.695157256738266,15.50358153463717,14.29138844714973,20.30913308507737,18.74005043072339
2018-10-07 14:44:59.999997,-3.481219969137527,-3.481222887387915,12.82006974686922,11.56742721583693,13.44108615732616,12.23693667659165,9.55326939541282,8.65513846315518,15.47156288408133,14.26120612807299,20.30006747947403,18.73154070169331
2018-10-07 15:00:00.000000,-3.658662336812073,-3.658671522766398,12.79478661851549,11.54338520541769,13.40723766016795,12.20415226846531,9.517176001584502,8.622232025549701,15.44336098585645,14.2345584879154,20.29171446898593,18.72370790149688
2018-10-07 15:15:00.000003,-3.783262838799205,-3.783276162931211,12.77412082187589,11.52378147323653,13.37883974401713,12.17666784717962,9.489610335842874,8.597212602473192,15.41943328212149,14.21192378853183,20.28419161580068,18.71666357716033
2018-10-07 15:29:59.999997,-3.833688215667617,-3.833691324475122,12.75938601495262,11.50990185475478,13.35725621481061,12.15583410250486,9.473481322198166,8.582836430228173,15.40078443113909,14.19427789868109,20.27766429202265,18.71056645117875
2018-10-07 15:45:00.000000,-3.809038305207959,-3.809063289202352,12.75120857440595,11.50237279865718,13.34336207297762,12.14252503932977,9.46949671256261,8.580032301293599,15.38813645485701,14.18233809049153,20.27230149852885,18.70558257518726
2018-10-07 16:00:00.000003,-3.688767242593353,-3.688790198731947,12.75096888531031,11.50246357311401,13.33867033302465,12.13818661907287,9.480531261998227,8.590343533617697,15.38263889166269,14.17713413207704,20.26831470064947,18.70191015876966
2018-10-07 16:14:59.999997,-3.467868585604133,-3.467915585032409,12.75955911112578,11.51113407125089,13.34435380909421,12.14402329296849,9.507849904616105,8.616622216862899,15.38524705663583,14.17967093246566,20.26592246121703,18.69976722086109
2018-10-07 16:30:00.000000,-3.15766814993542,-3.157663826807244,12.77688393541889,11.52823695053165,13.3606473762078,12.16023869959905,9.550409315047279,8.656786604307198,15.39625355863255,14.1901912446637,20.2652904545222,18.69931313838489
2018-10-07 16:45:00.000003,-2.783043966632302,-2.783048822695969,12.80204166063023,11.55290912080586,13.38689306311877,12.18619683584048,9.605182575410282,8.708209302905935,15.41516262654318,14.20825351836057,20.26647835605397,18.70061234457809
2018-10-07 16:59:59.999997,-2.363611777817118,-2.363613026572362,12.83349886936916,11.58366611984598,13.42158880649363,12.22042779112763,9.66908839717049,8.768028232501202,15.44097617879496,14.23292060465656,20.26943557444558,18.70362078945007
2018-10-07 17:15:00.000000,-1.916602949312218,-1.916598577979019,12.87018637194768,11.61917979363041,13.46356544551902,12.26145984607148,9.740226193002785,8.833668805872263,15.47314084701356,14.26309862352049,20.27408720101394,18.70821318780652
2018-10-07 17:30:00.000003,-1.463816181968785,-1.463810432609796,12.91015680752136,11.65789535867964,13.51068275095588,12.30752977466607,9.814153006829311,8.90204922417774,15.50956953721289,14.29743813779696,20.28018466283445,18.71418895486237
2018-10-07 17:44:59.999997,-0.9993045829901985,-0.9993026664980376,12.95526075180583,11.70164452524248,13.56334831498251,12.35907323744219,9.895214553994343,8.977204084118556,15.54997540521811,14.3356603989202,20.28754459130301,18.7213859836512
2018-10-07 18:00:00.000000,-0.5226521331753727,-0.5226494019088663,13.00335113986582,11.74829087356304,13.61995939928323,12.41448927196138,9.979917746099451,9.055712256102716,15.593573073299,14.37696486585236,20.29597710604275,18.72962290136792
2018-10-07 18:15:00.000003,-0.04174748585159905,-0.04175128987941358,13.0532877528997,11.79671802835952,13.67931797792436,12.47259253627307,10.06648044785061,9.135898749716102,15.63954491352666,14.42055317780804,20.30529273367582,18.73871676699122
2018-10-07 18:29:59.999997,0.4295098637659899,0.4295098398872074,13.10381307384932,11.84570701182662,13.74006799533031,12.53205267467792,10.15254784302662,9.215567610336837,15.68688960629886,14.46547329344508,20.3152870936614,18.74847127329647
2018-10-07 18:45:00.000000,0.885496633536368,0.885491750769642,13.15406335577428,11.8944235138437,13.80110674512509,12.59178974232794,10.23685783057013,9.293565847662736,15.73472753493177,14.51088988110653,20.32575537901637,18.75868943374057
2018-10-07 19:00:00.000003,1.340285826574195,1.340161227050437,13.20481276587864,11.94362441633502,13.86278672480315,12.65215257614821,10.32129702622158,9.371679999136965,15.78305055663594,14.55678320157315,20.33656805432296,18.76924403452798
2018-10-07 19:14:59.999997,1.777639778470232,1.777636104648046,13.25481683125888,11.9922123088858,13.92396728475654,12.71214525495534,10.40346022885475,9.447936524763557,15.83114777948587,14.60267605085845,20.34757792756315,18.78001269649119
2018-10-07 19:30:00.000000,2.187640633266141,2.187626912582536,13.30306290901403,12.03979646203617,13.98352608136982,12.77135932359444,10.48159256499562,9.522143544094117,15.87818762313959,14.6489768831889,20.35861948165453,18.79096276290954
2018-10-07 19:45:00.000003,2.584327937050186,2.584313972810807,13.35002724027221,12.08704648385336,14.04166112638532,12.82995394762986,10.55721585487546,9.60100303907981,15.92414909131727,14.69624165774686,20.36958967726893,18.80208607214084
2018-10-07 19:59:59.999997,2.939252843302022,2.93924847920289,13.39411052878461,12.13117993048702,14.09689302663338,12.88548953632851,10.6265785149425,9.670809828976148,15.96801828208717,14.74084206106579,20.38033188177964,18.81301909253283
2018-10-07 20:15:00.000000,3.28454237614181,3.284536120029788,13.4365143984772,12.17308954763955,14.149969923315,12.93838933838558,10.69344489084915,9.734702111483985,16.01017468258711,14.7825339568075,20.39078255587058,18.82357459265768
2018-10-07 20:30:00.000003,3.558201539803662,3.558201060928113,13.47413567081041,12.21013161753093,14.19811760317586,12.9862073271295,10.75007466789071,9.788349137390949,16.04878001150696,14.82038520823274,20.40073241583524,18.8335828164976
2018-10-07 20:44:59.999997,3.799448570595508,3.799445718060167,13.50785063340265,12.24330678785719,14.24165307271645,13.02939583482194,10.80018614863464,9.835775770899462,16.0838623542659,14.85470399515548,20.41005610458464,18.84294977392466
2018-10-07 21:00:00.000000,3.971629501425579,3.971627391292543,13.53564560066098,12.27068524184769,14.27874911303526,13.06620332355121,10.83896918014269,9.872413612525367,16.11419306233349,14.8843880412252,20.41856207716434,18.85150604812219
2018-10-07 21:15:00.000003,4.097035772879771,4.097034308888055,13.55806695419324,12.29281872224148,14.30951594353277,13.0967597062039,10.86872765057554,9.90051874023045,16.13968244011842,14.90937171757652,20.42612316508086,18.85913498316347
2018-10-07 21:29:59.999997,4.137720585925533,4.137718672121698,13.57292784904391,12.30757515663649,14.33194622622304,13.11909576343228,10.88432504668974,9.915162760224623,16.15896320072036,14.92835016066739,20.4325362184167,18.86564430353768
2018-10-07 21:45:00.000000,4.11292334379182,4.112921606679517,13.58052101795593,12.31525321327194,14.34589023339493,13.13307510304766,10.88756829576277,9.918138406248005,16.17175778879672,14.94106408582107,20.43764964326474,18.87088930448567
2018-10-07 22:00:00.000003,3.992089964074919,3.992088050455579,13.57899560073425,12.31404960380477,14.34957641422649,13.13695983541129,10.87426242409277,9.905429405978156,16.17682876582806,14.94632894227486,20.44125574810669,18.87467193547667
2018-10-07 22:14:59.999997,3.818413573727131,3.818411374178484,13.57018490065768,12.30575719201667,14.34423955383141,13.13196633131209,10.84972466451796,9.882146824749595,16.17481571892835,14.9447461495452,20.44328321859001,18.87692014582103
2018-10-07 22:30:00.000000,3.556708042999124,3.556706075405014,13.55252451488073,12.28884532092505,14.32861162501568,13.11684641501901,10.80972466859989,9.844211673602127,16.16491692284333,14.93554745534984,20.4436108595709,18.87751779964514
2018-10-07 22:45:00.000003,3.246204622988582,3.246201768826292,13.52789139995926,12.26515341186257,14.30410209875992,13.09299157604581,10.75930962538742,9.796495484454233,16.1479394104581,14.91950595240857,20.44223698331239,18.87646084159088
2018-10-07 22:59:59.999997,2.884343986129251,2.884342124681695,13.4968679736364,12.23524688257095,14.27138232790597,13.06106161001292,10.69909331874719,9.73955433137724,16.1243693386464,14.89708795319112,20.43920129822835,18.87378661047076
2018-10-07 23:15:00.000000,2.49438575754864,2.494383955685032,13.46094536146969,12.20058102369129,14.23198409901736,13.02256584897603,10.63223688976652,9.676407148357022,16.09527109467868,14.86931777818804,20.43462301354432,18.86960942292081
2018-10-07 23:30:00.000003,2.078771625552567,2.078769968202145,13.42088925628797,12.16189900828597,14.18693703413179,12.97851635207758,10.55968331940499,9.607924689990798,16.0614511204878,14.83697323790383,20.4286490624621,18.86407096250578
2018-10-07 23:44:59.999997,1.657933812001015,1.657932456251234,13.37828293109721,12.12074359658629,14.13793621013522,12.93058016629188,10.48458862677138,9.5371130378679,16.02415491671552,14.8012534639907,20.42148483691662,18.85736881322242
2018-10-08 00:00:00.000000,1.223858591638431,1.223856318496725,13.33329021781019,12.07726952296366,14.08552017725465,12.87928636750287,10.40647925085109,9.463481700824724,15.98393547877595,14.76269661000321,20.41330726009621,18.84967643848928
2018-10-08 00:15:00.000003,0.7808292431745051,0.7808470222718484,13.2863083153508,12.03186538250561,14.03016199485453,12.82510052177225,10.32596128134537,9.387612638106923,15.94092907483299,14.72142986118303,20.40410334081297,18.84097846160223
2018-10-08 00:29:59.999997,0.342829697268968,0.3428415197390381,13.23860484847354,11.98576715071347,13.97319497941523,12.76933462670244,10.24537220394472,9.311724761330408,15.89621707447062,14.67849999926527,20.39409192055457,18.83148791089611
2018-10-08 00:45:00.000000,-0.09976721699331319,-0.09981284986931505,13.18999865520342,11.93878848445965,13.91483327408116,12.71219479325245,10.16376995445706,9.23487742225803,15.85027522207236,14.63437200393011,20.38351466839949,18.82144246889866
2018-10-08 01:00:00.000003,-0.5324470021452203,-0.5324554158940478,13.14137087498654,11.89179918191,13.85602450518736,12.65462277632028,10.08312152921694,9.158975397421438,15.80386843603855,14.58979099583483,20.37258149564881,18.81104853763027
2018-10-08 01:14:59.999997,-0.9641503579300218,-0.9641386873594546,13.09261479126568,11.84468486494939,13.79691206043334,12.59675318767604,10.00258885392522,9.083177219572462,15.75719133762741,14.54494498209827,20.36142217650697,18.80043300033871
2018-10-08 01:30:00.000000,-1.378833002716258,-1.378831302037554,13.0448839018392,11.79857075462814,13.73855051585531,12.53962183400157,9.924684858664582,9.009888983968665,15.71093979705487,14.50050144251615,20.35016671536993,18.78972152128636
2018-10-08 01:45:00.000003,-1.779957151104923,-1.779957076710264,12.9998373168849,11.75508343692825,13.68221423402681,12.48448334404006,9.85180519006471,8.94138678482043,15.66577596628814,14.45709319265957,20.33894378487827,18.77903804348773
2018-10-08 01:59:59.999997,-2.153759469451842,-2.153762054348398,12.95737484866284,11.71414164433944,13.62835352361747,12.43180768802283,9.783907335456583,8.877694374791409,15.62223901490391,14.41529460216662,20.32787681972228,18.76850640424519
2018-10-08 02:15:00.000000,-2.507458429037394,-2.507463825715435,12.91691291187494,11.67535938052976,13.57679196631253,12.38159422485008,9.719535239080344,8.818509313186674,15.58039382540732,14.37556880033999,20.31705061338416,18.75824829298487
2018-10-08 02:30:00.000003,-2.833533991170846,-2.833534603638751,12.87877367965795,11.63890788428489,13.52792394287468,12.33412033268946,9.659512904120037,8.76352641898336,15.54057283177204,14.3379364016866,20.30655283376277,18.7483364037565
2018-10-08 02:44:59.999997,-3.125851111475635,-3.125853267493105,12.84343826866982,11.60519049003162,13.48229751691068,12.28985528367092,9.604812073798753,8.713501520261165,15.50322435195302,14.30269930328591,20.29648099273033,18.73885022892837
2018-10-08 03:00:00.000000,-3.381235774535926,-3.381236154115018,12.81136891049515,11.57463432603415,13.44047890899807,12.24932601552016,9.556096814767871,8.669019104617062,15.46878175282056,14.27022791656232,20.28693573281427,18.72987757195585
2018-10-08 03:15:00.000003,-3.593714252438013,-3.593717817866707,12.7830755911378,11.54768065813386,13.40308110828616,12.21307172568719,9.514399662897574,8.63091800457795,15.43780042899167,14.24095090096909,20.278031351252,18.72151461619802
2018-10-08 03:29:59.999997,-3.754169475094533,-3.754187684358071,12.75918165218043,11.52494850590045,13.37082247201572,12.1818065706026,9.480971063212284,8.600449267067841,15.41083543851895,14.21542840452769,20.26988844155667,18.71387407100744
2018-10-08 03:45:00.000000,-3.844513116123201,-3.844515062289016,12.74088476502899,11.50764463418131,13.34497815241249,12.15681566918649,9.458358535798093,8.580481023954539,15.38883184736879,14.19461807186642,20.26266819615354,18.70711306043655
2018-10-08 04:00:00.000003,-3.862773421168151,-3.862769211186104,12.72882669555294,11.49642916393379,13.32642977212954,12.1389922990962,9.447356459543299,8.572219521055183,15.37251428939249,14.17925691435711,20.25653946340807,18.70139807270391
2018-10-08 04:14:59.999997,-3.789717072116186,-3.789781683707501,12.72432529979403,11.49244193310254,13.31662955656616,12.12968404651557,9.450687860581773,8.576052407184882,15.36298828421319,14.17027541026564,20.25170638828834,18.69691884944118
2018-10-08 04:30:00.000000,-3.613550607771744,-3.613615221036833,12.72859035543542,11.49682432059268,13.31703042237375,12.13028832703359,9.470450591301121,8.593717675379649,15.36140010153631,14.16872467402747,20.24840358105084,18.69389354535679
2018-10-08 04:45:00.000003,-3.341645731644731,-3.34170550195261,12.74184221039527,11.50977649836358,13.32820464092236,12.14135756966528,9.506236728758891,8.624785328023101,15.36829501792687,14.17512350607048,20.24682719989679,18.69251131930665
2018-10-08 04:59:59.999997,-2.981820142071721,-2.981816347460735,12.76405769615442,11.53155111459798,13.35036444408842,12.16326682684858,9.557246126625104,8.672612356556046,15.38385379700442,14.1899180437147,20.24711844042646,18.69293147974097
2018-10-08 05:15:00.000000,-2.577956468238639,-2.577944790014883,12.79309003209822,11.56009280928079,13.38165755286252,12.19423565039811,9.617882738944044,8.73169850060958,15.40683542032358,14.21199272578053,20.24925493848724,18.69514957643045
2018-10-08 05:30:00.000003,-2.124739076115605,-2.124734225763706,12.82838337818249,11.59456951371125,13.42127832159414,12.23330186632141,9.687867676833449,8.7972038040452,15.43658622128322,14.24044733396207,20.25316677902745,18.69908099863915
2018-10-08 05:44:59.999997,-1.664699327883316,-1.664694032788083,12.86790939549604,11.6327763541663,13.46723208305929,12.27818248528547,9.762572891364313,8.865972686701566,15.4720419556147,14.27370390960968,20.25871823695214,18.70453653587506
2018-10-08 06:00:00.000000,-1.195910752714597,-1.195935852127215,12.91155271630515,11.67501526394743,13.51848668135269,12.32826202324475,9.841946689545338,8.939350159051529,15.51158679059029,14.31096278328516,20.26566037305037,18.71131933459993
2018-10-08 06:15:00.000003,-0.7235337443186103,-0.7235311898993123,12.95906064828378,11.72105945195185,13.57423976253722,12.3827966760583,9.926006918973345,9.017211287960462,15.55446678272633,14.35151782341343,20.27376839083743,18.71923185669688
2018-10-08 06:29:59.999997,-0.234406857196961,-0.2344233383846502,13.00911037736768,11.76957206028854,13.63344574622198,12.44072640258834,10.01343592867355,9.098189338593079,15.6002028707035,14.39484241688499,20.28286014744226,18.72809968055767
2018-10-08 06:45:00.000000,0.2487639922346033,0.2487613389254275,13.06025606246964,11.81914435970946,13.69462087084129,12.50058952841901,10.10121291346293,9.179438332945372,15.6477542604165,14.43993125918797,20.29273055405643,18.73772605389782
2018-10-08 07:00:00.000003,0.7253747543438032,0.725365946367836,13.11184457205483,11.86914266822653,13.75686498055453,12.56150099297089,10.18860908620412,9.260299172043228,15.69638728442134,14.48607863281765,20.30318868367883,18.74792664398464
2018-10-08 07:14:59.999997,1.17818196662409,1.178042870068281,13.16282299585518,11.91855085833653,13.81897457274054,12.62228158488153,10.27319419446827,9.338499697679934,15.74510152567759,14.53233759485875,20.3140259552594,18.75850161633375
2018-10-08 07:30:00.000000,1.639894371636689,1.63984566345781,13.21441367930162,11.96855988405974,13.88171647902718,12.68368348278039,10.35890150576521,9.417794436434633,15.79429357884738,14.57906343493809,20.32514884556863,18.76935626512278
2018-10-08 07:45:00.000003,2.058038198716179,2.058055247821624,13.26378833107782,12.01692895802957,13.94263243568285,12.74387646675737,10.43882567948431,9.492936979053974,15.84236485707837,14.62575750483362,20.33635266204074,18.78039387931424
2018-10-08 07:59:59.999997,2.482873733008955,2.482812145322389,13.31290117711822,12.06530037521175,14.00301735791336,12.80387170072862,10.51884928199627,9.568916170464126,15.88997287146312,14.67253530007137,20.34757181901577,18.79154565008886
2018-10-08 08:15:00.000000,2.853111963901235,2.853138442489952,13.35875154086284,12.11185871352962,14.0603340990976,12.86197867466147,10.59123419180272,9.6478273369347,15.9354692334894,14.72024333072149,20.3586140869954,18.80282933068581
2018-10-08 08:30:00.000003,3.219757571888803,3.219733373939234,13.40326635033717,12.1560816494528,14.1158398511147,12.91753312875139,10.66183657615298,9.716043761029074,15.97946637583553,14.76427604334702,20.36941755266808,18.81378968128437
2018-10-08 08:44:59.999997,3.530343632286423,3.530370440273878,13.44400650443316,12.19622898787028,14.16738711024167,12.96878791807226,10.7244467560074,9.775477680453871,16.02059322748835,14.80471545504278,20.37981471632466,18.82426297253691
2018-10-08 09:00:00.000000,3.798815149930738,3.798815095153049,13.48073295575769,12.23234671948345,14.21440460224288,13.01543135114613,10.77972199482735,9.827789270063981,16.05833059023733,14.84164318647327,20.3896554899942,18.83414638051488
2018-10-08 09:15:00.000003,4.010256023372645,4.01026743562994,13.51227031830125,12.26336827572199,14.25568961907418,13.05637038121894,10.82530496593455,9.870869886007727,16.09181245143034,14.87438319297667,20.39876732123816,18.84329702156512
2018-10-08 09:29:59.999997,4.163254230838459,4.163254503711552,13.53803544451351,12.28874493938704,14.29045458104012,13.09085755929387,10.86051393295596,9.904096006184249,16.1203972056542,14.90235640749571,20.40698493033841,18.85156523855975
2018-10-08 09:45:00.000000,4.250699085353375,4.250703145477022,13.5572985284081,12.30777635348802,14.31783036424922,13.11805386385671,10.88410972950365,9.926297077047824,16.14340674644766,14.92492544971892,20.41414394615583,18.85879846036393
2018-10-08 10:00:00.000003,4.268287443195643,4.268290117978061,13.569439581965,12.31986920211821,14.33703113128378,13.13719825123221,10.89517534100164,9.93665031475565,16.16021553751917,14.941504524224,20.42008462737944,18.86484495143406
2018-10-08 10:14:59.999997,4.191903895245223,4.191906714809319,13.57269744319103,12.32331200227312,14.34629128368951,13.14656158878059,10.89003387289059,9.931657194078605,16.16955944481092,14.95088893287286,20.42459272557459,18.86950154360638
2018-10-08 10:30:00.000000,4.060493606114806,4.060495329933022,13.56867414626972,12.31967629069216,14.34662900315372,13.14715130181883,10.8734607240637,9.915929433195044,16.171931222076,14.95354718822114,20.42757972183355,18.87268089692938
2018-10-08 10:45:00.000003,3.834748315705632,3.834745075550539,13.55546490736727,12.30709155800519,14.33643283461016,13.13737440348462,10.84053918395775,9.884687913028287,16.166285143794,14.94846308350846,20.42889230031546,18.87423518438999
2018-10-08 10:59:59.999997,3.550316230912025,3.550310394111929,13.53448987379958,12.286949218781,14.31665787276601,13.11817259698938,10.79549899967243,9.842024478425285,16.15311477511255,14.9361039346965,20.42847994702507,18.87411306141995
2018-10-08 11:15:00.000000,3.209179973318045,3.209182111123128,13.50643321204293,12.25991752286196,14.28796623966498,13.09019852862497,10.7394364441094,9.78898050270822,16.13285976801858,14.91689296583129,20.42634859756844,18.87231832123269
2018-10-08 11:30:00.000003,2.826939469386824,2.826934260361277,13.47254686390042,12.22721884931617,14.25155779322198,13.05463527187375,10.67493137953156,9.728015315708463,16.10633122140207,14.89161111311937,20.42257149194567,18.86892143912956
2018-10-08 11:44:59.999997,2.41712712565922,2.417125643471046,13.43401111309124,12.19000430782144,14.20878815212548,13.01281897898325,10.60408763065456,9.661124197372583,16.07451063383929,14.86120483658826,20.41728322762467,18.86405166391411
2018-10-08 12:00:00.000000,1.991672737215471,1.991670850885461,13.39204496351847,12.14945921804584,14.16107730609179,12.96614504674109,10.52903226037236,9.59031660412433,16.03846698057747,14.8267034419287,20.41066390986663,18.85788198722552
2018-10-08 12:15:00.000003,1.559750099107412,1.559749707701107,13.34773431403291,12.10664042151842,14.1097500469898,12.91591729004469,10.45154795666373,9.517272903449747,15.99923745175755,14.78910883667376,20.4029201684938,18.85061315506885
2018-10-08 12:29:59.999997,1.112978000518433,1.112975186624642,13.30106781752032,12.06153208100981,14.05514410494969,12.86246666044249,10.37091378705719,9.44127298044883,15.9572238137882,14.74881365267675,20.39421723682265,18.84240748082276
2018-10-08 12:45:00.000000,0.6714642118154089,0.671457579801518,13.2534776990186,12.01553229801575,13.99869795763914,12.80720814041125,10.29005891720888,9.365117810131165,15.91343872157812,14.70679314719738,20.38475048974375,18.83345333881007
2018-10-08 13:00:00.000003,0.2232788153617814,0.2232988022208973,13.20490339856395,11.96858092311341,13.94067977464304,12.75040707885268,10.20793315089291,9.287773661408275,15.86818373430559,14.66334419028319,20.37466754365625,18.82389610503142
2018-10-08 13:14:59.999997,-0.2178031585652732,-0.2178283522324868,13.15602967155231,11.92133822482736,13.88185389502661,12.69281043752404,10.12625821486965,9.210876278294247,15.82208512106916,14.61906908845865,20.36411794430887,18.81388110086052
2018-10-08 13:30:00.000000,-0.661395176371401,-0.6614158371853597,13.10663708434958,11.87359405461786,13.82224499267487,12.63444590752552,10.04403690195845,9.133469279113898,15.77526938568128,14.57409543577866,20.3532069661788,18.80351161585826
2018-10-08 13:45:00.000003,-1.092739033546896,-1.092746394326126,13.05759475689901,11.82619392394449,13.76270262254885,12.57614866659081,9.963267500851392,9.057459376918114,15.72834792961949,14.52901254597286,20.34205735227599,18.79290690897047
2018-10-08 13:59:59.999997,-1.511892381410055,-1.511905673535746,13.00989173255044,11.78010254203884,13.70411792454519,12.51879310149018,9.885385632891548,8.984199758681994,15.6818865225472,14.48436258183124,20.33079472302914,18.7821886520494
2018-10-08 14:15:00.000000,-1.909808735297201,-1.909808191300136,12.96520118869643,11.73695719889781,13.64789664726751,12.46376240872477,9.813333261247724,8.916498117035644,15.63672629016155,14.44095121585443,20.31956790179399,18.77149990215989
2018-10-08 14:30:00.000003,-2.280988509549846,-2.280992458967206,12.92293410580819,11.69629016915103,13.59416510230182,12.41129402913843,9.745851953127127,8.85372171505533,15.59325532982566,14.39940361686475,20.30850348728802,18.76098650308683
2018-10-08 14:44:59.999997,-2.632282407491675,-2.632283583141993,12.8826489971228,11.65770786304406,13.54276784213454,12.36128036667584,9.681837293856626,8.794944330894873,15.55151892350905,14.35985198062553,20.29768874629859,18.75075149352585
2018-10-08 15:00:00.000000,-2.947121236999571,-2.947124669360672,12.84515240550889,11.62188030910044,13.49451473943877,12.31441760330167,9.623316008277326,8.741380167286733,15.51213095430361,14.3226454830874,20.28723830674499,18.74089009057532
2018-10-08 15:15:00.000003,-3.228350121474547,-3.228357735497565,12.81066525324784,11.58897592238126,13.44978600698605,12.27102846427572,9.570317435772337,8.69293746159681,15.47544022600124,14.28802970729706,20.27725638075513,18.73149121884884
2018-10-08 15:29:59.999997,-3.471017799811297,-3.471013840158563,12.77966168618147,11.55941683234154,13.40914739199593,12.23162100681517,9.523665057126783,8.65030464645744,15.44190814242849,14.25636721023222,20.26785132684406,18.72264709454967
2018-10-08 15:45:00.000000,-3.660958721575081,-3.660958636471757,12.75299322751506,11.53400468759106,13.37351000178112,12.19705696305499,9.485314225731837,8.615286235106625,15.41227155643199,14.2283163569543,20.2591574034817,18.71447669205216
2018-10-08 16:00:00.000003,-3.796670908310877,-3.796673024333139,12.73107129951832,11.51315836609916,13.34345918240669,12.16792906811582,9.455744498719397,8.588408386594814,15.38700575748215,14.20437426744598,20.25130080510038,18.70710103770527
2018-10-08 16:14:59.999997,-3.858424145021043,-3.858414427846327,12.7151183809183,11.49820513870449,13.32028380026585,12.1455938435314,9.437627595533991,8.574149118472102,15.36706377162102,14.18559700932062,20.24444719107784,18.70069154214078
2018-10-08 16:30:00.000000,-3.843933046470596,-3.843900480770195,12.70580386808249,11.48961737011646,13.30489288912253,12.13084808229368,9.431816536438433,8.570291952259314,15.35319316195663,14.17254126384262,20.23876952042151,18.69540524853508
2018-10-08 16:45:00.000003,-3.732810357665455,-3.732788247415364,12.70452147248885,11.48869357619337,13.29881617496037,12.12515048132768,9.441200683109237,8.579213104903076,15.34655916493742,14.1662599830494,20.2344845883492,18.69144270578145
2018-10-08 16:59:59.999997,-3.519923352483963,-3.519888405844922,12.71216395213823,11.49628645179114,13.30322494116247,12.12964313872685,9.46705740423555,8.601960359373718,15.34811662808329,14.16765124616788,20.23180798261648,18.68901158974605
2018-10-08 17:15:00.000000,-3.216756448758993,-3.216766271220727,12.72863718633809,11.5122965861505,13.31836375773305,12.14455598482051,9.508310727219513,8.637566732050628,15.35816145146891,14.17700597249184,20.23091101159433,18.68827585672939
2018-10-08 17:30:00.000003,-2.840809275161077,-2.840805706521923,12.75338053446631,11.53633740095558,13.34388484195282,12.16964542983722,9.562871879852706,8.686299085716717,15.37643395120402,14.19423362024692,20.23187522451406,18.68932914893424
2018-10-08 17:44:59.999997,-2.42254521480794,-2.422550004037169,12.78450353365188,11.56703457826378,13.37802181375363,12.2034694152896,9.626464167753793,8.75076838247015,15.40175807802866,14.21868026506193,20.23464777293982,18.69216762904903
2018-10-08 18:00:00.000000,-1.966845480284369,-1.966838924546854,12.82115103725829,11.60282267715588,13.41971517415656,12.24456861743779,9.697781382878759,8.81751923444167,15.43327918843865,14.24884493775065,20.23912113373689,18.69664435915771
2018-10-08 18:15:00.000003,-1.504964361128793,-1.504920689584777,12.86171664987763,11.64200428157741,13.46729124757352,12.29101171926147,9.773448690016359,8.887084058053288,15.47012488270301,14.28340158731367,20.24515442187696,18.70256401308203
2018-10-08 18:29:59.999997,-1.02983311520313,-1.029828733931808,12.90738309127806,11.68619314941345,13.52058865354497,12.34307682902132,9.855893459301752,8.963316685742253,15.51110551059392,14.32201752373232,20.25252746693591,18.7097605952238
2018-10-08 18:45:00.000000,-0.5449832846557386,-0.5449736859554247,12.95629956779943,11.73357837664565,13.57805419010374,12.39927062969663,9.94219128294531,9.043218634712812,15.55534653068985,14.36385855365373,20.26102476556959,18.71804627483569
2018-10-08 19:00:00.000003,-0.05091865021958791,-0.05092592900226327,13.0073633255858,11.78305253270701,13.63858996066932,12.45848796899372,10.03096994868607,9.12540780544683,15.60218226503583,14.40822596218347,20.2704572854361,18.72724128945053
2018-10-08 19:14:59.999997,0.4314173643781431,0.4314179404631527,13.05902588399396,11.83310700937614,13.70059727139631,12.51915490871274,10.11909108261561,9.206930907583773,15.65047018060943,14.45401933330345,20.28060785267935,18.73713788242566
2018-10-08 19:30:00.000000,0.9006987348094612,0.9006938020099858,13.11056085499385,11.88303807199479,13.76306392908768,12.58027704290694,10.2057529815827,9.287066295367147,15.69938737050061,14.50044789406951,20.29126922216964,18.74753593456047
2018-10-08 19:45:00.000003,1.371765024992025,1.37178337395587,13.16286453600142,11.93372830787638,13.8264568168775,12.64231642378639,10.29304069116891,9.367811057343538,15.748995973102,14.54755751327616,20.30231692414956,18.75831367531059
2018-10-08 19:59:59.999997,1.822090128729697,1.822077358575578,13.21435315274276,11.98361962238632,13.88936165937267,12.70386986016482,10.37772384279661,9.446083714104669,15.79841192794234,14.59450534977919,20.31359176869385,18.76931654496401
2018-10-08 20:15:00.000000,2.249614708043829,2.249604100844119,13.26435340328754,12.03286830629722,13.95092059444663,12.76500789472885,10.45894877491401,9.523170753352296,15.84697566009318,14.64223258153804,20.32493794854389,18.78054555774332
2018-10-08 20:30:00.000003,2.656789772322002,2.656777311469991,13.31278021480976,12.08084493477777,14.0108502886534,12.82479689239083,10.53684170384437,9.59931866999498,15.89435637192405,14.68941822849101,20.33622849547053,18.79184488941962
2018-10-08 20:44:59.999997,3.023828763853677,3.023824232327112,13.35833886993841,12.12685676963129,14.06786728752118,12.88240915037077,10.60857496473968,9.675600720710406,15.93962276952086,14.73637230226714,20.34729787579933,18.80313467554119
2018-10-08 21:00:00.000000,3.376996135288125,3.376990684915722,13.40196233902184,12.17010333816616,14.1225001311973,12.93699951304744,10.67720080214089,9.741649919032884,15.98302253674268,14.7796285642918,20.35806630080296,18.81403931020202
2018-10-08 21:15:00.000003,3.658112386725572,3.658112155583942,13.44077434221952,12.20832903214816,14.17210086378655,12.98629556769477,10.735607731916,9.79701084686148,16.02277166146657,14.8186818518241,20.3683179254363,18.82436150742015
2018-10-08 21:29:59.999997,3.905713457036986,3.905712086735733,13.47548180314651,12.24245981108591,14.21690227584324,13.03073835966484,10.78714269759156,9.845757394118863,16.05887405644385,14.85401192774547,20.37792397621465,18.83401151056096
2018-10-08 21:45:00.000000,4.079434995014324,4.079434451852761,13.50391615935097,12.27043518808656,14.2549170264389,13.06843723033325,10.82660563612879,9.882987292694912,16.08998267133272,14.8844445972331,20.38667850089621,18.84281158848768
2018-10-08 22:00:00.000003,4.209307299698215,4.209305872619914,13.52701020423772,12.29319225507929,14.2865597936866,13.09983271714854,10.85730858428237,9.911930514642153,16.11619104444775,14.91010374035606,20.39446249287074,18.85065523958579
2018-10-08 22:14:59.999997,4.258035196887301,4.258034219385094,13.54274316551821,12.30876814997121,14.31000689535621,13.12314597340018,10.8743650320511,9.92791825995972,16.13626834772649,14.92983043004969,20.40108866307344,18.85736741949218
2018-10-08 22:30:00.000000,4.232770338411159,4.232768511900371,13.55075076986158,12.31682274326312,14.32457283552315,13.13771791801486,10.87793192100476,9.93116386753225,16.1496035641957,14.94305162121895,20.40638537747558,18.86278632333662
2018-10-08 22:45:00.000003,4.125423868187335,4.125422470624049,13.55030671267343,12.31665377100679,14.32939710008836,13.14270970981225,10.86672176541587,9.920451396430702,16.15552210642242,14.9491247720773,20.41018404674975,18.8667515004203
2018-10-08 22:59:59.999997,3.95237974940995,3.95237790626502,13.54203190313466,12.30886933481914,14.32479303079492,13.13843147794145,10.84273198876308,9.897698969479482,16.15411871523665,14.94813434071847,20.41238744370439,18.86916801374296
2018-10-08 23:15:00.000000,3.699519340407375,3.699517579898921,13.52521338300755,12.29276310369504,14.31011205125442,13.12423602852132,10.80420298834855,9.861167759364056,16.14494606196333,14.93963451047313,20.41289217749875,18.86993489666701
2018-10-08 23:30:00.000003,3.390996387360584,3.390993707000303,13.50103683661362,12.26949811845613,14.28626188698429,13.10101971201972,10.75427781649277,9.813908724470258,16.12852758630516,14.92412928314819,20.41168116819465,18.86903363893083
2018-10-08 23:44:59.999997,3.030095058781967,3.0300933639855,13.47030360769743,12.23985660433666,14.25400910886881,13.06953771499742,10.69429497862259,9.757187492342762,16.10537173760022,14.90210735177283,20.40878707855114,18.86649440064626
2018-10-09 00:00:00.000000,2.638691727225015,2.63868882894845,13.43447742465897,12.20526783087405,14.21483643891626,13.03125299145513,10.62735356163334,9.693961342885364,16.07651495563225,14.87456753086342,20.4043216387619,18.8624249466122
2018-10-09 00:15:00.000003,2.217828405736951,2.217826099801864,13.39409688378436,12.16625321098237,14.16948337935351,12.9868899101202,10.55396882474952,9.624700591477827,16.04228578144104,14.84181759792345,20.39824759790274,18.85678343174696
2018-10-09 00:29:59.999997,1.791252384350714,1.791250878068033,13.35091223930321,12.12452083801568,14.11979191941354,12.93826415738287,10.4777631552463,9.552857644205373,16.00416286814758,14.80528804953515,20.39080568633895,18.84980428634534
2018-10-09 00:45:00.000000,1.350410779136558,1.350407990433798,13.30518625055026,12.08031967924333,14.06646761227264,12.88606719073318,10.39833357235569,9.478000207351856,15.96296705740536,14.76577759115718,20.38228066754461,18.84176651800967
2018-10-09 01:00:00.000003,0.9028314636170696,0.9028361394281733,13.2576255315677,12.03433770211386,14.01040829149471,12.83118214785171,10.31688225613747,9.40126704536303,15.91946132690492,14.72402582785282,20.37291095118007,18.8329033025444
2018-10-09 01:14:59.999997,0.459444640015556,0.4594573874878045,13.20943634074363,11.98775319269747,13.95291494795425,12.77489115377529,10.23539823075122,9.324544110671708,15.87455748282103,14.68091351975126,20.36290584171307,18.82341858249157
2018-10-09 01:30:00.000000,0.01089407824612574,0.01100426690352409,13.16038696746609,11.94033950162287,13.89409294729837,12.71729954283645,10.1528708730854,9.246852444398572,15.82847418766628,14.63665754243712,20.35240134678029,18.81344580377237
2018-10-09 01:45:00.000003,-0.4309108033968689,-0.4308869375828364,13.11111922892866,11.89270734023928,13.83463677648267,12.65907898654775,10.07082594642324,9.16961674563451,15.78174651550077,14.5917673322374,20.34152543815614,18.80310892944086
2018-10-09 01:59:59.999997,-0.8700014766850165,-0.870001456261047,13.06171609874885,11.84494563369309,13.77481183430777,12.60049699526081,9.989019713752366,9.0926163621943,15.73463399339919,14.54649912081324,20.33037979717226,18.79250695226769
2018-10-09 02:15:00.000000,-1.29279524080016,-1.29279684240458,13.01314008020085,11.79799339281141,13.71555907641244,12.54247919243652,9.909513270660224,9.017820389589534,15.68779938783838,14.50149071752358,20.31908765240274,18.7817592388877
2018-10-09 02:30:00.000003,-1.701147431856265,-1.701158031054607,12.96704472884966,11.75346588376008,13.65816551104514,12.48628800308454,9.834778471115492,8.947566032969677,15.64194090552781,14.4574058800953,20.3077840816146,18.77099535665426
2018-10-09 02:44:59.999997,-2.080005497379996,-2.080007616241391,12.92391296777365,11.71184144488267,13.60346625899986,12.43275870226431,9.765831938614898,8.882848815885438,15.59778752626254,14.41497225768238,20.29661529526701,18.76035860676084
2018-10-09 03:00:00.000000,-2.435016476185146,-2.435033377119835,12.88307851406355,11.67266823349853,13.55133741609475,12.38195946984046,9.70101685381439,8.823231440272494,15.55549221748839,14.37477592975027,20.28568772300705,18.74999366405444
2018-10-09 03:15:00.000003,-2.763906126752735,-2.763913710442726,12.84459155545149,11.63585561147659,13.50196768978675,12.33396990605526,9.640465679961144,8.767757508973173,15.51527281169217,14.33673568263853,20.2750925649517,18.73997923710211
2018-10-09 03:29:59.999997,-3.054803326817605,-3.054806679137854,12.80914480569122,11.60200826231176,13.45607903875111,12.28942677275178,9.585784970995112,8.717760161859085,15.47769435722155,14.30125422013141,20.26494094007117,18.73040742627906
2018-10-09 03:45:00.000000,-3.314414183425427,-3.314416663850098,12.77675492149488,11.57111949736805,13.41385782807753,12.24848426145215,9.536459282569698,8.672704286369395,15.44294787591773,14.2684742101158,20.2553200673939,18.72135420682503
2018-10-09 04:00:00.000003,-3.528782193304717,-3.528786166525184,12.74822833931621,11.54391614757193,13.37613259006465,12.21188885326782,9.49439131127747,8.634249358755664,15.41170625280943,14.23892594353776,20.24634718337058,18.71291755871232
2018-10-09 04:14:59.999997,-3.690756224330299,-3.690746456174756,12.72415794671138,11.52098984807843,13.34361008392075,12.18034576986479,9.460686944999116,8.603513221980092,15.38452585422997,14.21317533302483,20.23814412835343,18.70521114748924
2018-10-09 04:30:00.000000,-3.78757987641082,-3.78754576551718,12.70545939609733,11.50334373824856,13.31730910823681,12.15493146454499,9.43719800645876,8.583776163873516,15.36217841274432,14.19208332342929,20.23085713868114,18.69838412419196
2018-10-09 04:45:00.000003,-3.806824870056799,-3.806811129582287,12.69318661709341,11.49191126171036,13.29843916705254,12.13678877556897,9.425911800447384,8.57528574209132,15.34559608305065,14.17646982889958,20.22466336413218,18.69260339263765
2018-10-09 04:59:59.999997,-3.745432890208758,-3.745240911818235,12.68799756168563,11.48725630913034,13.28790409120519,12.12676013944778,9.427682077805624,8.577790980101891,15.33552294987231,14.16697178207853,20.21974170582828,18.68803602378999
2018-10-09 05:15:00.000000,-3.578892299178911,-3.578850244083021,12.69149735573532,11.49088204100778,13.28742343908713,12.12649220192388,9.445942100904714,8.594147251003859,15.33325567784745,14.16477696555865,20.21632298066599,18.68489711201758
2018-10-09 05:30:00.000003,-3.311205310596081,-3.311207374777213,12.70420144949885,11.50328796897197,13.29786705330544,12.13683593076246,9.480873139123267,8.624486300334581,15.3395542940647,14.17060904385806,20.21462064263138,18.68339137010892
2018-10-09 05:44:59.999997,-2.961022320057181,-2.961013852047051,12.72568611693342,11.52407187163577,13.31914377719464,12.15770875043961,9.530455957820195,8.66702809604136,15.35440801421394,14.18447922537337,20.2147695307921,18.68365180117869
2018-10-09 06:00:00.000000,-2.553771867725786,-2.553781016621025,12.75454916789984,11.55230539773258,13.35003365767001,12.18817756964457,9.591233014017913,8.725058486606702,15.37701348560293,14.2060518815989,20.2167832819967,18.68573076591908
2018-10-09 06:15:00.000003,-2.099653428517807,-2.099670685318658,12.78977386348011,11.58689957197957,13.38943106651663,12.22712402494017,9.661292102558876,8.794102536906486,15.40653705301552,14.23446516169035,20.22059741384209,18.68957363130615
2018-10-09 06:29:59.999997,-1.629049885266489,-1.629059478195285,12.82969976923928,11.6255937223848,13.43562459599024,12.27235168365714,9.737107787280245,8.864253953760555,15.44199552780366,14.2679212668803,20.22608668696656,18.69498635273812
2018-10-09 06:45:00.000000,-1.149946757103977,-1.149946026020253,12.87448933796158,11.66890115529647,13.48780022188181,12.32330497280588,9.818906012135491,8.93976040484796,15.48213075207356,14.30568141661162,20.233044915315,18.70178348255604
2018-10-09 07:00:00.000003,-0.6669930453582161,-0.6669946580968122,12.92280998882554,11.7156785016228,13.54444566991493,12.37867092275207,9.904555446883723,9.018998053878624,15.52570140618264,14.3468363590487,20.24122414909287,18.70975733224698
2018-10-09 07:14:59.999997,-0.1634843420598219,-0.1634830372606807,12.97411292380696,11.76536624386539,13.6049335723141,12.43782458183222,9.994480461128358,9.102250324234431,15.57237468058126,14.39101583383701,20.25044385820145,18.71874027502803
2018-10-09 07:30:00.000000,0.3263179653905809,0.3263159773348512,13.02618561535744,11.81579943084962,13.66720340598295,12.49873312493793,10.08372407700448,9.184796160696662,15.62077361765547,14.43688875850927,20.26046992899045,18.72850996650072
2018-10-09 07:45:00.000003,0.810994278962234,0.810993451248192,13.0787040440279,11.86666622686325,13.73054491240753,12.56069787105646,10.17266888975415,9.267044412518116,15.67025496620068,14.48382816905581,20.27110228456697,18.73887325961943
2018-10-09 07:59:59.999997,1.275157861691455,1.275033787060534,13.13088990709513,11.91721651019556,13.79399405203347,12.62277494605358,10.25933775098047,9.34714380269509,15.71996496278677,14.53102218796613,20.28213866588341,18.74963567137669
2018-10-09 08:15:00.000000,1.742020104346096,1.742039372033855,13.18334299789941,11.96803811446219,13.85780599691452,12.68521961454549,10.34630360814837,9.427552431457938,15.77000678619004,14.57855348777897,20.29346232769884,18.76068118314809
2018-10-09 08:30:00.000003,2.168528617098577,2.168536952353499,13.23366313335777,12.01749710109806,13.91984201392282,12.74672355746007,10.42779332873752,9.50462107659892,15.81895145891427,14.62647557812192,20.30487052620643,18.77195328493387
2018-10-09 08:44:59.999997,2.595755106701633,2.595769488738883,13.28343546956939,12.06641089371887,13.98110800746289,12.80751057877769,10.50861488714889,9.580986607619066,15.86726187309396,14.67378536315983,20.3162818468261,18.78329477832916
2018-10-09 09:00:00.000000,2.973042999173272,2.973040177397544,13.33014037961948,12.11374506926407,14.03943775046732,12.86655987314575,10.58232543831201,9.661158616651102,15.91350877594732,14.7221624394397,20.32751334124918,18.79475836176449
2018-10-09 09:15:00.000003,3.341155053386291,3.341157914637428,13.375163813158,12.1584284846077,14.09563994611262,12.9227706836204,10.65352835007085,9.729898455074474,15.95807790269985,14.76672430452565,20.33848775757377,18.80588090167733
2018-10-09 09:29:59.999997,3.647789617128396,3.647787263341987,13.41609395418885,12.19872928711361,14.14751149288623,12.97432204437387,10.71605539395133,9.789197309886287,15.99949246670332,14.80742987439824,20.34901843205099,18.81648108563365
2018-10-09 09:45:00.000000,3.912762594500774,3.912761012570452,13.45276946265838,12.23477383735123,14.19458374858171,13.02100609157652,10.77094049197404,9.841103276870447,16.03731650922459,14.84443815622547,20.35895108840405,18.82645264671509
2018-10-09 10:00:00.000003,4.117080510618385,4.117079582137364,13.48393542829686,12.26540817838301,14.23558373655206,13.06165053044153,10.81552872467138,9.883194281757277,16.07063606361572,14.87701692806994,20.36810788093107,18.83564585164764
2018-10-09 10:14:59.999997,4.266714795313642,4.266713017413946,13.50941800984284,12.29048501858446,14.27005341443401,13.09583318957539,10.85015695158713,9.915823843378856,16.0990167503283,14.90478314801715,20.37633721555862,18.84392407057264
2018-10-09 10:30:00.000000,4.351115425212055,4.351114769744296,13.52841872538031,12.30923997350644,14.29712197763279,13.12271553761206,10.87323925155286,9.937518113532782,16.12179920754351,14.92712720370372,20.38348438833504,18.85114407861733
2018-10-09 10:45:00.000003,4.360022875785713,4.360021871559811,13.53994968739658,12.32071900167695,14.3156951504219,13.14123192687831,10.8829897725715,9.946604844697042,16.13816311497915,14.94327398729879,20.38937907467766,18.85714444243737
2018-10-09 10:59:59.999997,4.27667287695692,4.276671734671459,13.54256408527703,12.32351788551885,14.32423361797276,13.14987591843634,10.87662940818344,9.940449441195558,16.14697297766556,14.95213942398618,20.39381205702476,18.86172638642974
2018-10-09 11:15:00.000000,4.138929931709225,4.138928731330689,13.5379042116348,12.31924288836057,14.32382164569496,13.14971378433541,10.85891390499507,9.923634042483014,16.14877982200858,14.95424090363543,20.39670330240935,18.86480954451057
2018-10-09 11:30:00.000003,3.901321623087779,3.901319505406959,13.52370986626701,12.30568333609915,14.31254897022604,13.13886586274817,10.82405974927919,9.890576753305306,16.14234702195878,14.94839151222177,20.39788672294469,18.86623509526823
2018-10-09 11:44:59.999997,3.604614036237095,3.604612335658942,13.5015861868607,12.28440486618773,14.29148817466884,13.11838477797584,10.77687588893581,9.845883015410456,16.12822301771199,14.93510021024072,20.39730958653925,18.86594868008761
2018-10-09 12:00:00.000000,3.248739718523321,3.248736908767702,13.47212570223346,12.25598773913822,14.26124000531725,13.08886443355063,10.71820059986891,9.790361869913559,16.10681420108515,14.91476265666839,20.39497294617082,18.86395025078705
2018-10-09 12:15:00.000003,2.849715947861261,2.849713678807789,13.43664624036887,12.22171570062513,14.22303470352893,13.05151294145493,10.65077422134599,9.726619735704485,16.07895464432556,14.8881641319524,20.39095145775479,18.8603083153356
2018-10-09 12:29:59.999997,2.425364891526001,2.425362821100526,13.39655436189263,12.1829657238729,14.17843242193122,13.00787335601273,10.57723431591577,9.657181550199423,16.04573726925329,14.85638514492967,20.3853863286838,18.85516142939228
2018-10-09 12:45:00.000000,1.988309133857558,1.98830692357672,13.35319503243261,12.14104713595986,14.12900392573526,12.95949225438429,10.49989909078084,9.584232967971806,16.00834810693932,14.82056737820743,20.3784735564617,18.84869938897805
2018-10-09 13:00:00.000003,1.539696852277431,1.5396952930839,13.30723715673318,12.09660824954612,14.07574160833952,12.90734576211517,10.4194844722115,9.508424512418362,15.96762555102102,14.78151924028227,20.37041211701309,18.84111607028476
2018-10-09 13:14:59.999997,1.079615945535463,1.079610317054147,13.25902646863031,12.04998220142158,14.01925225063777,12.85202913543638,10.33628220222171,9.43001363381955,15.924133165024,14.73978607871895,20.36137804476644,18.83258318707656
2018-10-09 13:30:00.000000,0.623926557422251,0.6239235454205858,13.20989789264249,12.00247392652714,13.96092449253864,12.79491168566751,10.25280572241258,9.351397240874823,15.87885917162702,14.69632237770629,20.35157042178434,18.82329465646826
2018-10-09 13:45:00.000003,0.1615709585444928,0.1615666902228343,13.15976016084195,11.95398646288969,13.90099856619975,12.73622326120772,10.16803848574778,9.271566662277559,15.83209986783946,14.6514118931462,20.34113916908362,18.81339461255287
2018-10-09 13:59:59.999997,-0.2990035506713144,-0.2990071108067611,13.10900426777529,11.90489968485651,13.83997995533883,12.67646036329647,10.08297396725266,9.191473721269709,15.78430680802028,14.60549113459526,20.33021966041444,18.80301601012201
2018-10-09 14:15:00.000000,-0.7541686687592949,-0.7541635492778503,13.0580706597892,11.85564208217334,13.77842982358449,12.61617478085875,9.998336832073347,9.111802202331768,15.73594451319765,14.5590100505159,20.31893925815132,18.79228275837901
2018-10-09 14:30:00.000003,-1.201516558019709,-1.201514525725004,13.00736585323309,11.80660664889899,13.7168652755959,12.55587302341547,9.914718927292629,9.033103114677408,15.68743093714351,14.51237250903069,20.30741579454911,18.78130893121407
2018-10-09 14:44:59.999997,-1.633611639229722,-1.633602513944094,12.95868342047463,11.75955009015181,13.65669891533657,12.4969462568434,9.835294326796914,8.958406689099691,15.63956762149841,14.46634714363053,20.2957920054772,18.77023287252696
2018-10-09 15:00:00.000000,-2.040519664637849,-2.040527976445775,12.91299040046761,11.71541504045606,13.59902674698347,12.44047417767281,9.761690197633431,8.88925680438932,15.59315415655603,14.42170930631749,20.284223883961,18.75920516427675
2018-10-09 15:15:00.000003,-2.426198613794089,-2.426200502117539,12.86939764624458,11.67354755301693,13.54363622391259,12.38645649389802,9.691847742535112,8.824861827546767,15.54833106174181,14.37906177147403,20.2728217788196,18.74837676088973
2018-10-09 15:29:59.999997,-2.787742199728712,-2.787747862739293,12.8279273015143,11.6338432395363,13.49070713961552,12.33497645102843,9.625906391512867,8.764390923662608,15.5053276110343,14.33836870153675,20.26168068074838,18.73783397437236
2018-10-09 15:45:00.000000,-3.11712713100713,-3.117139875230658,12.78908079175745,11.59671019640707,13.4407925844199,12.28649719372275,9.564987732983331,8.708621098093637,15.4645968652994,14.29990296850078,20.25090424253279,18.72766149140043
2018-10-09 16:00:00.000003,-3.412318359793659,-3.412324988488767,12.75330735378213,11.56253421159268,13.39445275313081,12.2415081240187,9.50970198323009,8.65800720828593,15.42659752967359,14.2640025356932,20.24059993408453,18.717948094438
2018-10-09 16:14:59.999997,-3.670208191587111,-3.670212885558106,12.72092686626753,11.53158743400845,13.35211859381849,12.20038403165273,9.460623274475433,8.613015283925506,15.39173724110763,14.23098654409412,20.23087207430914,18.70878144986809
2018-10-09 16:30:00.000000,-3.882664696252331,-3.882672960828587,12.6924270266417,11.50450924086426,13.31434797599108,12.16377809334715,9.418790917565387,8.576900436381333,15.3604453218806,14.20144723123843,20.22182382120716,18.7002703504175
2018-10-09 16:45:00.000003,-4.040743452944319,-4.040762962003675,12.66849131905868,11.48193034674885,13.2819123498492,12.13244345564336,9.385550863359706,8.549908879251367,15.33330961318199,14.17593702170097,20.21357377397396,18.69253063906634
2018-10-09 16:59:59.999997,-4.137980525320806,-4.137983678426635,12.64977154428221,11.4643520909518,13.25559959971228,12.10707825903576,9.362022746238758,8.531118038227753,15.31094503281501,14.1549273522857,20.20625282483831,18.68568009272361
2018-10-09 17:15:00.000000,-4.157214765770489,-4.157214992041181,12.63745794548108,11.45288897994653,13.23669955679067,12.08891748538397,9.350693519111635,8.522585210302514,15.29433282042657,14.13930450303176,20.20003229236434,18.67987766677017
2018-10-09 17:30:00.000003,-4.089321582056156,-4.089317470197166,12.63255671185932,11.44849411284565,13.22643366450272,12.07914011709488,9.353258094098678,8.525717321030374,15.28443989576483,14.12996635133258,20.19511121118331,18.67530842411486
2018-10-09 17:44:59.999997,-3.92315430041413,-3.923151660978249,12.63612180331627,11.45217309900569,13.22607493396281,12.07898403619494,9.371575094779022,8.54207330879706,15.28227398329694,14.12785855804822,20.19169984798665,18.67217426693572
2018-10-09 18:00:00.000000,-3.650583632812983,-3.650579935590123,12.64909122179128,11.4648199189751,13.23680975401993,12.08960219906007,9.407154000589045,8.572910059356358,15.28879169981314,14.13388195781673,20.19002095720848,18.6706877534263
2018-10-09 18:15:00.000003,-3.300626700140545,-3.300617925944737,12.67048543542178,11.48549825186514,13.25806274124367,12.11044045853699,9.456709323873374,8.61536306091376,15.30371738944625,14.14781105355584,20.19018908249213,18.67096452314385
2018-10-09 18:29:59.999997,-2.903869611859631,-2.903871109134184,12.6987147828264,11.51269760569937,13.2884035357403,12.14011893191852,9.516077411844684,8.665865340026924,15.32599776408055,14.16868529462807,20.19218383124652,18.6729934351144
2018-10-09 18:45:00.000000,-2.456983068871188,-2.456989311761413,12.73323744465692,11.54590568705688,13.32705887003337,12.17788894381018,9.584926166743088,8.724213692512333,15.35503116511368,14.19594500790957,20.1959401245554,18.67671565814512
2018-10-09 19:00:00.000003,-1.999451772361247,-1.999458621850184,12.77180459308867,11.58297268494657,13.37180097727296,12.22158750872944,9.657981517114083,8.785877857050622,15.38919151105523,14.22808237968232,20.2012702831491,18.68195734993106
2018-10-09 19:14:59.999997,-1.529665331241272,-1.529667876007157,12.813617353324,11.62332025548757,13.42142221810832,12.27014829117429,9.73454442383475,8.853056002259208,15.42743935095235,14.26428555100086,20.20796401071432,18.68853227789732
2018-10-09 19:30:00.000000,-1.051532766188884,-1.051533127088072,12.86006858686302,11.66966626335266,13.47618409443851,12.32461580910001,9.81743965014819,8.949246241833745,15.46954593730225,14.30554184233863,20.21586255793868,18.6963865687035
2018-10-09 19:45:00.000003,-0.5759680010223216,-0.5759701103213102,12.90949858243147,11.71749057270751,13.53472965607644,12.38180448888523,9.904008736796161,9.029191574250715,15.51516707740525,14.3484892271388,20.22483096903495,18.70515779640311
2018-10-09 19:59:59.999997,-0.08586945833602026,-0.08587084639044872,12.96083226327987,11.76708537986803,13.5959138503426,12.4415044184775,9.992736966100773,9.111025961986048,15.56282904086557,14.393407927951,20.23463250786571,18.71469437697469
2018-10-09 20:15:00.000000,0.374954654004069,0.374950629252178,13.01153120578389,11.81612303094642,13.65731718099693,12.50148776820676,10.07808855724198,9.1898095910753,15.61092041582955,14.43891275359797,20.24499180413481,18.72477578018237
2018-10-09 20:30:00.000003,0.8337057891242136,0.8337037363122202,13.06221002021602,11.86517729710037,13.71899134552626,12.56178221355877,10.16294552124071,9.268199945199754,15.65935539037085,14.48483616581195,20.25573854640756,18.73524387900844
2018-10-09 20:44:59.999997,1.274174531433485,1.274166093209337,13.11238463714762,11.91376608609818,13.78034918810646,12.62179610851048,10.245646088567,9.344586702600692,15.70760088738559,14.53063576554629,20.26671563358792,18.74594671409179
2018-10-09 21:00:00.000000,1.702997407502897,1.702989674967341,13.16178802047124,11.96162121864602,13.84098316167602,12.68111921242684,10.32651337169018,9.419288370611378,15.7553737836948,14.57602162585655,20.27779863027463,18.75676170507429
2018-10-09 21:15:00.000003,2.088920883030722,2.088918541351116,13.20845054583065,12.00683214084555,13.89903866133822,12.73793634162733,10.40110793234877,9.48812674678883,15.80140122978407,14.61979572955713,20.28879463401006,18.76750549727396
2018-10-09 21:29:59.999997,2.470918796742834,2.470915494588518,13.2539586847716,12.05159168701371,13.95555206216805,12.79399318202906,10.47413183546134,9.557239029992763,15.84618310559682,14.66369164586562,20.29963105776368,18.77822750182408
2018-10-09 21:45:00.000000,2.79542183221454,2.795420010034154,13.295590446567,12.09262802013128,14.00820004526238,12.84637931645561,10.538703477121,9.618135219575583,15.88821448566185,14.7050772765891,20.31012439352765,18.78869616014379
2018-10-09 22:00:00.000003,3.115217646454179,3.115215324904294,13.335506258156,12.13301676453257,14.05846914454754,12.89723800507136,10.6010974475868,9.685094735408107,15.92826704548049,14.74676754653365,20.32023152618667,18.79901650311798
2018-10-09 22:14:59.999997,3.351769204388388,3.351768548046697,13.3696223175063,12.1674830623067,14.10287067972844,12.94216049438015,10.65116375080164,9.737151764907948,15.96413313917962,14.78385450358178,20.3297215183629,18.80876831883935
2018-10-09 22:30:00.000000,3.563041693894954,3.563040977012774,13.40008797308476,12.19774564164911,14.14263130910803,12.98195657516209,10.69572126653329,9.77990124228902,15.99634233845292,14.81600980569855,20.33850104052975,18.81772292398459
2018-10-09 22:45:00.000003,3.686638707176106,3.686635888410583,13.42349358417944,12.22090371924674,14.17486510540862,13.01409937501099,10.72635567291871,9.808859786728721,16.02304434319327,14.84238970585734,20.34634036992889,18.82569467231464
2018-10-09 22:59:59.999997,3.775181657301091,3.775180656673092,13.44175872972442,12.23899536298009,14.20075287854321,13.03990677097444,10.74911062661657,9.830341671599589,16.04479220246144,14.86384207304791,20.35314905574292,18.83262746222011
2018-10-09 23:15:00.000000,3.766455530800183,3.766454234525263,13.4517205408563,12.24896858215276,14.21758029734158,13.05675438887688,10.75601926931311,9.83674056172786,16.05981977513615,14.87875758509813,20.35870817543339,18.83832866671435
2018-10-09 23:30:00.000003,3.697261405064936,3.697259971673587,13.4543977703962,12.25184125070054,14.22574286783582,13.06505596962946,10.7509546452276,9.831843522291358,16.06817066371813,14.88720168586936,20.36288708617671,18.84267903240539
2018-10-09 23:44:59.999997,3.531203297271341,3.531201507788632,13.4478414749338,12.24571355821237,14.22346555210261,13.06307149899897,10.72920010238432,9.811119090269392,16.06863739763028,14.88802330361152,20.36549336466953,18.84549707050161
2018-10-10 00:00:00.000000,3.308103492807784,3.308101623837636,13.43372031510864,12.23222480555489,14.21184330947202,13.05188779133295,10.69564772066792,9.779297776723482,16.06176707232384,14.88174848608204,20.36645647634908,18.84671458713082
2018-10-10 00:15:00.000003,3.014667817748202,3.014665983795687,13.41175360788184,12.21109951815568,14.19057768058018,13.03121071309623,10.64921209661597,9.735321452622243,16.0470923964987,14.86791858983898,20.365550975741,18.84610934642731
2018-10-10 00:29:59.999997,2.667745765450688,2.667741608931502,13.38277447218096,12.18315292083937,14.16043635263176,13.00179967362977,10.59198061429215,9.68119163444043,16.02524945004586,14.84715107372904,20.36282129078535,18.8437252981606
2018-10-10 00:45:00.000000,2.294988474118245,2.29498742167224,13.34883196791417,12.15038517046302,14.12345692285343,12.9656629081047,10.52822072372347,9.62097747832201,15.99775911025975,14.82091287520707,20.35849285526442,18.83978109414542
2018-10-10 01:00:00.000003,1.886894086012007,1.886891170933984,13.31016540410583,12.11302405854912,14.08027660051794,12.92342695872357,10.45743164829122,9.554153087421204,15.96524706091991,14.78981195198951,20.35275197257282,18.83445958372097
2018-10-10 01:14:59.999997,1.469500782889441,1.469498976148835,13.26847608736202,12.07272861293598,14.03262527819024,12.87679389837684,10.38330769748527,9.484249735343344,15.92895593469166,14.75504442045858,20.34580734969607,18.82796196094359
2018-10-10 01:30:00.000000,1.038482135560779,1.03847865863919,13.22419575973854,12.02991523216422,13.98126636197951,12.82651409569536,10.30595610473927,9.411332595596916,15.88955120352037,14.71725502234772,20.3378347685,18.82045983467824
2018-10-10 01:45:00.000003,0.6083778229971113,0.6083994525288006,13.17861648637804,11.98584835663605,13.92758279510105,12.77395330764058,10.22771109493367,9.337627186733226,15.84800829558804,14.67738816170881,20.32902540382421,18.81213996001853
2018-10-10 01:59:59.999997,0.1673838972895723,0.1673286709752531,13.13156541168235,11.94034646724573,13.87175249167765,12.7192760394009,10.14740515991722,9.261970471040145,15.80457758332539,14.63568317573919,20.31951778041933,18.80313548999069
2018-10-10 02:15:00.000000,-0.2685481937909421,-0.2685647059742985,13.08386833513385,11.89422378844007,13.81465712541144,12.66335854368556,10.06706841562235,9.186330591290353,15.7599454023655,14.59280839365183,20.30946061070761,18.79359230767005
2018-10-10 02:30:00.000003,-0.699918256197893,-0.6999350256843382,13.03588372242242,11.84782328023247,13.75685128693639,12.60674288044376,9.987023094416344,9.110983556427605,15.71459266729905,14.54922815333668,20.29899049974837,18.78364394980903
2018-10-10 02:44:59.999997,-1.125092868192971,-1.125100460933296,12.98794202245989,11.80146586861721,13.69880624045596,12.54989243881065,9.90768721479513,9.036319455256614,15.66891510364032,14.50532600128206,20.28822930971632,18.77340885458045
2018-10-10 03:00:00.000000,-1.532919889197871,-1.532930915691689,12.94158766645276,11.7566608059538,13.64183978718311,12.49410358384349,9.831963250201852,8.965105508131144,15.62373166360629,14.46188790620053,20.27732545998767,18.76303072343007
2018-10-10 03:15:00.000003,-1.925935829802562,-1.925940510868253,12.89784677888406,11.7144102648556,13.58689709009234,12.44030466533226,9.761125034968767,8.898537857425218,15.57962890573819,14.41947598003665,20.26641873259975,18.75264436906572
2018-10-10 03:29:59.999997,-2.294120476686298,-2.294127594668603,12.85625997672149,11.67445369332475,13.53414797922807,12.38884622424982,9.694412470495243,8.836961211020428,15.53699474002033,14.37887986247146,20.25563100485527,18.74240613825473
2018-10-10 03:45:00.000000,-2.637303990719587,-2.637305857190002,12.81680463667542,11.63667500297502,13.48380408444954,12.33987332913719,9.631720873758894,8.779470749831132,15.49611923784954,14.34018885742464,20.24506869232761,18.73241737355439
2018-10-10 04:00:00.000003,-2.949329033790657,-2.94932751006708,12.77990342470711,11.60140402099738,13.43638063302778,12.29381302554051,9.573916203958785,8.726564222021976,15.45743349743242,14.30365314506125,20.23484082438591,18.72276958220262
2018-10-10 04:14:59.999997,-3.231402035072163,-3.231414418474075,12.745725729866,11.56877402140582,13.39217237800398,12.25091737234435,9.52105955547089,8.678234472383135,15.42121104709474,14.26947686529363,20.22504174429031,18.71354417104897
2018-10-10 04:30:00.000000,-3.471926408684213,-3.471932273075761,12.71508705823791,11.53951360156298,13.35203930800378,12.2119550892034,9.474892433958242,8.635965627286016,15.38814326045398,14.23819191240663,20.21579477320133,18.7048430694613
2018-10-10 04:45:00.000003,-3.667919012825496,-3.667923588783554,12.6883448196239,11.51404748830501,13.31647641848053,12.17746059213552,9.435947155749002,8.601266414587487,15.35864060520747,14.21028761132766,20.20721200625339,18.69677533051582
2018-10-10 04:59:59.999997,-3.816533143580231,-3.816548972722752,12.66581504444204,11.49279075910141,13.28591926749719,12.14793873638357,9.40470909583964,8.575887749918497,15.33306089317416,14.18623328925824,20.19939677462958,18.68945079931963
2018-10-10 05:15:00.000000,-3.90217492275256,-3.902175056827609,12.64846700259995,11.47651019039607,13.26138557011489,12.12429521623703,9.38331108615162,8.558852232183495,15.31216328853586,14.16659898693009,20.19248319872703,18.68298948548627
2018-10-10 05:30:00.000003,-3.919497250551747,-3.91949237907044,12.63700866832568,11.46585012591798,13.24375620681449,12.10736146131991,9.372870276089735,8.55100603884571,15.29664866923144,14.15201042684953,20.18661981776493,18.67752931330009
2018-10-10 05:44:59.999997,-3.848927536174785,-3.848920194735815,12.63278475371963,11.46209130950515,13.23448894619539,12.09854878232715,9.376191896760554,8.554743197285998,15.28761962396474,14.1434905689206,20.18200066228242,18.67325057696831
2018-10-10 06:00:00.000000,-3.680249491303696,-3.680237095519214,12.63691416526611,11.46630112398258,13.23494826477842,12.09918405321008,9.395150190322331,8.571620959912684,15.28615982019522,14.14205396968136,20.17884524097254,18.6703626728796
2018-10-10 06:15:00.000003,-3.41339634086299,-3.413394087019299,12.64996024081498,11.47901687408172,13.24599303017686,12.11010600389484,9.430277342260368,8.60204774135474,15.29300402203186,14.14840053009628,20.17735788325875,18.66906230325053
2018-10-10 06:29:59.999997,-3.065577269104196,-3.065590228197032,12.67146069584556,11.49978999536947,13.2674767041402,12.13116658082692,9.479672704415005,8.644350968254418,15.30813834051603,14.16253363357102,20.17766756198114,18.66947643970022
2018-10-10 06:45:00.000000,-2.658551069015163,-2.658558985577154,12.70045037316286,11.527709572903,13.29859673216731,12.16159737765032,9.540494406395798,8.696097052620447,15.33095945523596,14.18391214099094,20.1798019837535,18.67163800410093
2018-10-10 07:00:00.000003,-2.210912940284773,-2.210858248993991,12.73543694195937,11.56135278664273,13.33784547166228,12.1999391295403,9.609818860072759,8.754824162013922,15.36043085804794,14.21158168679415,20.18368672822958,18.67548169981052
2018-10-10 07:14:59.999997,-1.748546794391261,-1.748552270611297,12.77455838620526,11.59893745701092,13.38323202051879,12.24425642948077,9.683763873602777,8.817223839872662,15.39506669390308,14.2441607300284,20.18914195319175,18.68084128941361
2018-10-10 07:30:00.000000,-1.272849787876341,-1.272846012810375,12.81761028299122,11.64176203519743,13.43403079518474,12.29467584871326,9.762503170117613,8.907419772174828,15.43422809874991,14.28232645074578,20.19599923858351,18.68765681369555
2018-10-10 07:45:00.000003,-0.7970316628802855,-0.7970331337534964,12.86580988974436,11.68845552347819,13.49032635450583,12.34972141184967,9.848273582644673,8.986971990444657,15.47768371915866,14.32330870581309,20.20412108929389,18.6956063388427
2018-10-10 07:59:59.999997,-0.2989937261243525,-0.2989956542446174,12.91672658420552,11.73768534312195,13.55034529794677,12.40833085937937,9.937521339054815,9.069407855209832,15.52409261992874,14.36709195267606,20.21328184589524,18.70452685701681
2018-10-10 08:15:00.000000,0.1870812502770888,0.1870845686467051,12.96839260520095,11.78766731851529,13.61211671008932,12.46869020268482,10.02611937207626,9.151266887358844,15.57214163989347,14.41255168004034,20.22323684410769,18.71421590124409
2018-10-10 08:30:00.000003,0.6740078723055555,0.6740069442775627,13.02084762446799,11.83843091440659,13.67525349630998,12.53041093368267,10.11524979367738,9.233639739180076,15.62144273812804,14.45926786670833,20.23380640078848,18.72450610409519
2018-10-10 08:44:59.999997,1.124949156767118,1.124914843978103,13.07209148810282,11.88803279066599,13.73778537062318,12.59155993345975,10.20000323980579,9.311886094314017,15.67053803682695,14.50585100489694,20.24474675183411,18.73516706400957
2018-10-10 09:00:00.000000,1.596969038719036,1.59693626765194,13.12447211530489,11.93875290323971,13.80133895322388,12.65372363367932,10.28733765391892,9.392612541506573,15.72033772078378,14.55312278725211,20.25598903643231,18.74612535617084
2018-10-10 09:15:00.000003,2.022145760702394,2.022139288320083,13.17462519806436,11.98732028087602,13.86310776540105,12.7141544871475,10.36865678335255,9.46767480197126,15.76906714460295,14.59942242768952,20.26732443129828,18.75718522314268
2018-10-10 09:29:59.999997,2.447410205635671,2.447402241172648,13.22413495271142,12.03608068551436,13.92402089153088,12.77466792527768,10.44915079919168,9.544084358384753,15.81712172846054,14.6466881905647,20.27866551590902,18.76841031318954
2018-10-10 09:45:00.000000,2.82194246160811,2.821941858436918,13.27045764679309,12.08157098551345,13.98187804170559,12.83208243116575,10.52235278559912,9.612709165731815,15.86305209959535,14.69161150801057,20.28982182351473,18.77950697568827
2018-10-10 10:00:00.000003,3.179871710905235,3.179868616175164,13.31472531196173,12.12602585139456,14.03729150393235,12.88784384751808,10.59202616303401,9.685726850407182,15.9070532403059,14.73677369530832,20.3006962024947,18.79053511352429
2018-10-10 10:14:59.999997,3.490076520504686,3.490075436731066,13.35537968170689,12.16685858176295,14.08880089590227,12.93973415198019,10.65444147635646,9.749855642949946,15.94817737183002,14.77894298487413,20.31113920808487,18.80119519568004
2018-10-10 10:30:00.000000,3.753411576392055,3.753409860106523,13.39186748037176,12.20296629443375,14.13559896897398,12.98642745263562,10.70909338678502,9.802156557622068,15.98576712746033,14.81628262929852,20.32099683608843,18.81118519624372
2018-10-10 10:45:00.000003,3.961478186931697,3.961473785275936,13.4231450068961,12.23376777142645,14.17660318519551,13.02716657601143,10.75414630990582,9.844778103678168,16.01904520237202,14.84898328687175,20.33010178623124,18.82037386871503
2018-10-10 10:59:59.999997,4.108086408366705,4.108085185097063,13.44845537666659,12.25868794594577,14.21089216931697,13.06120352721276,10.78839327674598,9.877070116853064,16.04728631622358,14.87667757437624,20.33828540872419,18.82863148656696
2018-10-10 11:15:00.000000,4.195100522582856,4.195097287087911,13.46753705883099,12.27752027979001,14.23798793232131,13.08812844064544,10.8117784696806,9.899053473571437,16.07006118004582,14.8990388322482,20.34540407546526,18.83583528953328
2018-10-10 11:30:00.000003,4.211619102708902,4.211617183528443,13.47953823960703,12.28945282173243,14.25696643479001,13.10705472977198,10.82264046938745,9.909193686055142,16.08668155581221,14.91544350235954,20.35130353429332,18.8418462807809
2018-10-10 11:44:59.999997,4.135375310448005,4.135372930803904,13.4827410178437,12.29281741785303,14.26609213039949,13.11628286930706,10.81746421735588,9.904155562610429,16.09590076169157,14.92470907769161,20.35577548788429,18.84646910463477
2018-10-10 12:00:00.000000,4.003436233995493,4.003434067631828,13.47865666053903,12.28909708702293,14.26631164017694,13.11675032168581,10.80078699510779,9.888320584295307,16.09816732718569,14.92726370927288,20.3587313429748,18.84961753606553
2018-10-10 12:15:00.000003,3.781788740639826,3.781787093033521,13.46566638486271,12.27670105294742,14.25625529582158,13.10710230861236,10.76840023991955,9.857588468092555,16.09258999326945,14.92223870379617,20.3600316071574,18.85115734557049
2018-10-10 12:29:59.999997,3.497905405473312,3.497902732621642,13.44480767593172,12.25664650676948,14.23658259830515,13.08798953822032,10.72350418940518,9.81506342131512,16.07948540594194,14.90993420191752,20.3596189580518,18.85103126957797
2018-10-10 12:45:00.000000,3.158888045732744,3.158886516728312,13.41697315342896,12.22980664265848,14.20808316034619,13.06019184633153,10.66782419666821,9.762392510863055,16.05935351265645,14.8908316882193,20.35749880810966,18.84924345124265
2018-10-10 13:00:00.000003,2.775289405496692,2.775286537597508,13.38310894962142,12.19710404616811,14.17172019062942,13.02465820993582,10.60318643456744,9.701309948485255,16.03286446504796,14.86557613627096,20.35373407112087,18.84585379672233
2018-10-10 13:14:59.999997,2.363576833849845,2.36357334175869,13.34450383893477,12.15979394783807,14.12890091674035,12.98277247754685,10.53204787292751,9.634149933297934,16.00101155432617,14.83512215992328,20.34845232744504,18.84098334249572
2018-10-10 13:30:00.000000,1.932427897742508,1.932425126269315,13.30221025763398,12.11890158223726,14.08089311970762,12.93578430286942,10.45613163491023,9.56253481673783,15.96476387242126,14.80040651199508,20.34182116734967,18.83479511059934
2018-10-10 13:45:00.000003,1.495162377051527,1.495159630973534,13.25748035024824,12.075645548782,14.0291338876714,12.88510760578778,10.37772329601918,9.488628869166426,15.92522395599219,14.76249296328245,20.3340437315277,18.8274857854973
2018-10-10 13:59:59.999997,1.039991032465038,1.039985541723023,13.2101695183362,12.02987974224692,13.9738564212789,12.8309703153534,10.29570749936411,9.411331537203052,15.88272531066162,14.72170854646686,20.32527797136699,18.81921036300756
2018-10-10 14:15:00.000000,0.5908664196225838,0.5908601856234887,13.16193191234355,11.98322114315501,13.91667526379739,12.7749636252288,10.21352332419109,9.333933661944657,15.83837595300725,14.67912194142528,20.31572286153975,18.81016164933295
2018-10-10 14:30:00.000003,0.1329130071342603,0.1329911828186284,13.1125157567896,11.93542377123744,13.85771968965424,12.71721659940279,10.12972009322314,9.25502412623836,15.7924158106101,14.6349717149368,20.30552298449273,18.80048190198666
2018-10-10 14:44:59.999997,-0.321532772742355,-0.3215163490186466,13.06250528126541,11.8870446150896,13.79764931165773,12.65836960474537,10.04578824327549,9.176000100184796,15.74538904232734,14.58977887398392,20.29481776849184,18.7903066945464
2018-10-10 15:00:00.000000,-0.7708240879850538,-0.7708156486035952,13.0122991703918,11.83847814225158,13.73701469795656,12.59896884327136,9.962258302189102,9.097377430286137,15.69776241693461,14.54399785052992,20.28373851024847,18.77976420053641
2018-10-10 15:15:00.000003,-1.21090244034556,-1.210904221244089,12.96239078147556,11.79020350398226,13.67641367517112,12.53960181591053,9.879933450886979,9.019909654243856,15.65000904837903,14.49808598309844,20.27241024118824,18.76897600759981
2018-10-10 15:29:59.999997,-1.634079808062984,-1.634084247262001,12.9146195855391,11.7440203384626,13.61731567087895,12.48171471097804,9.802059046162963,8.946689011647818,15.60297617194151,14.45285500200056,20.26098402250285,18.75808765173489
2018-10-10 15:45:00.000000,-2.033008744377664,-2.033010949488196,12.86978249404817,11.70073990308768,13.56069465661141,12.42629800698809,9.729848723453774,8.879076129912885,15.55739735020821,14.40909026859457,20.24961594428432,18.7472569840366
2018-10-10 16:00:00.000003,-2.407521773006623,-2.407531477201289,12.82720132708687,11.65986915917427,13.5065047241842,12.37347687828469,9.661794552471804,8.81650677577959,15.51351656078163,14.36740129583906,20.23842544907918,18.73663760277807
2018-10-10 16:14:59.999997,-2.756845254335624,-2.756849010791742,12.78685891127606,11.6212503019058,13.45491060719668,12.32330415309916,9.59784869255547,8.757908247180431,15.47156142453398,14.32771751399346,20.22751283670698,18.72631604114979
2018-10-10 16:30:00.000000,-3.070481502620835,-3.070484084181149,12.749370866988,11.58541656762524,13.4065731448645,12.27635874098328,9.539426264928228,8.70445912632167,15.43206174281513,14.29041557482835,20.21699198257355,18.71638766498182
2018-10-10 16:45:00.000003,-3.349411453051253,-3.349415047227224,12.7150657826337,11.5526338315403,13.36196354857348,12.23303958476872,9.486811231202516,8.656298654684095,15.39543962665409,14.25579713739749,20.20697348379092,18.70694430988815
2018-10-10 16:59:59.999997,-3.591249321623281,-3.591265460049685,12.68421527571663,11.5231434117277,13.32146038324237,12.19368685599253,9.440420869203953,8.613789320280112,15.36203342861039,14.22414489735779,20.19755710700935,18.69807172473168
2018-10-10 17:15:00.000000,-3.788895061070276,-3.788916510511211,12.65722770871226,11.49761155122577,13.2855378368187,12.15893445457944,9.401146862555256,8.581630509810418,15.33221504643478,14.19609368584665,20.1888391011771,18.68988063173981
2018-10-10 17:30:00.000003,-3.933173033697027,-3.933169120715796,12.63476382579493,11.47644018887379,13.25492833252616,12.1293785881325,9.370335074050207,8.556693284840035,15.3065403181384,14.17197466789186,20.18092907995229,18.68246694039841
2018-10-10 17:44:59.999997,-4.016044351744999,-4.016044730515264,12.61754016622052,11.46026758574613,13.23046431374637,12.10579250757663,9.349308732250991,8.53995590402119,15.28565734071414,14.15234734181909,20.1739571334299,18.67594745611272
2018-10-10 18:00:00.000000,-4.023866659535046,-4.023866269489073,12.60658517974049,11.45007623434577,13.21329065329829,12.08928876330507,9.340119438450756,8.533165462718031,15.27044414485085,14.13802711904433,20.16808433274098,18.67047380185529
2018-10-10 18:15:00.000003,-3.94778722763688,-3.947780709323207,12.60282398003893,11.44674757106596,13.20452691132965,12.08095556957526,9.34434883021302,8.537640468835653,15.2617860236364,14.12984375959871,20.1634922845581,18.66621762877171
2018-10-10 18:29:59.999997,-3.778985709117172,-3.778981567318666,12.60715808296917,11.45114124304554,13.20528316999911,12.08187156475151,9.363529953572643,8.554662485088746,15.26056866772477,14.12862869993546,20.16037534933448,18.66336343913836
2018-10-10 18:45:00.000000,-3.514192827921802,-3.51418869242255,12.6202129580762,11.4638539580267,13.2164240187512,12.09287946772383,9.398485762186398,8.584903080849847,15.26750999081665,14.1350630598592,20.15892136300366,18.66209287741682
2018-10-10 19:00:00.000003,-3.172250454201327,-3.172242983232896,12.64139068479407,11.48431316599698,13.23765056196453,12.11369209394179,9.447108701020229,8.626513688019788,15.28250630238565,14.1490689047419,20.15923933838533,18.66251459216856
2018-10-10 19:14:59.999997,-2.784624927188387,-2.784631040975805,12.66925206591623,11.51115331533841,13.26770171749961,12.14309424539715,9.505326279653515,8.675995926786785,15.30460176766537,14.169778537092,20.16131312372608,18.66462052636786
2018-10-10 19:30:00.000000,-2.347635724678233,-2.34763606750429,12.7031905867606,11.54379614341267,13.30576919659596,12.18029983607594,9.572796726504526,8.733140112023502,15.33322050628658,14.19665508758088,20.16508226102274,18.66835572676054
2018-10-10 19:45:00.000003,-1.906269926398138,-1.906273066523073,12.74072510389,11.57985953789711,13.34942643664571,12.22293899335578,9.643591438468075,8.79284358122196,15.36659503407233,14.22805903494638,20.17034987898318,18.67353883943984
2018-10-10 19:59:59.999997,-1.445613310164552,-1.44561496480515,12.78170964238919,11.61921215286165,13.39805319652074,12.27040534545543,9.718607556301166,8.856001568184581,15.40404998113435,14.26334472719347,20.17693408627594,18.67999528022177
2018-10-10 20:15:00.000000,-0.980814615638573,-0.9808114951271246,12.82767374933699,11.66448000534884,13.45194917192114,12.32361608103163,9.800515073383863,8.9434192532375,15.44542744892578,14.30327429932136,20.18469840537375,18.68766211814829
2018-10-10 20:30:00.000003,-0.5089701951429276,-0.5089689985461072,12.87638351767819,11.71210111878221,13.50954125085221,12.38014068945463,9.8859766981442,9.031166151648906,15.49024867737278,14.34593365754741,20.19350670375209,18.69629779887083
2018-10-10 20:44:59.999997,-0.03217157028662487,-0.03217157966917481,12.92658889415809,11.76069890532105,13.56942883939456,12.43866406280904,9.972563286003831,9.111347153416375,15.53690203165187,14.3900406236183,20.20311618684941,18.70566538164827
2018-10-10 21:00:00.000000,0.4269276331909486,0.4269261255962398,12.97668869590678,11.80916595560925,13.6299542103405,12.49781246560296,10.05723417282963,9.189523654272,15.58426062153626,14.43488445489686,20.21329066095459,18.71557561807965
2018-10-10 21:15:00.000003,0.8680911515337868,0.8680909173717475,13.02605659064083,11.85693924714852,13.69018637714692,12.55669816184885,10.13946589526587,9.265436135446327,15.63161125218465,14.47979023766286,20.22382535622265,18.72584325999142
2018-10-10 21:29:59.999997,1.307191507625071,1.307190423678905,13.07562859980695,11.9049288113684,13.75064617432349,12.61582425250762,10.22149428301922,9.341193998581547,15.67909618589237,14.52485861278953,20.23460406993898,18.73635434402515
2018-10-10 21:45:00.000000,1.72508197683405,1.725071585341735,13.12407570096736,11.95183589980735,13.81014208033903,12.67401867106906,10.30061751945618,9.414238183669012,15.72598587265573,14.56939387893581,20.24548472075982,18.74697211034552
2018-10-10 22:00:00.000003,2.108414334990444,2.108413235146469,13.17015381640782,11.99646075432835,13.86735695288427,12.72999791121091,10.3745019460826,9.482404628128375,15.77131785808695,14.61249158451239,20.25629244375241,18.75753046778366
2018-10-10 22:14:59.999997,2.480606062660765,2.480600799957104,13.21478754257286,12.04055625109219,13.92282743198099,12.78525169159496,10.44594549986627,9.55053264152869,15.81529001859418,14.65600702124517,20.26693861256925,18.76810416617187
2018-10-10 22:30:00.000000,2.802777680315863,2.802775800321576,13.25587651607358,12.08096505075074,13.97469032079219,12.83679191191992,10.50986322868294,9.610464279474183,15.85667649143542,14.69659609130629,20.27725468596068,18.77840036337201
2018-10-10 22:45:00.000003,3.112052245372638,3.11205035241649,13.29488304903087,12.11994339848188,14.02389557583924,12.88615839273037,10.57058577288488,9.672551866450371,15.89591906513915,14.73641498808554,20.28717705640715,18.78844590301306
2018-10-10 22:59:59.999997,3.350928579570244,3.350928056432478,13.3287283288609,12.15436131592051,14.06776711075462,12.93069170194978,10.62062721609725,9.727032975281146,15.93130897358429,14.77353560680783,20.29650874168712,18.79805189762768
2018-10-10 23:15:00.000000,3.55426055096459,3.554259853558116,13.3585414679842,12.18405037735642,14.10675638718681,12.9697838908933,10.66397189264414,9.768906342127826,15.96291738211072,14.80527880348271,20.30513506433373,18.8068695668723
2018-10-10 23:30:00.000003,3.683235207708777,3.683232664452582,13.38197801143871,12.20723327985676,14.13880342527695,13.00173554903503,10.69510904389676,9.798376268050589,15.9893934612826,14.83146391367088,20.31285878431433,18.81473027309861
2018-10-10 23:44:59.999997,3.780141576244802,3.780140782588777,13.40070231393219,12.22574744397996,14.16498589198869,13.0278031685898,10.71907072193971,9.821000809655063,16.01127664307797,14.85303037780531,20.31960862317352,18.82159917268892
2018-10-11 00:00:00.000000,3.778196196391194,3.778194850284863,13.41120798404823,12.23622516605035,14.18229611315532,13.04509759570012,10.72711961948786,9.828469669462663,16.02661251289804,14.86822297884678,20.3251572957878,18.8272832657617
2018-10-11 00:15:00.000003,3.72494507395204,3.72494374653784,13.52431658132548,12.24098557743616,14.25337537594642,13.05581218629654,11.79998043081847,9.8267525246866,16.11232503045042,14.88018100712022,20.33924019763745,18.83303399999841
2018-10-11 00:29:59.999997,3.579974892017263,3.579972192768791,13.54352096624335,12.23793000648397,14.27538729176517,13.05797579052437,11.83391307015933,9.81064422625072,16.14316205785537,14.88661812808648,20.35071583503868,18.83842297715875
2018-10-11 00:45:00.000000,3.380333489146474,3.380332226306122,13.54004098736858,12.22801969232231,14.27635887301064,13.05169567548619,11.81325382922101,9.783913533689185,16.15119090958044,14.88633271270769,20.35914247115408,18.84256345677971
2018-10-11 01:00:00.000003,3.110347475377393,3.110344794953729,13.52602788676928,12.21059354422815,14.26479049941222,13.03614551589642,11.77590059893593,9.745023654066888,16.14731676914192,14.87839208717472,20.36491328235228,18.84486322911886
2018-10-11 01:14:59.999997,2.786602073307868,2.786599170323701,13.50428474991294,12.18628915192711,14.24332363301268,13.01175823128111,11.72704620404842,9.695871166060448,16.13464811635042,14.86305302609768,20.36827758694285,18.84513292997559
2018-10-11 01:30:00.000000,2.43104595415448,2.431044525794651,13.47683019376761,12.15665104710605,14.21405453499181,12.98005027335462,11.67049549351136,9.639660414718856,16.11506108025417,14.84142874249858,20.36950125014107,18.84346215842166
2018-10-11 01:45:00.000003,2.040708536245738,2.040704338567384,13.44424495467789,12.12213165916451,14.17791352619978,12.94176969319748,11.60657460951816,9.576607090929404,16.08951530511399,14.81424370882539,20.36883517972555,18.84002696423152
2018-10-11 01:59:59.999997,1.638716460934609,1.638714012185462,13.40821467924238,12.08434748250435,14.1366853859743,12.89861595902396,11.53868054330652,9.509999202701787,16.05940443232164,14.78277946918101,20.3665679852958,18.83507693404395
2018-10-11 02:15:00.000000,1.221642249901675,1.22163853960492,13.36924155230343,12.04375078442597,14.09123151873815,12.85139123578861,11.46713211735064,9.440002675027845,16.02558232028321,14.74779785563747,20.36295901683832,18.82884675759602
2018-10-11 02:30:00.000003,0.8077599133005625,0.8077639446908491,13.3287681580919,12.00174028089712,14.04311322280459,12.80161231050153,11.3947291472026,9.369297986141017,15.98925148035908,14.71043170790042,20.35827778527143,18.82158904737564
2018-10-11 02:44:59.999997,0.3870452978958686,0.3870809913583342,13.28693466768002,11.95852021946374,13.99286488460647,12.74982192550775,11.32039088297057,9.297214064252778,15.95091471119562,14.6711737632507,20.35273765892602,18.81350707810715
2018-10-11 03:00:00.000000,-0.02785822050019197,-0.02785860176229411,13.24452769434528,11.91477616330344,13.94137361217583,12.69685467319497,11.24617409283181,9.225307656994074,15.91131471317761,14.63072153520113,20.34653830253608,18.8047925188101
2018-10-11 03:15:00.000003,-0.4373145017933632,-0.4373105812625607,13.20188372510858,11.87082013233327,13.88919151367614,12.64323813611611,11.17239103664546,9.153839400741226,15.87096363199857,14.58955751855528,20.33985193067781,18.79560973582631
2018-10-11 03:29:59.999997,-0.8392738565670911,-0.8392498281788044,13.15934809284391,11.82698437060646,13.8368221868924,12.58946122207147,11.09948771919419,9.083223083273097,15.83029967900379,14.54810057767166,20.33282667974657,18.78610110648028
2018-10-11 03:45:00.000000,-1.223092652644263,-1.223086493016727,13.11777280956311,11.78409394910477,13.78517450348961,12.5364112377237,11.02915388304097,9.015059343032142,15.79000475973903,14.50700297989223,20.32561732269037,18.77641527701748
2018-10-11 04:00:00.000003,-1.588733646919776,-1.588726691167971,13.07844952471503,11.74341142606967,13.73535433915531,12.48517326448058,10.96331538682229,8.951176105837458,15.75075166635409,14.46690851923725,20.31837826536541,18.76670076548697
2018-10-11 04:14:59.999997,-1.926943890151783,-1.926944459456593,13.04224206614988,11.7057742409593,13.68832454240292,12.4366880920384,10.90347888908079,8.892997655112435,15.7132519592902,14.42849826685393,20.31126637305416,18.75710722483175
2018-10-11 04:30:00.000000,-2.234420092964084,-2.234418620527574,13.00876539864978,11.67098416063757,13.64426544299796,12.3913027548264,10.8487504712096,8.840694975706434,15.67787614450883,14.39252116854504,20.30441390587328,18.74779872495289
2018-10-11 04:45:00.000003,-2.514463275095555,-2.514466241615923,12.97785330467595,11.63876344795666,13.60322534801088,12.3489804188381,10.79863528082453,8.792862522189488,15.64478774612853,14.35889929090359,20.29792243313497,18.73886699971444
2018-10-11 04:59:59.999997,-2.758634839361954,-2.758644770924283,12.94998913860392,11.60951761182798,13.56574521641689,12.31018521520214,10.7542099094974,8.750332771892003,15.6144141575144,14.32791281293188,20.2918977824056,18.73040115452271
2018-10-11 05:15:00.000000,-2.961836288339304,-2.961837001969752,12.92564863816281,11.58368324961467,13.53238817106362,12.2754377287376,10.71635765435228,8.713892842105995,15.58722149285003,14.29995716310598,20.28644957451365,18.72249759716316
2018-10-11 05:30:00.000003,-3.124485122710694,-3.124484162898072,12.90503843590596,11.56144853345671,13.50348880428496,12.24505004000464,10.68522882530818,8.683658862720485,15.56351298004511,14.27530343434677,20.28167420217286,18.71524395445837
2018-10-11 05:44:59.999997,-3.235521336989112,-3.235535603617227,12.8888754196159,11.54350139308181,13.47981220894937,12.21976124268405,10.66234596273452,8.661052008195968,15.54386525488344,14.25448544482817,20.27768506578463,18.70874488367935
2018-10-11 06:00:00.000000,-3.286386434647862,-3.286343471886661,12.87790362440001,11.53055894212667,13.46221395498206,12.20040275111987,10.64911255744404,8.647380942027942,15.52895139491123,14.23813282494485,20.27461434630155,18.70312385417555
2018-10-11 06:15:00.000003,-3.264673016646383,-3.26468213152836,12.87307262946933,11.52352861790502,13.45176771720301,12.18801501624461,10.64742430779132,8.644386457899607,15.51961749839047,14.22703653236992,20.27262088637803,18.69853097021267
2018-10-11 06:29:59.999997,-3.159316338804656,-3.159237320487156,12.8753957469301,11.52339026147866,13.44966394339929,12.18375819818002,10.65912458039799,8.65379950487704,15.51680292048138,14.22208041452854,20.27189161781262,18.69514168295662
2018-10-11 06:45:00.000000,-2.959263612659702,-2.959145264015475,12.88605948334998,11.53128375598211,13.45729715773642,12.18898823800923,10.68616571651976,8.677407025320221,15.52154947942301,14.22424405698827,20.27263651878387,18.69315484122722
2018-10-11 07:00:00.000003,-2.669251995226304,-2.669241449690279,12.90528252895985,11.54740843670793,13.47519653207569,12.20421373924241,10.72837128382135,8.714996717450255,15.53438410009215,14.23402808710318,20.2750356983087,18.69274406442971
2018-10-11 07:14:59.999997,-2.31531708403514,-2.31531850785372,12.9319942470616,11.57073808556079,13.50259302521609,12.2286930124189,10.78257306981306,8.763607156590435,15.55484486523763,14.25102075003594,20.27916152136423,18.69398355218188
2018-10-11 07:30:00.000000,-1.9013402865217,-1.901357105608504,12.96567924406885,11.60077935286425,13.53895281235765,12.2619101937307,10.84781171571606,8.822359424057899,15.58253336378691,14.27485840157514,20.28502633742906,18.69688898830787
2018-10-11 07:45:00.000003,-1.45936263978296,-1.459372326055549,13.00464743751634,11.63590644806824,13.5826580201084,12.30229430565686,10.91985649010352,8.88729457050789,15.61622710212298,14.30440745846594,20.29252866446766,18.70136911019429
2018-10-11 07:59:59.999997,-1.001924067238162,-1.00194165203865,13.04984855414452,11.67707867931884,13.63344574361463,12.34960227246305,11.00043368688006,8.960147222166254,15.65520723459411,14.33899286430643,20.30153387285863,18.70729721737169
2018-10-11 08:15:00.000000,-0.5214881173476809,-0.5215005147035539,13.09924206645977,11.72229430513907,13.68971640501531,12.40226165692696,11.08661565903133,9.038139938459643,15.69861902983719,14.37780138710973,20.31187484911165,18.71451380287455
2018-10-11 08:30:00.000003,-0.02585692056417549,-0.02586390238340661,13.15173103046438,11.77049276421659,13.75028458348978,12.45911500016368,11.17670003156966,9.11969664556853,15.74563267397857,14.42004746237946,20.32337449343021,18.7228496687159
2018-10-11 08:44:59.999997,0.4680428196798653,0.4680417799618576,13.20587851616817,11.82028588953974,13.81362450871306,12.518673956488,11.26790651532203,9.202224397028164,15.79513235914017,14.46468078952344,20.33582489554791,18.73210710374299
2018-10-11 09:00:00.000000,0.9484573633995336,0.9485260516189755,13.26042200755261,11.87045786392389,13.87824547899084,12.57948609854627,11.35806951138424,9.28372932841481,15.84595959657798,14.51061065903437,20.34899388743843,18.74206515303424
2018-10-11 09:15:00.000003,1.43770871060475,1.437716584990417,13.31647444546519,11.92248896536433,13.94471232812032,12.64254847323089,11.45005085557507,9.367930139856455,15.89819985697539,14.55866822594167,20.36274360472501,18.75266277130203
2018-10-11 09:29:59.999997,1.907673822765066,1.907605342149931,13.37205507977106,11.97435133012503,14.01129081152776,12.70604335427231,11.53951891706283,9.450452690029977,15.95078105303425,14.60753205307562,20.37688969441428,18.76372910884189
2018-10-11 09:45:00.000000,2.361453613322947,2.361510722761552,13.42680530275656,12.02586763749838,14.07732358676797,12.76936647236248,11.62656846721667,9.534435315773116,16.00310831975154,14.65713329262872,20.39126612150507,18.77514352885678
2018-10-11 10:00:00.000003,2.792421583009034,2.79240005808836,13.48011717429032,12.07648682686987,14.14206322676735,12.83185593732219,11.71016295366106,9.618274975961887,16.05457450409495,14.70701733195025,20.4057159175138,18.7867705234473
2018-10-11 10:14:59.999997,3.201227961922119,3.201239173063004,13.53180317718468,12.12488283634977,14.20514843138755,12.89222457424049,11.79008138253472,9.69338602901266,16.10477131729203,14.75430542685175,20.42010426420578,18.79826896132656
2018-10-11 10:30:00.000000,3.598364992656268,3.598341755152275,13.58243927095021,12.17202295260358,14.26681698028444,12.95095345483155,11.86819702729301,9.766147977447318,16.15381803436981,14.79999566023732,20.43435618257341,18.80957403696082
2018-10-11 10:45:00.000003,3.93405200658839,3.934045736466638,13.62897779003667,12.21508431491175,14.32439878872003,13.00556159056656,11.93742246022764,9.830259017866615,16.19999807122367,14.84277574132389,20.4482663714732,18.82051740672495
2018-10-11 10:59:59.999997,4.258040905304691,4.25802493598858,13.67308620084465,12.25583607508864,14.37894799141072,13.05718033838935,12.00304078581532,9.891199090971215,16.24382452976768,14.88323028397743,20.4617558062077,18.83103520658415
2018-10-11 11:15:00.000000,4.507161404104695,4.507157354185073,13.71156683690956,12.2911144587384,14.42770456610363,13.10308902534917,12.05710768073186,9.941137291588289,16.28350195151573,14.91965260471307,20.4746103841164,18.8409291781447
2018-10-11 11:30:00.000003,4.737907781836964,4.737903801687528,13.74664394027945,12.32306723398021,14.47210184334609,13.14469719635076,12.10636379643564,9.986527854827914,16.31974348496093,14.95274270566158,20.48676345404726,18.85013635884805
2018-10-11 11:44:59.999997,4.887394199603713,4.887391380568696,13.7752477014146,12.34865330079246,14.50953579093783,13.17942455861211,12.14299706464266,10.01970317322285,16.35087555657094,14.98089194355038,20.49801801966709,18.85847004633331
2018-10-11 12:00:00.000000,4.989989954552136,4.989988189989889,13.79827642660487,12.36876999465346,14.54033678977819,13.20760370993707,12.17050624470545,10.04411880281902,16.37692128501328,15.00411387846361,20.50825607604014,18.86581520823853
2018-10-11 12:15:00.000003,5.019672824599306,5.019673776247007,13.81439423547599,12.38210075420803,14.5632632744706,13.22801187081784,12.1856699267363,10.0566164497685,16.39702714753562,15.02158280029134,20.51732410813314,18.87202385582106
2018-10-11 12:29:59.999997,4.987371614198073,4.987367384423607,13.8236983353763,12.38874482166224,14.57813578760176,13.24046980744555,12.18943169779437,10.05814198692999,16.41095625271976,15.03306666669735,20.52510495272919,18.87698194560098
2018-10-11 12:45:00.000000,4.877927739612049,4.877927882399872,13.82523352780271,12.38775921345162,14.58399561466494,13.24402616021957,12.17973000112538,10.04668443682129,16.41802343446374,15.03790011049955,20.5314619613255,18.88055647200732
2018-10-11 13:00:00.000003,4.692668558433517,4.692660424502044,13.81867142422615,12.37882386445597,14.58033911630302,13.23818418382596,12.15634189898438,10.02204192201009,16.41779750290494,15.03566338835592,20.5362709346361,18.88262614696186
2018-10-11 13:14:59.999997,4.444622849509795,4.444621019128321,13.80458454598322,12.36250991236832,14.56751664045681,13.22329568672598,12.12093479589838,9.98585699930849,16.41043174723362,15.02650277902966,20.53946714725763,18.8831266498218
2018-10-11 13:30:00.000000,4.124539520776132,4.124534933038829,13.78256621752794,12.33841299585467,14.54518012192167,13.19901360373201,12.07243684293699,9.937070026585516,16.39569194766635,15.01018950375594,20.54098709439948,18.88199545878544
2018-10-11 13:45:00.000003,3.769426366852986,3.769429068954993,13.75452996374562,12.30853603379256,14.51500767777193,13.16705307851371,12.01539623748079,9.880493083986352,16.37464064808245,14.98777617543666,20.54088739244898,18.87928756941069
2018-10-11 13:59:59.999997,3.378386884130733,3.378381996599892,13.72118393848989,12.27354810047345,14.47790622549896,13.12829557851757,11.95061182832041,9.81674397625263,16.3479792873515,14.95991850836328,20.53926408771964,18.87509370313334
2018-10-11 14:15:00.000000,2.963903518662443,2.963903111847903,13.68392926696463,12.23476104708966,14.43524737939507,13.08406854181508,11.88079601465782,9.748265398061813,16.31666070285447,14.92753500209772,20.53626305391627,18.86955454633329
2018-10-11 14:30:00.000003,2.5350556118602,2.535050030448277,13.64368640479844,12.19306541110039,14.38821678275516,13.03553586306965,11.80737712603658,9.676403925966058,16.28159649817339,14.89150852494163,20.53205646973827,18.86283630132322
2018-10-11 14:44:59.999997,2.105676627575796,2.105672351834119,13.60169117434229,12.14967527613611,14.33826764780845,12.98413421169386,11.73250946771332,9.603266850705875,16.24386529331719,14.85289621995479,20.52684985751352,18.85513829370215
2018-10-11 15:00:00.000000,1.664064232983213,1.664060462212595,13.55781699665745,12.10447543230958,14.28566734366072,12.93013737766866,11.65501550885916,9.527762951832942,16.20379007155271,14.81204355226224,20.52080237519063,18.84661993477511
2018-10-11 15:15:00.000003,1.226753106054984,1.226749356645969,13.5130684839548,12.05843778467068,14.23146276011076,12.87457252183526,11.5772323386363,9.452041570874236,16.1621948065667,14.76972477140944,20.51408849235568,18.83745113635435
2018-10-11 15:29:59.999997,0.7930924497216062,0.7930875873792321,13.4678444519367,12.01202102750759,14.17629485596672,12.81810028875615,11.49918636250163,9.376475917131947,16.11962535999621,14.72648040534448,20.50686622300254,18.82778753176513
2018-10-11 15:45:00.000000,0.3665713328583637,0.3666182613279002,13.42283151157566,11.96582561328331,14.12093648793012,12.76144332000682,11.42203772049042,9.301812453176817,16.07668554008051,14.68282951815319,20.49929234347828,18.81777077619039
2018-10-11 16:00:00.000003,-0.04048389171813502,-0.04048356833012282,13.37881464260172,11.92060171536323,14.0662825112827,12.70547800195681,11.34756851093034,9.229709769218795,16.03406450295715,14.63947692008411,20.49151994144943,18.80755466943372
2018-10-11 16:14:59.999997,-0.4339881965722011,-0.4339807046992811,13.33579757034972,11.87636251122852,14.01257771315918,12.65045900969507,11.27529416124246,9.159710397112077,15.99202927349835,14.59671282805783,20.48366709449994,18.79726174972034
2018-10-11 16:30:00.000000,-0.8005064769231015,-0.8005077059152713,13.29465817389869,11.83396123965255,13.96073482315758,12.59728263544497,11.20711313464699,9.093618738061366,15.95126886716868,14.55519240846543,20.47587465078088,18.78702917143171
2018-10-11 16:45:00.000003,-1.146160452650645,-1.146152328604397,13.25544458816694,11.79344122543513,13.91101518604843,12.54620363161681,11.14258144129624,9.030988201685732,15.91206039468231,14.515178351835,20.46825647830045,18.77696738206195
2018-10-11 16:59:59.999997,-1.462713547943197,-1.462715867929346,13.21910857188132,11.75572955966441,13.86426783943808,12.49805403721244,11.08352248527113,8.97355337145785,15.87496101800027,14.47719978316842,20.46093376309193,18.76719266725731
2018-10-11 17:15:00.000000,-1.751222357746103,-1.751219369508368,13.18657681313006,11.72173456943304,13.821285273,12.45361382900156,11.03123314666087,8.922547061721122,15.84044820016741,14.44171345898352,20.45402117648679,18.75781532804519
2018-10-11 17:30:00.000003,-2.011981786516736,-2.011986379562553,13.15708242785378,11.69071365527977,13.78181058228649,12.41263936785641,10.98412145892061,8.876538470884082,15.80856683863507,14.40880064585076,20.44759360539248,18.74891061691336
2018-10-11 17:44:59.999997,-2.225779013258233,-2.225785142503581,13.13140410664781,11.6635459025052,13.74669846199489,12.37608793258604,10.94427007048979,8.838136072970562,15.77998796646097,14.37935424365023,20.441762357213,18.74061030098519
2018-10-11 18:00:00.000000,-2.394823422072297,-2.394830425019792,13.10977433205162,11.6403489343534,13.71636580911017,12.3442831504745,10.91178471570389,8.806674049180215,15.7551121277782,14.35354067267604,20.43663512695091,18.73300813744278
2018-10-11 18:15:00.000003,-2.51173382942778,-2.511729598957965,13.09273472902523,11.62160181976078,13.69145074528691,12.31779985234194,10.88772413872501,8.783036638916412,15.73445154822849,14.33175509151481,20.43232736606065,18.72620429167469
2018-10-11 18:29:59.999997,-2.56362181796603,-2.563564222445232,13.08122119979497,11.60819284335731,13.67297857976225,12.29761749788781,10.87399093104966,8.768980702539078,15.71878967180255,14.31470352521944,20.42898346177124,18.72032875380447
2018-10-11 18:45:00.000000,-2.546193333315636,-2.54614051206375,13.07587043156641,11.60072605394874,13.6617659207735,12.28451989590097,10.87154475635716,8.765377007359914,15.70879513978569,14.30300461933251,20.42675378928578,18.71552178218588
2018-10-11 19:00:00.000003,-2.453615844474318,-2.453648953328017,13.07732089636634,11.59980683706815,13.65862281359067,12.27928506885779,10.88141714518633,8.773158821878868,15.70512167503788,14.29726523599001,20.42579415524355,18.71192725085542
2018-10-11 19:14:59.999997,-2.269735127367288,-2.269737385711404,13.0867644438221,11.60659536399064,13.66486803232557,12.28320625803055,10.90597363306101,8.79456370424032,15.70875582387862,14.29841793105427,20.42628952695625,18.70972167637931
2018-10-11 19:30:00.000000,-2.004337218904289,-2.004351837324592,13.10422414218755,11.62110362390095,13.68082062491426,12.29658905285453,10.94448560696562,8.828854076631519,15.72005331919108,14.30680264397426,20.42839086409231,18.70904974122319
2018-10-11 19:45:00.000003,-1.667636736098909,-1.667649864652665,13.12939573014616,11.64303754454633,13.70637680854813,12.3193313767448,10.99571072645921,8.874861989361818,15.73896257275918,14.32238014494071,20.43218798591538,18.70999812057311
2018-10-11 19:59:59.999997,-1.283682436598178,-1.283694236420343,13.16139116099659,11.67154747174325,13.74061634065442,12.35054145947279,11.0571543810309,8.930258361510566,15.76479160962239,14.34451556372364,20.43767628687601,18.7125678449176
2018-10-11 20:15:00.000000,-0.8720578991596135,-0.8720651228664377,13.20061111997819,11.70705572620708,13.7831111267743,12.38981503772098,11.1290019354487,8.995305689134259,15.79683151736473,14.37255041235647,20.44478114417359,18.716690944517
2018-10-11 20:30:00.000003,-0.4406908105215746,-0.4406902676664216,13.24377936818297,11.7463951458844,13.83132190460136,12.43470282661336,11.2055525881918,9.064696323034523,15.83367880427252,14.40523912756861,20.45332872921051,18.72221100796531
2018-10-11 20:44:59.999997,0.0116259368046019,0.01162164304083274,13.29045389939184,11.78944690475184,13.88439764714221,12.48471926139855,11.28679167611849,9.139214375779835,15.87460790171507,14.442481514118,20.46314837535841,18.72902640119425
2018-10-11 21:00:00.000000,0.4606332294917889,0.4606344318470329,13.3389461975757,11.834251444143,13.9405707378183,12.53778354891445,11.36914622466618,9.21483213686543,15.91831380046526,14.48242115801152,20.47401732472429,18.73689313398601
2018-10-11 21:15:00.000003,0.9048596277429829,0.904857112076287,13.38844511444989,11.88074384911839,13.99870790830145,12.59336663420802,11.45169879320858,9.295736737183804,15.96386483320721,14.52569068557029,20.48571454354839,18.74571474474762
2018-10-11 21:29:59.999997,1.359156996775165,1.359188307111029,13.43977043402287,11.92862009369401,14.05915519288922,12.65094672699356,11.53650427863358,9.374896360205481,16.01123373406452,14.56985128994749,20.49809795176634,18.7551795926001
2018-10-11 21:45:00.000000,1.800315156909026,1.800284060810065,13.49126246411128,11.97649113451367,14.12038363077837,12.70913629943027,11.62020424603536,9.452456216273017,16.05944438311747,14.61450803134907,20.51098821577921,18.76510786008797
2018-10-11 22:00:00.000003,2.223121353205743,2.223113245571416,13.54196172721105,12.02361026928007,14.18127751010052,12.76697088852182,11.70115099551176,9.527639234716052,16.10763856323337,14.65908737728462,20.52419783885928,18.77533564922426
2018-10-11 22:14:59.999997,2.636140220505857,2.636131503910805,13.59210112514739,12.07019381215212,14.24177289221054,12.82440617348991,11.78044856729475,9.601327811404673,16.15560503524545,14.70343542361086,20.53759336280777,18.7857405544854
2018-10-11 22:30:00.000000,3.026795866858818,3.026794252775861,13.64091479772422,12.11549155569029,14.30106228937204,12.88065695680074,11.85646637922716,9.671939946746045,16.20272924438204,14.74699081282157,20.55103529786055,18.79619210366905
2018-10-11 22:45:00.000003,3.41415497376051,3.414149807451871,13.68911674466554,12.16021165828324,14.3595688703057,12.9361504317495,11.93143468205155,9.741671443104154,16.24920950126591,14.78995927127433,20.56445406628783,18.80662475456229
2018-10-11 22:59:59.999997,3.745307945636088,3.745306976411225,13.73413869757538,12.20182459790739,14.41490009392348,12.98851606070261,11.99907904939482,9.804360847324453,16.29344701996907,14.8307748269272,20.57765910735809,18.81685484694789
2018-10-11 23:15:00.000000,4.068699459428021,4.068697228202204,13.77734770613545,12.24167028692867,14.46792232830393,13.03860583499264,12.06418440114476,9.864667162240416,16.33588740135322,14.86985311443983,20.59057323225281,18.82680402834298
2018-10-11 23:30:00.000003,4.337204889271898,4.33720120210351,13.81639756924057,12.27745745737975,14.51663259916062,13.08444442812944,12.12081207088099,9.916835549353644,16.3752419058591,14.90593489224465,20.6030290316567,18.8363095267193
2018-10-11 23:44:59.999997,4.568095328188036,4.568093073821712,13.85138735163705,12.30937409860067,14.56077833423133,13.12583009028433,12.170173248415,9.962373165470385,16.41118183522874,14.93873560049583,20.61489434754566,18.84524473056183
2018-10-12 00:00:00.000000,4.74029002849208,4.740286305133958,13.88113797340991,12.33615540728506,14.59913331049159,13.16150487103292,12.20980410779088,9.99853860066971,16.44282306401718,14.96738820633719,20.6260063921952,18.85345129561233
2018-10-12 00:15:00.000003,4.856356312168645,4.856353786160409,13.84411821032102,12.35764631203558,14.59756882087041,13.19123434152911,11.62835480179295,10.02543392163955,16.42933486249196,14.9921987839721,20.63171399010922,18.86119966054262
2018-10-12 00:29:59.999997,4.91636230063916,4.916357918248933,13.85018803853858,12.37358160398325,14.61225512695317,13.21455682049517,11.62037740790671,10.04281329589762,16.43869765760686,15.01247561408269,20.63796834678901,18.86829112634537
2018-10-12 00:45:00.000000,4.913410714113509,4.913407883036099,13.85859240445921,12.38324920836681,14.62643430490248,13.23057472234889,11.62549751257972,10.04950459178716,16.45111415447017,15.0272419597927,20.64412664645108,18.87435057338917
2018-10-12 01:00:00.000003,4.842550341291367,4.84254772112939,13.86144806100747,12.38599777669215,14.63405469714098,13.23846373341639,11.62047331149854,10.0445323268288,16.45925364922845,15.03576602266393,20.64933583750368,18.87908688586157
2018-10-12 01:14:59.999997,4.701503173679512,4.701500199800419,13.85711493100057,12.38139575550735,14.63330493502357,13.23763907367717,11.60294259499134,10.02736080615922,16.46108130236181,15.0375875026058,20.65317036280311,18.88232304934217
2018-10-12 01:30:00.000000,4.49282150015602,4.492818886172179,13.84528517370449,12.36937904383623,14.62366759760863,13.22789098085092,11.57283846248153,9.998186318193,16.4560229601903,15.0325321856202,20.65544152442832,18.8839654719246
2018-10-12 01:45:00.000003,4.227875240333875,4.227871996111568,13.82649849908147,12.35061186775934,14.60550253949579,13.20976809439456,11.53167344581956,9.958554771080166,16.44424071575018,15.02090440596284,20.65609377947839,18.88399992321914
2018-10-12 01:59:59.999997,3.903960211591133,3.903956860734922,13.8007538156487,12.32501823087361,14.57885753037894,13.18322379194813,11.47923139364516,9.908267540689078,16.42576590726269,15.00276582274728,20.65511263119221,18.88242903016391
2018-10-12 02:15:00.000000,3.566285729678026,3.566282317059686,13.77077003971166,12.29524288498038,14.54615225622384,13.15062563545793,11.42189787664185,9.853357626360204,16.40219825681307,14.97962606255341,20.65264140688716,18.87939174837932
2018-10-12 02:30:00.000003,3.182999200387398,3.182995787365809,13.73578029871526,12.26056149207114,14.50711171309427,13.11173430016856,11.35651403353621,9.790847718681553,16.37351467006552,14.95150079805674,20.64876762321881,18.87497678603756
2018-10-12 02:44:59.999997,2.783261129684066,2.783257809891971,13.69741981720114,12.22258562483008,14.4632232300929,13.06803657377394,11.28699597439003,9.724481727777963,16.34072070557976,14.91936539990916,20.64363819991123,18.86932928809659
2018-10-12 03:00:00.000000,2.370295511242678,2.370292178008073,13.65640875015175,12.18201898720027,14.41550301382576,13.02054101549942,11.21417018683593,9.655020231747336,16.30461264518246,14.88399307079609,20.63741826642414,18.86260917821608
2018-10-12 03:15:00.000003,1.948054494465999,1.948050085378367,13.61333321266005,12.13943733471018,14.36475969335119,12.97005329215092,11.1388609949113,9.583239929941284,16.2658527830754,14.84603351025962,20.63027101232737,18.85497777493622
2018-10-12 03:29:59.999997,1.524529500429152,1.524527407272151,13.56896447093894,12.09559363776989,14.31192003841488,12.91748945261092,11.06243200135101,9.510431826340877,16.22517811006855,14.8061998404234,20.62236566206001,18.8465989552158
2018-10-12 03:45:00.000000,1.105032306068315,1.105028026000359,13.52394987712179,12.05112064057487,14.25779969599022,12.86365794950926,10.9859458539387,9.437598098189627,16.18326579267074,14.76515155857396,20.61386957745869,18.83763849427776
2018-10-12 04:00:00.000003,0.6948144691512415,0.6948341292874889,13.47904305178221,12.00675494368431,14.2032906688196,12.80943839783218,10.91050916912029,9.365788263378922,16.14079037360727,14.72354161812585,20.60494755366457,18.82825592333968
2018-10-12 04:14:59.999997,0.3028971003519296,0.302843416590701,13.43515542944886,11.9633819160637,14.14942991144832,12.75585082951193,10.83769439846621,9.29648000321593,16.0985305947639,14.68212205716081,20.59577233276283,18.81862053011658
2018-10-12 04:30:00.000000,-0.06956345935054643,-0.06966857945514034,13.39259496804905,11.92130685994196,14.0967630275575,12.70344313358187,10.7678934317286,9.230042857173531,16.05700861246487,14.64140501697257,20.58649883253736,18.80888429257313
2018-10-12 04:45:00.000003,-0.4187609213040857,-0.4188380367464748,13.35179192485596,11.88095828770628,14.04587561666739,12.65280007220924,10.70178113520457,9.167134713764986,16.01671973794127,14.60187528687633,20.5772696968738,18.79918733483238
2018-10-12 04:59:59.999997,-0.7310710946292065,-0.7311015776288795,13.31378467217765,11.84334177736962,13.99787116423155,12.60500280421972,10.64145992772933,9.10974752401051,15.97848892126292,14.56432863213238,20.56824988394483,18.78969017436712
2018-10-12 05:15:00.000000,-1.013088250754999,-1.013124242362376,13.2786503263383,11.80852338769821,13.95308346683544,12.56037223604359,10.58645648423907,9.057395005156275,15.94265644430972,14.52909310604351,20.55957319672161,18.78052364453352
2018-10-12 05:30:00.000003,-1.256696739762443,-1.256689913915591,13.24698939578085,11.77709361177836,13.91218063470027,12.51956948841942,10.53795578558124,9.011222175492687,15.90973302390827,14.49666509551234,20.55137021073723,18.77181572898597
2018-10-12 05:44:59.999997,-1.453211659542981,-1.453216970968136,13.21984440575337,11.75006341624084,13.87618472221174,12.48359294055208,10.49786299851674,8.973032260426358,15.8804324496892,14.46772648835938,20.54378663674788,18.76370534436712
2018-10-12 06:00:00.000000,-1.61771938628674,-1.617711965001827,13.19696351812345,11.72719382825057,13.84502198681477,12.45237791710368,10.46484669814674,8.94153830528626,15.85475756090551,14.44228858816514,20.53690980522468,18.75628139266707
2018-10-12 06:15:00.000003,-1.736046619946991,-1.736040607635763,13.17844767397684,11.70857280908119,13.81899047134375,12.42620746001224,10.43960128194439,8.917407853751703,15.83304260700711,14.42066815760332,20.53082967839476,18.74962637928457
2018-10-12 06:29:59.999997,-1.811607069435926,-1.811606205331934,13.16419663046424,11.6941066654865,13.79816080362326,12.40516068809614,10.42169931376662,8.900224612830176,15.81541856470426,14.40300352567094,20.5256104879902,18.74380987006256
2018-10-12 06:45:00.000000,-1.83358100552139,-1.833584976596008,13.15480522913661,11.68437299060409,13.78315182896892,12.38984279503405,10.41251770215119,8.8913113090778,15.80235101703607,14.38974073804044,20.52134254733774,18.73891677829928
2018-10-12 07:00:00.000003,-1.79263797540879,-1.792636511270264,13.15103242016429,11.68011212377646,13.77480296915265,12.38108057562212,10.41352776159627,8.892070777328412,15.79447602683149,14.38149366578404,20.51813926330458,18.73505713945928
2018-10-12 07:14:59.999997,-1.675200612929619,-1.675195980680115,13.15392832381137,11.68234630901674,13.77426968266488,12.38000961969341,10.42680461352787,8.90447928610563,15.7926676388891,14.37910367045589,20.51615082843548,18.7323750057006
2018-10-12 07:30:00.000000,-1.48267940116523,-1.482672806685017,13.16390131422169,11.69147128928656,13.78219123613092,12.38725911418891,10.4526327978598,8.928786676008936,15.79747295971767,14.38310135941253,20.5155207827105,18.73101077449225
2018-10-12 07:45:00.000003,-1.204433519489577,-1.204437833634557,13.1830307226428,11.70952573648701,13.8002752173968,12.40450943775894,10.49472933520167,8.968556902995612,15.80990749104473,14.39445987403395,20.51642974193719,18.73113733425988
2018-10-12 07:59:59.999997,-0.8726569383301966,-0.8726547815759487,13.20960213715387,11.73482367046705,13.82738747920527,12.43064063672918,10.54843765768183,9.01928011810305,15.82939556530174,14.41263304443219,20.51893355581539,18.73281296514829
2018-10-12 08:15:00.000000,-0.4824523934341218,-0.4824577804558747,13.24312098007706,11.7668842965638,13.86307652500586,12.46520950455738,10.61328388170804,9.080528786056078,15.85567099269248,14.4373683607533,20.52304677589416,18.73605341555292
2018-10-12 08:30:00.000003,-0.06195722269373479,-0.06195393770893674,13.28185212217353,11.80401352573598,13.90573831637523,12.50663617597131,10.68532457163072,9.148525093663691,15.88765835256878,14.46763354549362,20.52868385240927,18.74077802492188
2018-10-12 08:44:59.999997,0.371299622469072,0.3712939948588438,13.32414005592165,11.84459741544477,13.95361887549581,12.5531946490723,10.7613798287342,9.220242798826833,15.92406635257727,14.50218663283907,20.53567782892845,18.74682737785016
2018-10-12 09:00:00.000000,0.8350598511251339,0.8350605821111087,13.37030732032402,11.88895855823252,14.00657960646044,12.60475181539854,10.84327389225173,9.297479141401949,15.96464016319497,14.54077761656007,20.54390266037647,18.75407780781104
2018-10-12 09:15:00.000003,1.295256181043023,1.295462908617352,13.41874863278785,11.93554321046179,14.06302501024359,12.65974507629843,10.92669017952848,9.376109836503131,16.00814495594891,14.58222134121741,20.55316492767857,18.76234317345623
2018-10-12 09:29:59.999997,1.780797479049065,1.780732985000735,13.4700738164789,11.9849135628712,14.12311324805637,12.71830728335565,11.01462430680676,9.458962072587196,16.054596980976,14.62651410815131,20.56334567761074,18.77150522067162
2018-10-12 09:45:00.000000,2.233321521977484,2.233333067764495,13.52102266810713,12.0339200055137,14.18390109069117,12.77756249984485,11.0992602729585,9.538625631565948,16.10201092164456,14.67175834936697,20.57419043621825,18.78131998316119
2018-10-12 10:00:00.000003,2.685880152196,2.685871361682247,13.57236239461946,12.08330805721124,14.24552166896445,12.83764014294157,11.18385812149543,9.618242155081363,16.15020394781696,14.71776931885343,20.5855284792155,18.79162001336785
2018-10-12 10:14:59.999997,3.119291438010682,3.119299982030734,13.62312235214791,12.13213179614516,14.30697425933245,12.89755441181035,11.26612307707921,9.695617519830112,16.19842217039475,14.76381840439321,20.59718339814256,18.80223366702275
2018-10-12 10:30:00.000000,3.544503625994722,3.544512414203718,13.67356545620669,12.1806475213145,14.36815538945017,12.95719993873049,11.34737804338993,9.772038067708891,16.2464871158853,14.80972617757122,20.6090273239156,18.81303479482724
2018-10-12 10:45:00.000003,3.943869554353744,3.943863788377187,13.72263740623587,12.22782370401325,14.42799551161684,13.01552106529413,11.42529936212395,9.845275787646537,16.29364526207418,14.85476628470017,20.62090965644479,18.82387713821549
2018-10-12 10:59:59.999997,4.320999745837971,4.320984508712763,13.76984067284322,12.27322207187395,14.48588692719583,13.07198154552415,11.49942586003635,9.914952929838746,16.33941362669438,14.89849636782094,20.63269363377955,18.8346301707575
2018-10-12 11:15:00.000000,4.666646440770401,4.666652443682851,13.81442709513429,12.31609306184517,14.54101293305279,13.12576145846797,11.56836501562784,9.979657469135775,16.38319066900683,14.94031550243931,20.64424078906346,18.84515913414778
2018-10-12 11:30:00.000003,4.989640415469342,4.989629708668034,13.85658583880815,12.35657811539077,14.59333361855778,13.17675038370711,11.63301073530193,10.04035244315569,16.42484234948954,14.98010011468897,20.65545266494882,18.85536732700894
2018-10-12 11:44:59.999997,5.280573313873431,5.280570706381029,13.89575601357857,12.39413272179428,14.64227907326499,13.22438886959997,11.69217519546317,10.09584620862986,16.46397365928819,15.0174493569221,20.66623147170066,18.86515723539403
2018-10-12 12:00:00.000000,5.516360865120752,5.516370773942166,13.93031352447995,12.4271774320471,14.68628174007526,13.26714400010745,11.74238152400428,10.14280000644567,16.4994969973601,15.05131239288315,20.67641740472393,18.87437359196258
2018-10-12 12:15:00.000003,5.71323390859843,5.713223342907916,13.96041318816454,12.45586320975614,14.72519123450534,13.30486586706989,11.78527107432638,10.18281935588875,16.53128747454516,15.08155984068901,20.68590951593354,18.88290855036343
2018-10-12 12:29:59.999997,5.839042752019012,5.839045633497858,13.98465368725197,12.47883075643119,14.75756329225929,13.33613909240626,11.8164381112226,10.21164730937881,16.55804698301167,15.10693606056907,20.69451439970507,18.89057891628782
2018-10-12 12:45:00.000000,5.898898218915554,5.898876540012758,14.0021440676198,12.49517371418094,14.7823841180159,13.3599268514599,11.83576146092772,10.22915752674797,16.5791595500592,15.12683834922812,20.70205428600081,18.89721652977116
2018-10-12 13:00:00.000003,5.884148300611069,5.884161535927775,14.01218930543085,12.50427662495426,14.79873145025293,13.37537725904397,11.84194925939456,10.23427228610353,16.59389922697812,15.14059088129169,20.70835645104511,18.90265546979122
2018-10-12 13:14:59.999997,5.802842722680356,5.802825462524212,14.01486387243313,12.50622155436447,14.80639814182209,13.38230348362232,11.83573812497286,10.22770456762241,16.60200536967336,15.14794398768899,20.71328828358406,18.90676660114155
2018-10-12 13:30:00.000000,5.623114570473561,5.623131459875989,14.00819112573905,12.49905193458948,14.80352451177476,13.37886650743933,11.81264255593677,10.20504960813754,16.60218811422945,15.14765659521211,20.71664750058103,18.90935594433019
2018-10-12 13:45:00.000003,5.378145806306267,5.3781332377226,13.99338670464097,12.48396677759415,14.79081193699927,13.36576096252411,11.77650934127861,10.17006012492845,16.59472308390382,15.13998490745358,20.71833537609547,18.91032575084724
2018-10-12 13:59:59.999997,5.078068139309815,5.078073793012642,13.97136952938669,12.46186877299208,14.76907930293108,13.34380011693776,11.72926379466796,10.12457199818422,16.58014068178879,15.1254346037184,20.71833494076798,18.90965744284724
2018-10-12 14:15:00.000000,4.716705185709862,4.716702778253641,13.94206607007736,12.43267677305021,14.73839161243154,13.31303696217491,11.67036086569004,10.068047905533,16.55852853994242,15.10409059624192,20.7166406061116,18.90734532642098
2018-10-12 14:30:00.000003,4.327132114173242,4.327132932867602,13.90745968580512,12.39832880078106,14.70055154675555,13.27524111274809,11.60440526266321,10.00491890874164,16.53107839141321,15.07709624295129,20.71335724306306,18.90348772570926
2018-10-12 14:44:59.999997,3.921237028916427,3.921235383953737,13.86899690933853,12.36023436459236,14.65718223220085,13.23200733089174,11.53383404052913,9.937511821916868,16.49898419027409,15.04560729423884,20.70865478873094,18.89824874235853
2018-10-12 15:00:00.000000,3.481332274607473,3.481331685006605,13.82624771797331,12.31795387595335,14.60829552682814,13.18332858105782,11.45671002773567,9.86387966232142,16.46240795204579,15.00976435983196,20.70265539209133,18.891743920137
2018-10-12 15:15:00.000003,3.036779432227994,3.036777531192998,13.78120956595433,12.27345587506388,14.55571159053187,13.13101241928723,11.37749292078456,9.788369467535981,16.42256452408858,14.97075551697013,20.69554500926706,18.88415550731336
2018-10-12 15:29:59.999997,2.577754462714879,2.577750770664705,13.73398974024428,12.22685402935129,14.49993608514905,13.07557147930813,11.29544990850792,9.710275433328787,16.3799510344176,14.92911162674372,20.68748463907966,18.87564433403541
2018-10-12 15:45:00.000000,2.11354216638735,2.113539862559225,13.68521673827499,12.17873630810891,14.44179028545609,13.01779204730675,11.2116892695255,9.630541333286358,16.33519836507612,14.88536209996771,20.67863210674852,18.86635805689322
2018-10-12 16:00:00.000003,1.654366643451827,1.654360286418201,13.63580931509062,12.12999627859222,14.3823302672717,12.95870935680038,11.12791161543512,9.550799689842044,16.28912045417426,14.84029085280097,20.66916078957618,18.85646154894497
2018-10-12 16:14:59.999997,1.198606236640773,1.198606666833497,13.58603171451316,12.0808941370971,14.32204497228106,12.89880895249572,11.04426067640188,9.471187975435926,16.2421954626495,14.79437742438994,20.65922123939837,18.84610200491948
2018-10-12 16:30:00.000000,0.7441197990522624,0.7441173853536037,13.53604134679416,12.03158433083133,14.26124358348056,12.83839705128518,10.9606477779425,9.39161248807795,16.19470044175473,14.74789865343169,20.64893293490943,18.83539781892546
2018-10-12 16:45:00.000003,0.3242007877329803,0.3241759346830202,13.48800137274615,11.98418518031359,14.20194768995892,12.77947014022466,10.88182755173503,9.316641472009863,16.14800248912599,14.70217742935437,20.6384937303745,18.82454074747235
2018-10-12 16:59:59.999997,-0.08414562239103708,-0.08417140491116813,13.44120016809063,11.93799816853004,14.14394251759337,12.72181922057336,10.80531478093734,9.243862388766011,16.10217876824665,14.65730416656725,20.62803185668364,18.81365874513193
2018-10-12 17:15:00.000000,-0.46136120328204,-0.4613659887488867,13.39662089193364,11.89398289044929,14.08819261048279,12.66639305090669,10.73353707566087,9.17560416528441,16.05793838058898,14.61395808175761,20.61769373272776,18.80289413962428
2018-10-12 17:30:00.000003,-0.8180425426242258,-0.8180408568647728,13.35409267009611,11.85196559227574,14.03478072613771,12.61326855402839,10.6654856294166,9.110868227615663,16.01544456736047,14.57229575268693,20.6075864353976,18.7923517418636
2018-10-12 17:44:59.999997,-1.149379101233221,-1.149381839696644,13.3139154946774,11.81224103286641,13.98405670010826,12.56279268407186,10.60177310331823,9.050243757740992,15.97497618887639,14.53258821026677,20.5978034228124,18.78212356420188
2018-10-12 18:00:00.000000,-1.458821118292385,-1.458824303847025,13.27642026423212,11.77513774801338,13.9363121425344,12.515257714693,10.54269299556405,8.994007740499635,15.93670842781545,14.49500413958457,20.58841883760811,18.77227996806737
2018-10-12 18:15:00.000003,-1.727780328976528,-1.72778817065948,13.24334103255888,11.74235461038606,13.89296727222197,12.47206476894281,10.49185011319337,8.945622762093363,15.90150532083505,14.46037683823616,20.57955213328578,18.76293911922629
2018-10-12 18:29:59.999997,-1.968384721658583,-1.968387440039796,13.21359868472407,11.71282196463117,13.85354615241368,12.43273425852497,10.44654000172972,8.902463023645545,15.86928967801531,14.42863180244244,20.57127069220383,18.75416396605887
2018-10-12 18:45:00.000000,-2.175171997184624,-2.175176502789648,13.18715872479651,11.68651371199964,13.81813588702708,12.39736140971,10.40692648382402,8.864712555930447,15.84018638856178,14.3999085111465,20.56363118750662,18.74601318626795
2018-10-12 19:00:00.000003,-2.329239020427423,-2.329242984755672,13.16501599467141,11.66445769226192,13.78770700741622,12.36695717260743,10.37546509864207,8.835020972007714,15.81492351089492,14.37502664917661,20.55673769016913,18.73859890031717
2018-10-12 19:14:59.999997,-2.445355237081303,-2.445359364123334,13.1468393447201,11.64631080238043,13.76216500428215,12.34141302131503,10.35072378861637,8.811904979445497,15.79352603459481,14.35398195225588,20.55065838642857,18.7319897420973
2018-10-12 19:30:00.000000,-2.481182373575652,-2.481186191428251,13.13472872272701,11.63404874307824,13.74347045766296,12.32258925847542,10.33796910477539,8.8000057552481,15.77738180823646,14.3379505234002,20.54556433530184,18.72633489980127
2018-10-12 19:45:00.000003,-2.468440389279391,-2.468445313993743,13.1279171795766,11.62690173447525,13.73130071890096,12.3101461888761,10.33408684738813,8.796286614209091,15.76641231128723,14.32683080348014,20.54155186515119,18.72172374502913
2018-10-12 19:59:59.999997,-2.376340180675327,-2.376336334946057,13.12780313834208,11.62621713120426,13.72698887162919,12.30537326629858,10.34265831763773,8.804134510792016,15.76156481462236,14.32149496491879,20.53877251832188,18.718292855189
2018-10-12 20:15:00.000000,-2.17840664172765,-2.178408877986638,13.13633653094306,11.63387436617776,13.7325885682087,12.31026890377709,10.36771800799902,8.827310659855325,15.76436969127858,14.32337259807982,20.53745654823629,18.71625911796552
2018-10-12 20:30:00.000003,-1.908196992394567,-1.908201238926124,13.15265063971582,11.64902224624264,13.74775729997921,12.32448986064712,10.40582319141575,8.862511187531018,15.7747655805713,14.33241618567072,20.53774441841361,18.71575669021073
2018-10-12 20:44:59.999997,-1.572535600911863,-1.572541448525809,13.17632982745155,11.67126508522267,13.77220925649319,12.34776286630855,10.45578489763569,8.908636060268746,15.79253042522709,14.34843124159284,20.53970630376603,18.71685597000781
2018-10-12 21:00:00.000000,-1.209481766332799,-1.209496018424992,13.20640648062145,11.69968581294683,13.80463713429624,12.37881860172129,10.51457363896729,8.96287813122248,15.81656750209679,14.37040037466642,20.54328827174367,18.71950727374801
2018-10-12 21:15:00.000003,-0.8232472992863396,-0.8232520942920045,13.24186106606505,11.73367003867581,13.8438007378204,12.4168223463822,10.58063909150278,9.025402777272884,15.8459174613053,14.39817357261569,20.54836267103789,18.72366301626821
2018-10-12 21:29:59.999997,-0.4193072330498334,-0.4193174973328799,13.28093372184631,11.77144039182214,13.88805317179675,12.46008773410058,10.6511926264194,9.093697253943043,15.87952188919381,14.43065034443531,20.55475235420752,18.72917432357394
2018-10-12 21:45:00.000000,-0.01375804852262667,-0.01376002392458264,13.32217120079815,11.81113230143296,13.93578279559046,12.50664410995724,10.72357154342193,9.16213673847937,15.91618715179177,14.46572015071546,20.56224202806549,18.73575561293788
2018-10-12 22:00:00.000003,0.3908749146578269,0.3908698532488399,13.36478762255862,11.85208785388103,13.98589481115851,12.55546817286723,10.79684995848876,9.231168996750156,15.95501821409552,14.5027478934806,20.57061932862677,18.74319372476523
2018-10-12 22:14:59.999997,0.7932940221215249,0.7932812868020063,13.40828159796467,11.89387338462125,14.03762060526695,12.60585066171296,10.87048719193513,9.30047978036125,15.99535595397241,14.5411999682701,20.57969167564615,18.75130629925957
2018-10-12 22:30:00.000000,1.198910998588811,1.198823514328321,13.4529419064248,11.93678341396756,14.09093562879849,12.65778250139593,10.94526865103835,9.370838766408669,16.03699553347514,14.5809017982712,20.58931997084667,18.75995938416739
2018-10-12 22:45:00.000003,1.582373724474606,1.58237731092543,13.49703728705063,11.9791432077523,14.14420506813154,12.70966652293623,11.01749289456439,9.438744036410116,16.07882963584111,14.62079902909142,20.59931523694967,18.76897186081662
2018-10-12 22:59:59.999997,1.956287043404778,1.95627243122665,13.54057363691848,12.02095068045148,14.19710655671003,12.76118082268181,11.08820961226396,9.505199505875371,16.1205251834772,14.6605658053441,20.60953187866444,18.77820209435175
2018-10-12 23:15:00.000000,2.321596227244307,2.321595780973655,13.5835633204559,12.06222600279058,14.24951164250671,12.81220548056015,11.15758375829271,9.570385703288162,16.16191010465487,14.70003802371819,20.61986335392788,18.78754616358375
2018-10-12 23:30:00.000003,2.67176327194366,2.671757379621579,13.62555719110908,12.10257457065872,14.30094148738942,12.86233172290903,11.22468541755559,9.633425621382834,16.20262344574435,14.73888522834493,20.63021010611528,18.796909518508
2018-10-12 23:44:59.999997,2.999714730221551,2.999713238780729,13.66599440915007,12.14141770566675,14.3507891353096,12.91092191610196,11.28836429699534,9.69321269559244,16.2421781232835,14.77663314276013,20.64046631902753,18.80619060853357
2018-10-13 00:00:00.000000,3.303618482161444,3.303615765071842,13.70442656006728,12.17828774317983,14.39848433659082,12.95737006714731,11.34808056575214,9.749226472448603,16.28015307329544,14.81285880343608,20.65052774063931,18.81528660031871
2018-10-13 00:15:00.000003,3.575697637844029,3.575698878025297,13.70766992452518,12.21271174361125,14.42498127046205,13.00099698013931,11.07788497487954,9.800639704064578,16.293992822404,14.84696557150596,20.65785247122459,18.82406106159628
2018-10-13 00:29:59.999997,3.803887887267056,3.80388687852827,13.7330529544128,12.24349659855883,14.45968955651475,13.04063708108927,11.11014237779238,9.845201707769785,16.31937411384627,14.87819413199566,20.66535283637692,18.8323828954751
2018-10-13 00:45:00.000000,3.979713733455161,3.97971207981886,13.75851029499781,12.26967474704108,14.49310958230015,13.07520882794186,11.14678536956356,9.881310169342937,16.34580800696699,14.90578315863837,20.67276522269085,18.84010711385558
2018-10-13 01:00:00.000003,4.110228517296739,4.110228822964084,13.7801282774849,12.29124123432398,14.52210394713217,13.10443857603022,11.17638760087383,9.909576634312598,16.36942328864284,14.92943886184027,20.67967461563217,18.8471096406312
2018-10-13 01:14:59.999997,4.178364564895266,4.178363346096319,13.79610065494314,12.30708996617156,14.54483455131047,13.12720431942075,11.19550391695987,9.927666184378085,16.38851831461643,14.94836790728295,20.68578825399496,18.85323688544026
2018-10-13 01:30:00.000000,4.185897898807262,4.185897626686366,13.80590830647325,12.31685527346963,14.56052391712988,13.14292136144146,11.2037489749029,9.935374613866808,16.40234400030484,14.96206731705733,20.69090410806096,18.85834433249497
2018-10-13 01:45:00.000003,4.134055156507105,4.134052826928823,13.80935628732651,12.32039422359656,14.56879001495515,13.15128242200134,11.20109715510498,9.93274177648126,16.4105155679738,14.97024519103317,20.6948766105841,18.86231446572966
2018-10-13 01:59:59.999997,4.022677084174814,4.022674902049006,13.80628068378402,12.31755775464319,14.56935092844877,13.15202749712339,11.18743193846613,9.919658060897694,16.41276686602506,14.97266832227509,20.6975956934927,18.86505153400704
2018-10-13 02:15:00.000000,3.838551065513823,3.838548520068229,13.79576948339611,12.30746045520594,14.56130474971506,13.1442749711502,11.1608091506796,9.8942762018527,16.40844908578972,14.96873193782949,20.69893626453793,18.8664411167275
2018-10-13 02:30:00.000003,3.59810965899943,3.598105576607649,13.77842915532906,12.29072814410585,14.54499072886906,13.12839419173326,11.12316393456375,9.8585641082817,16.39769013842906,14.95863929851489,20.69883264077458,18.86643140998793
2018-10-13 02:44:59.999997,3.307519275923338,3.307517012486261,13.75500774443976,12.26788623327934,14.52107295806995,13.10483821066461,11.07634691791928,9.813495697827983,16.38112040245853,14.9425470398177,20.69730061714189,18.86499541453494
2018-10-13 03:00:00.000000,2.982881262447521,2.982877967432612,13.72701142710741,12.24022240578878,14.49094897347847,13.07478205616435,11.02373543541045,9.761772111331815,16.35990390119186,14.92122659634539,20.69444921572839,18.86218872045571
2018-10-13 03:15:00.000003,2.627761559786149,2.62775871345399,13.69422109565734,12.20827657399746,14.45465243629369,13.0389802312541,10.96288269838603,9.704077329012126,16.33314486415269,14.89527139019309,20.69024959722895,18.85809882855754
2018-10-13 03:29:59.999997,2.266778163659524,2.266772219312114,13.65858299345371,12.17376467815712,14.41408736472521,12.99920034431495,10.89882610755186,9.643884700496145,16.30245753391198,14.86589450207833,20.68485810251492,18.85289096304903
2018-10-13 03:45:00.000000,1.882722073034307,1.882720836666304,13.6199198183311,12.13638594555315,14.36950397039852,12.9555659629612,10.83023897218797,9.579546393899061,16.26833512209481,14.83334530014076,20.67841790577474,18.84669000715257
2018-10-13 04:00:00.000003,1.500665511636743,1.50066249773277,13.57973432222474,12.09756456714561,14.32238821669571,12.90949033628655,10.76057161982128,9.514281427742146,16.2319016289081,14.79861842791177,20.67111446360466,18.83966607635472
2018-10-13 04:14:59.999997,1.109665773167845,1.1096636045558,13.53805407536979,12.05724582364031,14.27309693511203,12.86124057177531,10.68918905098528,9.447200251938321,16.19364776497678,14.76204104470117,20.6631065721911,18.8319559074927
2018-10-13 04:30:00.000000,0.7217913285720865,0.7218175005831923,13.49582738145599,12.01630060879798,14.22262928129088,12.81173432769075,10.61798166877681,9.379972315114859,16.1543541058166,14.72425690728124,20.65456042541859,18.82370144229509
2018-10-13 04:45:00.000003,0.3475959185329567,0.3475817317759066,13.45405186401823,11.97575662532102,14.17209097911589,12.76210657790556,10.54853321533366,9.31436051831664,16.11475536505563,14.68607921048254,20.64564119210144,18.81506566484884
2018-10-13 04:59:59.999997,-0.02035717452488216,-0.0204193580107797,13.41256028295921,11.93547291064428,14.12161596171774,12.71251758516412,10.48003668962674,9.249636572971028,16.07506583690635,14.6477717705791,20.636472107094,18.80617422282826
2018-10-13 05:15:00.000000,-0.3628866075369111,-0.3629176299711505,13.37249142592373,11.89658392984481,14.07234258222096,12.66411227482377,10.41509285159573,9.188338073531126,16.0361092211504,14.61016238676936,20.62720729624281,18.79718154612603
2018-10-13 05:30:00.000003,-0.684884932042203,-0.684932650637922,13.33406019790619,11.85928876341697,14.02473205686181,12.61733980027739,10.3535299623124,9.130251336068975,15.99830980554256,14.57366123851797,20.61798234832442,18.7882217217834
2018-10-13 05:44:59.999997,-0.9760388190747169,-0.9760498746225658,13.29802799146589,11.82433507781678,13.97962385699576,12.57303133727634,10.29686824790103,9.07683930130797,15.96230659468243,14.53888730397806,20.60894098513197,18.77943544817927
2018-10-13 06:00:00.000000,-1.243288049513386,-1.243309394276904,13.26436265011475,11.79168637156465,13.93719855133721,12.53136287229061,10.24450273415597,9.02749179687846,15.92831115023627,14.50604606641782,20.60019230948419,18.77092964999966
2018-10-13 06:15:00.000003,-1.473383764761621,-1.473398842639446,13.23425286715392,11.76251282129679,13.89850501327114,12.49337571197937,10.19887707269057,8.98456382836065,15.89700640014324,14.47579813594632,20.5918663790097,18.76283064229548
2018-10-13 06:29:59.999997,-1.673753662829462,-1.673766022371861,13.20791155577385,11.7370201838747,13.86385451940448,12.45937519586093,10.15977417862669,8.947825699024744,15.8686380695201,14.4483839766507,20.5840614139602,18.75523651148956
2018-10-13 06:45:00.000000,-1.841684836353865,-1.841687045878969,13.18489973639897,11.71477115298354,13.83313717263937,12.4292470397262,10.12641916483714,8.916529235508671,15.84329363827667,14.423889289562,20.57684960754104,18.74821664649324
2018-10-13 07:00:00.000003,-1.964358100881916,-1.964351683940376,13.16578965389025,11.69632544175374,13.80698993637401,12.40362106738063,10.10025954117841,8.892066205889153,15.82147424136217,14.40280081781845,20.5703237198721,18.74186295562521
2018-10-13 07:14:59.999997,-2.048790701135597,-2.048789340307747,13.15050599272822,11.68160285732713,13.78550710924029,12.38258279947479,10.08068778035946,8.873834801823614,15.80331528247778,14.38524619508913,20.56455562682032,18.73624284431665
2018-10-13 07:30:00.000000,-2.080822067948126,-2.08082373848909,13.13978376348479,11.67132298008418,13.76942404899492,12.36685878750515,10.06947692032056,8.863541722776615,15.78936781490144,14.37175882861325,20.55964186054628,18.73145124235745
2018-10-13 07:45:00.000003,-2.063358071215402,-2.063359602459283,13.13379614586482,11.66565371677475,13.75906014298637,12.35676444908032,10.06659397514161,8.861140533018439,15.77992352325995,14.36262310003941,20.55566986296256,18.7275740413445
2018-10-13 07:59:59.999997,-1.982804081631945,-1.982796236203648,13.13336570559952,11.66539820000125,13.75527600965029,12.35314798495305,10.07385370126865,8.868371394070623,15.77562615347308,14.35846074896273,20.5527542286709,18.72472322472744
2018-10-13 08:15:00.000000,-1.834514464405771,-1.834476166631479,13.13911888914432,11.67116385787292,13.75884122969824,12.35676212716252,10.09223248277705,8.886156789664625,15.7770750743584,14.35984597178418,20.55101747992639,18.72301353639975
2018-10-13 08:30:00.000003,-1.619793858410916,-1.619786595184588,13.15135864556371,11.68324401566283,13.77024322489494,12.36808841801611,10.12186687165633,8.914599684723763,15.7846599553871,14.36715911637658,20.55057693421574,18.72256190466878
2018-10-13 08:44:59.999997,-1.334179988172043,-1.334174966207753,13.17059989346802,11.70214232523194,13.79003690044617,12.38767187688446,10.16368475491446,8.954598310445515,15.79881379772383,14.38081819368735,20.551543521756,18.72347512252636
2018-10-13 09:00:00.000000,-1.008832288080822,-1.008833186162944,13.19737967256227,11.72839839692986,13.8182566692829,12.41555087236904,10.21716397465176,9.00563853858956,15.81925432527191,14.40055137068673,20.55395624387019,18.72579412090737
2018-10-13 09:15:00.000003,-0.6380527453271063,-0.6380536262826941,13.22969398432626,11.76003613195839,13.85356628836296,12.45040284352028,10.27912450998155,9.064670611852442,15.84538838900888,14.42579119528741,20.55778342508311,18.72948915958753
2018-10-13 09:29:59.999997,-0.2335716300836041,-0.2335699380490893,13.2667975740147,11.79633223356811,13.89512039979882,12.49139648752521,10.34813854334238,9.130343614965728,15.87659658772766,14.45594231658972,20.56295397624577,18.73449222140782
2018-10-13 09:45:00.000000,0.1782318140382354,0.178228775082738,13.30685805569463,11.83549853344749,13.94109712810722,12.53673846638603,10.42026177336266,9.19888283067299,15.91158888485271,14.48976450610829,20.56930942443575,18.74065224448669
2018-10-13 10:00:00.000003,0.6012659062233197,0.6012665448610033,13.3493684497608,11.87704591796651,13.9906593506615,12.58560655479685,10.49527427459466,9.270118516360977,15.9496444419922,14.52656076173531,20.57668811439844,18.74781187605481
2018-10-13 10:14:59.999997,1.024198482820836,1.024193918750881,13.39347038374667,11.92013726486196,14.04276504041692,12.63697318091929,10.57149085779093,9.342444163655086,15.98992193113639,14.56551611287276,20.58491205419209,18.75579777634648
2018-10-13 10:30:00.000000,1.43602178066783,1.43611242939741,13.43827208954547,11.96391421819512,14.09631093391018,12.68976055875556,10.64714750508466,9.41420104716899,16.03150621294145,14.60575091105714,20.59378715409014,18.76442284607275
2018-10-13 10:45:00.000003,1.844010214745337,1.844028192727458,13.48341034326522,12.00800844195321,14.1506714006909,12.74334462535907,10.72255707054949,9.485682823468807,16.0739116701128,14.64678752748988,20.60314714193302,18.77352386275426
2018-10-13 10:59:59.999997,2.241352617903753,2.241346192866009,13.52831110390426,12.05192564659305,14.20514209702871,12.79711508091836,10.79670815913914,9.555976939235064,16.1165853667773,14.68811732622578,20.61283764029482,18.78295291778244
2018-10-13 11:15:00.000000,2.613930759700484,2.613910547056898,13.57195077093527,12.09459702030594,14.25864793490601,12.84992128481036,10.86741291131667,9.622962798173539,16.15868882687691,14.72891242511471,20.62268833783245,18.79254474930349
2018-10-13 11:30:00.000003,2.986110036332303,2.986114490790336,13.61529914043656,12.13697800483918,14.31177228163276,12.90233825380327,10.93764461156099,9.689524053197196,16.20047943114928,14.76940890158331,20.63261669160257,18.80221630865384
2018-10-13 11:44:59.999997,3.335326732687622,3.335318051906411,13.65723614810079,12.17797205761422,14.36353209274755,12.95339866057223,11.0046056367222,9.752950179384156,16.24132583310428,14.80899385160452,20.64251180344873,18.81185818114836
2018-10-13 12:00:00.000000,3.648924608682722,3.648923618772997,13.69686363578146,12.21670921804445,14.41284243010428,13.00203857118076,11.06660068786253,9.811639661566629,16.28039464819668,14.84686392764915,20.65222873656476,18.82132949653819
2018-10-13 12:15:00.000003,3.953086316925743,3.953080511524972,13.7349679232766,12.25395777861274,14.46021546655585,13.04876033073086,11.12629902288126,9.868177847689639,16.3179513269168,14.88326887729884,20.66170137786279,18.83056375598196
2018-10-13 12:29:59.999997,4.19843749274148,4.198434065061895,13.76883637442261,12.28705114974135,14.50330994301818,13.09123549251043,11.1770996427442,9.916201120767209,16.35246926528699,14.91673288162154,20.67074940970525,18.83938588947604
2018-10-13 12:45:00.000000,4.42691206047659,4.426908849541014,13.79998107983617,12.31748028814453,14.54302121568697,13.13036307702881,11.22380945639287,9.960342783641531,16.38435709857393,14.94763455104766,20.67929985344987,18.84772203885137
2018-10-13 13:00:00.000003,4.603290474381417,4.603286824861526,13.82672090940084,12.34364061115815,14.57791226425016,13.16477518269018,11.26208876003464,9.99655035529713,16.41268297980271,14.97518744530113,20.68721977072348,18.85545716953264
2018-10-13 13:14:59.999997,4.72901438897651,4.729010979640631,13.84850235428612,12.36497271823062,14.60722169780449,13.19370847767041,11.29143284726802,10.02425188189656,16.4368282903038,14.99870226432697,20.69437103842467,18.86245133722976
2018-10-13 13:30:00.000000,4.807703057395324,4.807699318688898,13.86526637859241,12.38140947202865,14.63069418579916,13.21689543227374,11.31212940200032,10.04372793126025,16.45652505466963,15.01789064024856,20.7006434187276,18.86859172928239
2018-10-13 13:45:00.000003,4.828065001771106,4.828062302661934,13.87622836934949,12.39218958717471,14.64751743728338,13.23353596527821,11.32254792935086,10.05345810727198,16.47118112369037,15.03220490382122,20.70591333570276,18.87375919719493
2018-10-13 13:59:59.999997,4.789756734978821,4.78975594890071,13.88102839323678,12.39696947530636,14.65718530573464,13.24314280920445,11.32231757838656,10.05309771728787,16.48037845911471,15.04125042243287,20.71006542857583,18.87784330586317
2018-10-13 14:15:00.000000,4.681865943933629,4.681863665427498,13.87880984528001,12.39491210205818,14.65879077484887,13.24481975304754,11.30974871470463,10.04103821510805,16.48344948264513,15.04438673840109,20.71296780700085,18.88071642103346
2018-10-13 14:30:00.000003,4.504160780050878,4.504159179137593,13.86917883786739,12.38563455215515,14.65177214352821,13.23801058779962,11.28443536136036,10.01691795739787,16.47992407859427,15.04116106255614,20.71449456268708,18.88225676220798
2018-10-13 14:44:59.999997,4.26258356178288,4.262580421357757,13.85226917521086,12.3692667177821,14.63607998799191,13.22266308584094,11.24705141681383,9.98138745895171,16.46968997394429,15.03145869033725,20.7145562977908,18.88237618111717
2018-10-13 15:00:00.000000,3.962221120311424,3.962218594476808,13.82836857583586,12.34608074102368,14.61190804679014,13.19895847499695,11.19834872963195,9.935128130216546,16.4528361583095,15.0153466925187,20.7131045996747,18.88102438129896
2018-10-13 15:15:00.000003,3.629008257401281,3.629004744641872,13.79910034532127,12.31765832468099,14.58069869873003,13.16831302707868,11.14208164054052,9.88171742186833,16.4303022546599,14.99371487947451,20.7101918699049,18.87824808225569
2018-10-13 15:29:59.999997,3.256573261692773,3.256570709378879,13.76476380721531,12.28429295996308,14.54294506331338,13.13121423190618,11.07817803808841,9.821091484783466,16.40249834291772,14.96696655154161,20.70588592954913,18.87411169943917
2018-10-13 15:45:00.000000,2.868540575171568,2.868537301628336,13.72743319690326,12.24767624212024,14.50061899044765,13.08927563727445,11.01167899772501,9.75678999846562,16.37120998955731,14.93617185142845,20.70039111405321,18.86875199164494
2018-10-13 16:00:00.000003,2.465311136575875,2.46530819479513,13.68721393639328,12.20833077904381,14.45422375759273,13.04337275849766,10.94096929788243,9.689146902020624,16.33632522240261,14.90203555558619,20.69380904532802,18.8623169408723
2018-10-13 16:14:59.999997,2.055227928090278,2.055223692793184,13.64469801507905,12.16704168109035,14.40451997520567,12.99449364692551,10.8669351947486,9.619451950754588,16.29819880419582,14.86531046416543,20.68624827096771,18.8549685732327
2018-10-13 16:30:00.000000,1.642627218003094,1.642626013033273,13.60069686410317,12.12444488066834,14.35248975666177,12.94348727994116,10.79136312752251,9.548599308430235,16.25783309236168,14.82667221137964,20.67787806772306,18.84687089215899
2018-10-13 16:45:00.000003,1.230994484267227,1.230991136083746,13.55579030810009,12.08101883836373,14.29890097291692,12.89101911721455,10.71521513688334,9.477285572546453,16.21598256411899,14.78668745213488,20.6688728459027,18.838177776894
2018-10-13 16:59:59.999997,0.8258729118115878,0.8258895887251364,13.51080402285724,12.03739562753612,14.24471552886405,12.83785683710604,10.64015738550816,9.40649791736484,16.1736074678016,14.7459465190289,20.65942376126061,18.82903888867138
2018-10-13 17:15:00.000000,0.4378593597940618,0.4379167936809794,13.4667523492151,11.99463549108499,14.19104625037478,12.78514392261907,10.5676110460818,9.338004508954008,16.13139939105468,14.70524543044375,20.64970368674167,18.81961931458242
2018-10-13 17:30:00.000003,0.06325096416573399,0.06322641188838854,13.42364411637339,11.95277251177133,14.13817784581509,12.73319117460512,10.49722060480621,9.271523833769145,16.08965983569177,14.66494618983503,20.63984727213704,18.81005483685961
2018-10-13 17:44:59.999997,-0.2933635059818158,-0.2933717775631043,13.38182363541333,11.91216441424172,14.08657486059939,12.68247969533119,10.42962751824698,9.207710796646227,16.04877669714138,14.62545458035681,20.62997638297064,18.80046835425987
2018-10-13 18:00:00.000000,-0.6245796008291719,-0.6245648684173443,13.34192669789253,11.87343236601803,14.03695525022747,12.6337199579066,10.36603380777677,9.147707899627164,16.00930060810657,14.58731100783543,20.62021898306802,18.79098626221962
2018-10-13 18:15:00.000003,-0.9349612794632948,-0.9349589554755725,13.30399409728124,11.83661375625186,13.98954530020301,12.58713475337699,10.30608498434688,9.091159188608838,15.97146589134674,14.55075069132907,20.61067722427503,18.78171068644858
2018-10-13 18:29:59.999997,-1.219403447925704,-1.219399275362084,13.26841316072621,11.80209016296926,13.9447815421364,12.54315737725249,10.25053773152796,9.038797105887753,15.93561112484149,14.51610658198614,20.60144633963911,18.77273549049265
2018-10-13 18:45:00.000000,-1.477553193089371,-1.47755283426289,13.235790169781,11.7704526462844,13.90320735012732,12.50232058168207,10.20028448121815,8.991461102650714,15.90208006112128,14.4837045967361,20.59261594100381,18.76414731196507
2018-10-13 19:00:00.000003,-1.69751525751746,-1.697515658055925,13.20727121193484,11.74282478797067,13.86585074132005,12.46563997836789,10.15760109528998,8.951332063187143,15.8715489371384,14.45419389236739,20.58430051006281,18.75605661286062
2018-10-13 19:14:59.999997,-1.896522048590114,-1.896524051679811,13.18157574759383,11.71795062303895,13.83195551422642,12.43237372786761,10.11932778782854,8.91535452333146,15.84370869431826,14.42728439544053,20.57654173741839,18.7485064023087
2018-10-13 19:30:00.000000,-2.046480628319486,-2.046486524224844,13.15977581776001,11.69687704663909,13.80253394083498,12.40351826412788,10.08850116811016,8.886462383927578,15.81928404355371,14.40367571378001,20.56943639640782,18.74159046901103
2018-10-13 19:45:00.000003,-2.168224908523993,-2.16822665766011,13.14124533665214,11.67898612276056,13.77721779378991,12.37870495483932,10.0629747104793,8.862568077327593,15.79811610863406,14.38321550222331,20.56303100070764,18.73535402976043
2018-10-13 19:59:59.999997,-2.248990281966852,-2.248990714677066,13.12644675992471,11.66474524477549,13.75642409562686,12.35836078618686,10.04409409688254,8.845017731943633,15.78050839795918,14.36622776622482,20.55738556785257,18.72985799608005
2018-10-13 20:15:00.000000,-2.274159003982183,-2.27416981412257,13.11632859952486,11.65506405376321,13.74110507043792,12.34340807067997,10.03395979928458,8.835767961336195,15.76716188982537,14.35335653506659,20.55260022979915,18.72519848814227
2018-10-13 20:30:00.000003,-2.261124414128391,-2.26113522828452,13.11040337626141,11.64946415623525,13.73101411440097,12.33359906409616,10.03076369204877,8.833114805480431,15.75798435420398,14.34451889614355,20.54873035862623,18.72142900666852
2018-10-13 20:44:59.999997,-2.176686760512898,-2.17658321934631,13.11024468931719,11.64944831145291,13.72760297515484,12.33033065597656,10.03853218719622,8.840702588286176,15.75399264150612,14.34060863628888,20.54590294253645,18.71866355700734
2018-10-13 21:00:00.000000,-2.04028994070769,-2.040246322822093,13.11549942200501,11.65467562328363,13.73082459284584,12.33355817835403,10.05549126121257,8.856971911419103,15.75525933545633,14.3417413849782,20.54420384537798,18.7169867709355
2018-10-13 21:15:00.000003,-1.836674851499197,-1.8366317403568,13.12690384861891,11.6658917937977,13.74142050738478,12.34403604392596,10.08343059745965,8.883720310186098,15.76232415278595,14.34847503247109,20.54373703974207,18.71650309636048
2018-10-13 21:29:59.999997,-1.584331034473953,-1.584319659707943,13.14393311831693,11.68264870877803,13.75909678660239,12.36155532106716,10.12037538913981,8.919129991342144,15.77500704479915,14.36077248015097,20.54455256830619,18.71727597052521
2018-10-13 21:45:00.000000,-1.291574099208323,-1.291570549631212,13.16637393591627,11.70466520639249,13.78348260100139,12.38567177015066,10.16574727314475,8.962431571791612,15.79299603339127,14.37818320915629,20.54665391838895,18.71930144615811
2018-10-13 22:00:00.000003,-0.965737586520243,-0.9657440226727881,13.19493703144897,11.73264804902621,13.81472811298969,12.41653192512388,10.22057251081285,9.01466529868856,15.81611666509068,14.40053599159068,20.55002019869531,18.72255804763188
2018-10-13 22:14:59.999997,-0.6293746149335838,-0.6293777636026847,13.22645988908125,11.76349545715711,13.8503956400104,12.45173216179901,10.27858985333599,9.069830517844718,15.84299870199873,14.42652543680749,20.55451515746116,18.72691409436771
2018-10-13 22:30:00.000000,-0.2682303317236141,-0.2682341215410677,13.26118578100774,11.79745827037989,13.89028456714899,12.49108285663185,10.34137266892606,9.12949124305338,15.87334905025057,14.45587286115185,20.56003045786657,18.73226516297544
2018-10-13 22:45:00.000003,0.08225924211801525,0.0822581388521357,13.29704468481176,11.83251414636478,13.93241679455497,12.53263613208061,10.40412868365268,9.189044935536916,15.90578994373076,14.48725342758913,20.56637520978122,18.73842769478852
2018-10-13 22:59:59.999997,0.4294602461927735,0.4294600922868522,13.33363698215259,11.86827854948246,13.97602907344976,12.57564201999907,10.46698181362173,9.248653263024512,15.939634409017,14.52000189685749,20.57337065787546,18.74522714176434
2018-10-13 23:15:00.000000,0.7782378212846086,0.7782382702127197,13.37096395619851,11.90475554586165,14.0208498538782,12.61983438645862,10.5304607083186,9.30884071470667,15.97458472768935,14.55382690294266,20.58087737375345,18.75252725998548
2018-10-13 23:30:00.000003,1.114148113608293,1.114110836972489,13.4083055813162,11.9412611318888,14.0660773156871,12.6644487591709,10.59271413209765,9.367834267254912,16.00997687330806,14.5880940947912,20.58874638279064,18.76018455674758
2018-10-13 23:44:59.999997,1.43471981073954,1.434557648876897,13.44498585683128,11.97713818950968,14.11090360666832,12.70869996319056,10.65290108237068,9.424838379726125,16.0452068024975,14.62222669253447,20.59683004629979,18.7680566083922
2018-10-14 00:00:00.000000,1.749553578943156,1.749522020259075,13.48120918874587,12.0125734824097,14.15530521960956,12.75252974947708,10.71206207497472,9.480909975205904,16.08018339215744,14.6561258092047,20.60502823328371,18.77604455608412
2018-10-14 00:15:00.000003,2.041449172927521,2.041445767156926,13.50980267873605,12.04645809894841,14.19474062782442,12.79479125822502,10.7082107938641,9.533651506060147,16.10979658904462,14.68875576757309,20.61259501517981,18.78386292536827
2018-10-14 00:29:59.999997,2.314023896117621,2.314003498893564,13.54148843078412,12.07867546855734,14.23457849142925,12.83520683457965,10.75774873352871,9.583244460817106,16.14062449340719,14.71996741069218,20.62003480907386,18.79144502988459
2018-10-14 00:45:00.000000,2.564653959232607,2.564659623193001,13.57212797705836,12.10900925526347,14.27299326843065,12.87351890246664,10.80605328287009,9.629353760683363,16.17079393386677,14.74968848096869,20.62733618243298,18.798800489858
2018-10-14 01:00:00.000003,2.78090493085223,2.780895005757014,13.60014562289546,12.13662219450455,14.3086196251096,12.90890100572757,10.84908710434277,9.67022112095429,16.19909336592837,14.77738640465218,20.6343918601948,18.80587850008133
2018-10-14 01:14:59.999997,2.967760043387729,2.967759765003572,13.6254085107035,12.16151132040634,14.34114569171139,12.9411748315177,10.8870103017544,9.70620410468125,16.22511990830066,14.80282697601034,20.64110174618702,18.81260493349272
2018-10-14 01:30:00.000000,3.117869128325491,3.117861096559333,13.64728268380197,12.18311336324192,14.36987439417226,12.96971990885152,10.91869996745625,9.736366053580255,16.24835517540889,14.82564689104472,20.6473512103199,18.81888923401651
2018-10-14 01:45:00.000003,3.220727857520153,3.220724440280509,13.66488270743028,12.20051572485542,14.39386135312697,12.99355348829352,10.94244358712268,9.75889258441509,16.26808176108911,14.84502101289608,20.65300034620143,18.82458675226789
2018-10-14 01:59:59.999997,3.274492102151536,3.274489467666629,13.67770634575261,12.21324141598159,14.41243362835706,13.01202731590052,10.95760709442386,9.773239099926526,16.28374753105245,14.8604321664571,20.6579108177024,18.82956094075049
2018-10-14 02:15:00.000000,3.281216845881959,3.28121237873551,13.68560285791724,12.22115818528484,14.4252600481055,13.02483440006983,10.96426471407089,9.779513035297189,16.29504189378586,14.87160270422707,20.66196663460934,18.83370123749329
2018-10-14 02:30:00.000003,3.219680266421639,3.219678173088121,13.68718988182637,12.22291977837493,14.43099008740582,13.03065120660699,10.95938820546061,9.774815309511883,16.30100925747791,14.87762269329568,20.66500758200324,18.83685532015791
2018-10-14 02:44:59.999997,3.110619840284285,3.110615878460974,13.68312297920289,12.21917595789615,14.42991823644906,13.02977784790235,10.94528193667959,9.761391060277218,16.30171174612307,14.87855424797148,20.66693999353544,18.83893257288154
2018-10-14 03:00:00.000000,2.927731345876128,2.927728659459871,13.67200334887753,12.20855770472095,14.42077539786374,13.02096278673168,10.91855262788237,9.73597023611543,16.29628550156975,14.87356706664433,20.66762552446798,18.83980057794161
2018-10-14 03:15:00.000003,2.698109913088079,2.69810686135643,13.65488739586956,12.19209928761764,14.40425051603473,13.0048809826644,10.88237926937861,9.701633637039139,16.28506432544173,14.86297596652497,20.66700909898783,18.83940346506905
2018-10-14 03:29:59.999997,2.414929404916108,2.414926574489832,13.63173642454812,12.16976311688075,14.38037677889729,12.98156763075532,10.8362642579039,9.657886049101462,16.2680568224926,14.84678898090393,20.66505524991071,18.83770664818854
2018-10-14 03:45:00.000000,2.103761281745219,2.103760015465545,13.60400145496786,12.14296679910101,14.35044287670804,12.95229021807933,10.78369698441263,9.608081830519954,16.24611192674181,14.82582029041443,20.66181768526364,18.83476008284095
2018-10-14 04:00:00.000003,1.767480795475598,1.767478907149672,13.5724110988501,12.11241747637623,14.31533845330667,12.91792124583471,10.7256841145529,9.553158490397216,16.21990188925644,14.80071608924776,20.65738853706792,18.83065185912631
2018-10-14 04:14:59.999997,1.417618619597834,1.417616169047065,13.53793309950422,12.07905680723929,14.27614129913845,12.87951898183098,10.66409065130312,9.494890431537636,16.19024653383388,14.77226477653503,20.65190083731975,18.82550859328919
2018-10-14 04:30:00.000000,1.057340511714877,1.057341544906627,13.50118354431279,12.04348502832229,14.23366330967544,12.83788415622609,10.5997735293204,9.43407905130859,16.15780338249528,14.74110334350798,20.64549536059431,18.81946767837668
2018-10-14 04:45:00.000003,0.6921365113397372,0.6921298235183435,13.4629192135282,12.00644046083247,14.18880335948469,12.79390212692346,10.53384758020266,9.37177646631402,16.12324064794494,14.70787784800541,20.63832036226567,18.81267265618682
2018-10-14 04:59:59.999997,0.3259406239389772,0.3259314803550384,13.42373932534625,11.96850892171597,14.14232545058563,12.748328173375,10.4671669895504,9.308788853199614,16.08715582017761,14.67316879908068,20.6305222378789,18.80526656673361
2018-10-14 05:15:00.000000,-0.03926999800985314,-0.03926044554750656,13.38391984080863,11.92995900943011,14.09470259815855,12.70163035115545,10.40013643082518,9.245493506798052,16.04999309985079,14.63740877265056,20.62223264977937,18.79737834967185
2018-10-14 05:30:00.000003,-0.3922228729076602,-0.3922238341042626,13.34429665961194,11.89160264630131,14.04684809078295,12.65470522489934,10.33446005251827,9.183510026903797,16.01244927353468,14.60127029402126,20.61359746647939,18.78914985200517
2018-10-14 05:44:59.999997,-0.7347515770652009,-0.7347571338851426,13.30515189848391,11.85371475332626,13.99925053743598,12.60803415521546,10.2702492073866,9.122931679612027,15.97495620180877,14.56517283086979,20.60474724295374,18.78070864009447
2018-10-14 06:00:00.000000,-1.047488213107816,-1.047495730421596,13.26778857786461,11.81756878457088,13.95322748638998,12.56291606154993,10.21030994110156,9.066448743817801,15.93847021428605,14.5300405197077,20.59585089486395,18.77221827717084
2018-10-14 06:15:00.000003,-1.343530835442462,-1.343532201497746,13.23209033831315,11.78305071185286,13.90894617887654,12.51951851225839,10.15353675284032,9.012979081669844,15.90321402890992,14.49610077843116,20.58703175478371,18.76380148259684
2018-10-14 06:29:59.999997,-1.606400669106567,-1.606402380191612,13.19982763474364,11.75189822162483,13.86786679081111,12.47928506620095,10.10347705345422,8.965922625739852,15.87007463149506,14.46420145433052,20.57844687367757,18.75560910855939
2018-10-14 06:45:00.000000,-1.840645657007707,-1.840649188014842,13.17073549181218,11.72384292288254,13.83013957706467,12.44235927902099,10.05911273185968,8.92427310609761,15.83933973783284,14.4346209956053,20.57021674140777,18.74775877634644
2018-10-14 07:00:00.000003,-2.052763937800792,-2.052764331444929,13.14412066874729,11.69820316214157,13.79541722548651,12.40839711935954,10.01883748218336,8.8864829899225,15.81090980278165,14.40726956798323,20.56240939323177,18.74031928705614
2018-10-14 07:14:59.999997,-2.229006988198161,-2.229010151535215,13.12054068009838,11.67553162410567,13.76425438997673,12.37795227498188,9.984190131732223,8.854068365320268,15.78520847434018,14.38257599954922,20.55511107766566,18.73337376716541
2018-10-14 07:30:00.000000,-2.37740862399423,-2.377406683367831,13.09981439324218,11.65568472833745,13.73660610420145,12.35101695560499,9.954411013335712,8.826439371706256,15.76227492206216,14.36065084925337,20.54837719472876,18.72698741739568
2018-10-14 07:45:00.000003,-2.495414890008365,-2.495415709041149,13.08204792373136,11.63877525927758,13.712603194774,12.32772467042625,9.929753594594784,8.803965916491027,15.74222463712835,14.34163205193782,20.54225714814951,18.72121220385846
2018-10-14 07:59:59.999997,-2.57171138530903,-2.571715117372809,13.06788965292245,11.6253762801465,13.69288039691536,12.30864821591418,9.911726068056346,8.787695152708435,15.72551768713131,14.32583517015464,20.53682298523328,18.71610839383984
2018-10-14 08:15:00.000000,-2.612633353809843,-2.61264018329823,13.05728231576257,11.61540835362488,13.67751265670736,12.29383475624279,9.899802537842099,8.777066931387854,15.71226107486671,14.31332099801117,20.53213004446767,18.71172157431364
2018-10-14 08:30:00.000003,-2.609686339108838,-2.60969123210223,13.05067029588607,11.60929616300821,13.66695156325063,12.28371762182278,9.895037282280365,8.773070129087587,15.70279535444436,14.30439811268617,20.5282437467723,18.70811128299963
2018-10-14 08:44:59.999997,-2.554306008462392,-2.554308982449216,13.04869571719426,11.60765565499182,13.66188826343078,12.27896459622884,9.898732520189892,8.776916934368034,15.69764330579453,14.29954982509335,20.52525197105019,18.70535795390989
2018-10-14 09:00:00.000000,-2.43837308178509,-2.438327106393067,13.05206883659844,11.6111714112391,13.66312960723277,12.28036071237914,9.912210740628018,8.789838461561033,15.69742218180303,14.29935544895489,20.52326553395299,18.70356568591643
2018-10-14 09:15:00.000003,-2.265295990988804,-2.265249555611625,13.06097341136459,11.62001573566698,13.67104589746936,12.28826371060854,9.935363707819631,8.811700568802648,15.70245335093504,14.30411868260237,20.52238508380031,18.70282995504598
2018-10-14 09:29:59.999997,-2.029000116150358,-2.029029444127405,13.07583567526046,11.63459566576149,13.68614235542946,12.30316219053647,9.969034562336896,8.84328813687768,15.7131472971635,14.31422543037899,20.52271085467395,18.70324587349086
2018-10-14 09:45:00.000000,-1.748965149434444,-1.748984176106161,13.09594701386391,11.65423132316595,13.70791946239518,12.32457472392691,10.01097199636871,8.882483717284304,15.72918538521811,14.32938944168636,20.52427761062477,18.7048493265157
2018-10-14 10:00:00.000003,-1.43416406793522,-1.434186078978231,13.12062063063428,11.67825825144638,13.73569639902605,12.35183681606605,10.05971534233563,8.927921245728704,15.75007432292284,14.34915323740992,20.52706411928543,18.70762257602697
2018-10-14 10:14:59.999997,-1.086123130576272,-1.086136232154678,13.15139219768732,11.7081975001096,13.77013784059798,12.38561078848665,10.11804907780175,8.982302503222536,15.77587686033808,14.37357655735032,20.5310578661332,18.7115540458653
2018-10-14 10:30:00.000000,-0.7216959738037824,-0.7217033648929282,13.18576588934654,11.74188476000985,13.8093768498201,12.42433363025025,10.18097444342751,9.042277168323475,15.80557668352322,14.40228550295951,20.53615430797859,18.71659897496599
2018-10-14 10:45:00.000003,-0.3443171045605164,-0.3443236940231711,13.22277847643327,11.77861865764519,13.85233149885237,12.46718638643576,10.24719309053514,9.107682758701356,15.83839596883012,14.43502328623846,20.54222114479293,18.72269657495027
2018-10-14 10:59:59.999997,0.03623703187371543,0.03624096314905537,13.26150157975462,11.8167664221692,13.89794326758376,12.51248032237874,10.31503764488383,9.172549305240405,15.87353726452621,14.46949882375294,20.54910728193954,18.72959020679222
2018-10-14 11:15:00.000000,0.4110211710696914,0.4110240181854943,13.3009987606768,11.85554754386903,13.94510860229185,12.55918464428617,10.38288975193574,9.23705654754282,15.91014702434598,14.50517286304924,20.5566424805939,18.73710122030014
2018-10-14 11:30:00.000003,0.7825945331725817,0.7825987549296369,13.34097613339605,11.89475497326362,13.99327635144043,12.60682531043711,10.45070936989039,9.30145386085466,15.94773158611312,14.54172221660903,20.56467611012923,18.74508846853582
2018-10-14 11:44:59.999997,1.149931512025311,1.14993308170065,13.38140383249182,11.93439050205967,14.04220222598527,12.65519217700931,10.51841674646599,9.365724160257738,15.98597385884202,14.57888728093394,20.57308386938931,18.75343612920593
2018-10-14 12:00:00.000000,1.488752278796083,1.4887129446652,13.42056405793386,11.97277302361209,14.09024601691282,12.70267603721227,10.58240913829388,9.42638824980919,16.02375400779221,14.61560272499477,20.58168637365409,18.76197289212009
2018-10-14 12:15:00.000003,1.830916541805256,1.830897930584186,13.45958279615852,12.01102105543768,14.1380630836521,12.74993305152982,10.64638365155787,9.487080058223535,16.06137993250795,14.65216788161871,20.59040077057947,18.77061795255678
2018-10-14 12:29:59.999997,2.142610954759043,2.142595139519335,13.49679824198843,12.04750416205414,14.18420947682911,12.7955395888956,10.70611836835076,9.54370513369813,16.09790078250759,14.6876684444897,20.59908729740026,18.77923766439746
2018-10-14 12:45:00.000000,2.437589715898559,2.437593164439715,13.53245777839028,12.08251149479121,14.22865441785783,12.83952561912283,10.76284447861089,9.597500421211581,16.13315225738201,14.72196276954263,20.60764702191966,18.78773706741099
2018-10-14 13:00:00.000003,2.706811625461773,2.706804614884116,13.56597741346382,12.11544416824999,14.27078323724539,12.88125310922145,10.8153839428454,9.647318870973956,16.16670383146048,14.75463188369204,20.61597783560964,18.79601844982079
2018-10-14 13:14:59.999997,2.94706177832792,2.94706572629067,13.59698359472189,12.14591089296458,14.31013174673646,12.9202232406439,10.86307495743374,9.692527655692558,16.19815412801017,14.78527556756785,20.62397980846504,18.80398440019794
2018-10-14 13:30:00.000000,3.153134555493026,3.153132026322282,13.62489446012007,12.17334651666739,14.3460331644952,12.95578031355833,10.90498303169376,9.732235721646633,16.22702463132909,14.81342500402049,20.63154698177935,18.81152976489733
2018-10-14 13:45:00.000003,3.32505883443199,3.325062226473297,13.64943894282855,12.19751586856426,14.37808135702156,12.98755588007146,10.94087741281524,9.766311094885111,16.25298379502503,14.83882150494211,20.63858255143671,18.81856688775591
2018-10-14 13:59:59.999997,3.462506933957958,3.462505725935677,13.67056479213776,12.21836083698559,14.40606348012256,13.0153351695806,10.97083087555565,9.794775387167494,16.27581453938701,14.86121994438502,20.64500494863024,18.82501485368491
2018-10-14 14:15:00.000000,3.549801954078869,3.549802234942989,13.68708445625906,12.23469625172357,14.42888653443983,13.03801540753586,10.99229244672392,9.815107772964048,16.2947769504176,14.87983823260248,20.65069644455582,18.83075078487063
2018-10-14 14:30:00.000003,3.594188125442522,3.594188583813262,13.69897260736525,12.24650802768967,14.4463126851994,13.05536959189303,11.00580925794312,9.82789617622744,16.30962046424658,14.89445509401202,20.65556051772004,18.8356810757012
2018-10-14 14:44:59.999997,3.570161958581247,3.570161989383187,13.7046278318066,12.25223422944106,14.4568254060292,13.06590689860735,11.00778682256963,9.829699648518723,16.3192981910427,14.9040742396042,20.65944303297427,18.83965764462368
2018-10-14 15:00:00.000000,3.49729619132416,3.497296297847988,13.70459132774336,12.25240680165536,14.46059426952751,13.06979148775467,11.00032051331562,9.822564505371865,16.32378083914066,14.90866463071825,20.66224641066891,18.8425843737536
2018-10-14 15:15:00.000003,3.351486888744848,3.351485940924655,13.69754435829423,12.24573248486035,14.45639043293288,13.06580636791684,10.98027967845904,9.803473832139113,16.32222010387612,14.90740709490674,20.66383043854065,18.84432621159277
2018-10-14 15:29:59.999997,3.15030282152995,3.150301967153489,13.6840945438908,12.23281858298613,14.44445253423793,13.05420306422491,10.94975247147851,9.77446427530629,16.31464476548845,14.90032894455707,20.66411020535948,18.84479923806613
2018-10-14 15:45:00.000000,2.88883030907849,2.888828490182383,13.66403433881377,12.21346550322342,14.42456709270329,13.03477891486325,10.90820737980985,9.735019689615791,16.30089054417442,14.88727504951251,20.6630153966023,18.84393569612094
2018-10-14 16:00:00.000003,2.590086558057228,2.590083750294374,13.63861675811068,12.18890202363484,14.3978053552344,13.00859507869847,10.85870169327415,9.688083581611242,16.28161892697297,14.86888301593417,20.66056126305147,18.84174923229754
2018-10-14 16:14:59.999997,2.259135103409847,2.259132670951112,13.60860793657003,12.15987474858282,14.36503459924036,12.97650575547192,10.80244918514967,9.634798942855731,16.25745041538752,14.84575117281521,20.65681246285559,18.83830171388411
2018-10-14 16:30:00.000000,1.902817475253929,1.902816161156043,13.57472505783594,12.12708120031475,14.32709288322059,12.93933343193821,10.74069201156588,9.57634117095941,16.22901631927828,14.81848886415782,20.65186428477481,18.83368601370381
2018-10-14 16:45:00.000003,1.542711634709264,1.542709426478595,13.53854352427905,12.09205645977053,14.28559117887874,12.89866002433781,10.67671597778075,9.5158495488933,16.19748114019879,14.78821523066776,20.6458836202543,18.82806174007133
2018-10-14 16:59:59.999997,1.168240853189559,1.168238105100757,13.50007730533811,12.05480715240903,14.24089942442494,12.85484504040602,10.60970142341349,9.452501060173077,16.1632555298135,14.75532769814382,20.63901077354495,18.82156496029926
2018-10-14 17:15:00.000000,0.7921171244445447,0.7921047936887095,13.46025001936002,12.01623705437903,14.19400891591297,12.80886746282843,10.54147796662369,9.388045984746894,16.12706479104598,14.72052914499088,20.63139683846494,18.81434315996826
2018-10-14 17:30:00.000003,0.4160537041710669,0.4160409150371851,13.41970514651482,11.97697372276739,14.14572964473431,12.76152452161761,10.47277052829866,9.323160786626737,16.08951661185069,14.68440722088757,20.62319345103657,18.8065432377953
2018-10-14 17:44:59.999997,0.04159984792667988,0.04153777727381863,13.37865866168758,11.9372226417826,14.09648554659043,12.71323068392463,10.40388174921121,9.258118462099755,16.05102743400328,14.64736564568031,20.61453131620026,18.79829351497016
2018-10-14 18:00:00.000000,-0.316614549867048,-0.3166204481603433,13.33810547249021,11.89795962635847,14.04732241845329,12.66501985311628,10.33695527390138,9.194982415183082,16.01238660498212,14.6101681115787,20.6055647973115,18.78974344319176
2018-10-14 18:15:00.000003,-0.662993182649952,-0.6629935702868278,13.29823520092152,11.85936235977222,13.99866865042218,12.6173101994721,10.27180911463073,9.1335419187995,15.97399571625933,14.57320329413827,20.59642633255985,18.78102236608819
2018-10-14 18:29:59.999997,-0.988974213602441,-0.9889764319854678,13.25970215306087,11.82207060802577,13.95126500557026,12.57083273143245,10.20971916752996,9.075018271876269,15.93642571858757,14.53702439997488,20.58725111165127,18.77226238613641
2018-10-14 18:45:00.000000,-1.290322603051166,-1.290322951469826,13.22310356246684,11.78667219380765,13.90582127100891,12.52629329609401,10.15163032406123,9.020313022616326,15.90022886403486,14.50217114492479,20.57817413190881,18.7635947399122
2018-10-14 19:00:00.000003,-1.567386945546408,-1.567390614873782,13.18943517155847,11.75414506576298,13.86319804969466,12.48454370094737,10.09899234239007,8.9708063658007,15.8659304464454,14.46915489593092,20.56932390640608,18.75514611220828
2018-10-14 19:14:59.999997,-1.823246306993284,-1.82324924997321,13.15860182546606,11.72438783897882,13.82351018350651,12.44568873227167,10.05126709110278,8.925961692913644,15.83369823479441,14.43813246522421,20.56079365930997,18.7470062509646
2018-10-14 19:30:00.000000,-2.054943650745876,-2.054945401488776,13.13019263903593,11.6969946434568,13.78666860241065,12.40964014071964,10.00774098844876,8.885090362902783,15.80361466533954,14.40918712917403,20.55264990661439,18.73924208872476
2018-10-14 19:45:00.000003,-2.259089359873863,-2.259090818793654,13.10433209330203,11.67210489797935,13.75287667172889,12.37661783377398,9.968749842422326,8.848570918966496,15.77587916070016,14.38255158558566,20.54495629210323,18.73191813171289
2018-10-14 19:59:59.999997,-2.444841765595999,-2.44484029811904,13.080624594607,11.64938587914843,13.72184355405938,12.34638642444583,9.933197533517545,8.815664507695166,15.75034205522643,14.35819903293903,20.53774010909861,18.72507454146647
2018-10-14 20:15:00.000000,-2.595332207138684,-2.595332286146714,13.05982189523024,11.62954755405256,13.69423546494125,12.31958055758052,9.903085148089776,8.788152447018632,15.72746232882417,14.33652169121551,20.53106248405241,18.71876972321026
2018-10-14 20:30:00.000003,-2.719626188166218,-2.719632390339495,13.0417523220758,11.61237118822736,13.6700132149995,12.29611612991587,9.877593709475608,8.764944129841147,15.70726414967083,14.31743989583014,20.52496192503072,18.71303335159112
2018-10-14 20:44:59.999997,-2.810978229223088,-2.810988144207669,13.02671952031242,11.59813187960303,13.64947646918996,12.27626310382905,9.857499430500702,8.74673596778429,15.68997563294464,14.30112996677972,20.51948550044601,18.70790297949231
2018-10-14 21:00:00.000000,-2.862110436521309,-2.862109073284289,13.0152286324513,11.58731139957348,13.63315169791269,12.26052537034552,9.843876195666754,8.734528478145013,15.67599469849184,14.28795202053773,20.51469869397986,18.70343655918755
2018-10-14 21:15:00.000003,-2.879263831882963,-2.879284082636742,13.00718521402625,11.57981323696855,13.62106967951896,12.24893018489589,9.836150827760957,8.72775533660953,15.66538893595293,14.2779697864923,20.51064767399817,18.69967879378532
2018-10-14 21:29:59.999997,-2.840027172451204,-2.839997671412588,13.00373581574392,11.57674671534597,13.61431832165198,12.24253372167821,9.837141256888966,8.72909021425788,15.6589332046426,14.2719010836602,20.50743374054968,18.69671922784575
2018-10-14 21:45:00.000000,-2.745254395039887,-2.745223311036678,13.00531438731762,11.57852195284072,13.61350988584697,12.24192710746792,9.847258044673671,8.738871369830708,15.65713514384841,14.27022186568931,20.5051646028611,18.69466101343809
2018-10-14 22:00:00.000003,-2.593176095680267,-2.593184075966285,13.01224407714817,11.58544823363576,13.61910601822044,12.24755994889581,9.866911869858564,8.75746921356348,15.66038263694671,14.27330022808525,20.50394359784406,18.69360239517436
2018-10-14 22:14:59.999997,-2.381614425554518,-2.381615020338301,13.02484761220079,11.59784127051338,13.63154815075981,12.25986652507803,9.896537375032189,8.785294227107476,15.66903023846791,14.28147519849093,20.50386858099586,18.69363747466716
2018-10-14 22:30:00.000000,-2.130818729343228,-2.130830777554296,13.04228814648473,11.61488829755754,13.65020104652827,12.27822573631465,9.933706310414689,8.820043579309674,15.68267918426809,14.29438236920631,20.5049650374808,18.69479372985885
2018-10-14 22:45:00.000003,-1.842088693595834,-1.842094179131549,13.06420379326206,11.63624219624948,13.67465183736346,12.30223544182593,9.977877801408724,8.861233496979578,15.70102796182998,14.31174201731843,20.50722471806361,18.69706435975671
2018-10-14 22:59:59.999997,-1.539342794245977,-1.539350205535946,13.08934203708573,11.66069686701492,13.70369160829424,12.33072177940597,10.02591702387516,8.905920246758278,15.72315511566663,14.33269828265081,20.51055800546425,18.70036817529589
2018-10-14 23:15:00.000000,-1.220518089969744,-1.220522311933778,13.11831664450946,11.68886959309136,13.73723719184567,12.36361227522874,10.07942893231369,8.955691474188193,15.74872975605258,14.35693845892579,20.514876707802,18.70462169108492
2018-10-14 23:30:00.000003,-0.89641922283325,-0.8964231724761266,13.15004396444117,11.71970222651727,13.77422419008695,12.39986160471724,10.13627244779287,9.008521169257385,15.77702120575432,14.38377022373241,20.52005593776521,18.70970525155105
2018-10-14 23:44:59.999997,-0.5699823493510398,-0.5699827243172612,13.18322195909246,11.75192933413845,13.81344144786899,12.43828613825594,10.19443373477152,9.062524714816995,15.80724881584132,14.41245646425062,20.52594501179897,18.71547570595966
2018-10-15 00:00:00.000000,-0.2472241321011915,-0.2472261098754686,13.21710339471828,11.78492195633036,13.8539904019328,12.47811309363316,10.25275441147511,9.116869062274093,15.83872564545209,14.44252846475672,20.53239143553221,18.72180471378732
2018-10-15 00:15:00.000003,0.06556257783933313,0.06556699999492198,13.24636350177243,11.81872591563337,13.89220336317879,12.51908874958927,10.26337625499747,9.175225160593968,15.86685382377337,14.47472002580019,20.5387146248873,18.72853897524482
2018-10-15 00:29:59.999997,0.3682679531811303,0.3682695119294517,13.27870153750421,11.85180759631161,13.93191523159276,12.55966763858641,10.31681657388051,9.229553131100369,15.89722417436962,14.50620981277415,20.54528476384456,18.73541741684128
2018-10-15 00:45:00.000000,0.6645869402862845,0.6645891444274508,13.31136447319425,11.88426721014648,13.97192496084043,12.59973712509122,10.37127768938679,9.281759278881863,15.9282988833727,14.53709404924682,20.55207991648781,18.74239166541509
2018-10-15 01:00:00.000003,0.9382560013223161,0.9382555396698231,13.3428610820386,11.91536579796643,14.01093560846251,12.63856625197239,10.42276065747077,9.330749717526906,15.95891302401266,14.56716323794711,20.55898897506588,18.7494131722741
2018-10-15 01:14:59.999997,1.199352967931994,1.199352483054558,13.37349623389268,11.94556262958663,14.04898554144248,12.67635741393533,10.47226582847012,9.377797578749682,15.98886391198281,14.59647348173373,20.56592621707628,18.75642944215026
2018-10-15 01:30:00.000000,1.441504450271115,1.441529628456414,13.40262139682663,11.97426227955841,14.08544919463844,12.71254585769704,10.51873677348097,9.421938704658295,16.01773074633399,14.62469033147032,20.57279123108808,18.76335878550774
2018-10-15 01:45:00.000003,1.670143910669875,1.670103656738413,13.4303521989216,12.00158446365031,14.12029021044141,12.74710965939839,10.56275221626452,9.463740737796613,16.04541169742269,14.65173541949857,20.5795086652056,18.77013448360245
2018-10-15 01:59:59.999997,1.861366219672102,1.86135769867652,13.45528979473337,12.02617723745819,14.15223480694241,12.77881093004392,10.60101317144422,9.500054883243049,16.07102268508674,14.67677396384631,20.58594970189549,18.77663732949797
2018-10-15 02:15:00.000000,2.028788460058438,2.028771912473191,13.47768688885405,12.04828921751351,14.18124992163993,12.80761923164281,10.63484194503251,9.532169535164059,16.09442682633958,14.6996743755359,20.59202260590232,18.78277930649885
2018-10-15 02:30:00.000003,2.15557015924872,2.155568573319097,13.49657890367146,12.06698112684399,14.20640834816004,12.83262513312949,10.66199753802066,9.557937493530368,16.11496511403308,14.71980512664597,20.59760959246408,18.78844804857519
2018-10-15 02:44:59.999997,2.24346665448273,2.243460822312934,13.51169239715044,12.0819893490665,14.2272703546446,12.85339956849664,10.6823250860251,9.577224800040536,16.13224435485041,14.7367889278926,20.60260091429713,18.79353892425564
2018-10-15 03:00:00.000000,2.288747151851966,2.288750874741008,13.52260417479794,12.09290858523117,14.24331349603575,12.86943737566461,10.69516988159596,9.589418138776061,16.14586348647365,14.75024041397389,20.60689303260544,18.79795086929552
2018-10-15 03:15:00.000003,2.285422166730724,2.285422492580426,13.52874894361484,12.09922522915735,14.25389195797803,12.88015683832241,10.69951924380437,9.593568620750302,16.15532966052983,14.75970193052535,20.61037457385863,18.80157853928731
2018-10-15 03:29:59.999997,2.231419783008248,2.231422368320985,13.52973797742848,12.10050989735005,14.25849510251216,12.88498506368602,10.6948447575814,9.589194364599946,16.16022885199603,14.76478930920291,20.61293775544613,18.80432281854015
2018-10-15 03:45:00.000000,2.11600800242508,2.116006135328795,13.524747415144,12.0959611126444,14.25625373601764,12.8830642864835,10.67949101396704,9.574705156171415,16.15991562150854,14.76487024882684,20.61445889061025,18.80606130975816
2018-10-15 04:00:00.000003,1.952330141175068,1.9523282092748,13.51419865471193,12.08597934801507,14.24733871626249,12.87455136107051,10.65494299312678,9.551464535854828,16.15440258584643,14.75988332383377,20.6148593922208,18.8067093821488
2018-10-15 04:14:59.999997,1.742178622877317,1.742175626282813,13.49827466440481,12.07074947505452,14.23188081008822,12.85958031106894,10.62160777044009,9.519895606370374,16.14375393961936,14.74990462509668,20.61409582533456,18.8062217576995
2018-10-15 04:30:00.000000,1.48810830659303,1.488106179116239,13.47715500044776,12.05045271608592,14.21004181231622,12.83831781577774,10.5798925595619,9.480398194718054,16.12807348132133,14.73504618270221,20.61214899818357,18.80458025870965
2018-10-15 04:45:00.000003,1.204272452266347,1.204271939146415,13.4517301484854,12.02596211622148,14.18264037845202,12.81157478329495,10.53183575600677,9.4349300752652,16.10790930403509,14.71583984600929,20.60905615465337,18.8018205528798
2018-10-15 04:59:59.999997,0.9063919282665078,0.9063956740339786,13.42326816987312,11.99851602544566,14.15095636276038,12.78061283306623,10.47999473202826,9.385932236480034,16.0841659950699,14.69315727545808,20.60492116167894,18.79804178809719
2018-10-15 05:15:00.000000,0.5939819368385822,0.5939753771746882,13.39239050179784,11.96871960400157,14.11580480904151,12.74623557272245,10.42492507171654,9.333907006993435,16.0574567864188,14.66759249257482,20.59986272060009,18.7933593004938
2018-10-15 05:30:00.000003,0.2792016803012749,0.2791801444259411,13.35999631349522,11.9374506970211,14.07820906583611,12.7094525395333,10.36844996792749,9.280594630596015,16.02857270615138,14.63991089709305,20.5940257752858,18.7879143277983
2018-10-15 05:44:59.999997,-0.04002541929697216,-0.03996718497216935,13.3263295963842,11.90495019343703,14.03865917512404,12.67075140349676,10.31063171980843,9.226047269082805,15.99797234369574,14.61056231154797,20.58754241075757,18.78183687443793
2018-10-15 06:00:00.000000,-0.3535050231024652,-0.353491757476575,13.29216560840954,11.8719649062782,13.99802773967714,12.63098427025575,10.25299919316086,9.171698964361436,15.96632440453039,14.58018822397704,20.58055739439622,18.77526629179479
2018-10-15 06:15:00.000003,-0.6608327630004981,-0.6608617042872291,13.25789570335875,11.83888464176129,13.95689469515309,12.59073276013768,10.19595174001018,9.117928034099908,15.93411818978543,14.54926740306769,20.57320498662157,18.76833472732312
2018-10-15 06:29:59.999997,-0.9478483420429492,-0.9478538831070679,13.22456290273999,11.8067304391744,13.91636753285836,12.55109007964536,10.1416171369887,9.066781637525326,15.90217625757998,14.51860121542403,20.5656444119394,18.76119752559552
2018-10-15 06:45:00.000000,-1.217828254442348,-1.217847845103039,13.19244589221044,11.77576660073458,13.8769528684155,12.51254999457734,10.09000499654854,9.018235625147469,15.87094852683822,14.48862698653291,20.55801415290231,18.75399084766289
2018-10-15 07:00:00.000003,-1.462574201824429,-1.462583742247841,13.16254766759433,11.74697218210601,13.83961813243316,12.47606195496761,10.04294511570328,8.97403714499768,15.8410984492342,14.45997908138918,20.55046137840076,18.74685646071011
2018-10-15 07:14:59.999997,-1.680791286252865,-1.680801483646702,13.13568361304823,11.72114216668585,13.80518299893805,12.44243075289586,10.00159298222107,8.935273189108203,15.81319225935085,14.43320077306373,20.54312525486935,18.73992963624505
2018-10-15 07:30:00.000000,-1.878677912213211,-1.878685207253851,13.1110892832051,11.69752205162363,13.77333761207601,12.41134770701164,9.964137850421169,8.900191346602805,15.78721907660874,14.40828491187194,20.53609141328783,18.73329403480555
2018-10-15 07:45:00.000003,-2.053422223418457,-2.053416707610732,13.08872045508786,11.67606989778891,13.74415883945537,12.38289058066927,9.930574806805275,8.868793065121848,15.7632880303466,14.38534112126305,20.52942665905659,18.72701601676921
2018-10-15 07:59:59.999997,-2.197115824939394,-2.197120138764622,13.06901457288958,11.65724043537869,13.71810718002353,12.35754247690565,9.901938607589848,8.842179512942137,15.74175998444017,14.3647771005174,20.52320772406232,18.72117556543087
2018-10-15 08:15:00.000000,-2.3222686715605,-2.322262581085609,13.0515157187735,11.64063106669028,13.69487124376758,12.33503519977187,9.876825151775542,8.819284427108123,15.72247756640979,14.34653669513625,20.51746888723299,18.71581752247395
2018-10-15 08:30:00.000003,-2.414352211143838,-2.414351828230791,13.03682672874876,11.62676615273837,13.67498007566804,12.3158356125938,9.8568973842247,8.801261893374644,15.70581074544995,14.33084069136914,20.51226758144355,18.71098904976395
2018-10-15 08:44:59.999997,-2.477078471570394,-2.477084240461452,13.02499910923149,11.61567058775498,13.65857614475108,12.30005633041398,9.841959041571565,8.787859404490149,15.69189890266831,14.31777435262289,20.5076491582741,18.70672730859946
2018-10-15 09:00:00.000000,-2.510788923121641,-2.510783738299378,13.01606518742164,11.60736788294882,13.64574094582112,12.28776627449142,9.831984918167668,8.779041568269315,15.68082233201612,14.30739968104677,20.50365197994159,18.70306523056482
2018-10-15 09:15:00.000003,-2.507806882592632,-2.507805168666032,13.01045244407803,11.60226837051951,13.63689843533313,12.27937453997112,9.82797280018221,8.775744852880216,15.67289218519651,14.30000245593101,20.50032896106472,18.70005098975027
2018-10-15 09:29:59.999997,-2.461215569469272,-2.461224424228892,13.00870429848247,11.60089475248954,13.63263567118311,12.27545176693237,9.831005807252543,8.778973468925667,15.66855019111716,14.29599465342621,20.49775135151021,18.69775188445987
2018-10-15 09:45:00.000000,-2.366867139122826,-2.36686347003329,13.01128290729947,11.60368807075152,13.63350859017237,12.27653348348685,9.8418563813133,8.789438867489045,15.66823060931164,14.29578042630078,20.49600516756226,18.69624541637011
2018-10-15 10:00:00.000003,-2.218689383991419,-2.218683544823991,13.01871981548296,11.61116474740266,13.64014198977097,12.28323170386775,9.861496192612647,8.808053588320433,15.67242473266541,14.29982287373731,20.49518812933929,18.69562560398578
2018-10-15 10:14:59.999997,-2.018902182288288,-2.018935251718515,13.0311630089779,11.62345844027791,13.65282730852211,12.29582383641444,9.889884500220187,8.834744708664568,15.68139741889586,14.30837211875616,20.49538632386303,18.69597407638265
2018-10-15 10:30:00.000000,-1.774744569344564,-1.774780751956093,13.04840797282499,11.64037700565766,13.67149010098974,12.31424403784005,9.926190307796665,8.868737413152013,15.69511588778783,14.32140839491714,20.49665047537849,18.69734224283069
2018-10-15 10:45:00.000003,-1.493049552768306,-1.493059119277269,13.07008617299307,11.66156433805771,13.69581687040786,12.33818537196499,9.96946528122343,8.909142459994953,15.71336138896556,14.33872990936221,20.49899637790219,18.69974530886223
2018-10-15 10:59:59.999997,-1.179239516853393,-1.179255471891589,13.09715929845001,11.68797341020475,13.72618715489544,12.36802662403581,10.02124905464793,8.957456826661609,15.73612789854112,14.36033356518521,20.50242733318528,18.70318786835345
2018-10-15 11:15:00.000000,-0.8460692776614489,-0.8460673695084213,13.12806990249905,11.71808245021426,13.76136729259275,12.40255877557029,10.07835240093519,9.010654398122925,15.76270207384639,14.38555211346683,20.50687753213739,18.70760927199924
2018-10-15 11:30:00.000003,-0.5034851471021434,-0.5034909007395463,13.16144290119027,11.75088079265796,13.80004187012168,12.44085591775521,10.13834135727243,9.067370593542398,15.79220469161938,14.41419953221928,20.5122280844142,18.71295962968286
2018-10-15 11:44:59.999997,-0.148225326380946,-0.1482175944491025,13.19695807009819,11.78627423099475,13.84168050181827,12.48251354329616,10.20117586214604,9.130409360190454,15.82419700666487,14.44636924367357,20.51836835497438,18.71920022340537
2018-10-15 12:00:00.000000,0.1960439845141619,0.1960415988638875,13.23307889815384,11.82193301463427,13.88476136727827,12.52536033111474,10.26345999139138,9.190036462556304,15.85758995428506,14.47922889483872,20.52513196619898,18.7260340874496
2018-10-15 12:15:00.000003,0.5457852308973679,0.5457859945886705,13.27011544210533,11.85835770424442,13.92921539105518,12.56943277721101,10.32683118021352,9.25031567488521,15.8921966976862,14.51301153953124,20.53239933627286,18.73333621358065
2018-10-15 12:29:59.999997,0.8875976014390031,0.8875967945352768,13.30731002920123,11.89489492689798,13.97425701338054,12.61403416602482,10.38956681591166,9.309907807436591,15.92743380839586,14.54733524879914,20.54004198409349,18.74099226143406
2018-10-15 12:45:00.000000,1.210848114403831,1.211438604688704,13.3440092941366,11.93096438629629,14.01909063082164,12.65843380563691,10.45010952053397,9.367436423944781,15.96260395823859,14.5815903115278,20.54791607358838,18.74887028205818
2018-10-15 13:00:00.000003,1.531318046346629,1.531411992720869,13.38043125108121,11.96671441241974,14.06369912492771,12.70256875456586,10.51000296751724,9.424249062290992,15.99766557370004,14.61571694135388,20.55592803789565,18.75687980026668
2018-10-15 13:14:59.999997,1.827738000017495,1.827770514142418,13.41542041705441,12.00106797326974,14.10699688592021,12.74540750205996,10.56651313434974,9.477846571601527,16.03187222523747,14.64901621133577,20.56395209914021,18.76489986346352
2018-10-15 13:30:00.000000,2.108441336581458,2.108486901369498,13.44898385142088,12.03403615328351,14.14876752568265,12.7867439276069,10.62026810417927,9.5288463490336,16.06498428721055,14.68126172687067,20.57188787867341,18.77283495077874
2018-10-15 13:45:00.000003,2.369046632748708,2.36905246571818,13.48086685325358,12.06536457995912,14.18870012842019,12.82626924490604,10.6707102200461,9.576693621698363,16.09672485647068,14.71218457854921,20.57964791657887,18.78060044539712
2018-10-15 13:59:59.999997,2.60029610635365,2.60030764575513,13.51033529534257,12.09433966341287,14.2260364731739,12.86323861626788,10.71639608328102,9.620021683617267,16.12655708001348,14.74126858629336,20.58712985624178,18.78809717704021
2018-10-15 14:15:00.000000,2.804431199256046,2.804427189858913,13.53722113933118,12.12079751075353,14.26045595242801,12.89733600827078,10.75734578867841,9.658857688227185,16.15418991539795,14.76823107279058,20.59424321396498,18.79523681370559
2018-10-15 14:30:00.000003,2.980191362671217,2.980193842520232,13.56135998185815,12.14458041206216,14.29170922934044,12.92831766400007,10.79332535464857,9.692986980978722,16.17939249527367,14.79284855713382,20.60091030140361,18.80194353905635
2018-10-15 14:44:59.999997,3.121604480773152,3.121601297504672,13.58222086100906,12.16516850556002,14.31922546189687,12.95562091570918,10.82338016731794,9.721494478755886,16.20176923939545,14.81473951771204,20.60704524061228,18.80813497515684
2018-10-15 15:00:00.000000,3.226510759403515,3.226508588468168,13.59944720082243,12.18222168588354,14.34255162536059,12.97880713578331,10.84700657385617,9.743930655230242,16.22096698084376,14.83358117645886,20.61256246883511,18.81373021571398
2018-10-15 15:15:00.000003,3.280239562418186,3.280239127205567,13.61199965028853,12.19474763474491,14.36064599677219,12.99687534995659,10.86201095249069,9.758265967514443,16.23623968173056,14.84871939691189,20.61734063548462,18.81862097716235
2018-10-15 15:29:59.999997,3.295280053581858,3.295277390916887,13.62018091516545,12.20306126599912,14.37355018178111,13.00990708216591,10.86969866667031,9.765632363091896,16.24751482627984,14.85997481171904,20.62129795973918,18.82271754172398
2018-10-15 15:45:00.000000,3.256040645604422,3.256037951329227,13.62310831249666,12.20622904924467,14.38042179776196,13.01697479670726,10.86801959724761,9.76408044744216,16.25420408741379,14.86678076257353,20.62432887218187,18.82591524840784
2018-10-15 16:00:00.000003,3.158501859934047,3.158499531803671,13.62017797969793,12.20366198632565,14.38054418715398,13.01736250542058,10.85603563252179,9.752736490921471,16.25575363836588,14.86860482253645,20.62631734918965,18.82810040421882
2018-10-15 16:14:59.999997,3.002979784765577,3.002976097100067,13.61112574492574,12.19511595749621,14.37350346475424,13.01067721703169,10.83354234802796,9.731424487973799,16.25180754939171,14.86510707088472,20.62715914297371,18.82917107023937
2018-10-15 16:30:00.000000,2.807240407006877,2.807238828785175,13.59683717040216,12.18146420252796,14.35995512191976,12.99757397503603,10.80289402189284,9.702417816026625,16.24273168315745,14.85663889116494,20.62682092234958,18.82909259589499
2018-10-15 16:45:00.000003,2.556576447558192,2.556573175193598,13.5767555441028,12.16216297484029,14.33948489325224,12.97764795913486,10.76241282214483,9.66408896181748,16.22825730191918,14.84294351378579,20.62525629568622,18.82782003000224
2018-10-15 16:59:59.999997,2.269828438264818,2.269827539692217,13.55178785487503,12.13810386996528,14.31283632416373,12.95163765421617,10.71446223537755,9.61872021266803,16.20883486075308,14.82445631064004,20.62247633502467,18.8253639915298
2018-10-15 17:15:00.000000,1.960740335190994,1.96073828233593,13.52306283658071,12.11038761145527,14.28113318675656,12.92064929417158,10.66133167757011,9.568493544368616,16.18524893805263,14.80193077309558,20.61855891474685,18.82179750720106
2018-10-15 17:30:00.000003,1.635281992434317,1.635280798498163,13.49136833714587,12.07978317213393,14.24530960286986,12.88560547496019,10.60429511581214,9.514610273674277,16.15821376241725,14.77605823594789,20.61361537105775,18.81722914415692
2018-10-15 17:44:59.999997,1.308518767541978,1.30851700734692,13.45791716589014,12.0474724042066,14.2066716884477,12.84779127154989,10.545755322231,9.459359542845963,16.12870701123061,14.74778078797676,20.60780370707795,18.81181068674685
2018-10-15 18:00:00.000000,0.967610102764073,0.9675952165115609,13.42249830681211,12.01324491544615,14.16534805888416,12.80733229823196,10.48445018676699,9.401499075008678,16.09694936885256,14.71731608224006,20.60124160381046,18.80565793492653
2018-10-15 18:15:00.000003,0.6316345432437145,0.6316276388769402,13.38639483184464,11.97835862445379,14.12258961632741,12.76546415634824,10.42306114161565,9.343607145859716,16.06379059366665,14.68548612277743,20.59408026116972,18.79891782039804
2018-10-15 18:29:59.999997,0.2997965265113232,0.2997996429061262,13.35000989844654,11.94320278007937,14.07902937377724,12.72280829053606,10.36193571888396,9.285990360002666,16.02977697104115,14.65281915151508,20.58646266720019,18.79172891197022
2018-10-15 18:45:00.000000,-0.0257366455884009,-0.02572236244053572,13.31361610265223,11.9080414201851,14.03511727572366,12.67980796345946,10.3014722486058,9.22901987639356,15.99532436659123,14.61971971026328,20.57851553670406,18.78421576157956
2018-10-15 19:00:00.000003,-0.3307114262242287,-0.330722401977368,13.27821964553907,11.87386085576279,13.99190774429891,12.63751014039121,10.24378281158964,9.174709862568609,15.96121659771601,14.58694671024631,20.57038995451331,18.77652526599594
2018-10-15 19:14:59.999997,-0.6195770173652432,-0.619591059822513,13.24400652590913,11.84084062256059,13.94982087427288,12.59632660185357,10.18868693965335,9.122875132262584,15.92784789450873,14.55488446924185,20.56221574684634,18.76878462590945
2018-10-15 19:30:00.000000,-0.8861092952785019,-0.8861194462883353,13.21149205729155,11.80948058706189,13.90947099124894,12.55685874280403,10.13713009728089,9.07441460902899,15.89570281870586,14.52400275344462,20.55411902520539,18.76111688850287
2018-10-15 19:45:00.000003,-1.129934995329474,-1.12993748046411,13.18095389907414,11.78005119636477,13.87126965649416,12.51951209238511,10.08939495269554,9.029592836382392,15.86513183398892,14.49464737366646,20.5462097728564,18.75363049251403
2018-10-15 19:59:59.999997,-1.357711298014611,-1.357712131804939,13.15225579791393,11.75241601584802,13.83520171718232,12.48426903735066,10.04482435226518,8.987761340770135,15.83617000030826,14.46684974167177,20.53856005952402,18.74639664151268
2018-10-15 20:15:00.000000,-1.563506393687562,-1.563506352481999,13.12629177338469,11.72745025002876,13.80193209731121,12.45178196321331,10.00514387508442,8.950576353925264,15.80917975499421,14.44095338840735,20.5312465066297,18.73948843088059
2018-10-15 20:30:00.000003,-1.754011553162522,-1.754009999507897,13.10256057929968,11.70466098358717,13.77119398428778,12.42178703667311,9.969063156043397,8.916788424975534,15.78407489352275,14.41687696707484,20.52430696765152,18.73294364945567
2018-10-15 20:44:59.999997,-1.929018778333703,-1.929020632003607,13.08062255259595,11.68361450884296,13.74270044731574,12.39399795043146,9.935861429758452,8.885709818192534,15.76073362395521,14.39450249591181,20.51775556628215,18.72677472989704
2018-10-15 21:00:00.000000,-2.076092873122396,-2.076094824131587,13.06103160059089,11.66485551366565,13.71696843506767,12.36892863840947,9.90700550587306,8.858756376715736,15.7395159073838,14.37417989518044,20.51163640671085,18.72102626154849
2018-10-15 21:15:00.000003,-2.200172293837906,-2.20017383178273,13.04374051514204,11.64838853828315,13.69405004542381,12.34667958044757,9.8821085312525,8.83581526313449,15.72050704677289,14.35610304947054,20.50598525805138,18.71574131001152
2018-10-15 21:29:59.999997,-2.298047186454033,-2.298053601037841,13.02891404754642,11.63436132225038,13.67413078042211,12.32742504709319,9.861556340361608,8.81716142202109,15.7038620810939,14.34039515421088,20.5008394787288,18.71095927265398
2018-10-15 21:45:00.000000,-2.346675761388375,-2.346676493373472,13.01782084871867,11.62395939434282,13.65842183253724,12.31230877967431,9.84838160170815,8.805411703041885,15.69044507060958,14.32777647539776,20.4963016649204,18.70676864213912
2018-10-15 22:00:00.000003,-2.364798565041815,-2.364802636778216,13.01001891585375,11.61673406756425,13.64675533234901,12.30114677743908,9.84074828892277,8.798768104795762,15.68023053409314,14.31819906874949,20.49243271994541,18.70322389432558
2018-10-15 22:14:59.999997,-2.324350610026903,-2.324353096015979,13.00684348157765,11.6139726849232,13.64038791651724,12.29515688383181,9.842042955413639,8.800426210217742,15.67410819406979,14.3124834303476,20.48935321095972,18.70043438016437
2018-10-15 22:30:00.000000,-2.225181303930146,-2.225182862312808,13.00886371446471,11.61621827932512,13.64009297401847,12.29508792900603,9.85289411205908,8.810938150144743,15.67270894662939,14.31122001266942,20.48719487843029,18.69852359716409
2018-10-15 22:45:00.000003,-2.077800715819833,-2.07780026994709,13.01583507942019,11.62323028459867,13.64585366482276,12.30092118991305,9.872196198564671,8.829243100810938,15.67610513263474,14.31448378433967,20.48604705458126,18.69757832632048
2018-10-15 22:59:59.999997,-1.865816045273557,-1.865816096842253,13.02858610603973,11.63581008378189,13.65849339638385,12.31345883448634,9.901951622269278,8.857232223672332,15.68489706875814,14.32283771832503,20.48602239975962,18.69770462969743
2018-10-15 23:15:00.000000,-1.609117991290173,-1.609118624996413,13.04657334077187,11.65343174250747,13.67771924157168,12.332417289386,9.940049275997703,8.892893211027241,15.69890097768073,14.33611979277365,20.48717420831165,18.69895624751038
2018-10-15 23:30:00.000003,-1.326762724097557,-1.326762411061444,13.06874593748289,11.67508293241955,13.70246488355147,12.35675729742582,9.984084709249855,8.933986225350084,15.71738164067921,14.35364911952278,20.48946973824071,18.7013054327472
2018-10-15 23:44:59.999997,-1.019300489411408,-1.019302748715039,13.09634345957092,11.70215592111577,13.73313619439055,12.38707190883481,10.03640382124382,8.98321224241244,15.7402251531431,14.3756438775957,20.49287379971116,18.70475091907
2018-10-16 00:00:00.000000,-0.7072471962154313,-0.7072493330991694,13.12615617282204,11.73169525778865,13.76730603461102,12.42111174457287,10.09071926436911,9.036358079198965,15.76609548360691,14.4012608656406,20.49724144289697,18.70920458785146
2018-10-16 00:15:00.000003,-0.3894761885822713,-0.3894803079086573,13.15482222960635,11.76274276397808,13.80227805269531,12.45754017017827,10.11978638256641,9.090432399879983,15.79132308376647,14.42863083405135,20.50196953067682,18.71429173214343
2018-10-16 00:29:59.999997,-0.080774614757129,-0.08077620416007908,13.18609061415529,11.79414604862051,13.83952771170311,12.49507275529364,10.17375194475077,9.14325602567921,15.81938280158833,14.45685154591911,20.5072825038657,18.71984735403505
2018-10-16 00:45:00.000000,0.2225101151155393,0.2225065772763394,13.21805344166598,11.82575653300879,13.87790144026313,12.53331038807812,10.22856306860411,9.195557377570179,15.84882593027861,14.48580943159217,20.51310726666938,18.72582907577281
2018-10-16 01:00:00.000003,0.5222636490499942,0.5222580564295056,13.25029894441189,11.85754165470904,13.91691566089862,12.57206189595045,10.28323866319773,9.247577217327583,15.87905394162394,14.51537433919277,20.51934947387982,18.73218591452443
2018-10-16 01:14:59.999997,0.8126817949500994,0.8126787695522303,13.28231534471746,11.8890730764799,13.9559801294797,12.61082150985813,10.33682597998889,9.298518305430083,15.9095520245,14.54515746123807,20.52589608535316,18.73882623587532
2018-10-16 01:30:00.000000,1.09432285674872,1.094321713847833,13.3140898573502,11.92035888210322,13.99491042016612,12.64943110820364,10.38933097797423,9.34841393330837,15.94003961424595,14.57491567627945,20.53264204735514,18.74565500039477
2018-10-16 01:45:00.000003,1.360916642554528,1.360915157377516,13.34498911368675,11.95078367048413,14.03305648957125,12.68725690129438,10.43966859821974,9.39623300016096,15.97004878412981,14.60420608956401,20.53947462226227,18.75256572208768
2018-10-16 01:59:59.999997,1.617463183048757,1.617463150360709,13.37501455286651,11.98035269040533,14.07026349942125,12.72415071939145,10.48829747090702,9.442432070680704,15.9994129059741,14.63287005570363,20.54630710815125,18.75947513278031
2018-10-16 02:15:00.000000,1.85036329881951,1.850361823843887,13.40331986626916,12.00824018291579,14.10571893801781,12.75931444382881,10.53329640740089,9.485167283122374,16.02755150678575,14.66035069611072,20.55303127359411,18.76627951428295
2018-10-16 02:30:00.000003,2.074690974510977,2.074691822963533,13.43044507205889,12.03497715706499,14.13972484483963,12.79304751910111,10.57642134148669,9.526144391918756,16.05458347822074,14.68676018650926,20.55959107421765,18.77292321660591
2018-10-16 02:44:59.999997,2.273818469555498,2.273811355033222,13.45560307557493,12.05979593676886,14.1716037354026,12.82468648651411,10.61559157263635,9.56335561000615,16.08003666114868,14.71164775905224,20.56590792573118,18.77933270105779
2018-10-16 03:00:00.000000,2.450414436135312,2.450414257627877,13.47861609942812,12.0825245794543,14.20105575949698,12.85393593983935,10.65083778714253,9.596849076543066,16.10366059338731,14.7347704205615,20.57191132593235,18.78543799063192
2018-10-16 03:15:00.000003,2.594797350124173,2.594793806865951,13.49879348730178,12.10248834936455,14.22737197633893,12.88009779495246,10.68073128078328,9.625254944183718,16.12494832529224,14.75563991735656,20.57751076449756,18.79115237177209
2018-10-16 03:29:59.999997,2.709574026243139,2.709574426996503,13.51599573225686,12.11955208702821,14.25026994187613,12.90289252891812,10.70534436651811,9.648658404738015,16.14364374725587,14.77400590812166,20.58262724562246,18.79639721358843
2018-10-16 03:45:00.000000,2.781478032006583,2.781474963769681,13.52936065978728,12.13290397105028,14.26888894327648,12.92150613207964,10.72278647110097,9.665340083402123,16.15911980179153,14.78934736228875,20.58715236551062,18.80108034865874
2018-10-16 04:00:00.000003,2.807003541215944,2.807003500945296,13.53828339992638,12.14192113336459,14.28249351281994,12.93518162243786,10.73218296215967,9.67434121111785,16.17081615485174,14.80102015956483,20.5909685777094,18.80507832314585
2018-10-16 04:14:59.999997,2.771828018511567,2.77182586458785,13.54162943565822,12.14549200268105,14.28988749912928,12.94273314326955,10.73129331943298,9.673535661259614,16.17786193911076,14.80817684755484,20.59392387868678,18.80824018498055
2018-10-16 04:30:00.000000,2.697971921570911,2.697971250306486,13.5402127456832,12.14442218917922,14.29151849494268,12.944608685433,10.72271432927102,9.665465311552103,16.18042799131097,14.81099394850005,20.59593836263815,18.81048770663318
2018-10-16 04:45:00.000003,2.547681840256926,2.547679635662773,13.53203989715136,12.13679856117576,14.2856189482902,12.93911680999072,10.70152846712199,9.645414040726637,16.17732484921392,14.80834832245081,20.59685287214142,18.81166991234452
2018-10-16 04:59:59.999997,2.358313515629384,2.358312251529493,13.5185337999732,12.1239785394399,14.27311541780192,12.9271219085273,10.67208006394884,9.61757879047381,16.16901744404526,14.80067455935163,20.59661191507496,18.81173084920242
2018-10-16 05:15:00.000000,2.127134417626748,2.127132867172726,13.49996276932659,12.1062099019959,14.25432189719883,12.90891304704479,10.63458211065233,9.582134816538971,16.15573170225531,14.78817917827037,20.59519761635906,18.8106512496548
2018-10-16 05:30:00.000003,1.854657951086681,1.854656195135003,13.47647352962905,12.08364175372997,14.22943262900745,12.88468814648241,10.58919842356421,9.539234493871698,16.13760384109534,14.77099086515483,20.59261094463032,18.80842996471831
2018-10-16 05:44:59.999997,1.561089632591664,1.561087314305123,13.44929541803736,12.05747989707213,14.19958875394756,12.85557796917034,10.53877398381475,9.491608837318948,16.11541144723273,14.74985793172225,20.58892250520983,18.80513324789369
2018-10-16 06:00:00.000000,1.228920700018218,1.228918327160309,13.41786393929882,12.0271710402212,14.16450886993003,12.82130744133069,10.4813890310834,9.437389618321179,16.0890640368636,14.72469768951645,20.58416681934465,18.80079565053483
2018-10-16 06:15:00.000003,0.8900846097982503,0.8901034151517367,13.38393199440303,11.99443324125768,14.125769989946,12.78343579429008,10.42125547161596,9.38063246257141,16.05960707537434,14.69651906312774,20.57846098404502,18.7955300927488
2018-10-16 06:29:59.999997,0.5732992123882846,0.5732786343629005,13.3499814271661,11.96168579197119,14.0858563509565,12.74440682406,10.363212925423,9.325942554537056,16.02877446040991,14.66698807104839,20.57203298143773,18.78955403742959
2018-10-16 06:45:00.000000,0.2154462071905323,0.2154384151860948,13.31321758623787,11.92619544899183,14.04282337770285,12.70230866626929,10.29939185909102,9.265722518173584,15.99551030621235,14.63510269687989,20.56492665110348,18.78291546624521
2018-10-16 07:00:00.000003,-0.1062920391752067,-0.106304374298898,13.27717732688168,11.89142774856521,13.9996267542938,12.66006255669504,10.23928854097839,9.20913342036762,15.9617401444858,14.60271637966262,20.55734898728516,18.7758125983488
2018-10-16 07:14:59.999997,-0.4133933770220308,-0.4133984184123662,13.24193308713183,11.85744310766445,13.95685658913374,12.61824435365191,10.18146205720954,9.154729250897718,15.9280795971687,14.57042672517311,20.54948122628113,18.76842288579676
2018-10-16 07:30:00.000000,-0.7068075358465913,-0.7068135676033699,13.20759419983501,11.8243434853711,13.91485653245739,12.57718845422,10.1257815938882,9.102370043073796,15.89487335835187,14.53856980050872,20.54146885017958,18.76088912131997
2018-10-16 07:45:00.000003,-0.973180204326641,-0.9731855064734317,13.17507985220908,11.79302753094932,13.87460044554827,12.53785417767825,10.07416954029992,9.053904794833851,15.86284538195627,14.50785095685207,20.53346965545346,18.75336488972155
2018-10-16 07:59:59.999997,-1.231217186571669,-1.231221929673762,13.14373555410626,11.76285209036725,13.83573756042876,12.49989449805793,10.02446735059218,9.007234638052628,15.8318640959707,14.47814648781246,20.52556981418263,18.74593640999926
2018-10-16 08:15:00.000000,-1.476518452302827,-1.476523344327352,13.11404112989553,11.7342875655011,13.79859899211356,12.46363425650754,9.977669702444233,8.963318217695294,15.80209360266004,14.44961132604477,20.51783856708476,18.73867123943397
2018-10-16 08:30:00.000003,-1.701581692496873,-1.701585158372077,13.086888136146,11.70820508565253,13.7639193144212,12.42979394593822,9.935511870395022,8.923815979915247,15.77398063026057,14.42267034438901,20.51035758936244,18.73164683312859
2018-10-16 08:44:59.999997,-1.916214711084103,-1.916219319989428,13.06130753686962,11.68365303393869,13.73113279731936,12.39781700109568,9.895758195333514,8.886569260140945,15.7473065490211,14.39711844933848,20.50315465036627,18.72489278304088
2018-10-16 09:00:00.000000,-2.111336764655402,-2.111337277662406,13.03749040324357,11.66082741079187,13.70045417573458,12.3679248513794,9.859139809174575,8.852315417975982,15.72223870113945,14.37313509906791,20.49626724815911,18.71844638665486
2018-10-16 09:15:00.000003,-2.280658693141929,-2.280661180812571,13.01583961253959,11.64021175231694,13.67230598974271,12.34061788592365,9.826576020679948,8.822456780346581,15.69911253919147,14.35123449571066,20.48975021082269,18.71237863159419
2018-10-16 09:29:59.999997,-2.439678397192357,-2.439677662521484,12.99572550076093,11.62113205973552,13.64620342995413,12.31537412295005,9.796261649250606,8.794801606785002,15.67764324752545,14.33102361603372,20.48361232913534,18.70669530440275
2018-10-16 09:45:00.000000,-2.579464124232739,-2.579457036365023,12.97740416143878,11.60380139598708,13.62232843369111,12.29233430768415,9.769070818047627,8.770057242601947,15.657937891038,14.31252636381861,20.47787060241898,18.70140444231105
2018-10-16 10:00:00.000003,-2.693551990868156,-2.693551637200017,12.96130180290804,11.5886175548595,13.60109422989411,12.27188349353313,9.74595816047921,8.74909502519552,15.64029485297579,14.29599378654033,20.47256309081364,18.69653588479493
2018-10-16 10:14:59.999997,-2.779393996761826,-2.779396572428026,12.9477095619524,11.57585675408343,13.58284162094203,12.25434768169556,9.727426288505916,8.732374304402521,15.62498652200874,14.28167317813959,20.46773703970594,18.69213220562704
2018-10-16 10:30:00.000000,-2.825343761283465,-2.825342850180646,12.93736180672424,11.56622473010243,13.5683264522108,12.24045836811369,9.71509229890349,8.721406881670324,15.61257415914673,14.270084091671,20.46347424112977,18.68826767549685
2018-10-16 10:45:00.000003,-2.828556241380929,-2.828563034379771,12.93072049427582,11.56016365673075,13.55813353748679,12.23078274869283,9.709644486161295,8.716817441378682,15.60352810612626,14.26166698654764,20.45986710133026,18.68502912831759
2018-10-16 10:59:59.999997,-2.780733771285522,-2.780730024164431,12.92844822243427,11.55831228751148,13.55302566619984,12.2260636718016,9.712346795335135,8.719783564778526,15.59843887129512,14.2569772703302,20.45702839884828,18.6825227164052
2018-10-16 11:15:00.000000,-2.670300237531725,-2.670278960063568,12.93145340857298,11.56154459435592,13.55401922165907,12.22728922269812,9.72497910408899,8.73195949639445,15.59808696044139,14.25674601604153,20.45509878911072,18.68088030424195
2018-10-16 11:30:00.000003,-2.505571922908737,-2.505588751243769,12.9397303335033,11.56984950700328,13.56135063191467,12.23468805426628,9.746877901904705,8.752686816024696,15.60273342784191,14.26122614581613,20.45419028660653,18.68021123534199
2018-10-16 11:44:59.999997,-2.291393996725663,-2.291391305651434,12.95316067676705,11.58311583296573,13.57504239751235,12.24828623264466,9.7774536407773,8.781415006131825,15.61242383863836,14.27046939284875,20.45437956955161,18.68058941067678
2018-10-16 12:00:00.000000,-2.046203856675612,-2.046152588698604,12.97076855221735,11.60040338233816,13.59423630517666,12.26724885161356,9.81427400876884,8.81587093386361,15.62659597873971,14.28396008392432,20.45566319013198,18.68201618464641
2018-10-16 12:15:00.000003,-1.781112597358822,-1.781067258034204,12.99167991983987,11.62086495171892,13.61800764820797,12.29067239867388,9.855532837132602,8.85435658009297,15.6445476189377,14.30104231654418,20.45797834111602,18.68443429377889
2018-10-16 12:29:59.999997,-1.500298457993946,-1.500259695716233,13.01534002842832,11.64397079506141,13.64565046735214,12.3178702919315,9.900340840892571,8.896073395274591,15.66569654333867,14.32116903356845,20.46123279537871,18.68775691817132
2018-10-16 12:45:00.000000,-1.217575590981549,-1.217563277909915,13.04188660949597,11.66987567213506,13.6767107796004,12.34840769915029,9.948689695501107,8.941064662742054,15.68945487470647,14.34378783357801,20.46531211314495,18.69187638147195
2018-10-16 13:00:00.000003,-0.9281542482235074,-0.9281334292534851,13.07053163634303,11.69780792034615,13.71041941255039,12.38152975260889,9.9996650374184,8.988475230665115,15.71532379827044,14.36842205145681,20.47009537071822,18.69667544251108
2018-10-16 13:14:59.999997,-0.6422628148185638,-0.6422628164932244,13.10002257264614,11.7265499219999,13.74560255788027,12.41608842752347,10.05097517121332,9.036145967640428,15.74252903390203,14.39434065063637,20.47543702604903,18.70201562993016
2018-10-16 13:30:00.000000,-0.3684487214389074,-0.368447943555194,13.12942314866649,11.75520096629523,13.78120688432212,12.45105903972617,10.10100733305051,9.082589714781523,15.77027877672522,14.42079889307212,20.48117736719198,18.70774516752739
2018-10-16 13:45:00.000003,-0.1001913597749192,-0.1002019342382326,13.15870441097078,11.78397506863764,13.81695431241109,12.48644109261426,10.1502991433908,9.128946874623693,15.79828039147783,14.44798565979765,20.48719289578544,18.71379036489914
2018-10-16 13:59:59.999997,0.1552646752303385,0.1552561746343419,13.18735013623257,11.81222602886132,13.85225276287141,12.52151812987769,10.19783095996206,9.173747357007572,15.82607534688453,14.47517831535042,20.49336500511408,18.72003135921704
2018-10-16 14:15:00.000000,0.4005320491290008,0.4005298681069541,13.21526203562411,11.84047266255707,13.88685751585015,12.55650138731695,10.24372701326978,9.222296544981738,15.85342442224871,14.50348296609699,20.4995975882188,18.72648561912968
2018-10-16 14:30:00.000003,0.6483930222996978,0.6483912417557793,13.24308340979451,11.86816268627897,13.92124015235609,12.59092526172493,10.28971326084915,9.266711732922294,15.88059351744891,14.53060360946689,20.5058542379091,18.73292806192726
2018-10-16 14:44:59.999997,0.8669724924387892,0.8669734523476903,13.26917426088705,11.89397033555436,13.95399615181149,12.62355479795596,10.33163625273393,9.306626273069377,15.9066580760905,14.55626407636639,20.51202787835301,18.73924892264164
2018-10-16 15:00:00.000000,1.08084560724012,1.080522447049453,13.29453508204401,11.91899952769764,13.98575027301468,12.65511580636555,10.37236500010893,9.345306820740117,15.93187985036471,14.58098635775029,20.51807680424936,18.74542461397319
2018-10-16 15:15:00.000003,1.290250783539274,1.290386434173964,13.31925830545351,11.94342184674255,14.0166322820389,12.68581110821701,10.41214572413987,9.383175567918745,15.95639626603072,14.6049971557571,20.5239856459428,18.75145188286705
2018-10-16 15:29:59.999997,1.459931933072108,1.459872404174945,13.34133429776832,11.96522524159775,14.0448911124719,12.71389229036874,10.4461437525824,9.415431172022664,15.979060485209,14.62719795849232,20.52964115147762,18.75722681227384
2018-10-16 15:45:00.000000,1.623103192031984,1.623130407517694,13.36197299402168,11.98563789519177,14.07128943641012,12.74014209835826,10.478161193206,9.445876040543064,16.00025138004597,14.64797018501687,20.53500841238465,18.7627179071431
2018-10-16 16:00:00.000003,1.732634722230292,1.73257361682092,13.37878281334788,12.00230462459995,14.09377066855629,12.76252612127656,10.5021506506869,9.46862876999189,16.01862205759296,14.66601936830743,20.53994192600191,18.76778818102684
2018-10-16 16:14:59.999997,1.815220628083351,1.81520180161079,13.3924347902701,12.01590138399411,14.11255992529024,12.78127790448502,10.52081442606301,9.486370970610402,16.0341661150872,14.68134138188728,20.54435328451265,18.77235143163498
2018-10-16 16:30:00.000000,1.853614178225111,1.85361616227377,13.4020673555104,12.02557983794928,14.12683527382669,12.79558474790678,10.53205137942265,9.49705726423412,16.04630612223953,14.6933781832659,20.54813289612413,18.77630207400728
2018-10-16 16:45:00.000003,1.848011228300827,1.848003132231024,13.40732222689682,12.03099200663782,14.13609308470426,12.80495203099436,10.53550345135784,9.500359035513947,16.05462655213242,14.70172843582517,20.551173607172,18.77953689757899
2018-10-16 16:59:59.999997,1.788333683687831,1.788340220823379,13.40741740162781,12.03137814096685,14.13949604704706,12.80855781125685,10.52962142508111,9.494806269778136,16.05850488880327,14.70579312226651,20.55335415901808,18.78193841375374
2018-10-16 17:15:00.000000,1.679919693518827,1.679915326121798,13.40231728855306,12.02670254514777,14.13681277043621,12.8061721687346,10.51481433714805,9.480799534727684,16.05769723350015,14.70533158996009,20.55457514955303,18.78340872422467
2018-10-16 17:30:00.000003,1.52886280849902,1.528865421073239,13.3922916987249,12.01723323027287,14.12817689659201,12.79793033531349,10.49190731146218,9.459143161540457,16.05224097067143,14.70037960086574,20.55477727741981,18.78388985983209
2018-10-16 17:44:59.999997,1.328634537171488,1.328628853294872,13.37700909358973,12.00264544922985,14.1132794881957,12.7835291740269,10.46008869046881,9.429048736703985,16.04191637406846,14.69072588554644,20.55390151438991,18.78332532712634
2018-10-16 18:00:00.000000,1.09829835479535,1.098303622978825,13.35744724649251,11.98389595459007,14.09292262265385,12.76375837616715,10.42186289416895,9.392931285973253,16.02722115870654,14.67684572892213,20.55195722900555,18.78172149128737
2018-10-16 18:15:00.000003,0.8465030642554493,0.8465000433280427,13.33448213827775,11.96183779930207,14.06800844059495,12.739505824469,10.37885596720997,9.35232930879874,16.00879048238454,14.65934947237047,20.54900557800258,18.77913687285051
2018-10-16 18:29:59.999997,0.5799110195473387,0.5799127913023073,13.30894998861767,11.93728699255582,14.03945927079996,12.71167942562002,10.33241666157315,9.308520385747055,15.98728266520928,14.63887082279041,20.54514275331805,18.77566322966625
2018-10-16 18:45:00.000000,0.2999697045131777,0.299938361274807,13.28118915463617,11.91056868486377,14.00780140688578,12.68079463524336,10.28298005936264,9.261899958388518,15.96315588452513,14.61585203190247,20.54046978302594,18.77139868615252
2018-10-16 19:00:00.000003,0.02094584185334883,0.02096035282056999,13.25219704058205,11.8826601481127,13.97409428751917,12.64789824061061,10.23265741562763,9.214496625663285,15.93720305164835,14.59105981721662,20.53512217061079,18.76647397162005
2018-10-16 19:14:59.999997,-0.2658192126332689,-0.2657958813064255,13.22191269330566,11.85349444923016,13.93854346139702,12.61318879759508,10.18068001811887,9.16553629956301,15.90967226795448,14.56473552277588,20.52920608251547,18.76099368774365
2018-10-16 19:30:00.000000,-0.5453320167243398,-0.5453373015352858,13.19126863623161,11.82397973414209,13.90210164336836,12.57760140083987,10.12910426157021,9.11698773226722,15.8812570626658,14.53754564924329,20.5228533007557,18.75508445574692
2018-10-16 19:45:00.000003,-0.8095201900062282,-0.8095206846618035,13.16113162990876,11.79496524960752,13.86576147302365,12.5421181035724,10.07945123125965,9.070301131243468,15.8527182340745,14.5102278683232,20.51621227782207,18.74889175265864
2018-10-16 19:59:59.999997,-1.063001783235107,-1.063013284880346,13.13163224327849,11.76657221426347,13.8298890598531,12.50709505737096,10.03144479492789,9.025184072066457,15.82440934705776,14.48312377639424,20.50940957812088,18.74253813787724
2018-10-16 20:15:00.000000,-1.300362192507368,-1.300369632591892,13.10325110390918,11.73927091071707,13.7950472381548,12.47308767005183,9.985951357902815,8.982465006580775,15.79676646342054,14.45665654146574,20.50256313755328,18.73613918471884
2018-10-16 20:30:00.000003,-1.516666703323787,-1.516673150629712,13.0770007383071,11.71404953064102,13.7621476753309,12.44099071359121,9.944705976346066,8.94379452490158,15.77037864032391,14.43139073238569,20.4957985402349,18.72981548357038
2018-10-16 20:44:59.999997,-1.716383747420978,-1.716388897377906,13.05291846294567,11.69094445716068,13.73139472828573,12.41100760434417,9.907337863212112,8.908801855497389,15.7454555518769,14.40753277014478,20.48920942974193,18.723660297265
2018-10-16 21:00:00.000000,-1.90848195921691,-1.908482653064698,13.03008797426449,11.66905425298605,13.70220011258568,12.38255408609084,9.871806483628845,8.875524986669696,15.72172950310567,14.38482626127727,20.48283361096319,18.71770947250042
2018-10-16 21:15:00.000003,-2.081818437816152,-2.081821168988621,13.00884238377502,11.64876025999619,13.67487197349015,12.35598605168373,9.839192619837453,8.845315136321153,15.69941741370116,14.36359402137522,20.47671482685584,18.71201728034327
2018-10-16 21:29:59.999997,-2.24661401562313,-2.246612013488953,12.98878886352823,11.62970264333136,13.64911599673282,12.33104400451235,9.808353573508626,8.817104711854965,15.67835514050684,14.34372929500529,20.4708672284924,18.70660702807664
2018-10-16 21:45:00.000000,-2.390712197543889,-2.390718630254803,12.97040614257211,11.61229075088674,13.62533487331024,12.30807355798954,9.780668821659216,8.791878566719637,15.65882413151909,14.32538289087068,20.46532713200339,18.70150593701853
2018-10-16 22:00:00.000003,-2.513427494230955,-2.51342511269616,12.95391995825647,11.59671894738604,13.60380511492813,12.28731737342913,9.756453240757342,8.769874910531648,15.64104663493078,14.30871753299515,20.46013759009473,18.69674782574425
2018-10-16 22:14:59.999997,-2.615067186322133,-2.615073116373754,12.93942291587212,11.58307001529266,13.58467858156138,12.26891631697925,9.735760094869502,8.751125764954145,15.62515280594929,14.29384421401041,20.45533421207988,18.69236593237609
2018-10-16 22:30:00.000000,-2.689709323609141,-2.689713280961322,12.92727458093072,11.5716866090376,13.5683319222856,12.25323035051411,9.71938742765619,8.73637823158008,15.61142869657485,14.28102328521919,20.45096943002369,18.68840562278719
2018-10-16 22:45:00.000003,-2.728971320032278,-2.728973237877491,12.91806206141671,11.56313345894974,13.555386738155,12.24086238389707,9.708568588851454,8.726781612109734,15.60034326690544,14.27069058564341,20.4471172828434,18.68493537728087
2018-10-16 22:59:59.999997,-2.725405174249979,-2.725416660392599,12.91242174067543,11.55802324834376,13.54655983839505,12.23251078884373,9.70451596358185,8.723459008636773,15.59245087778513,14.263366437044,20.44387347686204,18.68204648425633
2018-10-16 23:15:00.000000,-2.685632414445624,-2.685624511102417,12.91031568969206,11.55631596406795,13.54199209571254,12.22831035438139,9.706662581423698,8.725859083754104,15.58791631782544,14.25920895876058,20.44131441939557,18.67981066021872
2018-10-16 23:30:00.000003,-2.58189646550114,-2.581828719312795,12.9132074592258,11.55942602237398,13.54309875005326,12.22963983704284,9.718545261365913,8.737313146259643,15.58775660216901,14.25916764978248,20.43957970141204,18.67835723650417
2018-10-16 23:44:59.999997,-2.429348036977537,-2.4292375583108,12.92094267887613,11.56719826152533,13.55002719870923,12.23664245119713,9.738886768015107,8.756568845181492,15.59218088960413,14.26344719384312,20.43877541640356,18.67779029140457
2018-10-17 00:00:00.000000,-2.237694965813795,-2.237595162017653,12.93308071501717,11.57920683367457,13.56249256145685,12.24904045240666,9.766380481470296,8.782404845061167,15.60102352758773,14.2719022068258,20.4389547877548,18.67816371978226
